term,estimate_irt,SE_irt,p_irt,sig_irt,estimate_ctt,SE_ctt,p_ctt,sig_ctt,agreement,beta_ratio,discrepancy_flag
Intercept,0.7469182449191161,0.0941524030270285,2.137821192463096e-15,True,0.820269359864683,0.0228166588417678,4.978467451940515e-283,True,True,1.0982050116522593,False
TSVR_hours,-0.0013600190051646,0.0010967251254858,0.2149484658077267,False,-0.0003156127469605,0.0127597058254733,0.9802662486731516,False,True,0.23206495332931185,False
log_TSVR,-0.1981644019831392,0.0373177933897718,1.0951376609626342e-07,True,-0.0250561797216788,0.0104932112037945,0.016947409455319,True,True,0.12644137630637972,True
