contrast,estimate,se,z,p_uncorrected,p_tukey,significant_tukey
Congruent - Common,0.0061936633772960705,0.012174703053529311,0.5087321924866657,0.6109399541186746,1.0,False
Incongruent - Common,4.790700742219548e-05,0.012174703053529311,0.003934963112575281,0.996860361787475,1.0,False
Incongruent - Congruent,-0.006145756369873875,0.014506136014895022,-0.42366598269610606,0.6718094271029034,1.0,False
