congruence,age_slope,se,CI_lower,CI_upper,TSVR_day3
Common,-0.006309797233607771,0.0071221007551523,-0.02026911471370628,0.0076495202464907375,78.6681
Congruent,-0.00011613385631213322,0.010520747090987622,-0.02073679815464787,0.020504530442023605,78.6681
Incongruent,-0.0062618902261857195,0.010520747090987622,-0.026882554524521457,0.01435877407215002,78.6681
