term,coef,se,z,p_uncorrected,p_bonferroni,significant_bonferroni
Age_c:Congruent:TSVR_hours,-0.0001460783910395,0.0001027091781694,-1.422252554670153,0.1549529469688714,0.3099058939377428,False
Age_c:Congruent:log_TSVR,0.0050326815783628,0.0035961951031278,1.3994462018997795,0.1616792203360907,0.3233584406721814,False
Age_c:Incongruent:TSVR_hours,5.798328978192392e-06,0.0001027091781694,0.0564538542858096,0.9549802558067452,1.0,False
Age_c:Incongruent:log_TSVR,0.0006520522674071,0.0035961951031278,0.1813172669191377,0.8561185536138156,1.0,False
