domain,age_slope,se,z,p,CI_lower,CI_upper
What,-1.36986301369863e-05,4.891420566844107e-05,-0.2800542286189983,0.7794359003253637,-0.0001095704732471308,8.217321297315821e-05
Where,1.36986301369863e-05,4.891420566844106e-05,0.2800542286189984,0.7794359003253637,-8.217321297315818e-05,0.00010957047324713077
When,-1.36986301369863e-05,4.891420566844112e-05,-0.28005422861899804,0.7794359003253639,-0.00010957047324713089,8.21732129731583e-05
