time,probability,CI_lower,CI_upper,location,n
1.0,0.36311014902751143,0.2794252737920803,0.455997438843107,Destination,100
28.769699999999997,0.17535363117008654,0.12377098680360027,0.24248464440821385,Destination,100
78.6681,0.10759273922083228,0.07682407651541899,0.14869956994944988,Destination,100
151.3752,0.07855648243427737,0.05433755257524414,0.11228832892684243,Destination,100
1.0,0.3825703790757735,0.3045942315655267,0.46710013097550623,Source,100
28.769699999999997,0.2141826321414762,0.15590955311893245,0.28683471385808706,Source,100
78.6681,0.12926648483773653,0.09357337911750473,0.17593196836136335,Source,100
151.3752,0.07946664665239109,0.05600812473760979,0.11158911013726958,Source,100
