iter_2000_RAVLT,iter_2000_BVMT,iter_2000_NART,iter_2000_RPM
0.0005714396296265888,-0.00013786334942444403,-0.0002932175564306457,0.00020819457193089043
0.00019341143760843966,-0.0011141903760478826,0.0001744963172317593,-0.0002242868978758617
0.00040874170247373327,-0.000998823557156585,-0.0005060781472148271,0.0007203272452244979
0.0003458875691803325,0.00011671136373921965,0.0008018223648093194,8.669225967999021e-05
0.0005308217703015667,-0.0006978038547459727,0.0004409286722926114,0.0005101881212272279
0.00023849200230990377,-0.0005688683787477662,7.3390214781133e-05,-0.00019655273609879648
0.0002660434886923375,-0.000446245969222073,0.0002693310383755171,0.00024121713462252624
0.00022535621307389025,-0.0013133130940219248,-0.0001891727876760149,-0.00045779323726784
4.1007110675129864e-05,-0.0006607037023411672,-0.0011596449911307708,-0.0005284324426853256
0.00022075511780313522,-0.0006885213692154427,0.00015796700480191932,0.0008197398508777618
0.00044753009040065703,-0.0004109105475406703,-0.0010642980122798054,-0.00048149928509520713
0.0001436519966032061,-0.00026507020397912033,0.00019083744444545572,0.00014756623968438873
-0.00024071007828970032,-0.0009472970530543192,-0.0005945999011011165,-0.0005131120761199836
0.0005956271639987377,-0.0007443485794778513,0.0007440810782968927,8.637527247583841e-05
0.00032682642288218847,-0.0004330231432861317,-0.0009743951423824254,0.0003033909026233258
0.00045524135339692826,0.00036739887209609576,0.0004593213982972447,0.0004482281571576454
-0.0005504851285750548,-0.00023487131155501973,-0.0004020907250200306,7.500848860276283e-05
6.550356361948364e-05,-0.0006065254960631683,-0.00032439775471335,0.00039870031148224976
-0.00030930973514152943,-0.00020728106696285065,-0.0005815623281128068,6.793824338624022e-05
0.0002389655245032278,-0.0007609890777268001,-0.0006636570625539685,1.2124231506868032e-05
0.000662538901320659,-0.000467065141113787,1.689705780643707e-05,1.7993608890203342e-05
0.00019437133287814946,-0.0005625057881993561,-0.0002658942139383818,0.00028621396189779964
-0.00011624327977011303,-0.0012990017384749964,1.816776603501588e-05,-0.0005880413642961508
-0.00020621132673643119,2.566569671560851e-05,9.309545105361793e-05,0.0007362869081211571
0.0005162723705342505,-3.5153496453139266e-05,0.0002408792233219773,8.118975370550527e-06
0.00010976587042589521,-0.00047574430816515816,0.0004896679607380397,0.00040849460030322404
0.00016001060304950354,-0.0009060298168634626,-0.0003736381066183215,-0.0003426544923492443
0.0005769020415052277,-0.00019338910950633589,-6.220479802135339e-05,0.00026487234398008913
0.0003561113623725175,-0.000954214702572487,-0.0002161088489771321,0.0001624722874125009
-8.688129112535997e-05,-0.0007563268292095544,-0.00010879822805684757,-0.0002864606384943392
-0.0004219518036114804,-0.000714950873511777,-0.0004797041074024013,5.2374892073456524e-05
-0.00047504656139723644,-0.0006666689826230732,4.1192052883016937e-05,-6.601988657656054e-05
0.0005785901016577391,0.00023710600396892608,2.8380267104446958e-05,0.00039219991159617385
0.00045347013789581606,-0.0008868577048993502,-0.00023716075436473554,0.0004625118887337556
0.0002117481295877773,-0.0002620655074820412,0.00029009196428678727,-4.278569652047686e-05
7.478967420796319e-05,-0.0011746383769906958,-0.0001807166797265122,0.000384677858063936
1.3159432032048212e-05,-0.0007487587353428239,-0.0004885051796048032,-0.00020419551512751964
-0.000662402112212206,-0.0011200183139966242,-0.0002379443646804676,-0.00043325816443964805
0.00014027558453010193,-0.000362578984429519,-0.00047364869600380495,0.0007463776251251697
0.00046780582889698985,-0.00115725814704668,0.0005666525747852259,-0.00033765074382729055
-0.00045643073193159885,-0.0004587409553732271,-0.0002617567456875284,0.00023736402732967062
6.435664342921145e-05,-0.0005204835530747875,0.0004446365110576367,-2.582731432493676e-05
4.871148046975806e-05,-0.0003606921756962308,-0.00041965011647427964,0.000369418845840816
7.548843946528693e-05,-0.0006109796859457482,-0.0003215190630378238,0.000354510268308534
0.00018575202228498193,-0.0012083508429542881,-7.015995613801463e-05,-0.0002067538272035479
7.450283371059069e-05,-0.0004965480761696577,-0.00013499380310235269,-3.6716175158690875e-05
0.0003005184032571329,-0.0009016037551849006,-0.00015607918062801541,0.00014757006393028714
8.1437512918348e-05,-0.0008130196454696187,-3.6316930708638626e-07,-0.0002547519695571389
0.0005359963606404576,-0.0005563989392760921,0.00022190804513268333,-0.0003052544527717799
0.00012139379871790304,-0.0013096813052760176,-0.00026044311028230793,-0.0002154387526169071
0.0008153630770049054,0.0006873970479092191,0.0002750289793454354,-4.633831057692758e-05
0.00035202160073399184,-0.0009325430570774041,-0.00023544309869312022,-0.00019899559099779946
0.0006610147527532232,-0.0010901082201375991,-0.001044898081145281,0.00016028532415342993
-0.00012690808331887904,-0.0008721119055285643,-6.893507893722506e-05,0.0003487734139754978
-0.0006855210540145872,-0.001001238123637936,-0.0003411329702419005,0.00020701325464553383
1.6064731978697992e-05,-0.0008000235466799954,-0.0006507909672777874,0.00013606297113540278
-7.41678388627356e-05,-0.0011623598903189214,-0.00046528755660566346,-0.0005330625367838152
0.00048598423058960873,-0.00043557734736395545,-0.00025915854211674093,0.00015269205987452638
-0.0003943952026256877,-0.0009548384843954469,-0.0002663591846450977,0.0004513316459587204
0.0006865286578063016,-0.0006408488279036512,-0.0006073745078536928,-0.0005254782001938959
0.00042566642334593833,-0.0005029528684970704,4.1630161422022484e-05,0.00029506882962607883
0.0006004851169785526,0.00019767622488275763,-0.0005882591772983692,0.0005670252203460648
-0.0007126878412859619,-0.00028547766242899265,-0.00023563805905611176,9.058477212355525e-05
-3.1436949380914976e-05,-0.0010717612850799718,-0.00040362921960188834,0.0002947181975378228
-0.00016288966904236924,-0.0005510001363898641,0.0003591182684321184,0.0006258090776401053
0.00017891371108972725,-0.0011548621536630341,-0.00052549038424204,-2.055292861825013e-05
0.00029156863866905153,-0.0007622787090606376,-0.00028613920107630565,6.720930719578865e-05
-0.00031669439482729034,-0.00039629839401362154,-0.0006408698677880923,-0.00014525216866907102
0.0008148291913623895,-0.0006414932673231755,0.00030275858718589423,-0.0007318472841123076
0.0003142100673412795,-0.000412656364277109,0.0004999629545754793,-0.00011621513512050678
0.000508548117089194,-0.0005830329371378869,-0.0004637637325189271,-0.0003341281339110739
6.116194088045884e-05,-3.7700824332198443e-05,9.864173940255281e-05,0.0008486261890910337
-9.517433174577444e-05,-0.0008035916983007823,-0.0010366358029089515,-0.00033159087909863697
0.00019001131503720216,-0.0005670258853305172,-0.00012763540458683335,0.00016761826890089728
-0.00058036094388276,-0.00011401088534499618,-0.0008527362582605744,9.274429986362803e-05
0.0006471369098708696,-0.0005926104705015612,-0.0005318063578230191,-0.00012479863714663506
5.4565941320441045e-05,-0.0002300750248295902,4.521093585482881e-05,0.0006271273333120272
0.0004979201530007409,0.00015782750400341732,0.00018420224634854766,0.0005191141966566351
0.0006023635403011215,-0.00018087695528833835,-0.000566309823953024,-6.633769372885537e-05
1.2476570401928307e-05,-0.0004777093543564225,-0.0009090140626289732,-0.00012202395766542018
-0.00013028955095526517,-0.00018100028905345398,-0.00022985939849075627,0.0005700848652027426
-0.00042533463099714394,-0.00041844219482794516,-0.00036732598257836974,0.00038584789321998136
-0.0004960822773029069,-0.0008005662384426148,-0.000533700069963776,-0.0007658020527556553
9.381421204663655e-05,-0.00023921790791533253,0.00021036600683496036,-0.00014034247317378838
0.000101949779977176,-0.0009231148809357228,-0.0006888700095381751,-0.0004482226368202624
0.0007286060720592678,-0.001086325804980455,0.0005709957534955613,-0.00017649181108819438
-0.0001272228727000597,-0.0006922893034428436,-0.0008699527939476288,5.8909694484724124e-05
0.00035991482376690107,-0.0012310811404303893,-0.00035962519069355863,0.000312881951990583
-0.00023432954200660358,-0.0006582184535242452,-0.00011020441843910544,-0.00021455391125097532
-0.00039558897343212364,-0.00011854324641108089,-0.0008199790312815872,0.0004887030247678575
0.00032896594137778976,0.0004227349739489651,-0.00014821402450348992,0.0007180378810627572
6.927798168566759e-05,-0.000499185297059731,0.00029234481433965283,0.0008598668250719751
0.00035588238484586353,-2.026642567009383e-05,-0.00035323174377258954,-0.00017593586579300893
8.430191392132487e-05,-0.0008480533141170919,-0.00018100972989130163,0.0006976396744230958
-0.0005952841750315128,-0.0010264766565285354,-0.00031018114463186945,1.0238894851729479e-05
3.996387372824943e-05,-0.0005844516701482798,-0.0008423054759176059,0.0003194499803645591
0.0004847096650463717,-0.00031556110890067327,-0.0001824840482821693,0.0002928702144556707
0.00042463703667141683,0.0001281454284029805,0.0003142554915591644,9.910592647188038e-05
0.0013315536173617358,-0.0005404543722038032,0.00010812657141192891,-0.00029603389160597255
-0.0006037891086073299,-0.0013352323222417934,4.7631378448475905e-05,-2.1524367493984495e-05
1.1334627729937146e-05,-0.0012635881353958611,-0.0007405088714392551,-0.0001429562076468898
-0.00016286847955937543,-0.00018568926823228247,-0.00017713422262337776,-0.0002957386489024781
0.00017435546855099738,-0.0006235636773512117,0.00012549772585546685,-0.0003356392057040161
-0.0005484832195657692,-0.0007233996205374806,-0.0014244209035485333,-0.00013001532470488612
7.031657461215526e-05,-0.00033849186755710846,-0.0009579931133296052,-8.919540732359437e-05
-0.00043898600881779625,-0.0009296401521715213,-0.0002016412431596825,-0.0011268482515928294
0.0005910353451868232,-0.0005166438058967445,-1.622141518827461e-05,0.0003184181679461024
-0.0005486335974250187,-0.0004870569810544212,0.0005335745564463976,-0.000302502316665084
0.00037681700666404474,-0.0007111452317399374,-0.00025407461292204593,0.00015017908622140264
-0.00013952537294955274,-0.00032361866638522805,0.00014141160626785849,0.00032019379417183125
0.00034447807967839854,-0.0003753910767947381,-0.00075004691690929,0.0005812498243599472
0.00030364516390960037,-0.0006841766849529063,-0.00035083038562480314,-0.0006521017757951152
9.451867428178956e-06,-0.000959887291786543,0.00013182486210156684,-0.00036478821967393904
0.0003783158477783978,-0.0007471450105726496,-0.00039376819187402054,-0.0002865669524367857
-0.0004113817215580352,-0.0015489509570958534,-0.0012214927326894703,-0.00019585934129200648
-0.00023698841766573272,-0.0003233582644593214,-0.0010035579693695124,0.00016536334848441745
0.000197126147187877,-0.0008721128801686504,-0.0006137326517850477,0.00016016157219346167
5.7784013026436417e-05,-0.0005283241520587659,0.0004796526710331905,0.00036738448832071416
0.0003351805312845141,-0.0007784611573398828,-0.0003937968856687001,0.00030913874120030944
0.0003616743193342577,-0.0008782779094549206,0.00019112627314711564,-4.049886188238185e-05
-0.0003198241788220379,-0.0006452242470193637,-0.0008443414588372946,-0.0004980617917585269
-8.619967859065678e-05,-0.0004806261756773684,-6.90474829199771e-05,-0.00011228085258298989
0.0008540122181757424,-0.000532502099274207,0.00044188355627062777,4.1721201658800514e-05
0.0006112705698220763,-0.0006182702734279746,-0.0005658690866895914,9.20197954494705e-05
6.7955815001854e-05,-0.0004061645050885474,-0.0007148036158038749,-0.00020820574339620494
2.941577657195445e-06,-0.0006225695405117707,-0.00031972516710788084,-0.0002471430882550516
0.0003967076127398143,-0.000252574301330712,5.5728359381382854e-05,-0.0001255731150901022
9.05216472764135e-05,5.486450270168931e-05,-0.0005016518349905462,0.000581791853095974
7.083038100335991e-05,-0.0015273271386314268,-0.0011484851104594555,-0.0011281986332426302
-1.8844402010807657e-05,-0.0006430028782204478,0.0005536214338898838,-7.234197120988502e-05
0.0003061833088464503,-0.000489517323482748,-0.001238572331671819,-5.21292236242346e-05
0.00010305611665224746,-0.0003989494991098851,-0.0007919587199256589,-9.422206274671259e-05
0.0001593298596921514,-0.0007103763680231085,-0.0003522648181323514,0.0002788942968664361
-0.000262509771470515,-0.0009825407383100208,-0.0004657446547642076,5.629534409794788e-06
0.00017735524643088115,-0.00031003201924936075,8.487372631333487e-05,0.00025505704893031243
0.000646909804216325,-0.0008868636505226942,0.0003759846418043939,-0.00021121616496567455
0.0003760539454857738,-4.9549729654389395e-05,0.00029280539172460657,3.843556790982609e-05
0.00033904139314635016,-0.0007441906222883364,0.00016104497806679566,9.843031504005182e-06
-0.00023935028739461423,-0.00023866832631178585,0.0002257491332915588,4.8068963689191396e-05
0.00024009715907428924,-0.0009011772020205207,-1.9210744548590747e-05,-0.000185949614163734
0.00017998710244338672,-0.0003852739157255588,-0.0004615422755638525,0.0010046240859958129
0.0007549906654604646,-0.00031722953503954547,0.00029750011273344836,2.716918332718008e-05
-0.0003128994496188803,-0.0009432103825491396,5.0428324225466075e-05,-0.0001439796910728484
0.00012917012733944475,-0.00017099113262128473,0.0007663682778599546,2.578844738296121e-05
-0.00016986320720406854,-0.0012527552613354944,0.00028322121109339656,-2.104877032827379e-05
-0.0007783915547177915,-0.0009110768818515823,-0.001093401585174826,-0.00016350850229902833
1.6337602237844558e-05,-0.0010739004617139284,-0.0003559388353649982,-3.494087705250171e-06
-0.0002940760146199611,-0.0009051490394862389,-0.00029429026112666223,-0.000439682325893822
-0.000376179166946709,-0.0012629669807500677,-0.0010147187747683985,-0.0006573889679965974
0.00023049849714257552,-0.0007815216338222333,-0.00022048546966558046,0.00045491914784752695
3.8403912225879204e-05,-0.00025131212495543983,-0.0005686321091270965,-8.452566068423124e-05
0.0002842715474499953,-0.0008000936702681579,-0.00011209538180588594,7.212475754274207e-05
0.0005009893109353408,-0.0001699632170723753,-0.0009181880198566138,9.93960568608465e-05
2.150669040182178e-05,-0.000707688609035122,-0.00032841634089471057,0.00022544336792127014
-5.135131540769664e-05,-0.0004192451792494153,-0.00027269876107037896,-0.0007201973972445589
-0.00013443347509635233,-0.0010752719434882338,-6.79379937797973e-05,-0.00016916818902227567
0.00023480630410262234,-0.0006073774459178312,0.00015810065683911857,0.0005582099678686452
0.0004807472990812232,-5.004310135043e-05,-0.0003568636479147154,0.0002940682300809083
-0.0003386288654062684,-0.0005534570973270071,0.00037675907013271577,0.0006552801171641233
-2.9082427554793914e-05,-0.00034034196889921273,-0.000597287808076786,0.0001648249034383692
0.00023711963599311938,-0.0006259559905775077,-0.00014126850382543995,-3.0130404242538462e-05
-0.00015996278406141793,-0.0003764586119524261,-0.0011824228270921186,-0.00012201789114918947
-0.00015975624191296567,-0.0005621552310685577,0.00012531704634025808,-4.3630249686995405e-05
8.941632702895989e-05,-0.0004180948701282075,-0.0005932222945009683,7.939697947992612e-05
-0.0005970088582124542,-0.0007158608995978023,-9.251145743009606e-05,5.826512883000542e-05
0.00041121816471835666,-0.0009688725942144385,-0.0003686683036082923,-0.0004984739282012898
8.031521502425499e-05,-0.00034960461195126976,-6.55966347009227e-05,-0.0005195842587504386
0.00036412480590569094,-0.0007649341939467,0.00036289461541559506,0.00020239450965857972
0.00032552089801553974,-0.0005566458670291077,-0.00019817742477588638,0.0004013372662679438
-0.00013285654904480142,-0.0005342430958875686,-0.0013552563389100168,0.000663761554312342
-1.8047667644135898e-05,-0.00010277328914124774,-0.00012474640163980446,0.00047600935851335556
0.00019630600455105277,-0.0012108470251602417,-2.3417328729313457e-05,-9.690100254080608e-05
-4.274058234984563e-06,-0.0009841346417343402,-0.0007611941511497352,-0.0006228696459642237
0.0003319684869420185,-0.0005666386586137207,0.00032712748928200535,0.0002401933686958348
-1.5015928817203059e-06,-0.001483963180324399,-0.000872999212983142,4.7281003163992e-05
0.00011350634594079422,-0.0009754346141575295,-0.00023919774425780157,-0.0010102129234016242
0.00016846619244182984,-0.0009453547838649864,-0.0004364882685017457,-0.00041189136922731285
0.0006873714221538778,-0.0008782635678588234,-0.00020796691128046767,-0.00032043399563398223
0.00017224172630297908,2.663950232627255e-06,-0.0004978334394881532,-0.0003326380658187038
6.436976337790752e-05,-0.00019833308326304376,5.001279593669041e-05,-5.812769275167243e-05
-0.0002507928053670054,-0.0007627491357225088,-0.0009430925091429639,-0.00020030591565612776
0.0001523252246214969,-0.000914851188695435,0.00017059671688290223,-0.00032914479949248634
0.00024676018429670317,-0.0006660057869116645,-4.847124041869129e-05,2.222510616849431e-05
0.00017936122699527442,-0.00018889036760095062,-0.0002553852193241718,0.00038497942235562484
0.00040688072599086403,-0.00017271862218450632,-5.06697398624001e-05,0.0004619566143015515
0.0002073917511850797,-0.000507703438863379,-0.00047900637330595833,-5.23783981822483e-05
0.0003324058318380661,-0.0003960609320154962,-0.00019108109015464502,1.0386567638597759e-05
-0.0002145019276752588,-0.0006836294243730013,-0.00016550887726427959,0.0004751717538147514
0.0007140647839268409,-0.0006489605260458775,0.00022223160965505862,0.0007111060231121103
0.000938224145679232,-0.0005738157454428212,-0.0002817877608787803,6.551901741072748e-06
9.426773524227812e-05,-0.0005154555942787621,0.00021643341305030601,-0.00018980749114736085
0.00014667587574916278,-0.0011360719403192732,-0.0003892128017638193,-0.00018721090161168466
0.0005691740119480817,-0.0006689923579483075,0.00027871236424391267,-0.0001837052746739935
0.0002870171365387769,-0.00045752070369487917,9.681630801693282e-05,0.0008080235206459498
-0.0004821959227362081,-0.0007956996403148298,-0.0007706922515693866,-0.00038039487761861205
-0.00032835405440922045,-0.0012208248200008224,-0.0007798507118848407,0.00020260277532183746
-0.0003244035118978756,-0.00042755015942338276,-0.0013382146680271983,0.00048789087636350015
0.00034269391050160383,-0.00038064171994181404,0.0006847820066590899,-0.0002046691164624298
0.000380433065699644,-0.000422240734165416,7.629213024638852e-05,-0.0003978878813776611
0.00010107166764375663,-0.00036194580107303735,0.00016070960112585936,0.0005004851161494038
-0.00022720191318976646,-0.0011817954218848112,-0.0008069949751991496,-1.990938913408593e-05
0.0004884299830959098,-0.0007525097589157,0.00038554005644788063,0.000471315628453052
0.0002046238590578658,-0.0008596849644270524,-0.00048477764457136355,-0.0008132463572027176
0.0003748082934681794,-0.0012070630322874327,-0.0003447226248967632,2.6955957005106944e-05
0.00035056831640127394,-0.00045053677177790067,-0.00014545871725150022,0.0003179973515891259
0.0006618276729381795,3.6078422731162516e-05,-0.0006580452710064797,-0.00013422198702742986
-2.0579909593322057e-05,-0.00046637973496701287,-0.0006919849278480346,-0.0004917587502251634
9.752896494751187e-05,-0.000591380630537272,-0.0001053103323148492,-0.0005585824121519896
-0.00028270502465213787,-0.00025831159454509404,-0.00031133698756097224,1.0447171954558845e-05
-0.0005892796911049939,-0.0007410491002373549,6.292906474780432e-05,-0.00015704150453656163
0.0005965624531888892,-0.0002745400080610688,0.00020152093172292018,-9.730855475804153e-05
9.867235228083336e-05,-0.0003196410710251705,0.00029239969137345213,-0.000566543671583532
0.00033828157415799834,-0.0007350914217045335,3.130542879420384e-05,0.000248291679784565
-0.00016896378549075214,-0.0008875371680954328,-0.0002611947584459477,0.00023443698197142678
0.00028547775347954657,0.00012190795509222282,-1.2917866725031886e-05,0.000601409805775753
-0.00030749416946249943,-0.0004658088766459782,-0.00023478549497445744,0.0003153670929536282
0.00011685581632879524,-0.0003944173780345005,-0.00029479233987867034,-0.00018180615199224622
0.00026982651031185335,-0.0010015350937488902,-0.0003900158320671049,7.420234734796394e-05
-0.00013844744867983334,-0.0008411270438513261,-0.00042205464314958474,-0.00013431675283678563
0.00020669129781875076,-0.0009391859839141333,0.0005756155252308497,6.681090388372554e-05
0.0002784361577037743,-0.00051610208261321,-0.0001940838040162827,0.0007296969515855106
-0.00011427197346027413,-0.0006187222936902881,-0.0014782732087322717,9.663810116567102e-05
-0.001144607158929597,-0.0015553435563940626,0.00047335252008269313,-0.0002546033142433458
0.00025636658716757417,-0.000574606779680528,-0.0006835054333815922,-0.0004271159236290155
0.0002005640982392172,-0.0005531844902133217,-0.0006951030168129723,9.478122462165407e-05
-0.0003585285433487178,-0.0007276423723300007,-0.0012622782073916045,-2.813297795789348e-05
-0.00045859489072719935,-0.0007946874979566324,0.00022462256341816976,0.00032616925954650523
0.0007985798257891942,-0.00018363311649113794,-0.0004699901767047199,0.0005955045876764491
0.00047916817634390137,-0.0002263592620316263,-0.00027654825442385877,0.00029097450079764337
0.00015587708449690753,-0.0005507910045050392,-0.0007920191681711204,0.00019818354972188975
-1.640192747194856e-05,-0.00010839907831670581,4.914722337917275e-05,0.000903855044251453
0.00013935145820336063,-0.0004995685393373602,0.00041629601184211163,-0.00032684257655463524
8.6909204876454e-05,-4.489237935365628e-05,0.0006159773765264305,0.000317231293624252
0.0003789881644260933,-0.00026258281258216147,-3.2027310608738454e-05,0.00015683630308322395
0.00023445876151199978,-0.0006718705168683137,0.0002738982791387892,5.4873637382087364e-05
0.0006145305603476938,-0.0006977670411154076,0.00010400036837663827,-7.945489350381495e-05
-0.0003103137820055332,-0.0004164704431142823,-0.0001102535788416175,0.00016628507278645298
-0.00022487689917554418,-0.0009226246047819349,-0.000100172047789259,0.00019347262968222458
-1.6528389932109552e-05,-0.00018928507761588591,-0.0007655555223533844,0.0005850964914786627
-0.00012007264318607838,-0.00033830016219798013,-0.0006533372145288081,0.00036702422736333755
-8.426877906455937e-05,-0.0006657466349259288,-0.00016962900194368049,-0.0003646865304724054
0.00016543790191393275,-0.0006981757249006179,-0.00023748667393632062,0.00020008991281205384
0.0003543194740276313,1.6908552242920387e-06,0.00021859513607777581,-0.0005275065496647708
0.00037813904783798996,-0.0005653631938247474,0.00016064266917944134,9.52495535820753e-05
0.00025482884345005234,-0.0010499191713524787,0.0007087046069171024,-0.00030852600542143483
0.00039587654690535724,-0.0003303719171473061,-0.0006214979766290114,-0.0006590920801654241
0.00023119704666669757,-0.0002786781695560751,-0.00045219349416012063,0.0002522009673937381
0.0001466837167787535,-0.0002267303256294948,-0.0003058038925742334,0.0008797622549681862
-0.0005155650420879006,-0.0007138365031185424,0.0005038109442038979,4.437110520938062e-06
-5.286246823853685e-05,-0.0005615890620148281,8.082200269792502e-05,-0.00055833732112735
0.00013624540324614492,-0.0009123942865244924,-6.791661845628807e-05,-0.00044358261546208167
0.00031255654699386505,-0.0009455045718716925,-0.00016005111244317622,5.555749746790042e-05
-0.0002944649803096355,-0.0012064539556477026,-0.0008336939766579837,-0.0006986818857619473
0.000708194910598722,-0.0006246729520405556,-0.0002490512253376724,0.00022904836810574996
0.00032761651961858967,-0.00020077960080891756,0.000531952981419289,0.0005300342731271496
-0.0003838106654808583,-0.0010994541914107496,-3.661231680397835e-05,-0.0002545996152901117
-0.00044750683950951894,-0.0003132331543671537,-0.0005342696386199247,0.00022587397653109554
0.0004139161588694311,-0.0009918265121820202,-0.0007929704004621175,0.00017102093892280666
-0.00021742893989797502,-0.0003846498294131292,-0.0005632737441336092,0.00044191490012100053
-0.00028605931135404977,-0.0006434137338270895,-0.0006742728834567972,2.1794541246012908e-05
-0.0005513498104226917,-0.0013610942837288514,0.00017791803991506523,-0.00013027207431408284
0.00012118685396234633,0.0001025478674402886,-0.0006279323692866903,0.0004449351529218338
-0.0003632934272364425,-0.00033757136986141856,-0.00040916780401526105,0.0005288925313197846
0.0002842192141942726,-0.00024759730397312543,0.0004278629843794695,0.00024555775333398686
-0.00040753033511978546,-0.0006931182058889043,4.340360481661756e-05,0.00037780558187922085
0.0002426525590075461,-0.0003498598420689573,9.58255226584336e-05,0.0006740811227462264
0.0004046324001637275,-0.0003280304056792414,-0.00029702555488476164,0.00019539973259972661
0.0005411002973786437,0.00012400554932241888,0.000299173108803446,0.0002490961245014563
0.00031798770540546596,-0.00028030148863732336,-0.0010636648935093544,0.0001544836605750658
0.0003858618301120651,-0.0009120836180206971,0.00040936088309161144,-0.000875508534774431
0.0007864201831005048,-0.000775529207622852,-0.00045452212032214044,-0.00017374562954854502
0.0006217074155022509,-0.0003843241183614697,-0.00046021170199574325,-0.0003519996950492342
0.0005664422034309293,-0.0003429507715076818,0.0001478757890096418,0.0007823170469010736
0.0004481526110516854,-0.0006675640314512949,8.256050953955963e-05,0.00020921465472197533
0.00016793671170170865,-0.0007365625937181275,-1.1398230859388038e-05,0.0006452164518683185
0.00015124959061423363,-0.0005188153608677767,-0.0004610050180585231,0.0005765345068234995
-0.00022262175692974633,-0.001012526679601344,0.00021737428772450557,5.757743003506543e-05
2.9410873567604136e-06,-0.0012019781326327102,-0.0010637227251756654,-0.0005779133077635552
0.00044359551367122683,-0.0007775552042009392,-6.915682732273468e-05,-0.0005479650978332188
-0.00022118987652190874,-0.0006158991486239196,7.201853358775382e-05,0.00048120459966181786
0.00015992404707179246,-0.0008987972643051093,-0.00036758812644450907,-0.0007548247104631367
0.0004917175925046795,-0.000755880108579126,-0.0006517679876006825,0.0005100768816023609
-0.0005351128652292496,-0.0009051632164027391,-0.0005320850699865189,0.0009749635000977296
0.0007390551087978895,-0.00011284458319314224,-5.821697624701456e-05,-0.00012903708839709114
-0.0006441850263637159,-0.0006094155232286816,6.531499340692522e-05,-0.0006327023236668972
-0.0003325824383857734,-0.0010389097963876702,0.00015915618084917822,-0.0004831239067048617
0.00025926895069502216,-0.0007483415626105288,-0.00044420894983484454,-0.0001442672701981314
0.00034573195548045664,-0.00038421153672281395,2.2888459161428092e-05,0.000659680074445519
7.835139446712159e-05,-0.0007030560974407775,-0.0005481645545533681,0.00044941572145337853
0.0006028886299814694,-0.00020997356186778983,-0.00046863826697187544,0.0001928141840190529
0.0008163930261772954,0.00019581963624940545,0.00021678601991359088,0.0003544020206896965
-0.00017599139078557037,0.00023558991280396829,-0.0005213776133058056,0.0008435197607881443
0.0004803037915674392,-0.00032764065330508595,-0.0003723662372807154,0.00022612521413511126
0.0003037796310507808,-0.0003249779707352293,0.0004881200806767275,6.229655304724286e-06
-0.0004655534128485527,-0.0006417325078200371,-0.00017578101108378983,-0.0003444206514699806
-5.637527349343558e-05,-0.0006714678100265671,-0.0004686712388956029,0.0005273074794928164
-0.00013035949277958393,-0.0006472890611642244,-0.0008394800503826525,0.0002686466504066518
-1.8023404183111507e-05,-0.0005923625018875701,-0.0008204999701468814,-0.0006175434594804035
0.000258340807475249,-8.358189325873553e-05,-0.0004498198624604885,0.0001462882123167663
-0.000496747675629483,-0.0009598324505222286,-0.0008052649262862953,7.006231555848193e-05
-0.0003193866118217597,-0.0005633592240279664,0.0005201971450604008,-0.00017041815066552702
-0.0003017963904035202,-0.0012444474013774882,-0.0004729946169584541,-0.0007472437708818051
0.0002643375885577699,-0.0006405463095098235,-0.00026273319997660994,-0.00017850786603466337
-0.00033309288221665444,-0.0012552891324188954,0.00010125578238998535,-0.0006716186909146659
5.8332344361734464e-05,-0.0006849613384899454,0.00041978917815816373,-0.0005475390582753375
0.00030193405065147494,-0.0009108032273495651,-9.402319892831336e-05,0.00047488445265111637
0.00017533889632979438,-0.00018905353570795118,-9.706500272916277e-05,-0.00028657038389691127
-0.0009257519979549571,-0.001587479113864189,-0.0007124557010351316,3.772175441684879e-05
0.0001869970555379262,-0.0005556862472391442,0.00012907224268437207,-0.0003506239437394481
-2.2516804970403362e-05,-0.0006712776816557074,0.00031380863841939564,0.0006838090470595357
0.0003038594659464124,-0.00022739097853236788,0.0003031789299389642,-0.00042859473557606525
0.00028140161966558075,-0.0003347855975760721,-0.0008492709297716157,0.00020265578602403163
5.8247525146287987e-05,-0.0007825770105131033,-2.6033862855176096e-05,0.0003117795541274287
0.00027983722234575906,-0.0009884953435318725,-0.00012161458981856139,-0.00011288054825163137
-2.791775667020338e-05,-0.0004609654455037872,-0.0007578201175741708,0.0003177250494494429
0.00016080128268181507,-0.000404495292289932,-2.8853106943274565e-05,-0.0002259707992132659
0.000578509983616285,-0.0005429409859521099,-0.0006540374575429726,0.0006853931692835347
-0.00015316496126087056,-0.0009797089331111237,-0.0002631277026088238,0.00017419566035888306
0.0007431271506014082,-0.0006315249399933711,-0.0014437142165915772,3.620370775141461e-06
1.1046869471025873e-05,-0.00037046008637393814,-0.0007892664445822114,-0.0003972821249754411
-0.00022511044187822747,-0.0006147214397116433,-0.000839226349140785,-0.0008535825102058115
-7.594603484135763e-05,-0.0005823862189761223,-0.00036328204158016643,0.00027411904324003197
-0.0005275099563504854,-0.0012394447089692847,-0.00032499052506349473,-0.000428146821300257
-0.0001406853678182663,-0.0004931701533738284,0.00010380754080341516,-0.00010000297880524434
-5.657696085585183e-05,-0.0006024143069517601,-0.0002691971807569366,-0.0004451294869526099
0.00011084945019047162,-0.0006911609215422756,6.65760572385339e-05,0.00018174567017776645
0.0005973062920021105,-0.0007400970090784159,-0.0010145856540201882,-6.473555488998195e-05
0.00028143910604707577,-0.0012725043866423493,-0.00033351867597200427,0.00010977734793228707
-3.462053057398892e-05,-0.0004888011272771628,-0.0005061762444207477,0.00011549764194894913
0.00011743941349646263,-0.0011390224016357285,-0.0002674924896857572,-4.7637468209275724e-05
-0.00010923136622292308,-0.0004631930572461566,-0.0002529455178586453,7.307449445106245e-05
0.0006948075117437025,0.00028815648087414337,-0.00014374828435971022,0.0009611761441888182
0.00040724073003080947,0.0005477931287055397,-0.0001065730749560387,0.0013510041346575408
0.00043505514736494577,0.0003602116595424072,0.00012299465280680804,0.00039515216153829924
-0.0003732983827586646,-0.00011922339579901667,5.062015960225964e-05,5.835244286969563e-05
-0.00017323965848215704,-0.0015628808306000766,-0.0008156845495961951,-0.0006751435807039297
-9.953266969235888e-05,-0.0007946313921480437,-0.00030557643339705805,-3.641965222494017e-05
0.0002738635419309255,-0.0006032290354680717,0.00037047001186331764,2.6716313566980567e-05
-0.0005277821318814071,-0.00041594913760878004,-0.0003445344717596621,0.0002309454023942449
-0.0001591141673574503,-0.0008098543324735073,0.0004590947903478182,-1.852895957450641e-05
-0.00020153400658440854,-0.0011391185067566234,-0.000569357511930168,-0.00022317685356800638
0.0003443139467786921,-0.0006146772390650553,-0.0005839902254589848,5.1798177457688986e-05
-4.173836011437437e-05,-0.0006474235083826144,-0.0006240448080431234,0.0004782643666887346
-0.00024156836522949736,-0.0005493467525179688,-0.00027095683944740415,0.0006513060773081897
2.7120050910281847e-05,-0.0008162037234512153,1.6836345284300832e-05,0.0007065347163473269
0.0003188553928002623,-0.0005608669988087361,-5.698212191241541e-05,3.632064063780236e-06
0.0001561527556867164,-0.0004286255188598988,-9.540332846225244e-05,0.00048258192557084755
-0.0002763860243714472,-0.0003759793353619923,0.0002509577842335882,-0.0006722016846457462
0.0001465896648800836,-0.00045649555952449007,0.00035654066222286045,0.0002158648342732969
-0.00035468583875999975,-0.0008916161552787881,1.446240516736275e-06,-0.0003130897965238642
0.0007276482961989595,0.00029994623377306085,-8.587443755148647e-05,0.00019071710842306927
0.000393382252456853,-0.0006053416644556016,-0.000274228213197149,-5.5177273001505195e-05
-0.0005942092938259038,-0.0008110910808781738,0.00036381281070312836,0.0002985404895971641
-0.0008775118778720262,-0.0010812847676384381,-0.0004830472636217927,-5.330600334687796e-05
0.00037023999007785755,-0.0013189652837128107,-0.0003027705054272035,0.00043619809431304473
-0.0001294476437382525,-0.0004489281512208207,-0.001202863171088946,0.0004115336538618383
0.00015839513532306637,-0.0008290788809981009,-3.7490740564402155e-05,-0.0006044341081944892
5.9304911826264925e-05,4.422513413966851e-05,-0.00029109136683241763,0.0009694048303495977
0.00010304065266319588,-5.09670203754296e-05,-0.0003068798395515479,-0.0005152659560402903
0.0007557725494144826,-0.0006199903725823867,-0.000791127018617663,-1.0526277362049195e-05
-0.00016804148179679814,-0.0006912811518531793,-0.0005818806948349334,0.00017340864738884582
-3.548164494081654e-05,-0.001053596705808847,-0.0007495930732706682,-0.0007007024775885675
-0.00012322403894953675,0.00011936335158894474,-0.0011984671963339128,0.00029825785983938786
0.00014583000723149262,-0.0002701652833548472,9.889168581352115e-05,0.0006652263659364444
0.0002645184634486715,0.00013543430599214246,-0.00015299000417078694,0.00035585787255711993
0.0002476601150896121,-0.0007935721179532898,-0.00037083889081210677,-0.0003588714665201642
0.0006008703012733603,-0.00044935126325005404,-0.0003088460770411636,-9.067708788774206e-05
-0.0005323486787341654,-0.00032334360224836156,0.0002597470112961364,0.00036362143365629014
-0.00021968249587611753,-0.0008052605956136101,-0.0002881458162299402,0.00021009673559604613
0.0002713790542223588,-0.0006089914344966057,0.00045339954326925836,9.652345442802532e-06
0.00016675035288166629,-0.0005868969958742848,-0.0003662629970618508,0.00032686097252587293
4.9891207273427846e-05,-0.0004966436582564584,0.00034422991921933383,0.00028571193264164915
-0.00014118903490037985,-0.0007635212515074764,-0.0004022416094339638,-0.00013342880351939923
-0.0001780407397667811,-0.001844465875334456,-0.0009418897748442007,-0.00041391245688708703
3.0665635350265893e-05,-0.0010776055064032652,0.0001958808398279665,0.0002545803340361099
0.0010840620234336162,-0.00019823930763005653,-4.59197227296598e-05,0.00023629189693658595
-0.00024038754698843244,-0.0005947325055092013,-0.00016488465868949448,0.0004868552947760788
6.900859137744925e-05,-0.00034441548924962214,-0.0005943589802215557,3.5378672532933395e-06
0.0004417430769081783,-0.0008258983067884941,0.00030991199985144313,-0.00019724943501731645
-0.00044224797155820725,-0.0007093447904432958,-0.0011003844317797472,0.00027488905672781017
-0.00023204975941485374,-0.0007742911332545174,2.6422992360583348e-05,0.00022958000171161415
0.0001518060797968591,-0.00043100144614965,-0.0009534806311459773,-0.00014818396411976208
1.841439279956611e-05,-0.0006121119115810254,-0.0015746716405818763,2.0235136500581195e-06
0.00022398059788605542,-7.860269174680864e-05,-0.00013868221767068505,0.0007500467946635547
-0.00012357900717980852,-0.00024211412009049666,-0.0006478461338947879,-0.00031385653947762517
-0.0004290834027428702,-0.0004745593239763345,-0.00015202012267020532,1.424900625813769e-05
-0.0007860647840151012,-0.0011215981783364694,-0.0007868886884418219,-0.0004405207827257896
3.203647740975064e-05,-0.0011222510163334263,-0.0001456751810713948,0.00011850067149775778
0.00023056496726519808,-0.001013960550581391,0.00011504715096672084,0.0003486489875181635
-0.0005783544136382997,-0.0011632397607625356,-0.0001336774235571473,-0.000831308284261729
0.0005474099145537939,0.00035693243356954275,-0.0005551222387510927,0.0006618150326768149
0.0007792452691416175,-0.00042037008753368526,0.0007388989617481225,0.0005827933258863422
3.068184580227715e-05,-0.0008322715067909121,-0.00025239130891234793,-0.00010113611182857506
0.00010956190743747411,-0.001159088511225048,8.495384946243727e-05,-0.00015745664889765674
1.1862143756433382e-05,-0.00022132554784840862,0.0005050600212907128,0.00034001222598520445
0.0006356922901674467,-0.0011238639591617606,-0.00047094153984847176,-2.5759552224011617e-05
-0.0002722900518759311,-0.0007502483408575014,-0.0006692076815249901,-0.0002543226904735775
0.00024186843314187307,-0.0008008928609630913,-0.00028973877796797584,0.00018409970031869218
-9.904894117150335e-05,-0.00029478610870331887,-0.0001655944329393808,0.00047180385498807364
0.00038763095589635694,-0.0008767588904924793,0.00012080104670285458,-0.00031091102213638857
0.0002876564509234338,-0.0002878998317286588,-0.0003374806531820468,0.000754916518069139
-0.000101896134649275,-0.000955433165783968,8.761901179735814e-05,-0.00031468612151949006
-0.0003367809923193861,-0.000609291695852309,-0.0003656544142601314,0.00028191078458596034
7.335772470823599e-05,-0.00035704498486548684,0.0007446914505787051,0.00011831812223611762
-0.0003242927612439251,-0.0006978306883839257,-0.0004933575294762247,-0.0001319263590708799
-0.00026106731155292384,5.743642827887407e-05,-0.0010003497268585902,0.0005717522083676281
4.9855000415388226e-05,-0.0007895361328806958,-0.0005280218467271564,-0.0008027033957423809
-7.53953998241167e-05,-0.0009065297321383123,-0.00012096544862665147,0.00039331086329159025
-0.00027906099605863144,-0.0010445081504724609,-0.0005158843294264493,-0.00020242466001769993
0.00036625812186004316,-0.0010080369170711913,0.00025458691860206356,0.00014373910205763409
0.0003679057867167671,-0.00030012261757336983,-0.001118116385243788,-0.00023825415986535313
-0.00027371747402615343,-0.0005032080768583102,9.401378364047271e-05,-0.00017980071650560916
0.0005195314468986035,-0.000741076627355844,-2.526414977734189e-05,0.00039961212728435475
-6.102748930459035e-07,-0.000288878704939294,-0.0008167245118162234,0.0005917396685569914
0.00038372272995373415,-0.00044843897188840624,9.504966222282877e-06,0.00036115711839878944
0.0006164871327742186,-0.0005710084023727065,-0.0006685228558272848,-0.0006989077702166012
-8.854768549204582e-05,-0.0003725410353394953,7.222860780416611e-05,0.0003612132111234092
3.528264743088804e-05,4.016349126673155e-05,-0.0001578680015706305,-0.00022626205537623829
-4.583478974920502e-05,-0.000948040280705471,-0.0009067020424892257,0.00045608779767841517
-0.0005737947270716783,-0.000848310566945838,-1.4336111220476893e-06,0.0003955165501405763
-1.6023074365684338e-05,-0.0006282365797929517,7.620275892955155e-05,-0.00016330617109527315
-0.0011957526409781716,-0.001423824227837575,-0.0013567721371290722,-0.00033724268701402214
0.0001956144177023089,-0.0015080123230426829,-0.0006150194320130143,-0.0008853664560962001
0.00037097047056502725,-0.0006031663320837256,-0.0003873430799746665,-0.0011458809754029313
3.320479517680781e-05,-0.000527976416745174,0.0005505627738848577,0.00040507661657084937
9.755515220947239e-05,-0.0006669018925056839,7.890121299682524e-05,0.0005351032733819896
0.00048229491705389693,-0.00021649418141623486,-0.0006914041053592676,0.0005336352943249902
0.0001351591239169515,-0.00033170745563935143,-0.0012776948244582267,0.00021921248118405754
0.0001348946800671097,-0.00070061935401139,-0.00022951413916627724,0.0004103955001724157
0.0002141439017457757,0.0006571712335162511,7.35796855980261e-06,0.0009009891305741374
-0.00041562569004370466,-0.0009032417962811417,-0.0001765787921161531,-0.0007777230478506741
-0.00011996601307127328,-0.00027316684516647715,-0.0008387972124247399,0.00039528044578322253
0.001199582768683113,0.0006221727338705792,0.00022906096564304985,0.0005563192221248668
0.0005028323115763873,0.00030357423031129047,0.00023330092785802227,0.0002769132759388901
0.0003887397871451534,-0.0006408537595690754,-0.000229884373219709,6.573533010034949e-05
-0.00036110758445051137,-0.0010455329050813923,0.00021216087537299474,-0.00011613165970909297
-7.928912025978186e-05,-0.0003811879340782924,0.00016303842989710701,-0.00017372239008294006
-0.0001617028381114792,-0.00043369364027892783,-0.0013770863015528905,0.0004399501829740015
-0.0005335733871373578,-0.0012890086774070208,-0.00023181455069460857,-0.0009623864466588124
0.0002349525557543866,-0.001180630842692386,1.729427571085378e-05,0.00013034877769666284
0.0005143725152767978,-0.0008590673941239445,-0.0009567299866390196,-3.551046286725745e-05
1.1381632875617098e-05,-0.0006692338937160029,-0.00019151664323933633,-0.0007246812978232509
-0.0004793850368689986,-0.00032873359731412904,-0.0002771644619512099,0.0004916047759965065
-0.0004318048839283517,-0.00044442604340513256,-0.0010131065008669058,0.00032528210349909914
-0.0002892720563632865,-0.0004857794983565456,-0.00037708139655648733,-0.00011933009388217315
0.00024180614309231307,-0.0007576002152779122,-0.0008135459990659003,-0.00035454964854325004
-1.6894839686881463e-05,-0.00021233134941367205,5.878891032320315e-05,0.0007418339613818865
0.0004764605960094957,-0.0009369242108197395,-0.0007517967914645437,0.00010468075047527492
0.0002606993568959235,-0.000269520555088499,0.0002462511389241485,0.0009433893319764966
0.000261033054988071,-0.0005406881353303161,-0.0008946945915791241,-6.125505457234295e-06
0.00024492319165582833,-0.0010448624067553433,-0.00021507757427494876,-0.0001883809785044708
-3.2053655747538937e-06,-0.00033289154176983676,-0.0006384651873446547,-0.0005591074028397138
3.5831737376383046e-05,-0.00101250975482528,-0.0002604384821989165,-0.0003239192044301934
-0.00022451874949052007,-0.0010117388803887913,0.00017355456835407235,-0.00019506137356402515
-0.0003154291016214875,-0.0009674474053620059,-0.0011302352535493868,-8.278540617867705e-05
-0.00023695511733657157,-0.0010850022014278734,-0.0007564529943449136,0.00015946579828833595
0.0006404195835956924,-0.0006020172500967686,-0.0003660635207628304,2.2248595686470902e-05
0.000458631529834364,-0.0005739008212387332,-0.00014884969337651454,0.0006337747355431783
-0.000378504881173319,-0.0015497024791766923,-0.000410362553244679,-0.0006234809444838186
-2.0668341950227953e-05,-0.0010628919340372718,-0.00035453704983262076,-0.00026986962632095316
0.00025015027899046445,-0.0006144114013528849,-0.000796956646217029,0.0005993451006991266
-0.00043174653266949786,-0.0012145416932346942,0.000377343325203314,-0.00024895234240376353
0.000299471469722001,-0.0003364289297754204,0.00031888766883781923,0.0004687494928653847
0.00016526013678114026,-0.0007182402946158024,-0.0014505956643464965,2.0997729669865683e-06
0.00023448502905721805,-0.0006860306081367536,0.0001755674935000758,-0.0002512123984848019
0.00024845346619979496,-0.0008391000759903072,-0.0014280054992210274,-0.00014303438463616537
0.00018926050696510305,-0.0008966889049278094,0.00014886617424596943,-0.00044560776270375377
0.000949331351808816,-0.0003122423606792272,-0.00017234275448626055,0.00043599518776890985
0.00014790538165466635,-0.0010609012885653992,-0.0011533325327903,-0.0010203798179779114
0.00033215948102923397,-0.00054593289274514,-0.0001398602671374324,0.0002408639090478836
0.000128626575770536,-0.00028740781922156054,-1.040395626183537e-05,0.000614450788707602
-0.000595051515918247,-0.0005916654809165686,3.086221832409748e-05,0.0004809460902408071
-2.538273591272367e-06,-0.0016907852094027952,-0.00021133306392965656,-0.0007024901063502247
-0.00011149118562098602,-0.0008935391300836118,1.967520890282691e-06,0.00045047473230108676
0.0003856805098623694,0.000249831455441921,0.0003278400976383872,-0.00025330462316315697
0.0007779811399586532,-0.000802645814354698,0.0003224217047195764,0.0004257206981727472
0.0005859910111964831,-0.0004332694213714099,-0.00026915822542753376,-0.0002676454056808298
0.00031112324776784016,-0.00013396241781377222,0.00020660854093741248,-0.00014109288930074692
0.0001471610529625676,-0.0011170657785702083,-0.0002857083235968254,-0.0009272609291263911
0.0005083805986618445,4.64571084851933e-05,-0.0003555321929816228,-0.0002785219033369947
0.00010699333197203224,-0.0006998106806632107,-0.00040995749000260497,-5.225444554323125e-05
-0.0001410705296465677,-0.0012115036380396934,0.00024260735783974703,-0.0010187518597030362
-0.0003629444184204335,-0.0007621262189130473,2.5688412214989304e-05,7.780062214203745e-05
0.0006251629095312941,-0.0006289199906836157,-0.00010885581647759078,-0.00027338723164961934
0.00015961295589053437,-0.0005251275863111281,-0.0008271183196253524,0.0004763441742713736
0.00019207482223302933,-0.0002444491698755494,-0.00032904346392496935,0.00019850858171416497
-4.895969729377002e-05,-0.0003570063439930839,-0.0007235456490167775,-9.691454388559029e-05
0.0001322816396349395,-0.00018451929290418052,-0.0004903217649602029,0.0005574837551730957
-0.00020249752889173978,-0.000693070496193845,0.0005004140825252193,-0.00014983101351304605
0.0004982706259399111,-0.0010640552983710865,0.0003394298391367084,0.00010253698690643518
2.2213318560171506e-05,-0.0005425156229197302,-0.0002618496756549564,0.0004472312096644106
0.0002182870458442641,-0.0008741088488946683,-0.00025222090022126737,0.0002828397268410121
-0.0005460753367762886,-0.0010328981691267464,-0.001546205636760011,-0.00043594450960435694
0.0004918086921936785,-0.0002859425454339781,-0.00018313239274747578,0.00020756594771832127
0.0003074703784552879,-0.00035644057654749895,-0.0013411820720126146,-0.0001419899024996937
0.0005952772529725644,-0.00023172612731873343,-0.00018022542138183692,-0.0004253170592466728
-0.0003718945133252378,-0.001093570380070176,-0.0001954634474706621,0.00012475927084422699
0.0006634508157603697,-0.0003257422593015163,0.0005679921863501077,0.0001475873070999958
0.0003311999105555704,0.00018766740937090635,0.0007647869587558617,-0.000114447832006627
-7.343519550907047e-05,0.00021747515016802945,-0.0005882192778556424,-9.881621814680503e-05
0.0001106945304475094,-0.0008605579821875507,7.603547764824044e-05,-0.0005703780485804774
0.00024928219998767673,-0.0010376820396670089,-0.00017857821487825637,-0.00018811869451899866
-9.371324555489243e-07,-0.0005833467443458018,9.56321924917165e-05,0.0006810812057562948
0.00020685098530628417,-0.0010264106442159954,-0.0005441979217485763,-3.9973616559724396e-05
8.35456992447827e-05,-0.0008005348838869271,-0.0005210732467959189,0.00022145807103181913
0.00010363505567607378,-0.00044254005386630817,-0.001503925539401129,0.00014107327174350175
0.0004435771339026493,-0.0006021468415611193,-0.00040028126901079834,0.00019731365482220808
-0.0002520893125905401,0.00016519626795275427,-0.0010048073667215233,-0.0004927931573253463
0.00038959325187702226,-0.0005984057316307485,-0.0013191894117147455,-0.000663052101713793
-0.0005398942870432689,-0.0011295264646396276,-0.0006407888555397841,-0.0004153998935253348
0.0004967524973536054,-0.0008446223011536674,-0.00028987000781505813,-0.0007084180693628323
-0.0002060958061254688,-0.0010747950429920768,0.0003436100882773906,0.0007556481112261737
0.0003510245294156895,-0.00034378235475605927,-0.0004406861081283243,0.0005218109775954973
0.0004726611901567306,-0.0009242520319779504,0.00019253296904251917,-0.0009248927477307272
0.00012384474881026828,-0.0008027924568896723,0.0006331690531221168,-0.0003826250202493218
7.622748540201426e-05,-0.000681343433193979,0.0002660486028301453,-0.00021090019779340717
0.0004125644117101957,6.417572096601516e-05,0.0004836011462451094,0.00032983677232855654
0.0004050219861487046,-0.0002911614971672309,-0.000587793215356519,-0.00013413216930851916
-0.00043766909360082144,-0.0007744509905135918,-0.0007201959359742768,0.00011424217913795211
0.0003313763218607849,-0.0003821248027326461,-0.00027924525198053904,0.0004038352787291866
0.0005509646822747314,-0.0007463010009415232,-7.43334094560243e-05,-5.383905534086977e-05
-0.00012918722585530284,-0.0008338889082555992,-0.0012198447692975448,0.0007693855582362037
0.0004461065837751681,-0.001284470321292258,-0.00041100996477869546,-0.00016995058913034242
0.0003955648819444146,0.00043770086427187993,0.00018937338094164718,4.7382493039978366e-05
0.00013509435810586727,-0.0006059852601510108,-6.278394833631337e-05,0.0008857360193685484
-3.014390905737137e-05,-0.0005877276896303303,-0.0013797298716394808,-0.0003345969224525136
-0.000894639610065288,-0.0009365553850841583,-0.001090801822124471,-5.676446815599143e-05
9.668358429558514e-05,-0.0007082432411813478,-0.0002448859569809119,-0.00010697040139166195
0.00033020726909117827,-0.0007272564719358067,0.0002531441320622884,0.00010107285379026731
0.00039882129541116563,-0.0008904919519115096,0.0003869546177546587,-0.0004263424732873009
-7.313996107504915e-05,-0.0005017553488200802,-0.00012335427921249958,-0.0007563767438559508
0.0007145894482819674,-0.00033961410301816005,0.0002708876118163434,0.00047260077185670447
-0.00015428553090864923,-0.0006488187065852673,-0.00015354845586872616,0.00013577031956594723
-0.00037225235713914676,-0.001265076532760622,-0.000808594530256542,-0.0009007630635759782
0.0001538981906544764,-0.00031871825313612383,0.0001845355647565896,0.00031597705305024004
0.00025607843088537894,-0.0006372884052000328,-0.0006269191436283205,-0.0001663366440992106
0.0003400771485125082,-0.0001371272847794817,-0.00023985737350475737,-7.146989271146435e-05
-6.44336706165467e-05,-0.00032462304525340943,-0.00033582391771616116,0.00018937780183442358
0.0004082035273691766,-0.000337311951559687,-0.00019727040702976917,0.0005567351160316203
0.0009004222125417278,8.273514239730718e-05,-0.0002586455986981795,0.00037732991004152665
-0.00011109985487439477,0.00031165886688036136,-0.001248850175585612,-5.350001142888723e-05
-0.000434741378162214,-0.0011790792066356968,-0.0005550857599806799,0.00022421634911726362
0.00038708722500177463,0.00011203338027996682,-0.00022495483871194492,0.0006840808975376461
-0.00011164055020036129,-0.001172448155445679,-0.00026000916364721054,-0.0001851618483513682
0.0007402460241303992,-0.0004925751689590674,-0.0003232234441393994,0.0007279145807783812
8.266764678434844e-05,-0.0006675494301640128,0.00018576949510765248,-0.00030284421179737795
-0.00018155135618141602,-0.0006363129694164628,-0.0007161527877004256,-0.0001503306297673128
0.00020634649490586585,-0.0004872204154428974,0.00018855068791626806,0.00011334334455978464
0.0008119243216074458,0.0005722597669115112,-0.0009543052971281219,-0.0001447225892345164
0.00024226195303087765,-0.0010491190130550818,0.0005567670736032026,2.8158509631838274e-05
0.0003547489227517196,-0.0010284344309772168,-0.00018122722318051777,-0.0004324731893906567
-2.980375429312743e-05,-0.0003412433014600713,-0.0004370522077984145,-0.00030804920079466303
-9.140851370265273e-05,-0.0007180091856102701,-0.0007476727710512298,-0.0008827612322369479
-0.00013827668837478393,-0.0006420884719766747,-6.22841492912258e-05,0.0007270451247654731
0.0001580511315258116,-0.0011247682511443188,-0.0002287812187079973,-0.00030865220471530317
6.488075555323534e-05,-0.0003878138096415056,-1.4469261330680782e-05,0.00012038733486333727
0.00019294130661100747,-0.0005246591513930565,0.00015426064330834052,-7.424219039353308e-05
0.0010447881929677438,-0.0007294593924460587,-4.29431254206037e-05,-0.00013040522395292592
-0.0005113121857505591,-0.0014263139291076981,-0.0006999901710027628,-0.0002887155715752412
0.0009066429016707954,9.081520789162785e-05,0.0011774129521737607,-0.0001451374247727852
0.0003280290040900373,-0.001165939474342688,0.0002456869774983298,0.0003208335790680565
0.00024510669325241644,-0.0008579207120450463,-0.0003771576675856198,-8.835216497455706e-05
-0.0006245188523245524,0.00012901342735502336,-0.0010791523720850623,0.0005107045788838253
0.0004025588256489752,0.00029040205120522457,-0.0010498028518663867,0.000363475002254642
-3.873988339070322e-05,-0.0008893796857616819,0.00029559627010678657,-0.00021480065216007536
-0.0002967651825464123,-0.001130727289817763,-0.0004733231859181893,-0.0002854204013459498
-0.00031038505682850375,-0.0003577602640742547,0.0003695462731242494,-0.0001852743165275079
7.19292095625056e-05,-0.0006148801303949463,-0.00014683819188232857,-5.099097868340016e-05
0.0007682710859535798,-9.975428997860511e-05,0.0005265453136076558,0.0004952681796202358
1.3708351227109921e-05,-0.00012936310606444202,-0.0004181681043301749,0.0005713842863571156
0.0001608204123005273,-0.0006323951523691391,-3.2336769915751755e-05,8.864237311806655e-05
4.7264756274516116e-05,-0.001070414290587979,-0.0010027679408256781,-0.00013643098328939982
-0.0002833835058310991,-0.0007190122400605948,0.0001719864060514106,-6.133279635785519e-06
0.00014528570903351218,-0.00018175036972633684,0.00016875728699130985,2.5360752397284925e-05
0.00039280847390066233,0.0001218815587930367,-0.00028391013049495096,0.00018560822015964193
-0.0003483981167294909,-0.0010279871568785153,-0.0005517113723807602,0.00024406101369178548
0.0008371225718179856,-0.000277518283331692,-0.0009260440958611816,0.0011267827845235095
-4.423267874998412e-05,-0.0006280379286666741,6.377746735994473e-05,0.0003591405605242991
0.00031985458536447906,-0.000405178035077531,-0.0007765406806901833,0.0005781346443725624
2.695949006232038e-06,-0.0002493855868687511,0.0005262559091272222,0.00021416689685372722
9.374980533756493e-06,-9.550374233250621e-05,-0.00043420522161994056,0.0005958953766767866
2.397033914052079e-06,-0.0010280150602761959,-0.0004235084390798867,-0.00068686106679199
-0.00020686712081483598,-0.00021568732103077764,-0.0011998044261537085,0.0006014491398476029
-0.00017757229479724307,-0.0012799256401231213,-0.0011273255641495135,-0.00017427923002349852
-0.00017456661049705522,0.00015387239044143823,0.00023457401114348366,3.39267660843697e-05
-0.00017035358424670604,-0.0003266355840948812,-0.0003988633145366922,0.00026300324469283613
-0.0005170708474587495,-0.001325322072616853,9.225856240309222e-05,9.955566690730036e-05
0.00032332944828683,-0.0008690392785526663,-0.0002478648325454951,-9.417902137707752e-05
-0.0004641994545971041,-0.0012110122042513403,-2.730961846738922e-05,-0.0005309888691751887
-0.00048809118008917617,-0.00033897887933706354,-0.0005041713977143401,5.3049720523578064e-05
0.00047216190692778533,-0.0006940799203557019,0.00015359565197354733,0.0003249147136755497
0.0004595229023634804,-0.0010844138360676836,-0.0005903116487636188,0.0001845615747351202
0.000628990283007659,-0.0011001687257680007,-0.00033395462809485615,0.0002572064707370055
-0.0003752766402963003,-0.00044607823627775103,-0.0006063378046096137,-0.0006931612203698748
-0.00022175566235469618,-0.0007369243000077697,0.0005098096448860859,-0.0002311073191185551
-6.226006760865104e-05,-0.0006524578232798336,-0.0003072761403729117,0.00016728512181129584
0.0008534489528311939,-0.00032991835110277013,0.0004893913926075835,0.0001524952382891945
0.0007145604349905547,0.0004337364988360063,-0.0006909232979129289,0.0011891329485697647
-0.00011664878057721865,-0.0011657013691943185,-0.0002960858604434408,0.00020010880227280787
-0.0006217324313834534,-0.0005934018109241561,5.0787996346149444e-05,-0.0001361733374243059
0.00025136287321887333,-0.0005754541162675054,-0.0005358250247811284,0.000831423497931561
4.155948712771958e-05,-0.0001006880201902074,-0.000594996941099921,0.0011185429386802175
0.0002486230181773274,-0.00036032014008867023,-0.00039281498769467573,-2.4356590374220277e-05
2.0654528498413485e-05,-0.0008068020197008085,-0.0009372224643651746,-4.9181522567418484e-05
0.0004163971526071552,-0.000502559166426607,0.0008581951961451472,0.0005683908094483015
0.00011662299130563473,-0.0007040829635314588,1.0315623985765983e-05,-0.00011700788900372442
0.00021436776265570636,-0.0006186324716530524,-0.0003986844649536695,0.0005391356313086576
0.0003014102216465636,-0.0007384159530114514,-0.00016698795401877785,0.0010923364677094642
0.00047899673638610843,-1.8034649876657612e-05,-0.0001589596419610674,0.0001640167452014305
0.00021090747579962158,-0.0008652836397078529,-0.0003733638357941365,0.00034546640264693484
-0.00029813037081088365,-0.0013792474106723678,-0.00013104876060981893,0.0002389452291290715
-8.783925626865138e-05,-0.0008131276616380636,-0.0006943335669555304,-0.0002842823095049744
0.0004714459553052785,-0.00118814978151954,-0.0007600703024241128,-0.0006748994452518387
0.00031959628924305616,-0.0005376295331691787,-0.0004214780957334256,0.0001482057035474042
0.0003618116038633937,-0.0004246289623269149,-0.0007005670284699578,5.354341320569668e-05
0.0002092156185971954,-0.0005753138959548159,-0.00031269442379189933,0.00015817003799330372
0.00040221824908756327,-0.0006685118718272763,-0.0006822540110951784,0.00032519713899634964
0.0003524342094031089,4.6538967137339744e-05,-0.001389921464475595,0.00045508922691312923
0.0005050853287657841,0.00021070151737452377,0.00023489426578369042,0.00011307620784013196
0.00017099567082191924,-0.00025777437876734843,-0.0004146910474154503,0.0002447485733816662
-0.00037710316360631426,-2.1636912189685286e-05,9.460623558578975e-05,0.0004260664028307562
0.0003111064043592101,-0.0008651184615653125,-0.000622564745878243,0.00016062978234896805
0.0004848773736438066,-0.0005685280177430629,2.0031632804679823e-05,-0.00024187049933192155
0.0005364005132364925,-0.00029419437215553405,-0.0002693442702079712,0.0007663888775543869
-2.2650451874574036e-05,-0.00010473388720501638,-0.0008486477032528535,0.0003520454696862771
0.00036940405869155914,-0.00028777950776723624,-0.0004721782155757958,0.00014186666979862898
-9.563623712537518e-05,0.00016559798220171056,0.00013723255975861637,0.0006630432362274561
0.0005152984183209987,-0.0012519154428273747,-0.00026278303329547965,-0.0008858472026396407
-7.0587508168136145e-06,-0.0009569413554372518,-0.00034758122287417,0.00038219709833850956
-0.00014575974622056464,-0.0008862247116694439,-0.0008031871587194745,-0.0007120377544957849
0.00022177607755691111,-0.0008705296015669955,0.00039712378695509526,0.0002798574994690943
0.00047244417526659966,-0.0014349346360445431,-0.0002148506041303335,-0.00045689974751795116
0.000269046352603013,-0.0009793256600047595,-3.503029719999086e-05,-5.8939693713626385e-05
0.0008698011784980381,-0.000967341502951181,-0.0009374792270439767,0.0009540609253658009
6.0809035010514555e-05,-0.0003558670408641061,0.00026113377139623116,0.0007031465190318859
0.001056410116829187,-0.00034579278391107954,-0.00028089641273190826,-0.0001554293084640387
0.0003089386458978175,4.2320426448959466e-05,-0.000969248341578698,-9.560849785700411e-05
-0.00045900756367216736,-0.0007301169301353206,-0.0013968654503740388,-0.0003482343740498991
0.0005642169730853196,-0.00045195045916993483,0.00024973867718650154,9.530796666284425e-05
-0.00010528892024727149,-0.0012217851145116692,0.0004593926636614088,0.00021357301284608864
0.00021299321136025837,-0.0005895019112584848,-9.758396970349712e-05,-4.6177980596062576e-05
-2.0912592428516013e-05,-0.00037572148694898415,0.0001585194031606221,0.00023559342580307027
0.00032594648594508596,-0.0007614778515935534,-0.0005822487560626782,0.00047129518304071626
-0.00017454687609415927,-0.0009016985972712401,-0.0003549597686557375,-0.00038494277103914317
-7.424725105707969e-06,-0.0007610651575378495,-0.00029258003113098876,0.0007038919789056668
0.000639220990663584,-0.0003062201703421015,6.074588076658479e-05,0.0002222629631258498
0.00017731742110046615,-0.0007985242411506766,-0.0011312592667112327,-6.501460975193396e-05
2.6355921330578277e-05,-0.0006550967649239774,-0.00013493915111346358,4.152014105378476e-06
-0.0003889204318623552,-0.0005736301859663123,-0.00029601667101610473,0.00015187641900282273
0.0008520588591328761,-3.745481303153242e-05,-0.0003694299315624593,7.240023719485108e-05
0.00018601681606438526,-0.0008874101437222373,-0.0002978661459012986,-0.0002957536281733901
-0.00042083500210196237,-0.0006102342820628453,0.0004584631498289133,-0.00011458744433646873
5.68039683920091e-05,-0.0008906344966562281,-0.0009962465314122067,0.00036426216946680654
0.000422422369780644,8.99200936645784e-05,2.724451207655422e-05,0.0004685483225536977
-0.00032818999041838424,-0.00025614658251820344,-7.812364904369464e-05,0.000494742548862964
0.0005147341252214343,2.2950677947947173e-05,-5.9840930135805796e-05,0.0007628822060252428
-5.160351648654949e-06,-0.0010237439811250338,0.000799308577748737,-2.9989455069651274e-05
0.0004077834680865534,-0.0005965336748422358,-0.00012337686195106434,0.0004100731543730593
-1.042774478482195e-06,-0.0010134743159572735,2.6106475823375964e-05,-0.000766854835828895
-1.2680231459577166e-05,-0.0017655158153839672,-0.00024822429632034924,-0.0006336346506240146
-0.0001921473602821323,-0.0005989889236076031,-0.0004030244441018913,0.00010139111258993198
0.0005393294708775005,-0.00017865680933402029,0.0006361521665414711,9.380557187207777e-05
0.00033560112662724454,-0.0006273778853775639,-1.4975416739437983e-06,1.6608907743334385e-05
0.0009543593448400505,-2.9249454435963486e-05,1.4435319152377933e-05,0.0013801751623383415
2.6680155629508746e-05,-0.0006687105440992378,-0.0005829601711623291,0.0002714246170035545
-0.00029184431335045407,-0.0005778150040010707,-0.00025633797588538274,0.00044597669857677233
0.0001387648113083085,-0.0005257005521495142,-0.0010007195394141277,-0.00022697967016175588
0.00035465832929910127,0.0001561323823221407,-0.00044275917494789215,-0.00015016353903838197
0.00022253462651102286,-0.001364351293892212,0.000164319508325346,-0.00048117803614045865
-0.0003555715119131489,-0.00044955982765367426,-0.0005940108597083664,-0.00017707807344419653
-0.00011921600920616275,-0.0001750619647914481,-0.00014124051090122803,-5.1655717361652806e-05
0.0008329923589271127,-0.00039774164821204964,-0.0007519695548874551,0.0005185716572128979
-0.00010319716294190841,-0.0010678870006052762,-0.00011902404141542166,7.207186131142089e-05
6.575199708495235e-06,-0.0006126710537486032,5.671365106346526e-05,0.00026994657861325103
0.0005052864117900193,-0.0007608003301791051,0.00021214659757761779,-0.0005030953113034509
0.0003095060436691772,0.00017803186892270602,0.0003577966937397746,0.00041549049445345227
0.0005437908735351106,8.044752885583438e-05,-0.00013968243846772504,0.0008877630417561521
0.0007465266017449631,-0.00036656143299426436,-0.0006273464633467369,-0.0001139806256702545
-0.00020509451660200657,-0.00102827634240637,0.000278870295937702,5.89613445123294e-05
0.0007561828049889243,-0.0008447401416788596,0.00010753936545295234,0.0003757712102382953
0.00019575227246696662,-0.0011463405639850388,-0.0003806349680739069,7.233643970874727e-05
-0.00013264705472406123,-0.0006292246204632196,2.7913570604569306e-05,0.00031230172599950863
0.0002588898306112174,-0.0007523975133261207,-0.00038863696247325,0.0004100977656398024
4.8998769721698076e-05,-0.00034873775700378974,-0.0005694139189314375,4.7124587124883465e-05
-1.2643054279481687e-05,-0.00040348916714401595,-3.159880358760964e-05,0.0005299894241352581
0.0006621349841667056,-0.0005672471933934211,-0.0006199541716773002,0.0007060229495602703
1.4577919459010007e-05,-0.0009134617522943574,-0.0005360667842137496,5.2901544125210655e-05
0.00041814492453892433,-0.0011855155259261085,-0.0006660165221557482,-3.98978846929928e-05
-9.697219542552002e-05,-0.0007900209081112097,-0.00035406884818017255,-0.00024407895074710645
-0.00013957560981027624,-0.00038788184423093166,7.31608631324692e-05,0.00053601045925922
0.00011269167144042497,-0.0006798705424752478,0.0007803029287462101,0.00020442147230100756
0.0003337314380836223,-0.0013646172942137962,-0.0013579177731894076,-0.0009260852258213494
-0.00023169318479451795,-0.0008344837465464276,-0.00013100314306605277,0.00034271735628694085
0.00011655002549668275,-0.0007123151484794174,-0.0005325951665107352,-0.00012132403095486553
-0.0007696212349146683,-0.0009171340359104181,-0.0008253355961771904,-0.0004857262682819328
0.00024723076501822865,-0.0015994099036722499,-0.0008561941003921769,-0.0009158053148504127
0.0003121807288264231,-0.0008639721747212339,-0.0010260112984358872,-0.00032614943302940755
-4.466518289821699e-05,-0.000673977405866385,-0.00029848527803703494,-0.00015574056432429847
-9.259361972251015e-05,-0.00030260139265794256,-7.314985526654956e-05,0.00038313912984602695
0.0006218476158677009,-0.0006146071406151299,-9.062592391151376e-05,-1.4423815403577701e-05
5.976666488505052e-05,-0.0009324216071435959,-0.00033008707484407664,0.00030949502605484797
0.0002382254233138715,3.1459829850803334e-05,-0.0014675377918048503,-0.00048571263081515116
-4.048507094471197e-05,-0.0005810415091516254,-0.000770293359599873,-3.295705949631128e-05
0.0003166796868976816,-0.0009339906919777941,-0.0006612211051559995,0.00025666118208325547
0.0006926311374617965,-7.850702805560923e-05,8.499383805643603e-06,0.0005461081017560148
0.0003081812706289481,-0.0007567884803699144,-0.0005151698867587952,-5.324633618815935e-06
-3.6856633197230665e-05,-0.0011631982368391536,-0.0002957831203397385,0.0002571340595793935
0.000460491826694232,-0.0007159025143056474,-8.872273284082039e-05,-0.00021721363338455524
-0.00020113003628903877,-0.0007187997372587769,-0.00034264497809592,0.00010469267157774316
-0.0007025089363927937,-0.0015342296451075726,0.0005489108992439804,-0.00012975095067135428
-7.442319582321442e-05,-0.0013441615068149034,-0.00039622297027242426,-0.00010322262809037079
-0.0004383486981034596,-0.0010472775094114543,-0.0005391492171908666,-0.00012321902513461654
0.0003467260482757982,-0.0011514467729404853,-0.0006012104983476656,-0.0004466772473115474
0.00015757918242763285,-0.00028601178206319537,6.663612315465716e-06,0.0006417027468204839
0.0005963903833179128,-0.0008081250448306795,-0.0003608860894096659,-0.00014827059274817535
-3.6877534556337366e-05,-0.0007191041438384478,-0.00018426539219227806,0.00010335776175986894
0.00021078727365171385,-0.0007384566886942018,0.0003057671407801246,0.0006745161251561477
-0.000340524380309793,-0.0008435064736832549,-0.0003438709942645294,-9.801396094136854e-05
0.00012395168121001566,-0.0008164189594628361,-0.00012079632987373408,-0.00034627952818242066
4.239286451878646e-05,-0.0006708385982212639,0.00031436209457502717,7.37949552616568e-05
-9.766634355289162e-05,-0.00014289547520440928,-0.00041284389252646954,-5.582609965022361e-05
0.0001621893705944027,-0.00012105898520667276,7.702558434205623e-05,0.0005439143436108311
-0.00032975375792764394,-0.0007235263184249237,-0.0002774758461587477,-0.000454331295503326
0.0005355228096424433,-0.00028330605084448,-0.0008122542321036594,0.00026900471555647756
0.0001178256914210808,-2.7321903712119642e-05,-0.0005829906818986751,-0.00033177867305280855
-0.0001861963004508224,-0.0005866310616506282,-0.0006864381112867235,-0.0006333262191056747
-0.0005509020034862849,-0.00036183390783596975,-0.0004123389194607263,0.0001539075658341126
0.00020468798538587798,-0.0005601413523562415,-0.000276804319614001,2.4953994158071624e-05
-1.5579654292585275e-05,-0.001268523381567624,-0.0009333002951716792,-0.000383603219008906
-8.552914408709963e-05,-0.000849798609916369,0.00017386632761998166,0.0002335551599864664
0.0005760204451524088,4.6215710041536123e-05,-0.00015844671780576743,0.0004276591728315586
0.0001414115493567673,-0.00036347348390123344,-0.0002911243812563868,0.0003953973463718571
-0.0005680210946681656,-0.00046833237131879273,0.00038472788116809494,4.587562705108751e-05
0.0003013343330205157,-0.0005308987443409787,0.0002948003666654979,0.0006665800504213588
-0.00035553086258603565,-0.0009070123537863134,8.728497198734658e-05,4.7026051312193894e-05
-0.00026846811546468876,-0.0008583629059038126,0.00047599273788484703,-0.00012412028469970958
0.0003063528707147454,-0.001157579757349004,-0.0008873009721061256,0.0001386164094284301
5.4285787358259645e-05,-8.866968951359508e-05,-0.0002576608714422769,4.002978716614731e-05
0.00032592075215829685,-0.000454978702169468,5.689021657043759e-06,9.671248029054859e-05
2.510381432024606e-05,-0.0002463516605884646,-7.056756127057618e-05,0.0003773871441523453
-0.0004592756108385816,-0.0011113073592504167,-0.0006408962236053991,0.0004449555897410942
-0.0001765810193510095,-0.0004320370064143088,0.00019909552357910956,-0.00024124031353861723
0.00017275742140368864,-0.0004414825301542295,-5.931009334568035e-05,-0.0006332598047665632
-2.9631316220051678e-05,-0.0004424099365430849,-0.0006954852650959235,-0.00022673124199746095
0.00026920667508328736,-0.0012167940099657296,-0.0009668376306825832,-7.853329001972914e-05
0.0003642588389547074,-0.0007560618879897833,0.00016793217642926904,0.0002893165743737096
0.0007116831766838048,-0.000169457054661888,-0.00039308850138063144,0.0004664836223988592
-1.2817346815986421e-05,-0.00049114299794705,0.00014111906049831603,9.263530866511643e-05
-0.000122748943784749,-0.0010448725725821654,-0.0001717855593078386,0.0002594977575643897
-0.00017675727904859656,-0.0012620855931869987,-0.0011694325079603543,-0.0008713218768085532
0.0003153420769813359,-0.00026133858515500183,-0.0008136726238613351,0.0005137676019809983
-0.0002817457834293033,-0.0006745866424909177,-7.29229507800021e-05,-0.00019024074221195793
5.832547433960722e-05,-0.0007541538906360565,5.3777229936617344e-05,4.4091332369833596e-05
0.0001543555313423097,0.00012869454247031026,0.00023728013657107032,0.00024312400442309202
-0.00015345041021456614,-0.001162948306796778,-0.0004900487963510583,0.000684269088757263
0.0003617193480226212,-0.0007807666033117199,9.775640738813883e-05,-0.00032528066337738043
0.0007376660351351595,-7.201399211972882e-05,-0.0001210315528697278,4.271629054364501e-05
0.0004309295762187109,0.0002139430767403028,-5.952048987222455e-05,0.00025381607843313013
0.0006660032241361854,-0.0005562780372167644,0.0008273440779083044,0.00017358372706243418
-3.33331975730971e-05,-0.0004451744334718444,-0.0010540229023457846,-0.00021429958479198067
0.00045579335099302053,-0.0001301289297706784,-0.00027243567778298676,-9.359412769507664e-05
0.0007436878621378359,9.323257461619331e-06,-0.00038382690804152693,0.00022999606613748551
-5.560110225233915e-05,-0.0006447858396736802,-0.000686338644418085,-0.0005450441599223206
0.00022284832030613257,0.00034293958472378773,-0.000512067133582518,-5.935182936804692e-06
-3.3556431592354034e-05,-0.0011424417411813105,-0.00019680212589099445,0.00014070217968886511
-0.0001147326380162905,-0.0011700318946289633,0.00019765836481849144,-0.0006466493925349476
0.0003640723416113293,-0.0008180763174579429,-1.9718509115227884e-05,2.9459679993108252e-05
-0.000423050453287553,-0.0001400706188991255,-0.0005746777384882406,0.0007415839133897597
0.00017656785185694965,-0.0010132805273284898,-0.00038001276827764717,-0.0003113189481677815
0.00020853299646220993,-0.001395557077905504,0.00011796959649372024,-0.0007432684385080301
3.13788878470624e-05,-0.0006881891670184391,0.00014435679159334426,0.0002481199888533509
9.267827480294064e-05,-0.0006143383358907122,-0.0007158296499276404,-0.0003057580831526817
5.0981353395319266e-05,-0.00024520585707649893,-0.0004364102545106911,1.7057573509946628e-05
0.00033486584972154725,-0.0010467616316532972,-0.0006284115640911926,-0.0004753967472367715
0.000347894938130776,8.763574028151078e-05,0.0005269406629778539,0.00023321214875356925
0.0005355922663903361,-0.0008804503278683842,-0.0003380007945937792,-0.00019241785090253388
0.0006056729326514603,0.00010461869453012927,0.00011475032873312561,0.0008896593368628823
0.0003578223001120674,-0.0006322091521175293,-0.0003498472680497608,0.0003542671974736544
-7.75626771092908e-05,-0.0011461249908683358,-2.870535177051741e-06,0.000297547007646862
-0.0003181129975119663,-0.0012212192675201254,-0.00040001324596067474,-0.00038821783244698813
0.0002244975954763762,-0.0003956120838701161,0.0005827402248435096,-9.383196365485573e-06
-0.00013301130746762814,-0.0006563047872255122,-0.0009192870706964301,0.00011250544025733338
0.0001793610047073048,-0.0004869666433608907,-0.00022766983073673944,0.0011191526409832704
0.0005356004098553758,-0.0006764435263462375,0.00024925640351221474,-2.1054292949579937e-05
-0.0005576859198858483,-0.0002988786822554577,-4.934903396448191e-05,-2.4506897113705844e-05
-2.5813060778500686e-05,-0.00047695943617041445,-0.0009165544189453591,0.00040498760002283897
0.00011591405064597612,-0.0007011535370309012,-0.00047511742529963784,-0.000523672577400454
0.0006363294792334839,-0.00034592356971799255,-0.000288719080480586,0.0007253542552106475
0.0002784765972884423,-0.0010077197164146587,-0.0002598215719418665,-4.953387573902854e-05
-0.0007153254829264712,-0.000856354143010624,-0.0007213912153669223,0.0002891120169317376
0.0005782222228972816,-0.0004433241760353378,-0.00041749691904757513,-2.1898338075042475e-05
0.00022498501659963467,-0.0005979535350965999,0.00020089088615314127,0.0004983654597786593
0.00011113200910562923,-0.000544574967556002,-0.0005060501082358003,0.00025600504684102706
5.189937583765334e-05,-0.0007091182937572975,0.00019500532947272942,0.00014765074561109471
-0.0007522825008157766,-0.0012313238811439042,0.00016184644494780456,-0.0005339897576938722
-1.872209228547409e-05,-0.0006763592369381926,-0.0006055806835957637,-0.0003847907057576423
0.0002449317131656529,-0.0008639823906717013,-0.0002838870427375933,0.0001964985564403927
0.00028657929123281816,-0.0004835059055208753,-0.00036992629777257886,-0.0005316307454734812
0.0007231106723016236,-0.0010380262680008846,0.0005574003474567808,-0.00029788074792039027
-9.044266496871978e-05,-0.000674240264707651,-0.0005908318398086602,-0.00012991467139387535
6.590170780041438e-05,-0.0002315896080952322,-8.928132026355136e-05,-0.00017016652553027167
0.00019125272136816937,-0.0006843376341974234,0.00011088403611931626,-0.00010421712196366343
5.528092354561291e-05,-0.00016346814610476387,0.00015872385811714352,0.0005801923152174677
0.00025746916779717397,-0.00046815997932448864,-0.00026069069159161227,-5.24341809372128e-05
-0.0005176424409619814,-0.0002735823805000905,-0.0013254233962292394,0.0002035175309296066
-7.797989265661518e-05,-0.0005064348900385381,0.00022497825491960008,9.632330389427638e-05
-0.00025547042121437793,-0.0008373845025760277,0.0009686857746113172,0.0003321660988025252
0.0002802343658705646,-0.0003626617036430039,-0.00024202967197255583,0.0004824963124086174
-0.0004265363381174196,-0.0012479231359970773,4.678170706645684e-05,-0.00010642356106853868
0.0008413546242698742,-0.0013012894428924568,-0.0002357787480549087,-7.016209139555494e-05
0.0005223111633194179,-0.0007112598445091018,-0.0012439467028676845,0.0005678189542676378
0.0004349738169301855,-1.0002021919192254e-05,-0.00056058192170672,0.0007836131429424663
-0.0009042816172415971,-0.0017312121232719922,-0.0008146714704089752,-9.12925349817821e-05
0.0002385181359794199,6.931747795346001e-05,-0.00043617934131330387,0.0003214794771971925
0.00014583475261068134,-0.000856828166492699,-9.924766293801439e-05,0.00013776690650327449
0.00032058660706005206,-0.00016003451783444932,-5.627785218373935e-06,0.0004529400933529764
-0.0004613304909733185,-0.0008446915048784628,0.00041011108461602686,7.555001072189995e-05
0.0008961731613971402,0.0005006419079561265,0.0001433823574485506,0.0007423857169618355
0.00037559000882545927,-0.0001144862355625609,-0.00038852038089521386,0.0003905461274691194
0.00011784593934739175,-0.00037397337295935203,0.0002401716667581283,0.0004686236447622829
-8.201334783735818e-05,-0.0011892150034837525,-0.00043375237761351026,-0.00040274967862122637
0.0001272933914951107,-0.00021434754881221528,-0.0005529951341698915,0.0005587792050429131
-0.0006938838382657252,0.0002812587756809394,1.8878450629542963e-05,-0.00030077210042101795
0.0005620067720788977,-0.00041189999009531825,-0.0007043894157938903,0.0008621605331565428
-0.00026733936752767546,-0.001178723507474988,0.00047502680904598985,0.0003832547965977371
-0.00029496477857445295,-0.0005882131541711177,-5.2635635588587735e-05,0.0001342340915862946
0.00022679951925152537,-0.0007488916804322735,0.000416086757941556,-2.5385189201456614e-05
0.0005500319858477435,-0.00028286259498116735,8.395843043378398e-05,0.0007117314952332706
0.00035854682865714746,-0.0012170146639334401,-0.0004313362426666174,-0.0003129897533756472
0.00047070804714962396,-0.0004164554108139364,0.0008332454683718354,5.132678904423382e-05
8.375792986012263e-05,-0.00038538219876085156,-0.0001883133089775877,0.000266304982670476
0.000741414830900901,-0.0013307470440596806,-0.000701040180816055,0.00020354786085313172
-0.0006442388765229528,-0.0006035178439978093,3.167711872937707e-05,-0.000587789837328575
-0.0002848753147653197,-0.0009057069736828588,1.639874383052383e-05,0.0001906389706158692
0.00039392202143087487,-0.0005526763459861221,-0.0002418503974202262,-0.0004015947818217021
0.00020497615217017828,-0.00017938058971101232,-0.0002800793721430211,0.00016761364440129534
-0.00011265340076502584,-0.0003057784971396867,-2.4147891672627374e-05,0.00015400706597121992
-0.0003812089768611914,-0.0008452442100667153,4.257241754222781e-05,0.00038952375844248776
0.0005679007974728037,-0.0007524436544330546,-0.0009628878236858343,5.1668241341229655e-05
-0.00014642828692187915,-0.0015237587130583203,-0.0007022313354336165,-0.00031743900515379507
-0.00047479087232117677,-0.0011781026951803697,-7.253079250636488e-05,-0.00010149321901177847
-9.130901193946664e-05,-0.0006964409101619767,0.0002235208203946243,0.0002065431497906437
-0.00015703652152926497,-0.00069497944742299,-0.0006722892606326416,-0.0001615053468835405
-0.0002128030328326915,-0.0005292106797043659,-0.00016409692105659386,0.0005863316271167607
-0.000695752599953316,-0.0013714355908869956,-0.00025521345318429154,-2.108413991223088e-05
-8.309260720574952e-05,-0.0007230009037498072,-2.5556124315806703e-05,6.14701288306169e-06
0.000461316981537735,8.88424821061097e-05,0.00022443674650335165,0.001024338510524665
-0.00012745994711091055,-0.00034222749579216043,-0.0006983458744508201,0.0008810985200690067
0.0002071111710967157,-0.0005789582777196813,-0.0010467456640132922,-0.0004571672239983006
-0.0003215853467679796,-0.00037166845824787,-0.0009937789058353428,2.296895454517305e-06
-0.00024573363391574296,-0.00033852869817256246,-0.0009702030546598394,0.00022663700894326878
0.0003685605387672632,-0.0005169831324088119,0.0002107094717126806,-4.629403840354438e-05
7.320284730477763e-05,-0.0007664657246929862,9.890152675702176e-05,0.0005089840411633041
0.0007450689116103386,-0.0008055299276412312,-0.0012889868031541326,-0.0016519021325849198
9.228449009425392e-05,-0.0008242523411676662,2.174696970255923e-05,0.0006041212848695109
-3.451774397722528e-05,-0.0007976830090315177,-0.00046420497976144766,-0.00021942765872212146
0.0005271511550781812,0.0002602132238098616,6.583445726864357e-05,-2.542228936614361e-05
0.0006102952430723394,-0.0007007470132780679,-0.00022857190491043196,-9.516848526379884e-05
-0.0005295484074159891,-0.0007161264275561884,-0.0008986475528851059,0.00025385819875225997
0.0006643311456873353,-0.0005617265388134919,-0.00031969648763806535,-0.00027869681283209454
0.0001529639084875927,-0.0007098886438892186,0.0002084433722872258,0.00042773292724589053
0.00017465076000384172,-0.0006092941933650052,7.656158851096414e-05,6.496745351556167e-05
0.0005811019279711538,-0.0006091080518197593,8.234619238851418e-05,0.00023872170029753533
0.00019253632106785567,-0.0007710859437628159,-0.00011074317055187633,-0.00010568734827116343
0.00015391772734686129,-0.00018891574916478278,8.190312690965911e-05,0.00048310876103139307
0.0002333262117847149,-0.0008879007300790622,0.0002358496214824081,1.4722209503302672e-05
0.0002464199610763067,-0.0002725325188449834,-0.0003889439233865186,-0.0002087558690348904
0.00036783774412679543,-0.0007105059351018188,-0.000897111850193851,-0.00012899262809293736
0.00022957624094948663,8.33422183125808e-05,6.461727351322664e-05,0.001077547489010178
-0.0001658303574126736,-0.00030857110341384346,-0.0003382011504452184,0.0007216394386372092
-2.2438893874900047e-05,-0.0011966903838637269,0.00023165539458128807,-0.000724961999947117
0.00034424744737469675,-0.0004022589363061876,0.00015530130798048212,0.0002605147789371651
-0.00044997275572546076,-0.0005892214903617897,-0.0006245151036280745,0.0005962336460814297
0.0003690777973632245,-0.0005198091165482693,-0.00018918771759539313,-0.0002198092086323921
-0.00030551583919361864,-0.0006578975518564201,-0.000717045310901408,7.747675163890025e-06
0.0003336349045934371,-0.0006540021424322833,-6.964725029015979e-05,-0.00019644146084844252
0.00023802075213605477,-0.0002141394664845815,-0.0007308725583335276,0.0002383031399625011
0.00020334004237359922,-0.00046016216828168586,5.395245394240296e-05,0.00039107962593135326
0.0006339197327980245,-0.0005721177565270979,-0.0009312286762082847,-0.0008647271805455777
-0.00028086259485140066,-0.0011992196801151522,7.010041879631769e-05,-0.00023289728517785014
0.0004137498654925562,-0.0002857310345415315,0.00034008713838885326,0.0004127610615279564
-0.0005152302966677178,-0.0008931995909108222,-5.9700992891041575e-05,-9.359707432120604e-06
0.0002363644228729917,-0.0012012764211090572,-0.0007220642171771413,-0.00017103357121509583
1.6439118505241085e-06,-0.0007589666365082043,-4.481008860393078e-05,1.5071978042613022e-05
-0.00012089816305317958,-0.0006487643048265763,9.400555688861447e-05,-7.639054005282659e-05
-0.00046303287784126934,-0.0008724935362373671,-0.0006769923794653029,-1.5464737440259302e-05
-0.00024293020869086887,-0.0006385083353089164,-0.0001517970621383684,-7.6166991387804e-05
0.0004955603207881581,-0.0003243841648318671,-0.00035287832363549757,-0.0006363565201938214
0.0005631328971513264,0.00016975813185868743,-0.000601593817881499,0.0007013700202645804
0.0006127793267458135,0.00021698511797581534,-0.00046779018943424026,0.0007996879631322933
4.861845675868952e-06,-0.00016101320746713795,-0.0005635528626917046,0.0006308676915942924
0.0002355326927492784,-2.9299956857884314e-05,-0.0009541918145781844,7.591960332634779e-05
-0.00044451689268022265,-0.00061921300282532,-6.962009077079518e-05,3.532674480983645e-05
-6.0345470495876694e-05,-0.0007699874526529125,-0.0008261184981061041,0.00029977243737022675
0.00021434734621441712,-0.00023116933578994452,-0.00038748314645722074,-0.00032831676391652806
0.00020257742892598634,-0.00012652853606766635,0.0001628350928940668,-4.421694498958368e-05
-0.00013407068381027682,-0.0005268281495389928,-0.0013449002092784177,0.00041113590413585464
0.00030382817483892054,-0.000441201372043973,-9.772457201746935e-06,0.0008328289174353836
-0.0005667733133590475,-0.0007839723583073224,-0.0005179342442284192,0.0006148764171843291
0.0001753922960201134,-0.0005150694540288851,0.00020145310114537906,0.0003974129359212456
-0.00016317560225250966,-0.0005399478018120105,0.0001663026490517036,0.00024146211652742227
-0.00018074886483663367,-0.0011644824528037072,-0.0006133277613137401,-0.0011791952601332032
-0.00031675511062933355,-0.000956903543641785,-0.00013669584907762976,0.00020879907620413997
0.00011178166463932598,-0.0006600855445926539,-0.0006037244007732654,-0.00028331648624431113
0.00020808698772701892,-0.0004953948119856117,-0.001619675089840814,0.0004295068078792879
0.0005854960195165826,-0.00016561606735483693,0.00016744758665895442,0.00046502254475235666
-0.0001807173515915283,-0.001029099010396666,-0.000567109106829304,-0.00019782237837004358
-0.00023525092990011584,-0.0018137926314813787,0.00011416181559842664,-0.0005175803352143736
-0.00032795404311870304,-0.00031621219274760007,-0.0001985704366872566,0.0009846089251981946
0.00026242971685356436,-0.0006542370461147728,-0.0002461243116220834,-0.00011646486943897274
0.00028587074861529673,-0.0006958488909872903,6.295790569576311e-05,0.00024412770359795633
8.442583342053555e-05,-0.0010736534638004943,-0.0005070674341451259,1.4051291609878204e-05
0.00048197978289936865,-0.0003239253451744131,-0.00010055472830553726,0.0003082140490168022
0.00014867937986583153,-0.0007760682994809071,-0.00041752749503218403,0.00033957511180157017
0.0007719864511216701,-0.0009004388396279204,0.00029414944075923364,0.000300380181189564
0.0007319121725545518,-0.0006754519818965277,-0.0001601161121468618,-3.653939449041791e-05
0.00044750761129739295,-0.00013454182310977398,-4.1540257787910225e-07,0.0012447229358023624
0.00016705061194383916,-0.000986865868014877,0.00034984601497287766,-9.245107843610695e-05
0.00044440874901549153,-0.0004415686686104961,-0.0006407417263215538,-0.00024646388255166905
9.309322430897455e-05,-0.0009346330086958056,7.512886805661022e-05,-8.436624878334706e-05
-0.0006361401574069174,-0.001488914518890071,7.59587543501891e-05,0.0002691222795273931
0.0002806297593613927,-0.0007459804801658171,-0.0007436161634860266,0.00023065126041262138
-0.0004478417230498184,-0.0009832740587891284,6.613453256422533e-05,0.00013772139003857944
-3.337801797654249e-05,-3.999802879779593e-05,-0.0006142090497673674,0.0007762341634276423
-0.0003608957778440347,9.206371423169193e-05,-0.001261890361176833,7.201721592685643e-06
-0.00022757646516874232,-0.0007301880112583683,0.0003783613939947817,-0.0007929475321934961
0.00018413037261408397,-0.0010840223147950833,-0.00020062350280346602,-8.227058060156342e-05
-0.00015380895340576744,-0.0008300215498983207,-0.00020786842168301565,-1.7407396425573457e-05
0.0002882395146079465,-0.0009018062440177794,-0.0004711637795903424,0.0001815311289754233
8.012914655698239e-05,-0.0006118400743231619,-0.00047264750536464816,0.00011358620225839137
7.747660269524884e-05,-0.0007573073346448715,-4.1968101597143034e-05,-0.0005531549030316995
-6.085626985359753e-05,-0.0009518743094137179,-0.0003417199287906395,-0.0003569364183382976
0.00035417568378512735,0.0003680371438411715,-0.0007295804507411925,0.00020634658315187663
-0.00022875862716565206,-0.0009120181023621302,-0.0005984673256748668,3.24915383801471e-05
-0.0003634015796621699,-0.0005805689731938593,-0.0010626241873922975,-0.00019444245697057723
0.00015457178365669042,-0.0010551694478755803,-0.00014863381541126017,-0.000665913288141887
0.00019692896686135467,-0.00032780431133891364,-0.00031355205672591637,0.0002759601109397574
0.0005306552675161774,0.0001197320613377156,-0.0005897188509835481,2.6138956449314473e-05
-0.00033754006313893695,-0.0010255036107824772,-0.0003735048297546713,0.0004282069495771779
0.0001029778441612816,-0.0009531545082414913,-0.0004357439599902034,-6.4340989081931724e-06
-0.00033613673057845744,-0.00068738879581114,-7.07465072885666e-05,0.00012429976518554117
0.00012663000679457106,4.996920095130922e-05,0.0003475930515341177,-6.99736387697917e-05
0.00030023631366225633,-0.0007638175221245258,-0.00042192476292159076,-0.000533188450410464
0.00020963823578978548,-0.0007284284842759277,-0.0004315913267313808,-3.866156861271524e-06
-0.0002207463008608503,-0.0005803743375291941,-0.00023603883864655652,0.00023321071645763313
2.1942103516262566e-05,-0.0003283797705863917,-0.000504257507258112,-0.0001656044777932773
0.0006094938925454316,-0.0003053698308245932,-0.00016415211294089376,-8.360187940709989e-05
4.168765529205705e-06,-0.0006409775967350462,-0.00028576114431235844,0.0001890699706560598
-0.00015849286261123324,-0.0005902250892142628,0.0002587584647614032,0.0003357393108532447
7.823211042896124e-05,-0.0010406094817099556,-0.0003013239854995324,-0.0007797464038097263
-0.0003809016648111544,-0.0008144783428795052,-0.0012749099175867827,0.0004202866938612621
0.00039178728314712846,-0.0005280978000988942,-0.0008283839840587373,0.0003708481236912667
-6.072634960058957e-05,-0.0014607910830424374,-0.0008293078781253883,-3.868149704064502e-05
0.0005539972403206914,-1.047926965833179e-05,-0.00012158911099062906,-0.0001065270679998033
0.00017616760313615465,-0.0007223199440535269,-0.0005297928859183381,0.0002859838516683024
-0.0003892629669159914,-2.0957935180703163e-05,-0.0003182558071355438,0.0003283552121911804
0.00019024939747519886,-0.0007470630872827243,0.0001579282642372851,0.0003167641902598181
0.0003221812511663403,-0.0005110815345305013,0.0008127707764059655,0.00032417201512593714
-0.00020021968836047126,-0.0004209830635657627,-0.0008301700598121775,-0.00027147909619529596
0.0004702537147806882,-0.000447234009965546,-0.0003962078697132564,2.8200539678134573e-06
-0.00012250543093727617,-0.0006662065859226288,-0.00019345788387737677,-8.405863270299907e-05
-0.00021092503014213926,-0.00010384820088860119,-0.0010156107517927898,0.0003314957260169886
0.000426282701240555,-0.00021029503166504167,0.00010161985542963051,-0.0005182767082746658
2.3069739906994878e-05,-0.0007256923358535267,-0.0005074837879481292,0.0003152451767933609
-0.0002262108850929806,-0.0005915140340405579,-0.00014642685509972162,-0.0006179888213521523
0.0013069806078015722,4.202882777290854e-05,-0.00015270937874032762,0.00021677053693079716
0.00035374172200951476,-0.0004258918716180427,2.5982720811594938e-05,0.000227499592308725
0.000287543869568369,-0.0009875589494336267,0.0007858842934754948,-0.0003668821469274007
0.0007981654810500418,-0.0003319239559903691,-6.822920283854801e-05,-0.0003371526742774971
0.0002796028759486898,-0.0005658681786457724,0.00022688839695275865,0.00029611565024581944
0.00012709474339641028,-0.0009172965291515899,0.0003065754599495996,-0.00019500485244058788
0.0008328890549178741,-0.0008158611998746735,-0.0003340747707607745,0.0006529997174588516
-0.0003352783486970482,-0.0005011140199901414,-0.0003045422760029803,0.00015983055080785562
-0.001175565853564918,-0.001081126862054252,-0.0006060972327769081,-0.00011329144281548604
0.00018491231218860886,7.641846236413697e-06,-0.00019316149802952812,0.0005652883800800869
-0.0002497158406464528,-0.0002572486067008563,-0.0004090531235781369,0.00016531537924911754
-0.00023047044372062568,-0.0006629312273743966,8.303614580371382e-05,0.00024500076427312666
0.0003474347204814322,-0.0007635231889955207,0.00013935943996202567,2.1249379926992684e-05
-0.00023213535559650736,-0.000945021204903445,0.00048777721982184644,-0.00017919878956333863
0.00039721396835366054,-0.00032066064885512686,-4.2679197515546605e-05,-0.00013053120936678934
7.986657526435064e-05,0.00032604284585292993,-0.00020450906079184233,0.0002867349211995217
0.0002570565173991139,-0.0002254425540359351,-6.0365530546624586e-05,0.0006558401454678413
-9.952608010441776e-05,-0.00046897673744592905,-0.0002722718898603844,4.8509066107967807e-05
0.00021137573050970584,-0.0004300954545716977,-0.0003259485639420334,0.0006965898512941391
0.00034301400683106327,-0.0008114186881821318,-0.0001366214479137454,-0.0003418564022552164
-0.00029177405689042045,-0.0005327292424178955,-0.001135116864011303,-4.140830702781816e-05
0.00018753234050959485,-0.0007788804315217231,0.0007198579495689046,-0.00016092241505544986
0.0002792782456196215,-0.0003600123364032724,0.00017399403768099612,-0.00018548874653294986
-9.745103415988968e-05,-0.0005334652093056918,-0.0006573590129715538,0.00035636140417756135
0.00030306457634316256,-0.00024317086684323154,0.00011847776078889591,9.57034830530053e-05
-9.253848429831822e-05,-0.0004923802547142572,-0.0013088724921646478,0.00012830958814046787
0.00011244153345795591,-0.0003641845492402827,-0.0006103091084019863,-0.00019983104415559512
8.94589702884609e-06,-0.000678418522741599,-0.0001259299695953305,0.0006658853699106782
-7.246751000522777e-05,-0.0012301896246662987,-0.0007883937388780534,-0.00018412132593131417
0.00010869287677506989,-0.0015372256264082138,0.000395633632470128,-0.0003735032494335928
0.0004980412161425979,-0.0010109359483546074,-4.126077029387417e-05,-0.00024008310401271322
-1.7048229722549634e-05,-0.0012567016519775592,0.000160269206785691,6.842527027452e-05
-0.000277002025055082,-0.000984787448693718,-0.0007661465296944735,0.0006412046512202921
-0.00018175448356801377,-0.0010166196880614983,-8.523730963894831e-05,-0.0010004696518042327
-0.0004892269782883348,-0.0008644503491816713,-9.03672869587855e-05,0.0003835801637655748
0.00040248280925937263,-0.0003893895271201524,-0.0005020570921810728,-0.00024086059792840093
-0.00027701552623237997,-0.0008397316304066815,-0.0007861752186329657,0.00020266169776802362
0.00010414704740268116,-0.0004064685422825738,-0.00033213379183973443,0.00044972356709868666
-0.00024665756023232175,-0.000999397712967279,-0.0012157410651057713,-0.000416786645771444
0.00040171079945684166,-0.0008640369235910213,0.00024257852474945441,0.00028236391850371037
0.0009089966305418167,-0.0005498773303807523,0.0001937159472536314,0.0008336038937564313
-0.00025286291944360314,-0.00029892999164275784,-0.0003296521977487003,0.0003686400690519876
0.0005523950569014213,0.0002468265356560032,-0.0006294039612594878,0.0003836121784423047
-9.975817226183292e-05,-0.0007576828199240262,8.179666789660816e-06,-0.00032270095072990093
-0.00039612801595953864,-0.0011753880912581738,-0.0001232845393446664,-0.00029197002784366277
-7.863404871530881e-05,-0.001307286314926158,-6.623011445149801e-05,0.0003920990200095844
0.0003924270187056669,-0.000936650758229354,-0.00023602271710062878,-0.00034498756589359126
-0.0001951455866034789,-0.0005377956524565599,-5.421774893275903e-05,-0.0004978581895522838
0.0003336411643917488,-0.0007232460392370031,-0.0009904580762294126,-0.0005795860189098242
0.0002718929339816795,-0.0008057693296216169,-0.00020076489177763823,0.000167005883185814
0.00017054647251191142,-0.0006068859277618341,-0.0006937458103974695,-0.00031835541236907767
-0.00020643972402021064,-0.0007559011486306586,-0.00029938288707335016,0.0005834677590235983
-0.00011042800884605836,-0.00041220363559146735,-0.0002968375823589073,0.0004145983483701794
0.00010029265899612653,-0.00047063151843030975,-0.0003815512802748815,-7.483566700715023e-06
0.00035315946186367656,-0.00018411844426792796,-4.941057758487991e-05,2.56764434308608e-05
-0.00045909666144572093,-0.0008289838412688331,-0.00018619819899045464,-0.00030109894565023766
-0.0001901340233393739,-0.0011755202306134832,-5.21246297757933e-05,-5.715095308905479e-05
-4.802362986274688e-05,-0.0007259014412322257,-0.00015697959433835776,0.0002695462188058964
-0.0010074265355349867,-0.0005720204242463081,0.00020481324137311977,0.00013837710858060771
-5.636290683923035e-05,-0.0006335089060568735,5.475133514053771e-05,-0.00011896426415366947
0.00016910705257804567,-0.00040614750456078566,1.1230422058477488e-05,0.000142687962009425
-0.00014151046810599428,-0.00014380470825723921,9.033933134398948e-05,0.0009171447815574168
0.00015311824804872454,-0.0005783028394123869,-0.00036203846934466574,0.00038868956219072795
-0.0007061931171290108,-0.000540499713534551,-0.00019230061616991225,0.0005155787440587387
-0.00031655871902230853,-0.0009320510837162319,-0.0008001340210668134,-0.0002819788015845571
3.471478654478962e-06,-0.0005703776932358447,-0.00018070780463777498,-0.00029680140404665515
-0.00010849683387141324,-0.0010584552863217845,-0.0005527106771674479,0.0006016950764363807
0.00028788171317572467,-0.0004252429923454089,0.00045514082737227706,0.00014748228055519035
-7.404703481182468e-05,-0.000943937160637853,-0.0001681499742092079,-6.76596491302607e-05
0.00047139319647700493,-0.0004314538317571407,0.00013369121636436806,0.0005938165547769427
0.00012386920730857843,-5.955295781266428e-05,-0.0004084924541918843,0.0002466290553368081
0.0002808454872063758,-0.0006962899828218125,-0.0009456666609219248,-0.00022144345950424356
-0.00010645305889427198,-0.001361694430214195,-6.75740148772127e-05,-0.0010173210001500903
0.000397235879584724,-0.00020986857294686458,-0.0010735833602600927,-0.00026448923366792455
0.0006121532332143394,-0.00030512890606084896,-0.0005750366119089916,0.0003416939723915972
0.0003626243595990919,-0.0007050666171491074,-0.0008943161715130709,0.00039366710290424523
-0.0003848165445712679,-0.0004385720679807873,-2.4259606947521735e-05,0.00020461205034298278
0.000365534054241445,-0.0009755515825537673,-0.0007061478449213854,-0.00020211425028546486
0.0006754374606972931,-0.0003454498921350228,0.0008070038307783642,0.0008933640567423076
4.426700522689864e-05,-0.0006081214797222424,0.0001109369552704289,0.00012533394848199438
-1.5013659630364572e-06,-0.001203990993819988,-0.00015949019201583623,-0.00024187103780132964
0.00021402569656708376,-0.0007087211105544568,-0.0008891736418466515,-3.8187585134898724e-05
0.0006750492775770541,-8.230339970510067e-05,-0.00028494039519112594,0.00039258423914776634
-0.00015250340182207826,-0.000647493717141471,-0.0003865035778047777,0.00046074358300375113
0.00056936092471544,0.00035001115061345715,-0.00020176481468607094,0.0005679436454400644
0.000304601135360942,-0.0007261986602418701,0.00016618684599867993,-0.00024121346174736956
-0.0006956018710287391,-0.0015618873742464867,-0.0007128225936562216,-0.0005052882837938983
1.1190652251332595e-05,-0.0013882466653672458,-3.912238403328358e-05,-0.00018395260487614267
0.00037561356613405057,-0.0009240706861735851,0.00023384052903230578,0.00019300049803156155
-0.00010552018642271096,-0.0014064406068675333,-0.0009426638062150869,-0.00012113257509759466
0.000772342371426354,-0.0012419763122271095,-0.0009489322722564369,-0.0005259594125884983
0.0004181602998777955,-0.00042776426911167226,-0.0002213353582202984,0.0004765574540670771
-0.00016039940687055063,-0.0012211211240651916,-0.0009002331658296801,-0.00015267413747323223
-0.00028262100492915186,-0.0008711927149061571,4.001604439006891e-05,-0.0004395850803820476
-0.0007027169566052561,-0.0013958981788056,-0.00025793819679957505,-0.0006681790867087963
-0.0004614821665396936,-0.0003235548888169518,-0.0006633533250652893,5.013558032447899e-05
0.0002519415601378012,-0.0013443145165410093,-0.0011893927617107154,-7.434250759509116e-05
-0.00018778710067781078,-0.0008033456321630405,-0.000629845760022228,-0.0005405353609654851
-0.0004531208838377331,-0.0007477614409254983,6.726587177522536e-05,-0.00019765004031644935
0.0002737092860766677,-0.00029007663743633777,-0.0006343876153173276,-1.3212324244849145e-07
0.000469620438029917,-0.0002674173829170784,0.00010453789646832623,-4.47282617489085e-05
0.0007493886779763983,-0.0013055677040874924,-0.00024720123587543047,-0.00021922740165013788
-0.0005808025176476,-0.0005046123939220417,-0.0001433060591299369,0.0005001603870990225
-0.0005856466883423007,-0.0018876598101374368,-4.198601923533159e-05,-0.000479239715251692
-0.0005415504552913986,-0.001165413080176185,0.0005146969852607429,-0.0002194228445109115
-0.00018363299750739453,-0.0008535798636893298,0.00015668171111940787,0.0001602472692050152
-0.00012680129034112132,-0.0008783122163877662,-0.00011509571968554015,-0.00024302995948334533
-3.083433588247302e-05,-0.0007145075442272649,-0.0001438652583694644,-9.304937871679696e-05
-0.00031245618330303206,-0.0002835769264277821,-0.00038992753052716184,-5.851275435193518e-05
0.0005744033707023497,0.00019759767252675178,0.0003974854689652846,0.000637974635453264
0.00011074593368531709,-5.660498749452799e-05,-0.0007669440373421951,0.00015311777006163743
0.00040067196968297905,-0.000445151177566062,0.0002470762160009588,0.00041089204046230863
0.00010853639701724846,-0.0006655279664380145,0.0001955943365142424,-0.00019909862219146823
6.896221760881262e-05,-0.0002875735349879028,1.553632156793089e-05,0.00032843992639017
0.00020508011894877548,-0.00030546635944963966,0.00011615473889840661,-0.0004623249317839279
0.00024731388090821533,0.0004209913016801395,-0.0002256366966311762,0.0005549046919253817
0.0006190069425258983,-0.0010462087453698343,-0.0003565939527192697,-0.00036773641845596776
0.00012393042930541155,-0.0008679634054715988,0.0003557794180203133,-7.537198182110838e-05
0.00011396810729561489,-0.000612809618709651,-0.00014266677546230673,0.0002126018951351113
0.0002493340426805356,-0.0010240274223052312,-0.0004517016665913057,-0.000208828674938375
-0.00017323016845888732,-0.0010824838860088875,-0.00021432954722816532,0.00029607658215766375
-0.0004443326849827847,-0.0008479565691112407,-0.00017794967684396916,-0.000698740387424033
9.757944287156991e-05,-0.0010819153946548248,-8.736376579629066e-05,-0.0001444049138516194
0.0002086348087028029,0.00010133647101977763,6.384684323758407e-05,3.794699875236886e-05
3.8789195033657096e-05,-0.000573932593370415,-7.010250476408932e-05,-8.498040949599171e-05
0.00041915803122186763,-0.0004455886118458674,-0.0003346350471855993,-0.0001223131820543009
0.00020432786629023228,-0.0010331196138393004,-0.001316425825179522,-0.0005207570362454127
0.0004066985812291883,-0.0007884743493582249,-0.0018920783095575165,-0.00026661244071744334
0.00044267771727027203,-0.0009963373262248756,-0.0009685534253072993,-0.0005530935669188215
-0.0006717523750576217,-0.0006302354683164269,-0.00017218644540399877,0.00030625940922249435
-0.00016938237459784267,-0.0009510451562562781,0.0007975162540472915,0.00010803938798094652
0.0004954278248475457,-0.0006823310036291739,-0.00013032765154092957,-0.0006107891490201537
-0.0003125535044858261,-6.564197848491282e-05,-0.0002868000704560045,4.273188672143541e-05
0.0001827434855574715,-0.0007781718853867666,5.291030021698463e-05,-0.00047975876609890827
4.576369889582697e-05,-0.0005545810021028863,-0.00023094487411542226,-0.0003752780844633402
0.0009402502193501848,-0.00025881876320121746,-0.0002479979298842239,0.00018285181306751277
0.00040213731791574094,-0.0004205339360382475,-0.0005136663845226622,9.892254868625169e-05
0.00012190741971121488,-0.0001347084255124888,2.0022329443901273e-05,0.0006060887136431026
-6.395475147314499e-05,-0.0005939473007882061,-0.00024301582493738714,-0.00017819735620674398
0.00030790816951199815,-0.0005058860820649964,-0.0012572525058674817,-0.0003043527449476392
-7.50162390691594e-05,-0.001149541708093194,-0.0011685470443632822,-0.00011792457474804483
0.0003002877074196647,-0.0005057743685322659,-0.00014985488145515644,0.00015869476508082792
0.0005494662338231865,0.0004392648284381179,-0.0001858121035643604,0.0007893870059980001
0.0003928102135664876,-0.0011516623691119315,-0.0002108029034517709,0.00034474234708035956
-0.0003509193698976877,-0.0005705055383303233,-0.00012416489428336246,-4.443612473555502e-05
0.000176845568016451,-0.0005147629412135265,-0.0008387523962931267,0.0005752696835486996
9.220553028302077e-06,-0.000291656976881839,-0.0008557886773864937,-0.0008688078623584483
2.7184029279119577e-05,-0.0004940956257567721,-0.0003801809350590518,0.0002697930337597683
0.0003839406446317314,0.0003003018704009747,0.00022859117239842775,0.0004006095953616294
0.0003664886281111283,-0.0004906563326969545,-0.00023318847951712493,0.00025439410363620185
-0.00015686122717010177,-0.000826794674709779,-0.0013222625830470066,0.0002439287262757389
0.0005711591645477946,-0.00015844249927274225,-0.0015840906895216661,2.8426487811813203e-05
0.0002506304785212486,-0.0014004543518983106,0.0002680591574653129,-0.00033404250133930676
-7.704114333439722e-07,-0.0013816030531817298,-0.000443043023174963,-0.00037843998819125663
4.135710813769771e-05,-7.410741835041105e-05,-0.0005167326083861401,0.00023190332736105763
-0.00046972440273393505,-0.0009223530935447264,-0.0010992232766360971,-0.0006300610740750789
-0.0005683623297581594,-0.000502551894367402,-0.00041974986072563147,0.0004558758521738408
-1.4316189184737324e-05,-0.0009190436163159454,-0.0008455178510302616,-0.0005505556761944743
-0.00013026295248790067,-0.0009500086330320959,-0.00044535243316198614,-0.00026014464052561114
0.00013227320714169567,-0.0014021854901322647,2.869247683931405e-06,3.409305337454839e-05
0.0007520794691282585,-0.0007090494966847938,3.218289734373267e-05,-0.0002789293624661513
-0.00031570530559047534,-0.0008741641920024599,-0.0001657523819802257,9.867694694611137e-05
0.00037546848818213177,-0.0009193134944400416,-0.0001385541161492121,-3.433277625483569e-05
0.0005964758906136553,-0.00025399330500634293,0.00019887492334133414,0.00018902189830936745
0.0001433466493938801,-0.00039182912434449803,0.00036375799974670896,0.000260818613432225
0.0003118759399346058,-0.0007281114384980964,-0.0008036147133796861,-0.00016640900961171912
-4.5654779477368915e-05,-0.0008679837878397071,-0.0003046267701991337,-0.0004307169972403846
0.00010122266908770648,-0.0004818839643913401,0.0002974993170938878,0.0002498435143926523
-0.00017404830761592543,-0.0007860104425249654,0.00026612191540360244,-0.00014732651477961898
0.00019629894128071046,-0.0011097898952698495,-7.81240146987771e-05,-0.00023290002563823917
0.00013448181594859882,-0.0005343304360798843,-0.00043369286666162333,-0.0004808067244502196
-0.0003835556684342878,-0.0011517531079719792,-0.0003090794445294755,-0.0001266085526103633
3.0113439105438982e-05,-0.001045073599088407,0.00012268203317991066,0.00025863949442454505
0.00011360392206561466,-0.0010755220880415035,-0.0005454048477993091,-0.0005607190883520863
-0.0001688018136281069,-0.0005064353341901833,-0.000664146763537471,-0.00016448685444729334
-4.865063069546836e-05,-0.001703043376439658,-0.00043983055358021286,-0.0001326956205538705
-0.0007445265198178298,-0.0013655584745646107,-0.0011438651969268834,-0.0013557998953152549
-5.422083969297946e-05,-0.00025414523754939254,0.0003495813872006273,-5.3821964702003135e-05
0.00011666481635480764,-0.000706506547679152,0.000773246942559104,-0.00047741404642291104
0.00010559051499562028,-0.0007058195060563526,0.0003550521975359777,-0.00038362656066920315
5.444618938733463e-05,3.07517530207042e-05,-0.0001082348893779368,0.0005336151903914429
-0.0002223541615004192,-0.0009687594028731834,0.00024041929744073273,-0.00026083484897350016
0.0005439018797399443,-0.0009350534748764064,-0.00023021488750962497,-0.00019806133785970465
0.00025211846652333094,-0.00031603222653511776,-0.00015902675999171205,3.260875087519676e-05
0.0003814992844219404,-0.0006646323297738385,-0.00044765808743569294,0.0005969725955994876
-3.312432284826016e-05,-0.0008027948302630678,-0.00010066132331099681,0.00048749587981491364
0.0006406886461663799,-6.913393501663232e-05,-0.00018245479075544785,0.0003349151451872267
-5.0140616484986654e-05,-0.0006287631111270246,0.0003453691366819894,-3.192954174037444e-05
0.00024080370442665255,-0.001373729838250967,0.00016051465589962387,0.00030796226501613697
0.0004700071997926629,-0.0002789367161527309,-0.0003853713254792083,0.0011193304752046022
0.00027382692365833934,-0.0008873917653178081,0.0003992994277796206,-0.0004341272372158301
5.497181774189103e-05,-0.0005872093385765667,0.0001454108518119013,0.00011657616113554729
-0.001102824005902848,-0.0009169133212289274,-0.0005759769920378129,0.0005616472416493661
5.0540143262101035e-05,-0.00029241026334358603,-2.2553709077613777e-05,-0.00010694830591004246
0.00029351406672435443,-0.0015609147055260465,6.982113094987866e-05,-0.0004758694615997871
0.000315707339298887,-0.00032327839115477305,-0.000493032390829005,0.0008684547473001458
0.00018454624487842063,-0.0008154314946385118,2.89527751308922e-05,-6.994260668057083e-05
0.00041484157048801316,-0.00016679996429419574,-0.00015228428949378713,0.0006455632431737056
0.0001808556083578822,-0.0006462650201466468,-4.2436708536859635e-06,-0.00037452058988423124
0.0005086015162912415,-0.0004863968790426628,2.3448662109780302e-06,0.00046530950034741813
0.0002970123907416363,-0.0006296373165921218,0.0002656622347205689,0.00061097366989098
-0.00010305709608002928,-0.0009283851942441991,-0.000726752853313665,0.0003533835662370738
-8.761066074075077e-05,-0.0010189131829068702,-0.0002569544647895495,0.00042947120477658963
-7.693972219534265e-05,-0.000975356415981177,-0.0007622230333469613,-0.00038599528904642864
-0.00016450517565498325,-0.0008237480673082408,-0.00031746654630861567,-9.965515853767434e-06
0.00018218022054613907,-0.0008549978206012339,1.5079761404139681e-05,0.00045587623808599295
0.00047036138308803865,0.0004617734970519591,-0.0004160350947841562,0.00013663552428065553
-6.406782882062256e-05,-0.0010613435257253473,-0.00014068033632845889,-0.000678772434079982
0.0005846195294823038,-0.0003329505911651107,-0.00017116719288503985,0.0006980374468860474
-2.6682331626356082e-05,-0.0015298497250223631,0.0004017405343480646,-0.0006493967417608192
-0.00021416260569725852,-0.0009967671159014067,-0.0010192402592340598,-0.0010849661297925755
0.0002675870421164066,-0.0006794396400562946,-2.2501204498272052e-05,0.0006451700188036876
0.00041540789365841313,-0.0004612749802426707,-0.0005362712808540508,-3.3572078145639655e-05
0.00027744265134112245,-0.0002576685216645953,-0.00034043233696935075,0.0003052542293292965
-0.00010837773509708857,-0.0007142003903124836,-0.00043093780141158537,0.0004933992453694845
0.0001706954976981493,-0.0004439649354260321,-0.00028539844693985196,-8.936652741866458e-05
-0.00018554038707054273,-0.0007661111153768988,0.0005627928654871503,0.0001957432502862656
-0.00026171351084296635,-0.000514291736741249,-0.000545939489901997,0.00043493803370237206
0.0002789940398485915,-0.0006896279550094017,1.3012177644223071e-06,0.0002485051168555478
5.447700796596403e-05,-0.0007209795349213644,-0.0005469863084834449,0.00020681739371792448
0.001081661928017209,0.0002930595418237126,-0.000194694546498025,0.00022717891446899312
-0.00091100618059284,-0.0009632376089453226,-0.0008322018352754367,0.00014799896764730103
-0.00026610978780173015,-9.086017957044525e-05,-0.00036359147050249484,0.00012802972515369197
-0.00019103612718740455,-0.00038605097240809044,-0.0009279379962866218,0.0008859627124121267
0.00032114743537961044,-0.0012409538327084837,-0.000799892377084744,-1.9653570216754914e-05
-3.0792911343295885e-05,2.6379458172819657e-05,-0.0002760755550749728,0.00014543941506105803
0.00019149718119086133,0.00014411976486934126,-0.00041048641490845763,0.000611225934226016
-9.70220339697626e-06,-0.0011006448016600522,4.0842417710923955e-05,-0.0001616278513620475
-9.921478220979902e-05,-0.0008454496983388545,-0.0009572316273457482,3.371679802652381e-06
0.0005316385953265197,-0.00043136339996800114,-0.0005764137384358724,-0.0004716981041621614
0.0002879535227526146,-0.0011575355965933337,-0.001558101130910147,-0.00017020797010871224
-0.0008273260731673772,-0.0008774837453540284,-0.0014022893064009772,0.0005094882743886124
4.756419793073045e-06,-0.0007911508513402333,-0.0002572067865239506,-0.0005804820511875732
-0.0004965425535636957,-0.0004964971270130786,0.0005029342977899947,0.0007144648293213577
0.0004156738408955734,-0.0007212762894783517,-0.0007289231511829456,6.076757127963819e-05
5.588489354328621e-05,-0.0009606945480998793,0.00019905001286554304,1.781259096367082e-05
-0.0004927168551626878,-0.000651891089986409,-0.0014504650951311449,0.0004874119910377526
-0.00014808080350183324,-0.0012076978387983287,-0.0005361114658509905,0.0006791804965438171
-0.00023688168459799614,-0.001069198654723071,-0.0001743226559745522,-0.0002576701704160731
0.000690779044476935,-0.00038465022452287344,-0.00018075033504362474,0.0005378564051441372
0.00015835890162635018,-0.00041180687149237666,-0.0018434891425312349,-0.00013418464979853548
4.2669707576994834e-05,-0.00036606405434506267,0.0002163194954719246,0.00013694078254277708
-7.491807132344318e-05,-0.00022353412573185592,-0.00025854009083959965,-0.0002502510034497637
0.00037782882053106977,-0.0007301463867127867,0.00046479456352261717,0.000532213804658233
-0.0001572469380023885,-0.000881848045408917,-0.0003965441954294688,0.00044293519951226927
-4.8014864320169145e-05,-0.0007664310949349459,-0.0008412848471449524,0.0004058058493521054
-0.0002175403095987723,-0.0005191323318423989,-0.00032074019269652006,-0.00012101800560619744
-0.00020019661682901222,-0.0011519453328301722,-0.0010249845713933535,-0.0003724628728912812
-1.6587503820471598e-05,-0.0007900294845122919,-0.0004262665615822314,0.0004398353491032375
-2.5444977300372095e-05,-0.0004713841080183071,-0.0007223712617269902,0.0001776579627988656
-0.00040802425064069255,-0.00044743058297272355,-0.0003397047484131004,-4.442149695380422e-05
0.00039582725435627656,-0.00017481382366244967,0.0003348663336001295,-0.00021895783430282847
0.00029569069000580313,-0.00010503971765784038,0.0002125389259675765,0.0011373759155047696
0.00024271842632996574,-0.0011863235184179787,0.00019307003660151586,-0.0006278191165063824
0.00014940038119822115,-0.00028966456335435375,-0.0007553466176357787,-0.0001283310741721142
0.0002071034864129647,0.0005078198993202713,-0.00023758069360393705,4.9558971103747657e-05
-0.0001596684153803407,-0.0005176072120208883,0.0003647005261125817,-0.00014078506997990277
0.0002200633833909105,-0.00048526532222903135,-0.0006827784618814674,0.000765149073324072
-0.00013137587961071725,-0.0007929054529926625,0.0005611737986441485,-0.00012033332335397641
0.00030137769877515636,-0.0009164171197220436,0.0001525935979112654,-0.0001109596815434831
-8.913717213534225e-05,-0.0008481485750942621,0.00037898273505142363,0.0004669452533829554
-0.00020636993713364545,-0.0006173585670076299,0.0003202375498024107,-0.0007207386170850452
5.676177579156445e-05,-0.0001825869030222606,-4.9379779742979334e-05,0.000924767710262528
-0.00014010767890548396,-0.0006384024945769093,1.0326511490382122e-05,2.3974347578099777e-06
-0.0010244597908327106,-0.0016183556765188166,-0.0002265349464251611,-0.0005583840311096119
-4.973769829078194e-05,-0.00033139280481093297,-0.0006401756458936371,2.3741675558738807e-07
-0.0001832135035705948,-0.0010360184855345068,9.555361126749209e-05,0.00038157287951853184
0.0005030184814135182,1.735855232142859e-05,-0.00010498123793349055,0.0003223317750108348
0.0001781307275743399,-0.0010389468292741507,-0.0005877693485413752,0.00044728633815123745
-0.00038378291859148146,-0.0010510635619855576,-0.002329857650209222,-2.3961836145215345e-05
0.00011888604556432208,-0.00032288926548715204,-0.0003007230068556503,0.0005219363861599201
0.00018415726896083755,-0.0009966842879976661,-0.0006746744927011558,3.269731320126667e-05
0.00034526557799583303,-0.0009476460839660016,-0.00015907017694868905,-0.0004540481661844515
0.0002154609907574361,-0.0008882480746813407,4.4675221181653005e-05,-9.521621697866331e-05
-0.00040332487390810895,-7.792233615117901e-05,-0.0008749469284042771,0.0010756813013987345
0.0004359564647401456,-0.0008876520145835547,-0.0005825772087949552,8.989643020308524e-05
3.290125622938038e-05,-5.896686459594775e-05,-5.824163994169355e-05,0.0004126491042302016
0.00013023929178443156,-0.0005350275644137976,-0.0008339077981869,0.0002753896253708061
0.0007500757658995007,-0.0008730290771545487,-0.0003415262113251072,-0.0006629640992893534
0.000359739381155322,-0.0004426707722629424,-0.00017452153540000134,0.00036817304149620053
0.0005439313789677245,-0.0014112320636654244,-0.00034363827214990315,0.00011487194862076902
0.0004583121005212204,-0.0003641465368181569,-0.000496761156645236,0.00025152323615744996
-0.00019837395101404636,-0.0005692830658999683,-0.0002162463054045333,0.0005763288003738268
2.9981817735041684e-05,-0.0003094509464903822,-0.00016592125029685816,0.00033616999846448285
-3.570850233121347e-05,-0.0004189314542977586,-0.00020360107394506297,0.00044199349418338617
-1.0046182651549096e-05,-0.0004581057499002387,-0.0010838545637241524,0.0004455421880766834
0.000419922771350427,0.00017183487733783486,-0.0004269058881818216,7.874109836029404e-05
-0.00039368418672132476,-0.0008300465312498565,-0.0003960995751454779,0.00029826550250816337
-0.0002929178404687385,0.0003297001352506369,-0.000770724455843946,0.0006294228076127202
0.00041270040555661916,-9.76309054924154e-05,-0.0006110196767464032,0.0001466171009511365
-0.0007925080955165917,-0.0008523171395365737,-0.0005686934717211504,-1.0393708719388765e-05
0.0004855286130619054,-0.0008281316865294368,-0.0004345390226595003,-0.00023813806629161772
-7.95939826163077e-06,-0.0004847360317957092,-0.0009012273729624258,0.0005587473289643018
8.134631244560725e-05,-0.0007015540401742888,-0.000831875979668589,8.553520644760768e-05
-2.916811767641087e-06,-0.0004108944317751037,0.00028364694208674686,0.00015340031063761105
0.00019633719590225878,5.9985066264959885e-05,0.00027697731649711506,-0.0007109488122611766
-0.00039177934686345227,-0.0008086615668999818,-0.0008673141605166876,-0.0002959001062728192
-2.8212307575133176e-05,-0.0014431291938917165,-0.00011239620890075773,-0.000907555680741213
1.4780715818250829e-05,-0.0010371966350932167,-3.8942655275682545e-05,-7.083990256051456e-05
0.0002353936528808597,-0.0007453136971267922,0.00014361874674899023,0.0005609968300732901
0.0003626958481542827,-0.0008619624162872854,-0.0009188043706768408,-0.0008756731310168211
4.8523989848607834e-05,-0.0009953834318554536,-0.0010275186103527955,-0.0007147878911680775
7.924339070269212e-05,-0.00048028915641349745,-0.0004449138622458227,-0.00024307041796481945
-0.0002449513502778863,-8.778171313183808e-05,5.5174116350125265e-05,0.00012107013582570271
0.000666516710433188,-0.0001596737344714071,-0.00042755161896006774,-0.0004080598711158472
3.2805021151199555e-05,-0.0003954090768002955,-0.00030301815777940234,-0.0006025143886951028
-0.0001909484083394582,-0.0011991145070467386,0.00029225227410630233,3.335611081014644e-05
0.0001145303225351167,5.9956576687736633e-05,-0.0009069529750154742,0.0007492597417135296
0.00015542109741195834,-0.0009439916353578472,-0.0004424637756879664,-0.0005690427756142967
0.00015084990572261533,-0.000801380305711787,-0.00023434197445720113,0.00027144935436451516
0.00029181249977741955,-0.0005967270407973163,0.00045102767814703907,0.0005186114859490748
9.07188401741703e-05,-0.00061064010411287,-0.0006604692669467674,-3.77946444512354e-05
-0.0004567928999923732,7.180875917566224e-05,0.00026926932314787514,0.0003611586795075816
0.0004945157028338513,-0.000167435523719709,-0.0010666764789322898,-0.0009318105387517942
-2.9209289642013808e-05,-0.0004883578737658221,-0.0004818216589615972,-0.0006588096485783074
0.00020890271922562688,-0.0002640414398728695,-0.0004417156601962874,-0.00011342777917374379
-0.00020364389775982843,-0.0007934968464733222,-0.0017683989077875747,0.00027533502392531104
-0.00021450431460937744,-0.0009882481900598899,-0.0006844184828156309,-0.0008103982140843591
-0.00020017706227572657,-0.001390144906940636,-0.00031688326822229605,-0.0006627663626934386
-0.0005346387472818458,-0.0006713218541175979,-0.000495752712124898,-0.0004080360265805064
0.000460680702630069,-0.0005200166633384276,-0.0004003771866416285,0.00019844290237566015
-0.00032701440901650506,-0.0007706122974336097,0.00032009761368222096,-5.0614548222644256e-05
0.00037351413461395716,-0.0003542823972694734,0.000146325526597114,0.0003196051113333322
-0.00028636520283512333,-0.0010837061368516145,-3.900069131390152e-05,-0.00018086972878525505
0.0007533347420818311,-0.0004670338331245626,-0.0002776041909032129,4.2800209930683416e-05
-0.00018000240657000855,-0.0013908363069943413,-0.0002802468856097823,-0.00047880903660330363
8.015808970596183e-05,-0.0004364044045910423,0.0001895003415968146,0.000369905065995056
-8.11421920066091e-05,-0.000531478645568917,0.00012731532752953997,0.00032555550411171054
0.0001742196578914836,-0.000549270169349135,0.00019885723930855283,-0.00012721477723074301
-2.616989847351747e-05,-0.0008363453540270482,-0.0008441168946349764,-0.00035617574203945893
0.00034191664701155143,-0.0009535938670700245,-7.551346997512631e-05,0.0005676980428958413
0.00016760464863063197,-0.001389059589972996,0.00015180088778047208,-0.000313316698914803
0.0003773691594854443,-0.0009148653872383187,0.00015689657156937946,-0.0004974682903053913
0.00018629103970814698,-0.00032052969591121294,0.0003905376219829397,-0.0006229837195080028
0.0001254386639090915,-0.0004288353929270607,0.0001915379660624587,0.0002210847066979723
-5.635115541326115e-05,-0.0010808121483101717,-0.0011513180285491064,0.00016970951442493558
0.00031174564371305914,-0.0005572122219502924,-0.00019653943562859832,0.0008250511636498769
-0.0006019049912991696,-0.0014056777331767222,-0.0004867815594985338,-0.00010920765803275985
0.00044077061925390314,-1.4244683414376693e-05,8.425684524012792e-05,0.0005134700618523235
-0.00019522224386484558,-0.0013148382013760142,-0.0003988242592170032,-0.00046686927839619723
0.0008163371979467496,-0.0003506486637694078,0.0001408673834370386,0.0005582970694379179
5.133989312321299e-05,-0.0003612968574698622,-0.0010329739881208395,-2.3834219617797177e-05
-2.4231202659005963e-05,-0.000617095968424797,-0.0004840199946278698,-0.00011113586519516632
0.0002734810395257781,-0.0006737192473343691,-7.84253794555879e-05,-0.00026416806178834257
7.450979032941425e-05,-0.00035965868583435784,-5.913838449317879e-05,0.0004315666681248744
-0.0003136080364541401,-0.0014105085468876601,0.0004635698859088993,-0.00028511005567057545
-0.0009196845368914462,-0.0010340824825123781,-0.0003729047014988892,0.0003301881835148199
0.00022990221438468097,-0.0006568902207785394,0.00014689487251656763,-9.279281198279539e-05
-0.00026092750448134135,-0.0010176488497443887,-0.00015243147758942728,-0.00012131680272104217
-0.00023147674809602042,-0.0006077975039075411,-0.0014648724780277574,0.00025350956650592807
0.0001009085778711984,-0.00048356056023558986,0.0001964342434483817,0.000588886654211834
9.214776824867946e-05,-0.0003347927142236103,-0.0005424105181580754,0.0002429482801726701
0.000598424583071555,-0.0007153691682139058,0.0004086991944749523,-0.0002175653039474426
-0.00039909834433729345,-0.0008763593113549074,-0.00014786711149426384,-6.121705412044938e-05
1.2042554903859581e-05,-0.00042347360894197427,-0.00048627331374490225,0.0005478511558507178
0.00032606969073318594,-0.0011738352577595002,0.00016765134091659871,-0.00029554868078912085
-0.0007554607846642739,-0.0006279984504710837,-0.00032471733960795263,-0.00020196327821394309
-0.00031749929831948983,-0.0009011270979489194,0.00041575230825284775,0.0003405714910276357
-0.000604014941371743,-0.0009928885103552417,0.0003599435766627625,-0.0002983716639634333
0.00012717045664253207,-2.946466970028816e-06,0.00022260903321309002,0.0005037767133229598
0.0007627545245013185,-0.0009701551686292125,-0.0002603469691449315,0.0001595785186485042
0.0001635507230039952,-0.0008445371617380032,0.0006227001502157754,-0.0003931374246749134
0.00018922404363045547,-0.001453036282738274,0.0003317496859592394,-0.0006656901870120502
1.3959299787122826e-05,-0.0009357537356486223,0.00043603511451597963,0.0008144372000257904
-0.0002054177495087011,-0.0013861343173792837,0.00013100191061237278,0.00020741433410926188
6.123070371716343e-05,-0.0011849795454071362,-0.0006250316626364516,-0.000706817549775528
0.00036128473495625196,0.00028221019629452975,-0.00039751335056240625,0.0005563698194022733
0.00048018304832377144,-0.0006831097796614888,-8.274193476386471e-06,-1.1038583798933836e-05
-8.004079106280868e-05,-0.0012427604989805941,-0.0003748100274921385,-0.00013082763227397138
-0.00036841586673728955,-0.0018609792875289354,0.00028137359003681673,-0.0008321787428793165
-5.0440225408531126e-05,-0.0011217322823770422,-0.00012467001715274354,-0.00021655704151720735
-4.642409643280875e-05,-0.0011425420384505228,-0.00013146261592274339,-0.0005169949277382747
0.00038933957759423356,-0.0009985650002905337,-0.0003393048104036992,-5.06382311701106e-05
-0.0002945308110614662,-0.0009362134795394934,-0.00048091991769677275,3.596210860659727e-05
0.00015012500823663,-0.00043693135084964913,-0.0003997692779711072,0.000533323569317539
0.00024700842731315833,-0.0011055272674133614,5.5785470702411214e-05,0.00023661423631094944
0.00041016921041002084,-0.0002170842049457429,-0.0008015886530220743,-6.985441907434266e-05
0.0005436747160244845,-0.0008467220133008586,0.00011038173114826151,0.000375445260565255
0.0003485553024975166,-0.00043498407784184996,-7.375234200973818e-05,0.0006890614131607122
0.00030474772464812207,-0.0005378350286493388,0.0002736602306346928,0.00016283133518434176
0.00038981756148484634,4.0900679058073286e-05,0.000211531914248803,0.00023722030112149732
0.0003339148698769362,-0.00045046924406674425,-0.0006808366799076379,-9.410205855512317e-05
-0.00040771233562303876,-0.0006434374024810277,-0.0008418026257333948,-0.0001947839504698154
-0.00022585762145806704,-0.0014008612986267175,-0.0006500598888972487,-0.0007269648404356657
0.00014840366811538842,-0.0008483138108212062,7.757919217636272e-05,-0.00027071687404932055
0.0001691913089527381,-0.0011129239392056866,-0.0013306469909052088,-0.0004947686335674399
0.0003778303833585024,2.4751688694479748e-05,-0.0005857524751845618,0.0004811763040525373
0.0004840268018355533,-0.001024732409820055,-0.00017861046434318662,-0.00016718557774742765
0.0006755918985522731,-0.0010860906835232218,-0.00010804501185439464,-0.00023116886637522172
0.00016409670602005638,-0.00011488273073968416,-0.0008582308167616736,-0.00047421632367553555
-0.0001201454149790444,-0.0008288984325170095,0.0006809999004513885,5.9779957069275e-05
0.000568630544975434,-8.772134215303012e-05,-0.00047157603808499097,0.0008074602177039683
0.0001134445083918458,0.000261961720701736,0.00011419322440110681,7.564177380537946e-05
-0.00044957703430981036,-0.0001859032797901293,0.00014158221987325723,-0.00023493618519709506
0.0009531325571467576,-0.0005118173708720968,-0.0002784804656740205,0.00015118230646007046
-0.00024062649977016126,-0.0009833656929343763,0.0004963032649560541,0.00018683248528733552
-2.378903544947197e-05,-0.0015380845515795551,-0.0002511633977094305,-0.0009337837879810034
-9.017756928302262e-06,-0.00043056838553826113,0.0001593499469465546,-0.00038559392055038163
-0.00038570906169583976,-0.0007264817800466951,-0.0012988764931524328,-0.0005723977769317251
0.0003748075667896722,-0.000574634000314587,0.0002179383794288742,-6.574377100096733e-05
0.00017842078137600057,-0.0005681399295222335,-0.0010145574148766629,-0.0001183912796014599
0.0006180530157843575,-0.0004933804551955486,-0.0003019746358801008,-0.00016422142066779534
0.0002682994795404756,0.0004357548511483494,-0.0005724017095024592,0.00021171713017404745
0.00041198865697581177,-0.0008757862033915863,0.00017462365109264591,1.7321208799992425e-05
-0.00020061375140675934,-0.0013407192472947847,-0.00044522813459242747,1.354597565503598e-05
0.00012206925025080922,-0.0003896162608240941,-0.0006670737437090417,0.0005441060611659099
0.0005630539234111839,-9.805716445386809e-05,-7.226593420113571e-05,-0.00019934539678603526
0.0002345507439249338,-0.00019552773537434635,-0.0012152261592451713,0.00046658134947151145
-2.320416018864531e-05,-7.739642765965534e-05,9.940549425505282e-05,6.70135689711571e-05
0.0012619612874339402,-4.859028124008872e-05,-4.089899594525064e-05,0.0009845458247123152
-6.449719945687138e-06,-0.0004342999026413543,-0.0007886265438033107,0.00016424562440470932
9.785752339189647e-05,-0.0007911981807979723,-0.00043253265604531184,-8.341452776273607e-05
-0.00014583914112645323,-0.001092426972360794,-0.00039503336460505343,-0.0004885666780796384
0.00014052279656532208,-0.000594419549068196,-0.0005077689370844478,0.00021397741058054468
0.0005483490423620287,-0.0007085444370014125,-0.0005443687772907259,-0.0004433634234563737
-0.00039963626876888294,-0.0007432787224007809,-0.000564749711172495,0.00044156755363938973
0.00017127093744455488,-0.00029129268652004704,-0.0002620415891866143,0.0006806067042705704
-0.0006652361783174505,-0.0012330210483819026,-0.0003514750304175211,-0.0001535497408698055
0.0006718688539098702,0.00044115509921199446,-0.0011209602522611023,0.00039782275335384956
-0.0004305322936090001,-5.295137704223622e-05,-0.0007223061366548699,0.0005757354440758112
0.000295628857241228,-0.0004419764514008622,-0.0005749676604556626,0.00030288012450261866
0.000809970272866878,-0.0003784560927352064,-0.00026211079659418316,-4.519221515425376e-05
0.00019406950890318782,-0.00019927224300557574,0.00018635787484389734,0.0005523066260674318
-8.905099912910746e-05,-0.0003407731740296963,-0.00022156502358018304,0.0002369712215530862
0.0003634472145429428,-0.00029315234044895644,-0.0002171118597233422,7.062219618127121e-05
-0.0005255692358802041,-0.0005357886609710211,-0.0001566711144167441,0.0001609954428319465
-2.4027678509067215e-05,-0.0006515950712936916,-0.0009276778813814357,-0.0004997146463646266
-0.0002982776121249586,-0.0009338333793279531,-8.852839581158071e-06,8.315593655641436e-05
-8.030460096820712e-05,-0.0007688992871542335,-0.0002968721938203609,-0.0001544680683675415
0.0003526439046449643,-0.0008137873093797595,0.00029257040685764233,0.00041616787151452895
0.0004139581605333237,-0.0002668286520051281,-0.00019344874558739088,0.0003531670376744582
0.00018702374258610974,-0.00043448779059102754,-0.0004154235702731965,0.0011751296575116667
0.0003448167042159853,-0.00044469521927096363,-0.0003516509081098699,0.00047264168385800044
0.0003145013094571822,-0.0005086292771970261,-0.00010287881269201422,0.0004518133935067822
0.00018229984734584163,-0.00012387440778335732,0.0004968694806314852,0.0003963485941780405
-0.00011401224746272425,-0.0010812352369165982,0.00017249968265569716,-0.00019064493650739335
0.0007807519696721508,-4.3966229155000414e-05,-0.00035284357196723105,6.709848905896561e-05
0.00011482122849978194,-0.0008535672584278537,-0.0009509914300932945,-0.0004466708184001159
0.0009579185566920649,-0.00024334194107970722,0.00021671096573373593,0.0007387957680934094
0.00021445196428407153,-0.00019235570648282679,-0.00043986125102813876,0.0003246553963948665
0.000216688009602793,-0.0004471879462025589,-0.0008156598335010135,-6.224161314031509e-06
9.284239155784533e-06,-0.0009750707968530306,-0.0002439213859679223,0.0004158413227046797
-0.0007749563350561194,-0.0009864241726180944,-0.0004707228517656289,-0.0006047493610279322
0.0001408081359905414,-0.00040890771495998647,0.0005577671957970793,-6.322706226774152e-05
0.0009852280108748827,-0.0004502247171267701,-8.430442886317553e-05,-0.0005433177984348373
-0.0001371364070647046,-0.0010922162302401622,-8.50589510218613e-05,-0.0005731489182819874
0.0001390647421419575,-0.0005260744897595513,2.597179931433503e-05,-0.00018203595020136072
0.0006293088725336426,-0.0005213416161358876,-0.0005645444414169977,0.0005098457271517215
0.00043301915325661517,-9.226455996477713e-05,-0.0012507536076924004,-0.0005195836640988685
-0.0003144585910942385,-0.0007942001238827215,-0.0010462208951064176,-0.00012549990900599715
-3.180286620337237e-05,-0.0006796675502058667,-0.00019396293097524448,-0.00016114795385141007
0.00023831567436206552,-0.0004951264905027691,-0.0002867715221852921,-3.3717341857975226e-05
2.5143464699690755e-05,-0.0008940629793802965,1.1362795677438622e-05,-3.6045314083722475e-05
0.0006526408799852436,-0.0006931346939698615,-0.0006442688115372352,0.0006532533519354529
-0.0001426791410248768,-0.0010950772093834605,1.4428156291575642e-05,-0.0004979777833353901
0.00032739372001886825,-0.000817084840226218,-0.0001411785718704509,0.0001798766298086675
7.896622694065412e-06,-0.00014949681388452327,-9.228238935040188e-05,-0.00021664359500544518
8.161232177502088e-05,-0.0004604043556053098,7.38960070738098e-05,0.0006258133482216191
-0.0004921676443037761,-0.0009792421101379135,0.0008332223948537088,-0.00015788751158627047
0.0002289692185140525,-0.0016556788117879587,-8.514292558867734e-05,-0.0004220620546809592
-0.00020820461927921317,-0.0011419030501453116,-0.0002928347984769377,-0.00014988617203618479
0.00011325700009757913,-0.0008954842948000513,0.00026942192658677025,0.000313767126842226
-0.0009368780267158818,-0.001191803620200312,-0.00141310285105938,-8.39591924913887e-05
0.0005685031356044167,-0.0001385554932828963,-0.000656618039361321,-1.7819946151520006e-05
0.0006573948143813707,-0.0009529474574455795,-1.770737524573921e-05,3.9686229744893505e-06
-0.00041607707028066307,-0.0009090037442500698,-0.0013641749803950508,0.0002474742569555842
0.0008846454717564112,0.0003802818009616987,-0.0005786431871297385,0.00046874350299744424
0.0001033051991548209,-0.0006139997023792551,-0.0010569090039447989,0.00038747301142025975
-0.0009971829067183123,-0.00026730113219109196,0.00030920874709377204,0.0005535844216796287
0.00010766381266235167,-0.0010395680300892786,0.0005848096208554462,1.1865559895415467e-05
0.0004493176399891817,-0.00035957109713313383,-0.0004687930715201968,0.0005198340464417871
-0.00010324938194634144,-0.0005410279782873326,-3.570210827654556e-05,0.0003628933686644955
0.00034279951021451655,-0.0004209287281715372,-0.00011476693070033286,0.00021713547524181107
-0.00024494726386948727,-0.00010149170407860298,-0.0004323135781432356,0.00041621656542008734
-0.0005167378210041775,-0.000669146941672723,-0.0012205552925421957,0.0002902426060717335
5.16159457497391e-05,0.0007325810647308374,-0.0008824559740299197,0.0005224020123360197
-6.104394916825481e-05,-0.0007420005453160837,-0.000435780876181135,0.00013053605550235846
-0.0003385793995856814,-0.0006484774355587943,0.00025218381131722115,0.00047342116092639766
0.00011178440150211333,-0.0004186277007335586,-0.0011990849441806909,0.000509391689911165
0.0004348445501653433,2.0451239649433976e-05,0.0003850267578611444,0.00034852407955368494
-0.00021760478495416304,-0.0006164191657989889,-0.0007176670573011384,-0.0001651618504950742
0.0003861338521416618,-7.741448383264378e-05,0.0009078156782622974,0.0007248627970255325
0.0002552559450126831,-0.0005976979355931427,0.00018868661934717842,0.00023805024739717714
0.0005155194168617264,-0.00041962986365230866,-0.0004111688753008068,0.0013061999956350385
0.0001080355906009305,-0.0005487797888034075,-0.00022124817819837064,0.00041432946246958635
0.0001855666597540434,-0.0009217939961692843,0.00022589477134020232,-0.00046527155031790356
0.0006616921889200047,-0.0010130666177277578,-0.00036840883522355875,-3.357580118650282e-05
0.0001923086375384349,-4.064927598674757e-05,-0.000667653160353039,0.00035065730576767104
-1.575560305633241e-05,-0.00047928235093620786,-0.0005753109803038531,0.0003030454233875212
0.0002060546109322694,-0.0014778869198138033,-0.0005271681146395206,-0.0005639444244506304
0.00018606887739712485,-0.0007428158124728409,0.00042636343796991996,-0.0006867367725596238
-0.00010989397323384027,-0.00021100859024270443,0.0003590003293953213,0.0005421925040119114
-0.000561244725676675,-0.0008019153559388878,0.0002772307790234725,0.0003268462846924157
0.0006010292183567665,-0.0004226339443765894,-0.00017214556513081239,0.0001670981373345516
0.00031743570904058024,-0.00011796701644565063,0.00023167382942060498,0.00016273797734139484
-0.0004916518855884238,-0.000616825812569471,-5.363092921053313e-05,-0.0005854240820389175
-0.00019515340603562444,-0.000430117847706378,-0.0012594067341535147,-5.327704513136238e-05
-0.0002561261430098844,-0.0002130199685226706,-0.0003789822449295239,0.000515926781855316
0.0003518706982368296,-0.0010805997552337703,0.00035336773963310573,-0.00020683048809462637
0.00016305575883101214,-0.0002799246694713538,-0.00028936044932949994,0.000324930992096885
0.00010564852545679326,-0.0005422051971600163,-4.857711466034889e-05,0.00011927265064352015
-0.00018310979764505578,-0.0010936231133646286,-5.18387987259658e-06,-0.00017942858681038105
0.00020627658246081453,-0.0005398154647209139,-0.0007486763035522001,0.000491819290190115
6.345119012263484e-05,-7.357358295888698e-05,-0.00014738216639379538,-0.0003410551140446863
0.00016167787478016624,-0.00019619744599929287,-0.0005234199047794318,0.0005431596873985004
0.0004917289768992151,-0.0010703476878010964,-0.00034841254074874026,-0.0009620240550270852
0.0007885550175187053,-0.0009028178414632626,-0.0002999285650600057,-0.0009504511607842566
-3.900982372836013e-05,-0.0005392472116644253,-0.0005063740921880791,-9.413361852644248e-05
0.0002571472056210822,-0.0014170365360620318,-0.0011031473603801312,-0.0005818388758856968
-0.00024776477462726303,-0.0008470409403843356,-0.0002746170604716753,1.3184843199030198e-05
0.0002035680076401897,-0.00034425404275391933,0.0003980862778453341,0.0004286478371578601
0.00016106815689666083,-0.00033768628800770863,0.0002567642672202649,0.0001562928862756217
0.0003932588322676443,-0.0013858939963065516,-0.00028056092199971465,-0.0009605884583649392
-0.0003332048370625917,-0.0005665808974623086,0.00015535447423406198,-0.0004675600928406013
0.0006673458065438254,0.0008144911901418522,-0.00010370864004915183,0.0005060887589192997
1.4817826615957897e-05,-0.00036091176333228735,-0.00018122620528032035,0.0004544236500756372
0.00046880626541065775,-0.0006216344435744538,-0.00014158700976284942,0.0006327081642468921
0.0002349665312413053,5.2055101883535803e-05,4.795896625939116e-05,0.00097648736480013
0.0004882838413057663,-0.0008233410791225655,-7.88469543331812e-05,0.000867798257561587
-7.631324489069491e-05,-0.0003836870766450399,-0.00039524046338945955,0.0006383326663755208
0.0007550521171620438,-0.0002668094238717623,-0.0003509022128328067,0.00012346204445834382
0.000190390640565497,-0.0007574354170373509,-0.00048592747286861854,0.00010107172136520953
0.00020754259589372457,-0.0008815784978335837,-0.00048508346547154746,0.00030459200826428136
-0.00040964046018026007,-0.001185519073977852,-0.00037508675550134514,-0.00024745249772608106
-0.00030298533553771965,-0.0006305733057146769,0.00030972040916095667,0.0001289131965149941
-0.00041586423356836094,-0.0004074386578691844,-0.00022159682426896527,4.2709167672820385e-05
-0.0002799290196299095,-0.0004144873615682413,-0.0008626528579144723,0.000311489455557291
0.0001399682195247089,-0.00041214849055618285,-0.0004875703617501849,-0.00017027938378362826
-0.00015579351725424973,-0.0011867180002245446,-0.00019786104606619873,0.00021109754596223355
-0.0003867834478666563,-0.0006411309453449101,-0.0006500350925656785,-0.0005888343416976393
0.0005921167448007642,-0.0004632251794778841,-0.0004777404219556917,-0.0002429608225705381
0.00017730140019726065,-0.0004423302212696555,0.00012725877074366073,0.0011433527977646714
-0.0003756623743321997,-0.00098272904744893,-0.0002621866934437497,0.0001740884086717564
5.6887086832594974e-05,-0.0008414179311297069,0.0001450100449448533,0.0005461629204078057
-0.0005739011163611115,-0.00036871593859922925,0.0005008202640457036,-0.00012745694559132488
-0.0007357192988808954,-0.0009567405678355918,-0.00016796737191471494,0.00034255143469099855
-1.5005608951365091e-05,-0.0009278044539198964,0.0002663199557646529,-0.0003931625555585286
0.0008731059713370913,0.000336106374933229,-0.0004981863580050081,0.0011403626041909924
-0.00030530213845423736,-0.0007576525301300827,-0.00026900291276706393,3.522791893446157e-05
5.077598993700501e-05,-0.00018759065717195893,0.0002707381085901396,0.00012179446757841484
0.0004242479274979576,-0.0007554121923184001,-0.0007126896255967737,0.0004876295932414645
0.00014817966299597346,-0.0006286286307270614,-0.0004184948830956674,-1.7176854939770535e-05
0.00041320386823919024,-0.0005252955437211678,-0.00025331602615219213,-9.676839163990529e-05
9.720063349948581e-05,6.127951974440637e-05,-0.00013304174054464107,0.0007169671337110107
6.257545339062514e-05,-0.0011595196587052255,-0.0003736357676767589,0.0006166581408953156
0.0006983426096183542,-9.416833528993175e-05,-0.0008129667557024964,3.222638326973192e-05
-4.5689460682816075e-05,-0.0007786842161979868,-0.0003865502525932108,-8.88743965559772e-05
0.000999415545532904,-0.0002073937939537131,1.9271465164957618e-05,0.00029683318428566115
-2.941582202133314e-05,-0.0006171595687882916,0.00014307052936197943,-0.0003882931879508244
-0.00010802521826789135,-0.0006375482367435622,-1.6443849625774674e-05,-0.0005192072830459606
-0.00038581467607611073,-0.0008762434783980083,0.0003170233189894502,-0.00031890830233271005
0.00028410998240591774,-0.0007142127339410513,0.0010214013743782505,8.452052901807537e-05
-1.652257928530824e-05,-0.0005406550168559523,0.00035300893107651936,-0.0010435617617437058
0.00025454945529573326,-0.00032912015483175215,0.0001910080777749744,0.00020749106232840106
0.00040971099861526554,0.00022090485464461754,-0.0005339656463843247,0.0004606932945254283
4.565856663052664e-05,-0.001108906078606983,-0.0003859184124166619,-0.0008755323227959597
0.00014373290884464753,-0.00078433004411687,-0.0003966104234814026,6.899121655303472e-05
0.00042901127008521166,1.352262398492338e-05,-0.0007452170226174204,0.0010359619632634644
0.0003368287285239426,-0.00051715594435571,3.412902837088439e-05,0.00027562234689539533
0.00035296082992156163,-0.0007292106123109874,-0.0005345220597905002,0.0003884642195483137
-0.00023647415244972618,-0.0008700503866263696,-0.00034131143750290046,3.6413637703646344e-05
0.00017719055090020775,-0.0011001997466089598,-0.0004524258749647979,-0.0006067178190478637
0.00033241450358108753,-0.0005077433663925736,0.0002493250556377967,-5.4054350648825346e-05
-0.0003378258613404638,-0.0007842328117654597,0.0005291788529817578,6.445323726288074e-05
0.0004481312357029362,-0.0008182599932284695,-0.000351800332291289,0.0006508043033011427
0.00013897538252685102,-0.00040599877531749117,-0.0006009442091018048,0.0005996798794626768
0.00015801000390623182,-0.000722935256895016,-0.0007321133464400896,-0.0005076339768373451
4.70653525174266e-05,-0.00026478703416271633,0.00017134319071672157,0.0003462874624372947
0.00014634623028485428,-0.0002601070926518288,0.0007072755805808306,0.00022606345917285835
-0.000275840134437995,-0.0007746698529617867,3.903720547818396e-05,-0.0004617756632061599
3.06462372192674e-05,-0.00035458603061608947,-0.00022499221589531706,0.00047610709316325914
-4.007570469640083e-05,-0.0010342239659032145,-0.0014244932917038165,-0.00082111972822627
0.00018064852242480236,-0.0002790659792354615,0.0004153444580813582,0.0004505241393460283
-0.00022158452335561388,-0.0011529147980423294,-0.00011023070112164964,-0.0003285990112850875
-0.0002681917775564139,-0.0004199370994360446,-0.00032571457106352444,0.0003833010324115786
7.545193858426747e-05,0.00023459273558645426,-0.0009372370275861324,9.180707177937147e-05
-0.00043134625448817195,-0.0010855816178257122,-0.00029956184160438286,0.00017303417506900313
-0.0002792439661918699,-0.00042359244346810906,0.00033328448610153233,0.00014464663717455862
0.0002393593203889418,-0.0007057775923234395,-0.0003552545797247884,0.00010456747022433805
0.00017536118366604872,-0.0011316232389480222,-0.00046535507068008795,-0.0007518686356153703
3.118869698612623e-05,-0.0013651591594900504,-0.0009098371212752597,-0.0004581725408790149
0.0002959424690761113,-0.000236333214068834,0.00047713700650794976,0.00018162694107419353
0.00032105276414171296,0.00013603163127248253,-5.04283779971751e-06,0.0007601853403888385
-0.0002076821655692019,-0.0010393875124818487,-0.0011360160192340635,-0.0002440597390966375
0.0005118072433485965,0.00021754839509225706,-0.00022584557546941836,0.00038119838654517143
-0.0001699448690742941,-0.001426649081141997,-0.00028215720301821184,0.00034429871486115794
0.0003079295517017483,-0.00021333663340446723,0.00023139397641116805,5.721607477504221e-05
-0.0004400049217381904,-0.0004245631852903352,-0.00021524406602698638,0.000633942153291841
0.0001755791766200678,-0.00046209124721939126,-0.0010967320989579217,0.0009566961444894197
-6.326234391099062e-05,-0.0009111176995720738,-0.001357841495317964,-6.8095602083848e-05
0.0007335765196202816,-0.0006324100673846927,-2.8896080717764703e-05,8.069476391232432e-05
-0.000266075844977133,-0.0010650713776663913,-0.0007471093944716259,-0.0006216466961362438
3.524741801754974e-05,-0.000504362838924715,-0.0002438907072049653,0.000785054149064837
0.0004946627231007739,-0.0006061089276633115,-0.0002863933473819825,-0.0001631896619131743
0.00015734830349202014,7.927109018990584e-05,-0.0006964364050197246,0.0005833210024166441
0.0005228772244662502,-0.0008355836658594573,-0.0003289633473646993,-0.0001342890070260147
0.0007670459571094818,-0.00041502328075557513,-0.001129681734185175,-7.97510420339825e-05
0.0006633260410428445,-0.0007202685601871107,-0.0003959287478601044,-0.0008476716729646776
0.00017939153508071128,-0.0006487945908752807,3.094186330615291e-05,0.0007655549567224998
0.0002596939479718629,-0.0008444459961337233,-0.0012865097547101985,-0.0005385093531525226
0.0006494320212979134,-0.0004018447963533439,-0.0006506730890000891,-0.00013308246985192557
-0.00036226859909530544,-0.000734428240826108,-0.0007375295081335116,0.0001637581901315419
0.0005309803596284799,-8.426215484989266e-05,7.449908013421699e-05,0.0006980958781368149
0.00013820207268767332,-0.0010823598962643912,-0.0011194124571640147,-0.00028534026621921207
0.0003516141767306753,-0.0008157653465242043,0.000179891028544364,0.0005789418869163385
0.0006014784971221403,-0.0014980606779316698,-0.001163978759953149,0.00011019187242845941
0.00071244876451361,-0.00032831635994950504,-0.00019823699097271778,0.0007067453773767776
3.32184545987625e-05,-0.0008033413130006765,-0.0011497895922373354,-0.000201570399373872
9.26718699782853e-05,-0.0007617129546760978,-0.0004355839794781324,-7.905333416836062e-05
-0.00028548714486978214,-0.0005575433963647296,-0.0010692666636879591,-0.00013648623172971865
0.0008374225901209946,-0.00033129622184104143,0.00017495677370261755,0.0012422031576943724
0.000454011845627117,-0.0011624893586288307,5.03920362856056e-05,6.334496343427695e-05
-0.0006173032184581153,-0.0009667564835728106,-0.0001990531918582143,-0.00043108784087471006
0.0004714913442356562,-0.00048616512826278054,-0.0002191998699821348,0.0004828064102058994
0.0006537141297879403,-0.0007797865283098787,-0.0008929882556572928,-0.0003152130940402367
-0.000851126664006285,-0.0013077008617778394,-0.0002189252085253877,-0.00029182297403709996
-0.0009687144856802967,-0.0010730740855701948,-0.0012035504496643523,-6.587912127814619e-05
0.00011709879123858946,-0.0003247802904728023,0.0001679148890127595,-0.00011676932531653506
0.0003888157203112262,-0.0008191448968150807,-0.0004284517158979487,0.0003757409336454291
-0.0004233184870610394,-0.00039673763908919474,-0.0003262336364083785,0.0006261983178390443
0.0004154225747409808,-4.522156689727166e-05,0.0005290038018616448,0.00016677424185936702
-7.160268141165298e-05,-0.001217311050654953,0.0005969345846612062,-9.392462837911838e-05
-1.8663157348453773e-05,-0.0007606275623676611,-0.0007057721286841524,-0.00025459043686271523
0.0004272260696769234,-0.0003685880453713817,-7.269849718861904e-06,0.0006274903447352232
-0.0005985151447899841,-0.0008973357672461171,-0.0003096387521019907,9.35357734655233e-05
6.810084741921634e-05,-0.0005631219852440763,-0.0007979169735884458,-3.586651776543403e-05
-4.8704808357054416e-05,-0.0004305643070461265,-0.00027827240429809726,0.00025112358022477167
-0.0005485069391199368,-0.0006720367726189207,-0.0015936212310025647,0.00016499236058315877
-0.00029836277906165724,-0.0009530196879454231,0.00019797123091935565,-0.00020453336878054277
-0.0002698236355408527,-5.453130667935174e-05,0.0005987958792555204,0.0007973405620152565
0.00011028788592876509,-0.0005563656078487047,-0.0002672616051104165,0.00034691887334142575
0.0005738850327044509,-0.00046247460375154436,-0.00037774006485992375,0.0004923742046652991
-0.00020256336497529739,-0.0011301372781134563,-0.0003944248581199965,-0.0008636497231583882
-3.526770710260299e-05,-0.0012108977886896967,0.00010115209442883823,-0.00017044073436542443
-0.00043412507758582003,-0.0008128474956107899,-0.0007500372705357095,-0.00023400273194554467
-3.2068880457230132e-06,-0.00033741148366394177,-0.0006512146975107726,-5.3918675509945365e-05
0.0002142713662058267,-0.0004749559837597733,-0.00022876929176278367,-0.00014258223785418417
0.0003608606887668896,-0.0003126931344801661,2.989114932969104e-05,0.0004542246584992893
-0.0001129607366533277,-0.0007478361622460888,-0.00041415645079069356,0.00030361691893431237
-9.87166363106918e-05,-0.0009040299623780433,-0.00030852183103937265,-0.00014255423154628177
0.0001808162503250442,-0.0009389119807989119,-0.0007861913909701103,-3.215941638609566e-05
-0.00021913154824402208,-0.0007403283429249143,-7.368935782851273e-05,-0.0004820221999672795
6.0598986091517446e-05,-0.0002426660058943211,-0.0010984886870526577,-9.332356290114063e-05
-0.0004648144963703357,-0.0006094178546416688,-0.0012314452910779645,0.00034600144296956383
7.300529324710104e-05,-0.0006870781562702921,0.0003925753619873078,0.0005760232954253974
0.000571922108648842,-3.785347210688599e-05,-0.0005990229484269749,0.0003240974403109988
0.00039322546364265766,-0.001045188470184816,-0.00010994703871320511,-0.00023667885577123522
0.00046590116666664404,-0.0009371146411191419,0.0002058059208884574,0.0002884265089382662
0.00018585410999961402,-0.00034402128629559413,-0.0006643105353805873,3.0732963809747185e-05
-0.0006159311270278992,-0.0011814571375058942,-0.0008255449881435623,0.00011395062646259705
0.000367559852466375,-0.0008283837956126796,-0.00022195200679925713,-0.00024945264368240864
-5.146765714321845e-05,-0.000644940953445292,-0.0007512504134171809,-8.665391154276302e-05
-0.0011812947259896888,-0.0004255404837722251,0.00012828695309689828,0.000882779039423274
-0.00015358029181370222,-0.0006732525281142905,-0.0005000184778216116,0.0004969360277659936
7.999591494307589e-05,-0.0006258854764840532,0.00016498257902673193,6.466080671009287e-05
0.00048274200387709974,7.34851251649252e-05,-0.0014639333378579315,0.0003639260582753348
0.000343940259617617,-0.0006047807515434854,0.0001690481271482275,0.0001098424704037295
-0.0002762524240618506,-0.0011861962278093656,-5.537291042481262e-05,-0.0007068199414252271
-0.00021549678800706224,-0.0008866812228232462,0.0008070054753256472,0.0001871720988997101
0.000186457746073595,-0.0010014330543544137,-0.00039852077093255236,0.000326583227165659
3.568059189964964e-05,-0.00025927583293102477,-0.00031435512825048325,-9.698982495837062e-06
0.00014787695408612403,-0.00030960739725925353,-0.0005847263697239006,-0.0002317108899481886
-0.0001654619161344874,-0.0002944826565093357,-0.00014315164604276925,4.408486319264497e-05
0.00023677409684305124,-0.0007261628677447924,2.6886144352012636e-05,0.0009102767823409848
0.0005759166936716794,-0.0007061271350310049,-0.0007268104839779238,-0.0004483815266137336
0.0001731171833154523,-0.0007313948790038309,0.0002721656215700914,-9.748546148834284e-05
-0.00019587037132599348,-0.0012701449100422648,0.000261988982882417,0.00033965425300156365
0.00039042736395691907,-0.0006914171272642186,-1.4348742542984418e-05,2.1892296438990054e-05
0.0004943152484443812,-0.00015879982440701896,-0.0003931217865924468,0.0006443293398074407
5.8247909047549136e-05,-0.0008111048550280915,-0.00019411095805361327,0.00039332583580818376
0.0005175986823415577,-0.000580601022899325,-1.4021046557905379e-05,-0.00021996924927998365
-0.00016264090818866476,-0.0008512890281163824,-0.00010510567050506228,0.000257461173859125
0.0006210877852161418,-0.000542823685687981,0.00030049087655740933,-0.0010810420489861228
-6.946028926847842e-05,-0.0014982843041944417,0.0002758850888970004,-0.00021063025706299205
0.0003861429762513386,0.00013202481623144784,-0.0003904821490847295,-0.0005729293068843214
-0.00016233085685253624,-0.0014991557472061306,-0.00041612234312832344,-0.0008922674834531363
6.940855681989406e-05,-0.0006458826966788519,-0.0006666693771981212,0.0002380859616173977
-0.0005474033506221,-0.0001738843526975071,-0.0008529913699497855,0.0005080915368984741
-5.460302772086978e-05,-0.0013828094181618745,0.0005169252642235219,0.0002770996982435766
9.204732626323891e-05,-0.0008615100010662975,0.00013174341486598827,-0.00020779752688066162
0.0010529529651510138,-5.2222628228770453e-05,-0.00017642129699375358,0.0002753100641858711
0.0002556544038212495,-0.00040684671007801254,-0.0002080268994539124,-0.00011447374897873475
4.563281033842645e-06,-0.0010704743712227158,-0.0005218670875891368,0.00013727544960576285
0.0008702119693537928,-0.0002199434546417869,8.492731700356765e-05,-0.00032817689582999125
0.0009263906548736419,-0.00036643877573081147,0.0001318672531301343,6.33504674887092e-05
0.0005615337207579261,-0.0002084306129308582,0.00011442706374773991,-0.00030349924128759455
-3.2113578653616596e-05,-0.0007827059447249135,0.0004580010537933205,-7.35007232387673e-05
4.9481330079572544e-05,-0.0004458429153520946,-0.0003984849042474274,0.0006828390737005434
-0.0006167331123752263,-0.001865710434699882,0.0005282269022034603,-0.0005042928443706013
0.00019021347403066425,-0.0005592651547707482,0.00025592573853156625,0.0002636471115531466
0.00043490926674027557,-0.00014984355502104576,-6.665011570611694e-05,0.0003805297621729553
0.00025896508339654444,-0.0003663003845339011,-0.000815408027076869,0.00047341506465084287
-8.934152425054179e-05,-0.0005499528097983816,0.00019068971335145266,-7.170557220969004e-05
0.000624298488424054,-0.0007089427429414256,0.00019963404387871194,0.0001306988428684003
0.0006942169450569253,-0.00013234534902958453,0.000512249387951665,0.00014734606018674206
0.00010320050012789137,-0.000559241213573965,-4.349868620756955e-05,9.351582913714513e-05
-4.741116698750799e-05,-0.0011383947459904157,-0.0006873999755317501,0.00019606204699652358
0.000825236922397956,-0.0005276141357826059,-5.165241259535946e-05,0.0002956974768606453
0.0004292646816005086,-0.0007985063726645382,-0.0009243916080916213,0.00048470388297703796
7.887665727027631e-05,-0.0007321517954110535,-0.00019020006657103836,0.00030608651965231284
0.00013387921303160006,-0.0006744949746696971,-0.0009499968184369272,0.000619608171563318
0.00011116990548425319,-0.0005533263701715152,0.00020235343896071818,0.00024896009521813
0.00011545124725718398,-0.0011053043231637688,-0.0008159271654976884,4.5874611817421976e-05
0.0002348910260362077,-0.0008721302652554497,5.907835402918393e-05,0.0007461572852499992
0.0002236683005032016,-0.00023029543698850294,-0.0005257910165204905,0.0005669357137173581
4.9347055096535855e-05,-0.0009464609777355407,-0.0001740438661767012,-0.0001301564518880066
0.000202121805556248,-0.0008799559573092283,0.00010182414987653972,0.0003301395455081591
0.0004424227090265927,-0.0006543630531679195,-0.001148496484749685,-0.00041988980632554193
-0.00035495731400516473,-0.001099629743998049,0.00019210499438953083,0.0001650769885475646
0.0003059535377223141,-0.0008983736296436932,-0.00015470638843417898,-0.0006074554856751787
0.0001190551064821192,-0.0010834562544391954,-0.000694031280091632,0.0003712973474854069
0.0005728535726060956,0.00019724034707921362,-8.752352657450489e-05,0.0004821110805297878
7.218114445447458e-05,-0.0007263555731296817,-0.0010598545510119265,-0.00021302148943161208
0.0005612625742851113,-0.0006391980258905988,-0.0006698705271314359,-2.9367231411885617e-05
-0.0004706074601304682,-0.000519805595725548,-0.00030476250093196055,-0.00034561606282976654
-6.819959304984983e-05,-0.000667289063354078,-0.0002107203005178872,-0.0007277900808967007
0.00048737631823033366,-0.0005573337779771373,0.00028692868745679634,8.315178412999165e-05
0.0009383964581673252,-0.0005518253308809243,-0.0010111346137737511,0.00033126159338636247
-0.0008033521848515794,-0.00143839652974561,-0.00015720360119408423,-0.0001538798493735756
6.10412918700799e-05,-0.0014176090516271242,0.00021507728726882409,0.0002463621365261632
-0.000566587683042502,-0.0007943167049392233,-0.00046471197605483616,0.00044655502605177885
0.00033034313159980384,-0.00037916750454742264,0.00041916359070184606,-0.00043664426036356277
-0.0003540866434293392,-0.0010771337573364879,0.0004280139490513127,-0.0001367677294588521
0.0008981054931471409,-0.0004587454098997781,-0.0006528011846137551,-0.00019797055210170079
-0.00014071798392728232,-0.0007073809927037316,-0.0003141570283602474,-3.9384612885945284e-05
0.00016153374654210076,-0.0008133553320278404,0.00019746755892303386,0.0001131324360892532
9.70826957101785e-05,-0.0004677391360141908,-0.0004843985423093459,4.306649819968856e-05
-0.00011259120689117278,-0.0003133466389228512,-0.0014511300320239559,-0.00042058204354644343
0.00022223748079309478,-0.0006589803383081599,0.00015950739049617354,0.00038381714038792096
3.232928941855207e-05,-0.0005791555424741214,-0.00023327041047239286,6.222558131096453e-05
0.0005674730994012407,-0.00036645949616583983,-0.0004716161520432702,0.00028966427165893756
0.0005445655398338468,-0.0002218604939569901,-0.00010627844600486436,0.0006835580221207416
0.0005258374558127501,-0.0005812784917722657,0.0003475494576472048,-0.0005488266548580472
0.0002895057189179691,-0.000832685132601418,0.00011245850561534538,-0.000246143946322441
-0.0002862586849931469,-0.0011172405393788584,-0.0012310797969990756,0.0003572861712475856
-0.00029896232707383975,-0.0011576091671526225,-3.7164768187159397e-05,-0.0005010892530905919
-0.00022688885524911744,-0.0007095531308285179,-0.0005616987799502502,-0.0007179361506886939
-3.641631854603094e-05,-5.389845902794004e-05,-0.0004885044090250451,0.0007706892457556706
-0.00012326787026948065,-0.0009100556067215305,0.00020392290810944175,-9.332985050696988e-05
-0.00036737905008292233,-0.0009336467420412599,0.0005553301303181614,-0.0005413646458705783
-0.00014458577803693837,-0.0009381125628790551,-0.000597616130623896,-0.0005446333035952662
0.0002795909694631399,-0.0010324315847465553,-0.0003036214613762388,-4.758676849448291e-05
-1.1329677081866837e-05,-0.0002509977081212277,0.0007138134882999013,0.00015788104193253526
-0.00015599613352139244,3.7964170801699584e-05,-0.0009089446701747417,0.0009377038268795969
0.0005218838448158229,5.145322521694191e-05,7.535442153660897e-05,5.54252862684699e-05
-0.0006569267905893504,-0.0009627506942893547,-0.000578434500480762,-0.0006660733433052279
9.089050186841211e-05,-0.0003186285659752719,1.3727608189289869e-05,0.0007427068859979938
-0.00044058119267530735,-0.0010609605741604777,0.00028201665910374554,-0.00013093037430466172
0.0007759038970919694,-0.00031392066921494147,-5.491116197479614e-05,0.00027161040304817533
0.0001472540947973415,-0.0007279704253371349,-0.0004189209046876179,0.0004356527099154778
0.0004354705292060828,-0.0002557595245780266,0.00023998543534089784,0.0005494575318534834
9.354204312246863e-05,-0.0005245858724427804,-0.0004851970125870043,-0.00041026029941994204
0.000673339653479668,-0.0004954177289130672,0.00010771723908331357,-6.937596963560929e-05
0.0002585362486941041,-0.0005943133124016748,3.25180969919494e-05,0.0003700114047926937
0.00022706715551682632,-0.0010853866471767183,-0.00022839051292602026,0.0005756921861086512
0.0013784432601356717,-0.00013638145864439897,0.00011207837262346437,0.0004144888865459603
-0.0008621276642187521,-0.001338369371852088,0.00033633799002383486,-7.100008608050296e-05
0.0008675734788984137,-0.000672287739309359,0.000272425459747427,0.0005352685227270224
0.0008642341612068621,-0.00083501696489206,-9.131510170788475e-05,-0.0007633267130343423
-0.0005798820648170171,-0.0012396417005214428,-0.0005777287569630516,0.00015129862349705557
-9.626073193071198e-05,-0.0007383416374387163,-0.0009022447874459886,0.0005583350893312653
0.0007865984293156552,-0.0006429264448940592,-0.00021308259493663307,0.00010936025943977025
-0.0001328706078489083,-3.4151286418625856e-05,-1.6705378142824775e-05,0.0001275841810344718
0.000798986468430996,0.00018557782734019318,-0.00046742564012310745,0.000463711841120366
-3.648367055744857e-05,-0.0007123921340588168,0.00024037519853133357,-3.297829673838538e-05
0.0003103863258945878,-0.0006993607268776544,-0.00030273468386855145,-0.00022129222330002384
0.0009332051439877827,-0.000382176480257057,-0.00010722349264493168,-0.0002688590058379973
8.686913526515438e-05,-0.0003291081768382226,-6.9062917153365e-05,-2.4066485578061046e-05
-5.4554272723087555e-06,-0.0009221164523439985,0.00035687974057033276,0.0005473292205371003
-0.0003917532459634667,-0.0007329782291038498,-0.0009452508399309514,3.2746497832655255e-05
-0.00036824427243075183,-0.0006429300791999657,-7.627598259967897e-05,0.0002479720174938178
0.00020583509358012997,-0.00036868746742156546,-0.000548972725417478,0.0006312753834225387
-0.0006370120035549868,-0.00040422288104447206,-0.0001771827476607754,6.355084438323388e-05
-9.611043547375693e-05,-0.0006384433572739471,0.0004928913321800171,0.0003876781539470472
0.00010476175724436724,0.0003422010725426633,2.977562607118141e-05,0.0007337864666522834
0.0006064363094150256,-0.00019910574475422667,0.00014818879319897457,0.00013189752051149368
0.0004582747476161117,-0.00016966648687282316,-0.00043566468627634895,0.0006521685116542941
-0.0001138991060249843,-0.0010853045304583034,-2.928903322916558e-05,-0.0002064757432594946
0.0001307171887322646,-0.00017729534572333551,-0.0005175715683093952,-0.0001334128789419683
0.0002584712885464563,-0.0009287659715817952,-6.135106145484017e-05,0.0004934848548883639
0.0001752284548224243,-0.0008619066073761031,0.00019818637669660706,6.104388597359163e-05
0.0001659568601971167,-0.0011523287473226367,-0.00041996156464818774,-0.0006497322154722003
-4.102440183367161e-05,-0.0013672470209103778,0.0001929032434859975,0.0005287649895614599
-0.0003769563099277886,-0.0010321325632636747,-0.00015456139126269133,-0.00010290310172155035
-0.00013118665315945882,-0.0006502549369743143,-0.0003463698350427964,0.00016973830170185177
0.00015210445784195501,-0.0012725018801428784,0.00025019614766286317,-0.00045493400936592627
0.0002638280660226132,-0.00034710292440248995,0.00018035223260142222,0.0004846139248471298
0.0009270177050062845,0.00033358772808950155,-0.0006934401258777638,0.0003040280895523122
-9.267105796161306e-06,-0.0004492275109861625,-0.0003811227200960589,0.00023718750434282318
0.0006256984770041347,-0.0007424344181036844,-0.000853563547086649,-0.0004637851255748745
-0.00014582179020645759,-0.0011962725603046512,0.00018701190805805567,0.0001582581205722989
-0.0003427599960478941,-0.0011740173984440346,-0.00017858802651850997,0.00015835892411243142
0.0001920482048232596,-0.0006874788216892439,-0.00023504717984234731,7.533488339757816e-05
0.0003142364747041298,-0.0006207105581571592,-6.911135141289597e-05,3.7024059354801974e-05
6.824906707291752e-05,-0.0008215632433620124,-0.0007035046991102507,-0.0004537570859374844
0.0002880886076127307,-0.00047711126258981795,-0.0004592701850405385,-0.000515354837683746
8.676172831459893e-05,-0.00013895644756365799,-0.00023484468353961142,0.0003282219357196054
-0.0003687384216953039,-0.0009191617046557046,-0.0003172575376376671,-0.0004524375895504548
0.00025399455684621227,-0.0001466860740510095,0.0003265627796006379,6.303415751626339e-05
-7.534358577564797e-05,-0.0011940114799239962,-0.0006170896330153019,0.00023111566004030277
0.0007193235101186455,-1.1233284263389878e-05,-0.0009050626256041287,-0.0004960300749762681
0.0004196071072285495,-0.0004013754201258215,-0.0005534155937821032,9.20659196107799e-05
0.00026086982276143315,-0.0001515830775058635,9.222571314806243e-05,0.0006143389647657012
0.00039450412436345877,-0.0008663354218964558,-0.0002812762509640755,0.00023736781461054595
0.00045362229500227406,-0.0007612891130624139,-0.0005720310010811897,-0.00019641977632702283
0.0003880534801153884,-0.0005498285501497066,-0.00026627421582239375,0.0003207427436483594
0.00024310995190175981,-0.00023857825020633588,-0.0002395563382277414,0.00010533978088975816
0.00011740782231475227,-0.0009097305076405816,-0.00032708532372861484,-0.000247922282973272
-0.0001652974016001061,-0.000831660486416205,-0.00021297970166194948,-1.325627228207461e-06
-5.05443070324819e-05,-0.0007722711031736665,-0.000170388051161679,-4.5427630216658655e-05
8.44163770877398e-05,-0.00024163521333743455,-0.00017697119678428445,0.0002607957104874293
6.507584087081248e-05,-0.0010218796558581677,-0.0006548530446927234,-2.9045189955085302e-05
-0.00011801912398316089,-0.0005661564050496812,-0.00047854056877870643,0.00043914555767311266
-2.469884819762932e-05,-0.0001336673353516485,-0.0009909127077177696,0.0010154758346759604
0.0009201631269510105,-0.0010358936520057289,-0.0006562266567360396,-0.0003362783556452848
0.0005470179642869635,-0.00047893575188364133,-0.0002942772225894451,0.0009840539928858921
-0.00018067344436488051,-0.0006890088338987483,-0.0007415667180887247,-0.00014697504344355497
0.00014711493673041427,-0.0009852850698024746,-6.458157307065638e-05,0.00013415943841968469
-7.73026767843128e-05,-0.0007227000315571773,-0.00039042972310282325,1.8940095927971246e-05
0.0007889689051285082,-0.0007627488030847603,0.00015642130243854303,0.00016791061203195708
0.00017212319966224647,-0.0001782702259642913,-0.0008113546732242994,0.00020476513710707345
-0.0001628803409750193,-0.0005817756019352396,-0.0004287353252119539,-0.00012024296109242444
-0.0005000411238131085,-0.0010766007570551814,5.69196373063632e-05,0.0007611643228040349
0.0005320610309610894,-0.0002338893228336553,0.0005131135806326993,0.000326718140735638
-0.00027971552803619803,-0.0013666544128058,-0.000176115453260505,-0.0009321276558193599
-0.000429960440569683,-0.00134818973719471,-0.001406869426905242,-0.0003955098846408752
0.0003943927216092777,-0.0008171519537145905,5.231380187986627e-05,-0.00012109538023508018
-0.0005894829802088917,-0.0003359658574753692,-0.00024330731298902603,0.0004494486141153951
0.0005978383672190942,-0.0006601502749916835,-0.0008540899561373502,0.00019467078224060034
-0.00019043821469091145,-0.000675912460347183,-0.0009298435743920272,-8.869445287607653e-05
0.0008900336339269562,-0.0006324079681279492,-0.0002582786604374028,2.7512272361931447e-05
-7.719216063401788e-05,-3.964201168227389e-05,-0.0006167797792234967,0.0009992704073414564
0.00030392558090929254,-0.0012264443663815472,-0.0003634548079779056,0.00021184463655771175
-5.748585208151794e-06,-0.000758987056366151,0.00064294845656591,-0.0003961614965694935
0.0001809602193687195,-1.3800800345235029e-05,-0.00036643636046501703,-2.739748979337423e-05
0.0009596494067983771,-0.0007438253961279661,0.0004017251287965324,0.00036062359773702304
0.0004109660942535247,-0.00019025055334340876,0.0005630962239287967,-0.0003547132271473351
0.0006985055074455456,0.0004867219008436327,0.00037779298732975886,0.0006556512192351521
0.00012584990452548398,-0.0011838494214178425,-0.0003863590100826249,-0.00021250391822610264
0.0003818636878612224,-0.00121714751282152,-0.00017351333568306953,-0.0001030125898939706
5.8766962889409725e-05,-0.0004327968435751667,-0.0007189961946778658,0.000444943438912118
0.00019816895212120423,-0.0005012805248674697,-0.000939161661879674,4.753971878781614e-05
0.0004223081022784953,0.00017788412723555928,0.0002325869400670822,0.0005017463284848538
0.00012731260118812357,-0.0006191163485515193,-0.0007459566340475261,0.0003062546997858249
-7.105009025350543e-06,-0.001413394521338568,-0.0007921799738838198,-0.0009438888897618735
0.00040540926231496247,0.00030068949921819313,-0.00029692510793889005,0.000237579624047724
-0.0010489544238866957,-0.0005392733895601419,-0.0006063685895081508,-0.00020058998820513267
0.000236071380418901,-0.0010342730298360157,-0.0002896725335271128,0.0006116536164812659
-0.0015238945798044326,-0.0009619001133866797,-0.0010983929643008058,-0.0006453779015250115
0.0007991893054186128,-0.0005582689166742096,-0.0006836483502989216,0.0005130986226201855
0.00017449100815829384,-0.00046891705825103953,-0.0001599979152163465,0.0003622412015365379
0.0006434314793252473,0.0006092690660129537,-0.00042573741653129305,0.00026840243156578105
-0.0005205386339917238,-0.0008730474750613486,-0.00035291992001865077,0.0004629382142983538
0.0004434474002139056,-0.00040202289730110563,0.0002904696549286148,0.00014610092729986057
0.0005161661921613887,-0.00022215539333907253,0.0003315096637153294,0.0004934794397295592
0.0002011497654330457,-0.001214178486319159,-0.0009891835888315768,-0.0009059158617755357
0.0002581457539847429,-0.000888830855060927,0.00017574877086815743,-0.00013456249534449146
0.0004309760122461798,-0.0005914028675374281,-2.082015009309829e-05,2.1417856741549695e-05
0.0005830243684135715,-0.00018301187321857545,0.0004957600209428233,0.0009145487002717316
0.000120968839767574,-0.00045118067203501664,-0.0006245135165232792,0.00037794228348646367
-0.0004975256877252035,-0.001088958393653207,-0.0012684111004817235,0.0003868921214796709
-0.0002279966349823838,-0.0012354977268402493,0.0001788019561623662,0.0007778256048869516
0.0005671181237677898,-0.00025683870756808465,4.532856916176345e-05,4.8669902010388925e-05
-0.0002792242382481851,-0.0004473812070964546,-5.534470420979953e-05,2.919100799900914e-06
0.00036713352011359505,-0.0004361602384365503,-0.0002516646760206187,-0.0001646037629231047
-7.329685227491149e-05,-0.0009208801537019554,-0.001257854640287437,-0.001036415920264718
0.0004915533009859746,-0.0004380943475747933,-9.664287042867845e-05,-1.0531570548017724e-05
0.00035702169166870523,-0.0003323092154767231,-0.0005218320079059072,0.00039666616709559246
0.00022711829316074641,-0.0008083984668730703,0.000849793540599151,0.00038352359062786674
0.00027102404924438757,-0.00012090206813199531,-0.0008387743528847547,0.0003816072667411641
-0.00030050628121797433,-0.0011209343358356914,-0.0003137690527598708,-0.0009821642405608687
0.0005828063513317357,-0.0006185070594820347,0.0002941601601248155,0.00020000189353884778
0.0001235107106005267,-0.0005238683741518007,0.00010567215741215227,0.00023518450747204587
0.00028293353802958857,-4.181262961897532e-05,0.0005269089215131327,2.9341445859866065e-05
0.0005071292394535796,-0.0005583705396535485,-0.0013574860669782766,0.0003216327094686139
-0.0003296133095057387,-0.0009814406442115809,-0.000396650988118734,-0.00017190333443767482
-0.00042895399919534353,-0.0002221390337189437,-0.0002098525646590256,0.0005536710192716254
-0.0005062783171362281,-0.000806994268358052,0.00039078870545192744,-0.0005476330446962706
-0.0006977174509065249,-0.0005673870985006083,5.1356244683517684e-05,-0.000532937554017645
-0.000597075556561706,-0.0014197577318985186,0.0004700450274908879,-0.00019429583476206027
0.00061716060374612,0.0003704939585466553,-0.0006989096407075347,0.0003881015083125394
0.0002818759232572407,-0.000578358029339987,-0.000314051059528636,0.00016910735834520588
-0.0003956516042197196,-0.0005428275069064568,-0.0014899707334076525,0.00012886363283684966
0.0008553412421859944,-0.0008558831082840926,6.77625734538945e-05,-0.00022407839734519581
-1.3313802095483442e-05,-0.00041625511837094936,-0.0015876635544214463,-0.00017132621894014313
0.0003022797129665926,-0.0009192235151433974,-0.00018093137834930987,-0.0006054501725821181
-1.242091670225308e-05,-0.000497819010076736,-0.0012954282363039599,-0.0006976432981558034
1.8633409521091228e-05,-0.0005181637279152965,7.68745815679301e-05,0.00033249189185453496
-0.00018764324036349683,-0.000424950915044264,-0.00021129752200994338,0.0001846072509796208
0.0003832324898025533,-0.00030624411425421005,-0.00013596840082288883,5.740539209801085e-05
-0.0002718834187265609,-0.0008948337517566614,-9.393583935447082e-05,0.0002397793921877671
0.0007117831052929578,-0.00046899558647980037,-0.0013244932447392943,0.0007321547587258037
9.470295666902808e-06,-0.0008338758923739644,0.0003141870069672848,-5.7445015237459355e-05
0.0001148964917279301,-0.0005128047644555043,-0.0011150636566831186,-0.00024044499030508997
0.0007553997856263219,0.00016493874807999622,0.0002839486788438159,0.0002697511865080482
-0.0001632273878992971,-0.001054483268662633,-0.00045758871635436156,-0.000518985553446872
-0.00022005595181116147,-0.0006883925062546414,-6.974518886098796e-05,0.0006772369570694534
0.00014849032001865723,-0.00030982542506078584,-0.0008685227032165252,-2.2796179048147243e-05
-3.68687975653482e-05,-0.00046295534386809234,0.00013677833401635407,0.00017802643267069386
-0.00032501904496669016,-0.0008321237045560423,-0.00020590147971770548,5.7075148272963967e-05
-0.0002624002825030756,0.0007073311126030059,-0.00023169212593113442,0.0004741660300232217
-0.0002706155143117365,-0.0010026039845527444,5.6676021462335826e-05,-0.00029639944927717425
0.0002024318105776414,-0.0005628885514237009,-0.0006928812406489769,4.8514556589563545e-05
0.0006210723395871083,-0.0001471160341924874,-0.0004305888793708138,0.000960658053201379
-0.0001195916313738981,-9.997373805604239e-05,8.274576220779782e-05,-0.00028169372543435475
0.00017878577201959554,-0.0005522378762730059,-0.0005300525529801854,0.0006436760159789469
8.361387826963032e-05,-0.00028744522258207316,0.00043837672042292247,-0.00012069633952647194
-0.0006512074833399356,-0.0007175763439394285,-0.00021814630454433531,0.0005358111230139581
0.0004258039805913449,-0.0005810886174033653,-0.0002697051101663642,0.0001955483769658187
0.00020482903161524172,-0.000703287580929816,-0.0005190525810145959,-0.0008632176149380913
-0.0002545904274192575,-0.0010996613956090924,0.0002534695180350716,2.895184976150621e-05
0.00011773095199053303,-0.0005999734437347741,3.627786644652914e-05,8.7783004465608e-05
0.0004769956812406738,2.4848836209443726e-05,8.783436427521493e-05,0.0006854726003256936
0.0002741977378386051,-0.000751654253200286,-0.0008945346978491856,5.177364037165899e-05
8.31495722327651e-05,-0.0007178256786799453,-2.2013590765502934e-05,0.00012998970574402263
0.00039278365124277624,-0.0006622063982485812,-0.00015089506409328944,0.0004146086240036104
0.00029726032398915087,-0.0008049096147097879,-0.00033175904042121146,-4.26097485538234e-05
0.00033570984540673356,-0.0014047371654398505,6.149283554147484e-05,-0.00030275329988117133
-4.706481796168529e-05,-0.0007776192777724791,0.0007713901032173383,2.0553687200956273e-05
2.9436491542795813e-05,-0.0006439658437101818,-0.0004623617969830486,-0.00035042935635174355
0.00039924230766841625,-0.0011596795722852702,-0.00026155696109022485,-0.00015389748431970108
-3.3631889550639316e-05,-0.000385139299772848,5.138803052968264e-05,0.0005999336786848169
0.00019107539438325324,-0.00036810623176453995,-0.00019006420353558947,0.0001802287834439056
-3.415493396565801e-05,-0.00048367226281039106,0.00038390978686068245,0.0002618004195151423
0.0003401598667442817,-0.0004550170287155681,-0.0001840320520491476,-0.0004071300988760518
0.00025378370271295347,-0.0007178564918628261,-0.0004815974284988541,-0.0002717356652083402
-0.00029488257848448465,-0.0008308238033758783,-0.00039502521337077994,0.000274952338610515
-0.00022880298460665875,-0.0002539203995563783,-0.00020475599952209287,0.0004361737764895692
-0.00010531529659053257,-0.00040547085376426936,-0.0006072978976494136,0.0004583967007227422
-6.653317088902517e-05,-0.0009238172996485596,0.00014985824205491265,-0.0007467879975369452
0.0006238927564829791,-0.0004899490332782376,0.0005012646750211457,0.0004555448346785776
0.0005223125146919958,-0.0006121471875242296,0.0008529757480901101,0.000625344359705469
0.000640436832979843,-0.00020683890036654845,-0.00017601101257230708,0.000678703046753716
0.0011032975364561966,-0.0005701449783725204,-0.00021884266615138158,0.0005000987745151273
-0.00028451804929422635,-0.0004444953342685792,4.43456276187543e-05,0.0002548046969901844
-0.0009318496926364989,-0.0009311511659999116,-0.001513082447918332,-4.8798385580642084e-05
-0.00043128324529507995,-0.0007899122274564211,6.029489357240062e-05,-0.0008588431156395377
-0.0003786209591939107,-0.0008388227774232818,-0.0004453896950085349,-0.00018593894378661512
-0.0005434224915632851,-0.000877361321830787,-0.00014502391654899342,-0.0002897307180275986
0.0003191596738435612,-0.0001825739610251888,-0.00021716106611687497,-0.0007188190030116691
0.00019455081117791999,-0.0007545676192419842,-0.0011188743351696999,-8.674928498018868e-05
-7.752258787363024e-05,-0.00020868190286954156,-0.0006605791734806908,0.0002989351550661927
0.0001318662057094494,-0.0010714482729453063,-0.0012434676110382287,-0.0002883380658945134
0.0004889336321866385,-0.0008126568130157518,-0.0002752516711439364,0.00011036753214831797
-8.368215461468479e-05,-0.0007711150835038227,-0.00020106355439695624,-0.00042888297600439113
0.00022222452239932828,-0.00035908933280209447,-6.88776902954289e-05,-0.00013673227726161653
-0.00046061890311673004,-0.0006282729589764749,-3.277745190937821e-05,-0.0004150346889090976
0.0004922269084990515,-0.00015103315128387715,0.00039849092599506534,0.0003159547070345514
0.00013636497156850911,-0.0016184216411400396,0.0002879399671214855,-0.000535276991082724
0.00038458501257653747,-0.0006748286824553283,-0.00010014638478142353,0.0007817762584909489
0.00020182258990570598,-0.0005333836237235046,0.000753580028595114,0.0003542648481587458
-0.0004860566183642631,-0.001056576186492189,-0.00037463014731547263,-0.00030389560465749805
0.0004103606890716819,0.0003289246146183669,-0.0001827452374049403,0.0008488661506542046
0.0003348842726288512,-0.0005135004032100233,0.0006315215266444671,-0.0007122076019646997
8.713575559071872e-05,-0.0010092403066951975,-0.0003801177381407987,0.0006953759260867544
0.00042517711892357167,0.0001737745556345778,-0.00017852241439871716,0.0004149825788910155
0.0007458134302207775,-0.00011196622338240943,-0.0003316260961328561,-0.0001159941835732456
5.675220249022575e-06,-0.0004045667505969212,0.0004935142282997567,0.000246275118802705
0.000910265562980435,-0.00010451021998354404,0.0006413342678874248,0.00034368212609447676
2.7222167720993186e-05,0.0002769758091591796,0.0001895283319834253,-0.0005231359556383444
0.00028077489401931894,-0.0010462724256361646,7.778466639601472e-05,-0.0006729018229168271
0.0003195253355432723,-0.0013075789214044915,-0.00037818575279291965,0.00016609580719305345
-0.0006905037943697534,-0.00020570536805506398,-0.0004671328405532815,0.0010236014079915928
-0.00028345210979995847,-4.380460630699719e-05,0.00013624414140389556,-0.00010004260596008337
-0.00021689981586683102,-0.0013175840963988153,-0.00017444289520856295,-0.0001212736398138028
0.00022924072058824757,-0.0015447484170953113,-0.0004947900346512953,-0.0008917797754083626
-0.0006156671785053182,-0.0007089613759091644,0.00027242544570787346,-0.00025155363817027315
0.0006499890798313593,-0.0002171302345539079,-0.00013184712150669973,0.0005396161448786403
0.00023085517793501858,-0.0007219074968871208,-8.348054966707304e-05,0.00037474998940584866
0.00023574514033062387,-0.0011020863674516578,-0.00010872950204208421,0.00015780627155788482
0.00012439270713780862,-0.00014412213412599227,0.000130459037386348,0.0003523392714746374
-0.00028305959827818296,-0.00047043631173969034,-0.00019893391179628104,0.00021461481577117364
-0.0003455073096241786,-0.0012505478918387316,-0.0005610727977505203,-0.0002141477102437627
0.00027598133677451974,-0.0008441291986369177,0.0008148082289151465,0.0001572014629142454
0.0003490478004343745,-0.0005073652168292358,4.901249064247963e-05,5.204933080134265e-05
4.6827147348454704e-05,-0.0003074004119428273,0.00011533765542135626,0.000859952212278247
0.0002456276728994576,-0.0006770475459964573,-9.321479891225923e-05,0.00013006205720241784
-0.00029662250732029696,-0.00018665163416331867,-0.000192568426378404,8.024694615844545e-05
2.4731639691332813e-05,-0.0009537541528443021,-0.00011634021237481768,-0.000502719825564517
0.0003709848193624363,-0.0002514372888782127,3.67631604240513e-05,7.164841843742677e-05
-0.00019190752319662565,-0.0011072105761795335,-0.00013960007277486554,-0.0004688592942952782
-0.0007201459292440882,-0.00106628087604437,-0.000439042560726477,0.00023820141509010842
-0.00022431759440068433,-0.0005247463927915737,-0.0005329657662754731,0.00017942508457041915
0.00017452613085007051,-0.00119376735178997,-0.0008420713791092207,-0.0004998088288372619
0.0003793736102373658,-0.0005406429295350005,-3.6783559774523504e-05,-0.0008304753725441909
0.0004923615318994305,0.000321628598921474,-0.00033559749013440337,0.0007214055574989648
0.0004710211925164502,-0.0006572329037560331,-0.000665066409968798,0.00043625014626197335
0.00011538703918389243,-0.0006447903660612765,0.0004318437413265234,-5.866359555416564e-05
0.00027496638995665705,-9.565447608490384e-05,4.738557134371179e-05,-5.679324250204603e-05
-5.806837853555163e-05,-9.627276438140561e-06,-0.0012137553138966961,0.00048248505905426224
0.000266080270267591,-0.00010098255684489556,-0.00019470330959069044,0.0011910579127564717
-9.932078351658654e-05,-0.0007087552252489247,4.9980172740909094e-05,-0.00016812926685087515
0.0004918216936981819,-0.0005152088051491865,0.00039769315138633306,0.001037199872245144
0.0005116274382725756,-0.0006862611795631046,8.520035070594148e-05,0.00020611179658959293
0.00044368791527775046,0.00018689411798596247,-2.997714443300245e-05,0.00037181659170499394
0.0005219568293736995,-0.00030524235107298243,0.0006525037356285812,0.00033260372102791934
-0.0006820952674035728,-0.0006892564668936333,-0.0008893888350442759,0.001494550034187885
0.00010885121030704315,-0.0007263719049807419,-0.00047161146495837327,-0.0007852221463732663
0.00019716844025553733,-0.0005662765306916995,-0.00014424341603704204,0.0006099197294707337
-0.0012274476386481097,-0.0008528436259193649,-0.0014035254312142348,0.00015314693070253707
1.7212084357733646e-05,-0.0004983897342250698,0.0003509455478326131,0.00010632354272677784
1.5895393694575566e-05,-0.001213426924614438,-0.0005344815607302548,-0.0001523875117487136
-0.00033562225786263526,-0.0012614876285142406,-0.0005693886593582163,-0.00042984768103101974
-0.00018042585726341424,-0.0011629302836211111,-0.000504806895831166,2.0082889912920307e-05
-0.00014862267487008988,-0.0015762047678105368,-0.00013630084531548602,-0.0005411296719014514
0.00032430395545793945,-0.00035259323351518755,0.00021011842354271416,0.00033332323008509763
-0.0010647551056197548,-0.0013600609645370394,-0.00010292737936725382,-0.0006952106890159566
-0.0004594503469125819,-0.0010878723176713713,-0.001360397775367453,-0.0004200756566071324
0.00021318942974526655,-0.0004429332792914298,-0.00012649928123902623,0.0003836699994893453
2.812312898380816e-05,-0.0003081721298264687,-0.0007011905677736307,-0.00041294432364656956
-0.00014786934612958627,-0.00012591648920524945,-0.00043886007413560907,0.0003738979853676438
0.0006915324048432803,-0.0005049132609623952,2.5786040049812276e-05,0.000239720976665301
0.0005576432791054233,-8.603298088142344e-05,0.0005305852516168997,0.00018510259062142246
0.00028698794977564766,-0.0007507026062589507,-3.195068376317305e-05,0.0006468779867348597
-0.00010283617768544718,-0.0006334126702790321,0.00021201984537254774,-0.00018644018182949407
-0.0005037820577441193,-0.0009120138451884456,-0.0015773131179208626,-0.00048312690194483686
-0.00027718596602092633,-0.0006987194434969108,-0.0005927232074483057,-0.0003140532406655687
0.00023553412302606232,-0.0006061164468033628,-0.00023767911332862315,0.00013012092983491846
0.00017077219120072113,-0.0005162495629854917,-0.000343510360422745,1.8924103941503323e-05
-0.00012212712471791222,-0.0017425398824247448,0.0005212320409094958,-0.00045656497267729105
0.0002876953451925595,-0.0003132401768540501,-0.0007212951830315298,0.000103395144232897
0.0006515713154201022,-0.00037396202364719237,-0.0005200072313640866,0.00033235262377804273
0.0007632277048681277,-0.0009096468380841844,0.00042957020168782144,-0.0006553639728254367
0.00030586585188680643,-0.0007616621545305201,0.00048093934876442294,0.0003102979600889356
0.00024266894583725154,-0.000620469099714399,-8.259839177406496e-06,-0.00032576396667723
-0.0009889174540347015,-0.001044895709855366,-0.0008020796371011901,-0.0001275988805470434
8.902954445612257e-05,-0.0008535902469881787,-0.0007061283115916379,-4.2227184701517536e-05
0.00019818274866524564,-9.877501595904127e-05,5.7737654344842544e-05,-0.00013023850020425982
-0.0002617330534740469,-0.001181103839832825,-0.0003768432841467316,0.0002736362715738092
0.000254472567401394,-0.0002782125903401891,-2.5427814539036303e-05,0.0002619225179033882
0.0001886597311258158,-0.0006386390163205469,0.00020030499638837973,0.00037034932029151533
1.1469788093173628e-05,-0.000548806406076918,-0.0006631362417159731,0.0011067893907164145
-0.00021090250702823071,-0.0003797906344991358,-0.00037535073662316165,-8.507360436632762e-05
0.0004304640311138533,-0.00010423553245638811,-0.00043209866505676943,7.582116525577498e-05
0.0002692518807012175,-0.0003539744003445734,-0.00043902304353971884,0.0005422383334782331
