iteration,overall_attenuation,what_attenuation,overall_beta_biv,overall_beta_ctrl,what_beta_biv,what_beta_ctrl
0,122.48027259896084,96.16751805354154,-0.08994607594418229,0.02022012306432051,-0.1092573652063975,-0.004187268796711376
1,78.62880416589071,50.53573035815266,-0.09130300196259354,-0.019512543351846507,-0.10634672517705887,-0.05260363089685475
2,155.3306367322969,140.03048287563809,-0.10770841557952077,0.059595752154417314,-0.121997483702721,0.04883618182232708
3,70.05697691617499,69.42622769782902,-0.19792225754894816,-0.059263907265909126,-0.19448636210355186,-0.05946181750831569
4,48.74258380422322,46.481240021793035,-0.2551254687815193,-0.1307707233547699,-0.2620332230712612,-0.1402369317186679
5,297.96000641231564,164.1892484434531,-0.06181836795473876,0.12237564516718973,-0.10532886098458723,0.06760980426005604
6,96.96920006414993,95.14663743864826,-0.15600305937605893,-0.004728140623493739,-0.1577043773548243,-0.0076539652081519145
7,76.61653254129347,64.49025833438897,-0.2682204360945655,-0.06271923839177346,-0.28471115586576534,-0.1011001959411084
8,64.8544603599994,60.01180897293512,-0.25713130769734777,-0.09037018567362329,-0.26577857002130106,-0.10628004228911925
9,151.19230675961248,131.2040383870645,-0.12459276052348009,0.0637819081674493,-0.14731709566272763,0.045968883081306075
10,81.46927193615772,69.16105929874927,-0.1154641890301047,-0.021396354880289504,-0.14490380614690207,-0.04468679885149846
11,644.6502269689265,677.9612973746453,-0.01884887106309951,0.1026604190262518,-0.018276663829340633,0.10563204338485964
12,937.1719716308986,348.9089928155536,-0.015388430779948795,0.1288276293635534,-0.03758277109834127,0.0935468970130562
13,69.49030348414513,72.98239093310885,-0.21258189764590238,-0.06485809181941005,-0.19838665197282945,-0.05359933007091298
14,69.1438417353848,56.62415869614475,-0.29058324156918547,-0.089662824909037,-0.3010324552874023,-0.13057536007856266
15,104.63190650373164,109.01202207327279,-0.21643982698423556,0.010025290422748336,-0.20650678614628035,0.018610437150309005
16,85.32397295003464,72.36638216926113,-0.14972182029012987,-0.02197321484547997,-0.16407673916193852,-0.045340339049148345
17,63.55567051233657,60.81438636654936,-0.22541291319975285,-0.08215022479425871,-0.23114114390031917,-0.09057407559671724
18,97.6504290841509,78.8763678620602,-0.15896388990666696,-0.003734969323949416,-0.17891193510394693,-0.037792699022227316
19,213.8562863177801,211.21488664068892,-0.06973222266670154,0.07939451909515167,-0.06410445291635383,0.07129369464255673
20,49.76648728489364,57.06761682151221,-0.13845117972833898,-0.06954889097304992,-0.14612474065491785,-0.06273483357654086
21,131.32796921868976,120.65979698808135,-0.14220555768181026,0.04455011333782364,-0.1503825723233944,0.031068734147467914
22,97.1291037523159,88.33272353342272,-0.13955681403986703,-0.004006531337658023,-0.15102558698081872,-0.017620572768323267
23,107.647589290817,85.94528608379082,-0.11838358087407376,0.009053490053011327,-0.1384104689909428,-0.019453195446760434
24,1789.7249178279114,919.9257292371884,-0.012199162278635746,0.20613228478837142,-0.02344549443193794,0.19223564119433156
25,72.97307588587358,71.72040628873303,-0.2006779126562132,-0.05423706716740765,-0.19503825723645504,-0.055156026728005236
26,116.1610121636775,112.96997395342325,-0.1609661961519294,0.026013766539522275,-0.15452648578826791,0.020042044957878653
27,123.1053087293163,108.99872924406424,-0.10331896628723018,0.02387216613660276,-0.1135257009665187,0.010215870452403044
28,161.51560076880708,133.05853931638987,-0.13788541889207448,0.08482104380404581,-0.1488569006601469,0.04920991702989408
29,98.22268496624986,89.98928028682516,-0.14640140357183648,-0.00260201415530347,-0.1523583832647029,-0.015252170708154093
30,104.63140085769199,81.86032982663711,-0.08941399481338799,0.004141120522683905,-0.10966367534475956,-0.01989262900752686
31,87.79161593268043,97.58598810799376,-0.16292159193196679,-0.019890093671645636,-0.13897554624628344,-0.00335488621336592
32,82.95874428650983,73.49475599849298,-0.20724772819079598,-0.0353176153213926,-0.21242021364895633,-0.056302495936178386
33,66.2655559008588,60.056044630218445,-0.22632277307767198,-0.07634872936751343,-0.22361117644792702,-0.08931914852220346
34,71.008084135083,71.68314675924726,-0.1515532610700939,-0.04393819393997964,-0.14893258055292977,-0.04217302026283897
35,67.71592026438749,63.39315188057398,-0.21895217914366788,-0.07068669609760286,-0.22273825888585974,-0.0815374561342006
36,144.41131573795985,117.73750723730411,-0.06883271562783135,0.0305695146684882,-0.0816460652537391,0.014481976733356022
37,128.90310699183942,101.24722721409935,-0.2064731231682066,0.05967714769869913,-0.23022929796570177,0.002871482459058092
38,53.5821401938692,51.59435781502621,-0.24076570408657846,-0.11175828698415173,-0.24446914562863917,-0.11833685988566157
39,155.3947710364097,143.1893175202452,-0.10879607733124821,0.06026733793424018,-0.10965252431678268,0.04735817689613936
40,103.77451192889862,90.88765283387055,-0.1627917428557404,0.0061445937533518855,-0.17869539871336007,-0.016283345100660596
41,180.7557878692385,166.59279180732375,-0.11800183254398285,0.09529330957103282,-0.1194263947886306,0.0795293704445853
42,159.47526754944823,137.2704648747679,-0.1422031273006445,0.08457569042574074,-0.1607055942384246,0.059895722052419095
43,88.74904151118234,78.12984023276317,-0.14638432611829527,-0.016469639765704865,-0.16376398848006188,-0.035815445921788834
44,137.20303370303634,120.67400431849656,-0.09793299440891379,0.0364340449163409,-0.10457414619573677,0.021619663500537522
45,128.77726186372303,120.62122850172423,-0.12501504006470837,0.03597590544845939,-0.11798447671591794,0.024329848540153052
46,93.78089808822544,87.87729787876195,-0.16868549829152826,-0.01049072304913486,-0.17086492664094172,-0.020713446086353293
47,59.14713071684632,51.61698908420431,-0.14682783229227353,-0.05998338239765061,-0.1627525506042643,-0.07874458432459709
48,283.6716983356899,222.8909798618683,-0.03933341607121084,0.07224435331143612,-0.0500598929018199,0.061519092904848326
49,83.32116986728349,91.1367653943414,-0.15234634861048382,-0.025409588698138735,-0.1398505227392421,-0.012395279927618972
50,83.37376215676471,79.6791428576911,-0.2538935008987238,-0.04221293732793854,-0.25052222110047434,-0.05090826265956661
51,109.65181265484571,96.55963795334641,-0.13902535541397254,0.013418466847290042,-0.14835144777623227,-0.005103826904954629
52,122.10749805015644,94.9881463950578,-0.07778860330417367,0.017197113958714115,-0.09678574884238764,-0.004850760042427509
53,192.74466802562534,185.36938726207387,-0.08047895494194865,0.07463993959140286,-0.08955636434185729,0.07645371949283399
54,95.83404008966875,89.54193213763901,-0.1720996215047031,-0.007169601237717757,-0.19315504861173036,-0.020200286063391137
55,291.641533471243,201.99803765728808,-0.05916121624519972,0.11337746203253886,-0.07781717577519832,0.07937199225102486
56,90.94944107670067,73.3439461647859,-0.12301842744488091,-0.011133855262415181,-0.13310651398113776,-0.03548094402498886
57,107.45170001952398,112.98551378989619,-0.19415748927390675,0.014468033666130966,-0.1825694905351617,0.02370758636958662
58,135.04804992324247,133.40278535779535,-0.14957883280668777,0.05242446399669132,-0.14528198242959164,0.04852822875450643
59,88.14450223239795,77.1974485006245,-0.17558893484289753,-0.020816942250455942,-0.19779833999934213,-0.04510306834325983
60,82.91668296479797,68.21951103558668,-0.14986203258091277,-0.025601406141195094,-0.17130992132641057,-0.054443130642085065
61,125.57778964106564,99.55542868614073,-0.14053418583631766,0.03594553842699758,-0.16570522492179,-0.0007366778955682489
62,71.43734086186436,65.33491161224771,-0.15823185741197243,-0.04519522608052252,-0.16443518432835735,-0.05700160198798849
63,382.75155718394853,232.8919669244522,-0.03828874232890595,0.10826201516113122,-0.0649150985998329,0.08626695136026548
64,158.17670628340673,142.87795311248712,-0.12106112085103202,0.07042937270090498,-0.12772942906075208,0.05476776470351676
65,89.79459082468459,81.69207031450026,-0.16715268063449992,-0.017058615006258934,-0.17967360378315697,-0.03289451704402379
66,231.28452659790773,211.27876590881604,-0.07322629246724476,0.09613479141082164,-0.07722051944379453,0.08593004106543188
67,117.32518277999617,99.97225422829533,-0.1290329590246509,0.022355195997458336,-0.14232390681525223,-3.948886626613863e-05
68,112.74153757162001,102.65909673639743,-0.19325050992168752,0.024623086329019068,-0.1970188883448276,0.005238922830063821
69,41.87520158429455,37.90959494591404,-0.32149632806305484,-0.18686909260054568,-0.33242619834912845,-0.20640477306087307
70,69.31697195817922,70.03336381844217,-0.18932878240346135,-0.05809180339609187,-0.17110928202465248,-0.051275696017203345
71,140.67197993075263,138.6648187752922,-0.16597951697302865,0.06750715583243036,-0.17274745715949472,0.06679249124964415
72,119.56261412621525,106.97658427257556,-0.167300589889976,0.032728368831057904,-0.1794587165194084,0.012520088592459016
73,92.6496519802856,105.13434243818041,-0.14735113645428882,-0.010830821340394493,-0.12494437666028543,0.00641507215498902
74,82.93166620687522,79.47607628762869,-0.21948473834768234,-0.03746238776614896,-0.21226969670752607,-0.04356607061673461
75,167.40485070760937,226.52853033181572,-0.05407394342478535,0.036448460837193726,-0.04070926683920134,0.05150883704049866
76,179.65981910240586,164.62879511000548,-0.07145518627213544,0.056921072123670244,-0.08040053015594227,0.051961893901842096
77,151.33994459446188,132.74889287876513,-0.12685581997990256,0.06512770769253226,-0.14939719241775898,0.0489259265087745
78,95.85239564317591,90.46287499828023,-0.16371635262086973,-0.0067903065741366725,-0.15736626301883216,-0.01500821721464112
79,223.68501391117857,165.4279134184533,-0.07710834516695568,0.09537146744642871,-0.09586294566822946,0.0627211250921881
80,74.99098643344038,64.72819635941683,-0.139651158152558,-0.034925377088230854,-0.155928409109297,-0.05499876228091643
81,272.2983502419332,194.5712651041524,-0.07858392510667778,0.13539880651416214,-0.10632668011436414,0.10055448652739939
82,-9725.810712302877,3201.323437066847,0.0016460561490844545,0.16173836142726053,-0.004756350390474077,0.14750980940879302
83,72.14948647501633,70.09639045351037,-0.2796348131502197,-0.07787973145696474,-0.26634423467885787,-0.07964653998795168
84,117.45928377267667,115.44381964042907,-0.11920378623684416,0.02081212730686551,-0.11649509762811243,0.017991292767627433
85,102.29819721680444,93.09939435019272,-0.1323029797639976,0.0030405833986855433,-0.13977632462201345,-0.00964541295395963
86,252.82535560996595,189.25589529123172,-0.0727342186193466,0.11115632825514651,-0.0920997802998585,0.08220448346789617
87,-1102.7834290358696,1616.6100924293478,0.011422369934170527,0.13738637277137847,-0.007510086054165629,0.1138987230476049
88,63.34768454860601,55.41193176932639,-0.14877531229564409,-0.05452959677639602,-0.16575817159194478,-0.07390836664733338
89,404.2969445086185,289.3960849022631,-0.056966278207521065,0.17334664398576563,-0.07607724640437176,0.14408732619132783
90,120.72127509168811,114.93471110720415,-0.1802754011262098,0.037355361790006154,-0.18107429404769756,0.027042922705432997
91,106.03908691086713,97.09638219676881,-0.21704275262596973,0.013107400464820644,-0.22900009995411066,-0.006649287671684764
92,69.38703591183234,61.93993843773481,-0.1800152361748873,-0.05510799960344845,-0.19107901523080623,-0.07272479082941494
93,102.67597897747818,84.31196641186902,-0.22044741990756272,0.005899126613119428,-0.24189191920564102,-0.03794808553195562
94,76.8885093625371,60.69521347071185,-0.10368896775813814,-0.02396406607550402,-0.10782189095959796,-0.04237916407351182
95,83.82711094589817,79.50014754057749,-0.15501057884871114,-0.02506968893932309,-0.15116774548918613,-0.030989164791518496
96,141.79223343862287,133.6205788925898,-0.1442256422201433,0.06027511707499529,-0.157914596452087,0.053091801483088716
97,142.73860226617757,130.78166184764075,-0.1766854085737756,0.07551287403271677,-0.17444746136747297,0.05369782765992929
98,111.14007952156382,91.32830071504713,-0.08037605370129604,0.008953956298619205,-0.08617804100225043,-0.007473100565378534
99,127.0212739857569,118.3490792238272,-0.11030764690878805,0.02980653149846492,-0.11615955696443465,0.021314209133450796
100,948.5919088986849,318.41200887215285,-0.01128251753324305,0.09574253090717601,-0.03195193648713341,0.06978686635510248
101,83.85021439571827,88.15538618485787,-0.16022228798784946,-0.025875556000312536,-0.15946285936176877,-0.018887759869984724
102,70.28125907977605,66.00839052779526,-0.11181019839984527,-0.0332285831848384,-0.11583393543456623,-0.039373818969203535
103,356.26692712927496,180.31955564163547,-0.054133738080945855,0.1387268671202501,-0.09816353597996814,0.07884451590122736
104,75.02404095877526,82.53663938119658,-0.2169829989767913,-0.05419358495086449,-0.19934097648960472,-0.03481163358542383
105,151.0377356217887,107.4326262060811,-0.07724946365716433,0.039426377030593276,-0.0900405741640032,0.006692379311419587
106,110.65737607098596,97.76447257098239,-0.1648917916878859,0.017573138350364784,-0.1791907243606706,-0.004005857793338129
107,106.97078139073292,93.94568110616102,-0.12303612827459726,0.008576579533643899,-0.14547985853389886,-0.00880781456194807
108,96.32838356191328,91.64593266313884,-0.08535485828301684,-0.003133903007424857,-0.08860462905873419,-0.007402090375142713
109,115.55950271166797,105.84118458960508,-0.1391274095883333,0.021647533067570144,-0.14365457738575568,0.008391129036519075
110,171.843128070879,106.73399544925746,-0.06629228581650266,0.047626451800263155,-0.1046608515938269,0.007047856983482399
111,919.597564664771,825.7740166141743,-0.016153175015198543,0.1323910290406055,-0.01692291474278344,0.12282211805689165
112,118.01614638428839,109.6589565422341,-0.14896881118697855,0.026838439090380212,-0.15326837097942053,0.014804125345892368
113,447.11749265360163,203.36996348486954,-0.01918440875505355,0.06659243865095991,-0.038267656332810096,0.039557262377741154
114,177.08601977608035,163.79553634378848,-0.13142387447122705,0.10130943386538108,-0.12870417256225303,0.08210751718292435
115,140.67426672978505,121.05452379641117,-0.16840113317264271,0.06849592608262121,-0.18733833003101927,0.039443193276180274
116,147.94980021450422,137.39755589317707,-0.10880921108974971,0.052173799332513156,-0.1120611744552558,0.04190814035145494
117,274.1335399943676,264.366639945507,-0.05772795775099337,0.10052373639825767,-0.056898046161615416,0.09352140667049082
118,671.5441215999799,513.2768192155096,-0.020703013840586874,0.11832685859990451,-0.026894541304901,0.11114890484749627
119,106.83224326774565,103.99483455544957,-0.201969977175212,0.013799080168420855,-0.18774321176292788,0.007500030699016345
120,130.71995034910907,101.25165625772283,-0.05508973725035155,0.016923539930762635,-0.0760642211157794,0.0009520625834837826
121,91.07334712361899,76.53729394925448,-0.08599360866290479,-0.007676350941211028,-0.12192724771850977,-0.028607431727958273
122,108.80678461246673,107.97003527204951,-0.12751950475742177,0.011230368122870399,-0.11895192662720865,0.00948051050897098
123,132.8198148360527,120.82343030052827,-0.11662093462993675,0.038274774805619305,-0.1238997214875353,0.025800172146505557
124,77.20474514182497,81.14183261173338,-0.1271630415887662,-0.028987139415566365,-0.12604060479555074,-0.023768948229528564
125,239.71354233128451,170.90689128231156,-0.0406290152576179,0.05676423643073603,-0.05089322002943256,0.03608680019633735
126,104.67472847142251,82.80405213795262,-0.09335806079276995,0.004364235848247561,-0.11624818113532279,-0.019989976618608508
127,127.69371591193442,100.4543938437934,-0.11342274001601814,0.03141097139956802,-0.14251815495379122,0.0006475937223979632
128,1338.4624336889137,326.690429454534,-0.006085610599230013,0.0753680011320545,-0.02392041181765269,0.054225284276729985
129,179.30375147535995,164.82625361389972,-0.15518529674448478,0.12306776205654608,-0.16177802642782704,0.10487463370366484
130,68.34445906095179,57.203870022721546,-0.15931409108301806,-0.050431737324457326,-0.16122088250797706,-0.06899629842862924
131,45.036200065111,38.35280156857755,-0.23097297351081728,-0.12695152306414978,-0.23921304099860927,-0.1474681380582526
132,131.82900077010297,172.04851974098378,-0.06782524519970441,0.021588097816938136,-0.05026173636332916,0.036212837045894446
133,84.57949131026427,89.75694645049957,-0.13409755343103563,-0.02067852487955584,-0.11144742532628196,-0.011415619455710553
134,124.25798251815705,103.74972293926623,-0.13579693720403962,0.03294159728714862,-0.15118160189121188,0.005668891206064933
135,140.07478095942102,101.9618254491449,-0.1075013333882776,0.04308092388380921,-0.13219191437520025,0.002593374617924493
136,269.1792235628691,221.8619624329892,-0.08316236882834573,0.14069344988028473,-0.1035142299260384,0.126144471985267
137,49.86138130179812,49.11893496291422,-0.25136041212487575,-0.12602863859352026,-0.24560739365196352,-0.12496765769994686
138,112.20622789020973,99.42963888611021,-0.09347371943613636,0.011409615211830065,-0.10877816975219694,-0.0006204283806675604
139,90.22048538790592,102.89542485204251,-0.14312455978679875,-0.013996887237845304,-0.12860964409972914,0.003723795597386973
140,91.4488188619615,97.41567474722515,-0.15042500191612287,-0.012863114390745563,-0.14064995714797568,-0.0036348523605921204
141,89.9590302285403,80.92403156794512,-0.1910398595461216,-0.019182254548465134,-0.20110925753335457,-0.038363538481002664
142,55.15753832139423,35.72232042827067,-0.13279265898520398,-0.059547497217441736,-0.16389525751324766,-0.10534806845762597
143,125.67226507303513,103.59833598361521,-0.09550399792370101,0.0245180395023185,-0.11165062779483716,0.004017564715873923
144,146.84261804299007,131.82693504749093,-0.09664495700319967,0.0452710280668208,-0.10268989576551693,0.03268304642562721
145,8414.769580990602,2322.3692720151594,-0.002127036252408729,0.1768581632919235,-0.006770080459073874,0.1504561878131606
146,102.23800094966624,73.81876926815744,-0.07832491495256344,0.0017529123404636533,-0.09542353188993982,-0.024983055056578506
147,87.47685160569122,87.22980632711273,-0.22243429186011887,-0.027855776449472562,-0.20895806767498717,-0.026684349937218722
148,162.3423001638025,124.76309630378827,-0.1149623004451732,0.0716701424187423,-0.13033514091323806,0.032275016462023305
149,102.22863290498407,82.36199180949974,-0.14417237544919334,0.0032130729991579165,-0.17202293396626767,-0.030341419182509162
150,79.53288251359668,62.28224396717357,-0.18171253929403033,-0.037191318904836006,-0.21205122074152782,-0.07998096210391971
151,144.9430951515561,127.17889493138235,-0.08482740172553271,0.0381240598720989,-0.09142094283100424,0.024847201997317766
152,111.84086613288851,100.05298871612096,-0.11969934849613263,0.014173439617366772,-0.13068367917732157,6.924760377569105e-05
153,154.00413814922817,131.2998915624846,-0.14046770889333898,0.07585837556581446,-0.14752927109694408,0.04617650187626741
154,75.89077829702596,64.1979234271063,-0.1259552452050975,-0.03036682931302152,-0.15362839802574854,-0.05500215669888839
155,140.0487790019037,133.40790880776268,-0.19149223116272068,0.07669030046417259,-0.1930280998344953,0.06448665156606526
156,168.68482765479388,136.77235934168016,-0.0772502844879612,0.05305922476339412,-0.10025105886471587,0.036864679609572626
157,103.67849484394374,102.80342778460556,-0.13015134980947632,0.00478761069206476,-0.13366196369527744,0.00374711662768281
158,145.6650717780556,145.91444539017417,-0.17237812303026476,0.07871659361143536,-0.1651918880246361,0.0758469392160692
159,103.94290311598387,97.75823168036644,-0.11178258831320871,0.004407479157728931,-0.11029412563421916,-0.0024725387668847543
160,97.57718202645567,86.91204062166184,-0.2198452443441131,-0.0053264500939515964,-0.2216822709127459,-0.029013685566037718
161,112.56916922237482,99.57788956934974,-0.20892992533983953,0.02626075587214582,-0.21742201636734956,-0.0009177610096167178
162,142.29311542643026,143.66077556838113,-0.10754714973781364,0.04548504017644931,-0.1018892208480407,0.04448562404283523
163,174.44322893214226,141.22560820783377,-0.08766505840492983,0.06526070012187814,-0.1045277745470555,0.04309221080313687
164,139.34378891280792,155.95185906140054,-0.15144007257098968,0.059582262481733324,-0.12721085276481353,0.07117683704977423
165,80.20195391625184,71.17094094452014,-0.1995156468070636,-0.03950019969915068,-0.20235627917072968,-0.05833741122460137
166,-364.5537821260687,-949.5422498471992,0.03194395015757223,0.14839682861746809,0.011920644546191857,0.12511220096638945
167,108.7620756642891,100.88908446148905,-0.1235015818920866,0.01082130205197858,-0.12360138251529518,0.001098920686129139
168,58.512426057541646,60.19010362522098,-0.0975882166031504,-0.04048698352235844,-0.10284856360242853,-0.040943906593075494
169,182.90154425975692,159.7342935769487,-0.11548597675246003,0.09573965813125322,-0.13145877096174702,0.07852596817893855
170,144.75725931314105,125.46504047760185,-0.10671048807457774,0.0477606898618572,-0.12490872080606473,0.031808056313319094
171,84.64973728935726,85.85274954916142,-0.23054917560176194,-0.03538990413209149,-0.23902188791988824,-0.03381502511634926
172,129.52892015101924,93.01554511147874,-0.10004531487136341,0.029542301143200694,-0.11781638837616339,-0.008228832497418126
173,117.78149136542699,107.70630978151117,-0.1304325392362079,0.02319285070199347,-0.1351255655973437,0.010413194678950369
174,120.29302073673816,100.65669739245817,-0.17454339502218702,0.035420127346459204,-0.18396361189244842,0.0012080842423696039
175,96.01765054008027,85.62645838525515,-0.1650290978932422,-0.006572035388661942,-0.1717745858765572,-0.024690091584522563
176,53.42362744520568,48.71740196763506,-0.18262264256394597,-0.08505900236999386,-0.17315525093950032,-0.08879851131123677
177,131.59344997899237,116.11972882996567,-0.08679991161487323,0.027423086657854555,-0.08909326660006676,0.014361592981689137
178,156.79681612140752,116.27796128403982,-0.09850253078084821,0.05594630128253121,-0.12037681674658762,0.019594891624969107
179,77.76193930180594,76.77146906503563,-0.1558902298375133,-0.03466696393382045,-0.1641389815160676,-0.038127074097795186
180,184.959221297772,173.50329169045827,-0.11357403212440847,0.09649161328937883,-0.11622755348947644,0.08543107766605326
181,50.773706269457556,49.375058185186816,-0.2096988799849528,-0.10322698661105054,-0.19974261916608316,-0.10111958473221348
182,134.20402497349158,114.14000731249565,-0.0994085551372097,0.034001727024918355,-0.10598866391819048,0.014986804828448564
183,86.6509031169984,82.17753147368262,-0.23888536134121752,-0.03188903832474755,-0.23163309019822909,-0.04128273459711572
184,83.36639389960301,71.85233114003933,-0.1407418611794899,-0.023410446806963896,-0.15523321483974709,-0.04369453127376334
185,39.40903672957074,32.329503467495236,-0.19070241759168963,-0.1155484317988013,-0.19030691804847058,-0.12878163637910697
186,70.59173186117741,67.65652766830583,-0.14184763078924584,-0.04171493161106848,-0.14053619984978474,-0.04545428691442956
187,120.96350572628324,112.24656685348155,-0.08402435722184708,0.017614450937674605,-0.07906384114497349,0.009682606162749647
188,100.18017133920401,98.15704188727399,-0.16685359088857551,0.000300622349213944,-0.16886536671834962,-0.0031121179755203695
189,95.33032241893083,91.6256847410552,-0.14015667837040066,-0.006544864988233805,-0.13216030208010654,-0.0110675203433619
190,250.7335540443572,205.23131606615962,-0.058368283483938556,0.08798058813002614,-0.0665137926297866,0.06999333934984074
191,118.77700390627662,106.86663384761333,-0.1304340674510925,0.0244916099404071,-0.1348165138717511,0.009257356373689974
192,74.57702445411061,42.34125779118772,-0.13846338100549047,-0.03520151149303748,-0.16892892352488742,-0.09740229253133648
193,136.10268979392845,117.9031135624896,-0.14093806209747986,0.050882431360627395,-0.1587881340454344,0.028428019961912316
194,101.70304441121611,79.59573563842793,-0.08850375602901238,0.0015072582707684507,-0.10939199912206217,-0.022320632691274173
195,158.5565920302269,152.05371430111396,-0.15269714410575458,0.08941424371581438,-0.15356575136127681,0.07993667747795806
196,178.41641892982108,203.77571368535138,-0.10271895967826782,0.08054852974166447,-0.0874184121950239,0.09071908114778832
197,152.68390587326576,159.70188129636634,-0.09082630979527274,0.047850847560702243,-0.0807357845951368,0.0482007822826786
198,137.85736150412816,131.84434424582713,-0.08527594412600704,0.032283222443840826,-0.08870329780302462,0.028246983509796354
199,82.17604832834962,69.07617686803025,-0.14452683393472798,-0.025760393033092334,-0.15528388377300945,-0.048019713570418926
200,88.49363124617105,95.60802530257287,-0.2259666199951267,-0.026000552557202676,-0.19553274640162935,-0.008587748747143924
201,158.12303353476676,155.26236943339958,-0.08529475695748535,0.04957590018979699,-0.07796743299672872,0.043086650860390534
202,349.07258865443293,171.4705751265817,-0.03867488991640468,0.09632854947404139,-0.07509339436181461,0.053669680832461
203,76.50947408057026,59.867076424764306,-0.17837890847518986,-0.04190214373016033,-0.19481265327878544,-0.07818401325526385
204,91.78607740876684,77.00866608557631,-0.15007101019703542,-0.012326716609466102,-0.16730447324033865,-0.038465530096453905
205,75.29316888013277,62.87868469561941,-0.16549423331122254,-0.04088838073732281,-0.19066708500919377,-0.07077812980793419
206,74.7327922158809,68.56799335314855,-0.1558082260297682,-0.03936838821569146,-0.1736978355866728,-0.05459671522704009
207,138.93353330189544,131.6851383685167,-0.16836481477396464,0.06555037122869609,-0.1691244605058616,0.05358731932628962
208,215.34208203498588,135.78343755337843,-0.04954272254254438,0.057143607677387,-0.08089850016823345,0.028948264289319556
209,193.96495981188738,143.45772099412238,-0.08353614656547095,0.07849470654864413,-0.10226066743254936,0.04444015553956469
210,215.5430390940491,182.55697417719426,-0.04123664288636075,0.04764607041126124,-0.04206611855205275,0.034728514630366115
211,138.1233968807805,124.18007860714573,-0.16887037827704243,0.06437912452463221,-0.17096122447955864,0.04133855846689616
212,77.56939348150739,79.45282669987893,-0.2907954473124686,-0.06522718256035032,-0.28758729383693227,-0.059091059653802895
213,363.62428160759663,240.2844672182776,-0.03719760178194408,0.09806191047290465,-0.05322249564769624,0.07466289445964165
214,123.92890782637289,121.39431559046723,-0.07726258262820136,0.018488092181377494,-0.0809141369580047,0.01731102581809841
215,94.42553366627192,109.07237990771976,-0.2025445343906939,-0.011290776880415508,-0.17241359530188632,0.01564201637834562
216,138.8722886871218,127.41621490535626,-0.16733474254634167,0.06504684419646596,-0.16990981718302092,0.04658284062419497
217,88.81749903960187,67.02462642903015,-0.1107634964309154,-0.012386129052157666,-0.13035205514297443,-0.042984077140832445
218,160.04960626763324,158.71677587996612,-0.09304406653111616,0.055872595607329975,-0.08295662962881872,0.04870945829672705
219,119.99705653195147,118.03545987813375,-0.16687623206821378,0.033370334465071275,-0.15992255652406986,0.02884276851798439
220,109.1553561704801,98.8830104293821,-0.1461572927818979,0.013381220723314194,-0.16105136612984472,-0.0017989269630080218
221,229.29907436774312,154.13208229430563,-0.0951812811386954,0.12306851548369241,-0.13263934904590136,0.07180044158015862
222,641.1481417196891,416.9994478922913,-0.04204583666873262,0.22753026380334218,-0.0630832910525871,0.1999736843489883
223,102.84130660044039,78.93319106786902,-0.1340679804325284,0.0038092823771065554,-0.14989757080474259,-0.03157863483534088
224,557.4812805695653,425.31056187231445,-0.03324751215240803,0.15210114435235808,-0.04145039931452443,0.1348425269083974
225,90.42230297166205,84.27599619615205,-0.11329401168198358,-0.010850957190150189,-0.12351241178553406,-0.019421096327381718
226,119.9320399628244,109.3617897036425,-0.2176747169335147,0.04338701156815305,-0.2096869307448306,0.019630449492353503
227,64.22074127944238,62.41108393519901,-0.16739108564760563,-0.059891289609007,-0.16755785342316415,-0.06298318088321544
228,98.41706936189996,91.59979261056964,-0.1225032840771887,-0.0019391420163365402,-0.1265005089709969,-0.010626305102248696
229,120.81262920215681,91.17347385591692,-0.13168790939583994,0.027407716286628376,-0.16739567224548713,-0.014775222774811558
230,123.01896552428964,98.24072325937799,-0.15164897398242205,0.034908025038952684,-0.16602973607466717,-0.002920922529277718
231,104.6229361669434,98.78423455426936,-0.09971705257539194,0.004609855688117765,-0.09493006849826631,-0.0011541269704103479
232,152.68794266958153,150.65528876991002,-0.19482126009307352,0.10264731382599492,-0.19945278269688052,0.10103338303472598
233,90.88895591046386,106.85490151444436,-0.14297579448130396,-0.013026587672556187,-0.13070202214560075,0.008959494895468193
234,73.37050312861221,72.81051267991103,-0.2573603329474645,-0.06853376181043826,-0.2452503958868754,-0.06668232529212999
235,105.26672580196261,98.36487756545078,-0.17623254887536022,0.009281685123074973,-0.1656078453973949,-0.0027078910334663877
236,127.14337641235673,104.90861503518131,-0.05360162962339156,0.014549292091834492,-0.06710282711694539,0.003293819460894098
237,82.4865087020709,79.55213154438812,-0.13769765290372296,-0.024115666458746136,-0.1374723036668223,-0.028110155816691143
238,240.40981904301862,173.90714527906604,-0.05829827384061759,0.0818565008048146,-0.07763586710861657,0.05737845309262789
239,132.90941879136534,123.01295265634539,-0.11679571243286806,0.03843679013489131,-0.116954910444864,0.026914778169947712
240,118.85814141153013,100.11513449015767,-0.08703570241458017,0.016413315839860065,-0.09790838378266772,0.0001127263184897998
241,144.66438893527626,131.01218171156438,-0.1569590233508192,0.070104788658421,-0.16293014393123786,0.050528192298868894
242,208.30738646405914,162.3334712072305,-0.06537759108703348,0.0708087602395256,-0.0786122673702552,0.04900175504658908
243,61.07392071204433,60.03086640491904,-0.14116149097006547,-0.054948633899068074,-0.14496911844219393,-0.05794290062177164
244,188.06867301937675,138.95577672392082,-0.09580650137011389,0.0843755144229503,-0.12661661688026335,0.04932448656725763
245,110.28916821249466,97.15597605669876,-0.2134270431191199,0.02195986747747975,-0.2286342837514581,-0.006502413772486756
246,273.18835532015953,221.99941132961047,-0.05357433953170682,0.09278451750860109,-0.06048821589929455,0.07379526732092323
247,135.28732561623502,117.56987818880866,-0.10590893580040224,0.03737243103257726,-0.11780550187148939,0.020698283178535393
248,127.31828153902956,96.54600990448525,-0.09896426428283085,0.027035336339812987,-0.11932668747642977,-0.004121531966741745
249,50.944097029699265,41.99810316299214,-0.18854239231644782,-0.09249117303264039,-0.18555447797350752,-0.10762511689064232
250,47.703072960608765,48.90343611492688,-0.27302195911208826,-0.14278209475836537,-0.2530184723824893,-0.12928374538195472
251,65.42956106304881,64.50593890330107,-0.21079153521446908,-0.07287155896558002,-0.20177663205286386,-0.07161872105970486
252,216.1153204702751,149.09971664726513,-0.07248186722029763,0.08416255240568786,-0.0966124596135524,0.04743644391620767
253,137.11082306408179,120.85506300426086,-0.08206004591689613,0.030453158446523573,-0.09121969511762298,0.01902392488907494
254,129.27183287723793,107.12540129968502,-0.09710652992574366,0.028424861152748712,-0.11030128169815712,0.007859408959689722
255,98.39431458653594,86.4660662716484,-0.24970809625013993,-0.0040095264777273215,-0.265427612226324,-0.03592279713545678
256,135.8684671441606,136.27487345326236,-0.0940498733600955,0.03373424792529053,-0.09851120446982357,0.035734814758713034
257,267.5179355160261,290.10383231441955,-0.06817721800780356,0.1142090680989329,-0.06420116508146155,0.12204887521036534
258,152.87941137686244,145.8263781770917,-0.13025037829361646,0.06887563335780097,-0.12843160290651054,0.0588555520468382
259,69.22326752939566,65.97879767214077,-0.16075869397392728,-0.04947627316759316,-0.1572762836151809,-0.0535072826624584
260,177.18156346588208,120.84058081509352,-0.09730138873330887,0.07509873309838343,-0.12613542861997407,0.02628735593801028
261,138.53565136083245,112.60232586389324,-0.1100107051464421,0.04239334179482628,-0.12614795901916603,0.015897576866245825
262,113.63274209656645,107.5174479550725,-0.11842100200274397,0.016144029791203867,-0.12904051379147724,0.00970055346523243
263,131.13006147776304,110.33424890707852,-0.13374550593886605,0.041635058222514204,-0.1461225119756297,0.015100664096837201
264,150.29945158446546,124.77887621001878,-0.09794556416067055,0.049266081624128016,-0.1097073543941281,0.027184249538607583
265,144.77637233696856,129.47905379303555,-0.10659494090619338,0.047729347632528785,-0.12166145503850774,0.035864645776191466
266,-1393.568757474946,-5025.206633484053,0.012980563086427303,0.1938736348032038,0.0034607547195305267,0.177370830453991
267,39.31713754958198,48.169024978032695,-0.13593180964676405,-0.08248731307430988,-0.11955373612251557,-0.061965867107489754
268,152.5534497696571,144.0194911461001,-0.12444187613008381,0.0653984988644425,-0.12862698807407616,0.056620945626763196
269,40.97871639621892,42.22715049646923,-0.22743168168866515,-0.1342330978543157,-0.22196345405922266,-0.12823461226647337
270,234.51642062009887,168.54831603528157,-0.04940267779240758,0.06645471385682718,-0.06883330695122845,0.04718407278646353
271,122.25555987434025,111.59200147127324,-0.1184236729701126,0.0263558514432563,-0.12274453092006989,0.014228547830161921
272,69.09379636240932,69.02654019698491,-0.21509591720428145,-0.06647798218729867,-0.21770916661802167,-0.06743206120991209
273,138.17849935187255,135.48208639154967,-0.0744008942504585,0.028405144929198666,-0.08483567240244369,0.030101466572687134
274,141.71556899407702,135.39819996826677,-0.12490657698398715,0.0521054892998951,-0.12191794054750006,0.04315675639219667
275,215.43815447093056,201.7521171793918,-0.07221060280415034,0.0833585872094452,-0.07502403334414019,0.07633854232103551
276,511.9406327967951,437.59555528124724,-0.01860995033870985,0.07666194718845067,-0.01938463877072641,0.06544167889729775
277,239.4777939251498,185.84075124407062,-0.08056551585277584,0.11237100417586855,-0.08933014363404282,0.07668166638286968
278,67.28885197361816,68.75836496335688,-0.19135375515536496,-0.06259401010291173,-0.18603430065398566,-0.05812015725328958
279,129.10602435435655,127.33864740036232,-0.11533652791710015,0.0335698779050204,-0.11676812605066429,0.03192282625700172
280,165.08193933619378,146.5317454132207,-0.09479888277729265,0.06169695138050705,-0.09959337869858688,0.04634253742445122
281,165.38426559441524,135.43524867327616,-0.1544603864791666,0.10099278933369853,-0.1740958366507983,0.06169129264703105
282,136.98388835497204,104.07658248382484,-0.07221395294821602,0.026707527735080255,-0.08856745595775309,0.0036105253959430334
283,103.91144644661993,103.45961012423588,-0.16515362432121528,0.006459895569976201,-0.161349710972657,0.005582070936235359
284,60.306560714806245,59.465475980036,-0.2891402302548494,-0.11476970174527808,-0.26265862973921816,-0.10646742536215169
285,104.89627380147972,126.35761038910273,-0.10245631611256677,0.005016541763780858,-0.08045404899823265,0.021205764777211977
286,91.95207196823026,80.91728643362421,-0.14928032935086358,-0.012013973471746344,-0.15367970106554368,-0.029326257164000266
287,201.58079576131107,154.34809346859848,-0.10192854005022021,0.10353982209090037,-0.12527498726860029,0.06808456717351372
288,105.56600942031744,94.58510675100152,-0.2096120060156597,0.011667024000947953,-0.20954785160926917,-0.01134679247021167
289,86.6443068995573,87.30318914049577,-0.19220363568877624,-0.02567012771048593,-0.1875428591874291,-0.023811962111534232
290,169.73234059205845,199.77813288457594,-0.07982316566328276,0.05566256175168339,-0.06648224982060703,0.06633474757066103
291,80.95755483015085,82.12667542749253,-0.17559426022827315,-0.03343744072537114,-0.18031334505526778,-0.03222798940927336
292,157.16398608106272,139.29062824120467,-0.10887943242927163,0.06223982359900894,-0.1183139149690423,0.04648628048810143
293,81.91667435770304,77.28575567512017,-0.2638838895118466,-0.04771898305798632,-0.26018541174754317,-0.05909915012203153
294,334.5027793113576,289.38764668378974,-0.04041690703815098,0.09477877031615174,-0.048587528000650256,0.09201877586225891
295,113.6549145834862,124.31716185530426,-0.12148205996975939,0.016588271523130128,-0.1091309798929264,0.026537557014842464
296,-3155.957309447125,1459.497324963498,0.0034113558122035774,0.11107228891869171,-0.006962121175788932,0.09464985114556776
297,243.01412326564048,128.1477526644773,-0.051069649593337485,0.07303681162074634,-0.09063320196715974,0.025511209521612316
298,86.12969494035835,73.68706327110203,-0.14904444194484756,-0.02067291877219085,-0.1651988461582044,-0.04346866786647783
299,157.65670514659638,128.96613588111308,-0.09809543912873525,0.05655859810071381,-0.11368501488584003,0.03293015588829605
300,1051.453134167535,485.1325847313586,-0.013601578309335918,0.1294126431204282,-0.029519158765953124,0.11368789914626867
301,171.2356505967357,121.02610864608702,-0.10128216720809455,0.07214901074915983,-0.11958545680876309,0.02514416807353001
302,153.37712064896928,143.38072829466074,-0.11211022837923987,0.05984121186182188,-0.10735433037847772,0.04657109037403984
303,164.39249901018272,153.03378113086376,-0.13721415649224578,0.08835562436109992,-0.13955583069425792,0.07401173380575155
304,124.32391824771929,102.38522286256513,-0.1468967686331103,0.035731049910859104,-0.16952631627628648,0.00404358045388644
305,110.39941067035473,90.42451824522402,-0.15024739405626122,0.015624843529416722,-0.14860564834626933,-0.01422970674396358
306,497.46037575961,310.60101802364386,-0.02977798955815295,0.11835570919149213,-0.044761359742841435,0.09426787929964955
307,153.33235756057599,141.73998140701946,-0.1741085489637157,0.09285619387685932,-0.17836007282353625,0.07444746123409036
308,92.1109427295098,89.56546291567284,-0.13133574816039306,-0.010361152389000185,-0.12364146055993278,-0.012901414053729921
309,133.36432648997547,149.76452493491678,-0.12013115928422981,0.04008095219978291,-0.11641142203834648,0.05793159114736411
310,84.19117554176559,78.43953358883468,-0.22548368104636807,-0.0356463193185855,-0.21527002159271894,-0.046413220698806504
311,103.9576168394832,107.27636589647129,-0.13962700936774133,0.005525902035204511,-0.13362844924025338,0.009723294908501236
312,128.65695132522205,128.02071209198388,-0.12680712953255982,0.03633905738705694,-0.12615982582108956,0.03535088156907583
313,114.97890612318326,102.02971583560812,-0.12123972194525388,0.018160384134188,-0.12908789684712463,0.002620117484159547
314,148.7612408372077,135.05005408221444,-0.12844213766994814,0.06262998008570128,-0.13851779605267622,0.04855056242995451
315,135.6606717699645,115.45322282140629,-0.1081447279969058,0.03856513648749747,-0.11826669205360746,0.018276015446550352
316,185.47148744261423,149.56481546708065,-0.1271859745782809,0.1087077442904419,-0.13787814970292714,0.06833905046968103
317,235.76586221718227,181.86518093829886,-0.08915781494022083,0.12104587618759056,-0.10282265995837687,0.084175956620497
318,101.97580460635291,103.10501639515543,-0.2205028612452121,0.004356705689622878,-0.20510392215497897,0.006368510410018946
319,54.056086697982394,53.187986080142124,-0.17817100013645712,-0.08185872983203153,-0.17202886555080907,-0.08053017648781832
320,707.9327462867016,294.23597030828387,-0.018565327882591076,0.11286470765376666,-0.04013362742858623,0.07795394065582602
321,-378.79884936194605,-311.1301155398608,0.02563651170850962,0.12274732307688464,0.03346241287607842,0.1375740567198465
322,-1414.6259401615982,-3225.5259549503153,0.00615734632756569,0.09326076470289747,0.0027959885856425936,0.09298132611299266
323,273.5945613826665,163.21354729869657,-0.04173250114114655,0.07244535230998965,-0.06804848141838452,0.04301585898745524
324,77.69899631489986,68.32407075657093,-0.219501208006569,-0.04895097248638427,-0.2309319522947259,-0.07314984180934675
325,155.18129154553125,141.19097768295507,-0.13572299158221707,0.07489369967930005,-0.14327528540507725,0.05901649083639557
326,161.98262724657465,161.45633068182082,-0.13789583830629432,0.08547146344592972,-0.1319137400744554,0.08106934431491489
327,79.5786697596743,76.6576738886839,-0.1634594080443346,-0.03338058552561508,-0.15982707289018933,-0.03730735656819889
328,103.57090637449913,84.12312350459689,-0.11666937277027022,0.0041661540693417225,-0.14205063257273512,-0.022553203494512005
329,108.65029892194504,101.52127263333126,-0.20224043107565778,0.01749440182907464,-0.20635439488666313,0.0031392129370871194
330,350.44495099232904,203.96173145458317,-0.052634105684136734,0.13181946018588692,-0.0809182217038298,0.08412398434555977
331,99.37276240105965,103.5509440827487,-0.1663894928549821,-0.0010436574598726206,-0.15918407506741641,0.005652537494284665
332,92.99089254379702,88.42742278075698,-0.16152485153975268,-0.01132145041289361,-0.16994553559195075,-0.01966707833703464
333,126.26819459063292,114.51220437666755,-0.11464580902716913,0.030115384205262163,-0.13739774726417664,0.01993944189191447
334,106.24586983446844,107.23433482952542,-0.16107822906252242,0.010060736518912079,-0.15920332043732258,0.011517301260158212
335,68.156697308549,67.68496543597603,-0.20342333141859825,-0.0647767071686578,-0.18981508007604314,-0.06133880873430315
336,258.24303010209627,198.04833869772943,-0.09328881718795538,0.14762305106462584,-0.11344843591034387,0.11123430668865047
337,132.52488197650996,136.29241573555703,-0.20932035753737213,0.06808119924183893,-0.1896636833046361,0.0688335324442888
338,298.6843866999784,185.83498088991317,-0.04852030745491289,0.09640227529173759,-0.07846945971000734,0.0673542457465029
339,117.25463458919903,136.97025863269786,-0.1248874810593144,0.02154887850443982,-0.10337044280421899,0.038216320054484776
340,75.41251596699632,64.74592560460762,-0.2029512416333374,-0.049900604131379554,-0.2031339733893109,-0.07161300210098422
341,71.62064127099829,72.95182173272711,-0.2658180836926118,-0.0754374675376843,-0.2628905620982472,-0.07110710788416966
342,83.93555792945382,78.90445143736027,-0.1899138815262087,-0.030508605481703508,-0.18612059479475904,-0.03926316046000229
343,110.2775201342696,104.21397265577595,-0.1671221599669225,0.017176013639426693,-0.17116189469136192,0.007212715439401983
344,84.43455453913164,89.01031126268242,-0.17443122214153706,-0.027150996749167114,-0.15530072149254087,-0.017067065898838715
345,530.9155859517929,701.5947644153633,-0.026780249880771316,0.11540027069308001,-0.02102392311592522,0.12647882074011746
346,212.96398638143552,184.26482145777618,-0.07433069119965748,0.08396691188400797,-0.08255543732839328,0.0695651918684569
347,40.923940830473114,39.726849198722256,-0.11984749506571724,-0.07080117709821893,-0.11312752306790569,-0.06818552257646907
348,70.80252217278732,67.30915387990103,-0.1573035232357596,-0.04592866131818527,-0.15730595163012104,-0.05142464658516018
349,80.10271175606324,78.85629450614498,-0.1590073177851298,-0.031638144348659775,-0.1625655756277525,-0.03437238654512215
350,139.8391718060803,145.93674027083847,-0.09435925636409291,0.03759194625783069,-0.09238613905079568,0.042439180742019675
351,94.7314792995553,75.53290925698583,-0.16694325929682102,-0.008795440174050062,-0.19403771428539468,-0.04747538362987808
352,163.4416573491768,148.94955434485195,-0.09830064360947342,0.062363557490757594,-0.10855169412345735,0.05313557050721922
353,143.3585393373393,113.26877267369863,-0.11237322443886237,0.04872338872296071,-0.13968890646434562,0.018535003449129533
354,140.62489607743677,123.33982916079171,-0.12357914309124317,0.05020389845420444,-0.1365893563992619,0.031879722435412663
355,66.70122109198334,52.281217893323685,-0.10400773754073259,-0.03463330657091879,-0.12935841411755855,-0.06172825976940978
356,55.92235028579891,46.01650946534109,-0.16339238759306923,-0.07201952426294281,-0.19767593455130755,-0.10671236941780365
357,495.0606004016248,420.8983529108751,-0.02552560592391859,0.1008416120191855,-0.031817839271613274,0.10210292215443656
358,111.48659155844369,115.72874497933732,-0.16724738273727413,0.019211023747217743,-0.1609477122470614,0.025315055209417965
359,118.77703259781708,106.64737365934303,-0.15428243868925698,0.02896966380538895,-0.15828689345546268,0.010521921261750767
360,232.0496062744037,140.98052209255277,-0.05522471297518509,0.07292401604990145,-0.08127331464170803,0.03330622866209508
361,95.21701160703874,66.72332591223383,-0.1376426989824248,-0.006583434316087996,-0.1600305026017889,-0.053252828791811445
362,764.3645067813507,428.412535559019,-0.029208696402261737,0.1940522117901483,-0.054105719491105916,0.17768996526319125
363,142.37582885939986,118.31336958711098,-0.14094502526862415,0.05972662269367004,-0.16845953571174166,0.03085061737962247
364,-1996.667257356908,693.013380457765,0.0066325259916323745,0.1390620008022426,-0.019226366001647652,0.11401492296555318
365,70.00366917875867,66.53842671699555,-0.23205893296107707,-0.06960916523124733,-0.2452272529561909,-0.08205689695783454
366,142.78240568740162,96.02812515884804,-0.07590630191847232,0.032474542029064746,-0.11579088322515159,-0.004599068959167442
367,78.88485934982697,72.79745560632655,-0.21839592713481032,-0.0461146071887646,-0.21501583113077913,-0.058489776916776155
368,166.00946194304098,149.09294519528396,-0.13114246323256093,0.08656643435866382,-0.14070404936593708,0.06907576184276476
369,99.06470412185821,92.87090823442607,-0.15207589227664328,-0.0014223595521107944,-0.15214247451025664,-0.010846376622251137
370,88.68535232771397,95.65445756672162,-0.12448835399215714,-0.01408541864724079,-0.11792995477617929,-0.005124696226344872
371,104.56069070118761,105.99638434789999,-0.14678564430794463,0.006694439230630772,-0.14901307559616472,0.008935396741372802
372,83.38764761526511,77.82501740798523,-0.1832699707313456,-0.030445453353291626,-0.19508954633136136,-0.04326107293781997
373,223.1578827170278,145.87236869301455,-0.09165214832477722,0.1128768453414655,-0.11878397386588208,0.05448902243997148
374,170.4079340444395,180.14099869460375,-0.08686327173724247,0.06115863507359992,-0.07733708898888818,0.06197871547702943
375,88.63115863012905,82.94052274282897,-0.16996315829605646,-0.019322841853901325,-0.17640692799856775,-0.03009409976198973
376,506.7015949754187,205.46590312910547,-0.020152696127334644,0.08196133658041943,-0.04929609790260353,0.05199057486038884
377,109.80207334788923,86.46976458401475,-0.147974142510592,0.014504533984798356,-0.16299944601651314,-0.022054208772786032
378,99.66647717716236,100.91589641106444,-0.18807895226085755,-0.0006272862307438674,-0.1847342926549958,0.0016919747564323954
379,209.11574600332017,242.48094890436425,-0.0935681652108337,0.1020976014914203,-0.079294627126771,0.11297973716040074
380,90.74917141466334,64.78484460749084,-0.15768323620466201,-0.014587005889104795,-0.19546296455287815,-0.06883258670210111
381,122.94889471692008,135.2266696217798,-0.11192149264471223,0.025684745512640442,-0.09874177743514209,0.0347834397157506
382,86.07863845194873,82.20837669022112,-0.16704305199693306,-0.023254667209392312,-0.15752239854109765,-0.028025791776960712
383,189.22170762260538,197.87503916940622,-0.09699278396795952,0.08653861812691811,-0.09386907617945382,0.09187439507860018
384,137.8345062233202,82.4349662887051,-0.05602869555247287,0.021198180305645478,-0.0812297798255047,-0.014268038209960535
385,95.43311172017923,99.8493698672034,-0.042037500023938336,-0.001919805661722894,-0.046746118750387054,-7.041374075096255e-05
386,125.34589799838342,94.47256536802647,-0.10423778897436468,0.02642000366921264,-0.11394313829976162,-0.006298132487138528
387,103.07786975317961,93.1113658348133,-0.18144473714377363,0.005584632683284473,-0.19603289971384605,-0.01350398930469418
388,309.255926900267,198.30225290833516,-0.04083356849976384,0.0854466622506363,-0.057829947157991106,0.056848140912005005
389,183.1418328504296,157.37035946263208,-0.07755766988086553,0.06448286825503721,-0.08517657782899057,0.04886610887846047
390,105.65614384546168,88.65796813751112,-0.12448401669714165,0.0070409950489988766,-0.15200196470477514,-0.017240111268424695
391,91.01389663875932,92.86438427078815,-0.18686350142906757,-0.01679174738284948,-0.1806676856264627,-0.012891751793164891
392,132.0655981913481,124.49946533895648,-0.1539097719468643,0.04935208904970172,-0.16276746721399601,0.03987715921319033
393,100.28327895433536,87.15081245115567,-0.16864917400169796,0.0004777476166072146,-0.17199802357657284,-0.022100348629659337
394,48.22268780127208,45.15207252993294,-0.2253723590514001,-0.11669174995568148,-0.2286882797585649,-0.12543078181452172
395,137.78454352275529,124.95178467692212,-0.1508597484491758,0.057001667311097966,-0.16365743915377443,0.04083545182541463
396,93.2375705402511,94.74302301151802,-0.12261247103680278,-0.008291581862718826,-0.12102413745572402,-0.006362211056556211
397,66.18059812065997,72.36223770815032,-0.13768680167266303,-0.046564852792487774,-0.13253171531687755,-0.03662880044058954
398,127.72149240519536,118.25511887884421,-0.11470608774222345,0.031798239401757196,-0.12377315081732834,0.022594935821794417
399,61.61255771161467,57.25554716423667,-0.19699768390790154,-0.07562237221960146,-0.1899952488968858,-0.08121242955492051
400,86.55890289788465,85.70128344296185,-0.16113810295146597,-0.021658728886213154,-0.15596739273165666,-0.022301335408102113
401,134.27404770499146,106.90485742449714,-0.11234624029142876,0.0385056039922486,-0.12444507423861106,0.008592754947985708
402,93.62195383148453,98.86907459264941,-0.1668590382782369,-0.010642346497726848,-0.15365045250927803,-0.0017376720059365934
403,141.03354734382927,91.0865447952661,-0.09593223900498894,0.039364400710107605,-0.13522600647687813,-0.012053309512467103
404,267.4364628011742,229.62788495147558,-0.044049273069937556,0.0737545447179336,-0.047425493569920055,0.06147666424248543
405,109.90516560758543,98.20482815474018,-0.15283831964182845,0.015138888672373894,-0.17129705944911816,-0.0030750765829885367
406,150.90180357533737,116.91578491593533,-0.12066044642079533,0.061418343430238435,-0.1391121737453608,0.023531916102647484
407,189.13416246313096,132.0477578902636,-0.06568103559900564,0.05854424097828457,-0.08776731558638683,0.02812745680590883
408,90.30448056778897,86.42692080158363,-0.1980639609659827,-0.019203329823663715,-0.196652001748013,-0.026691731942528944
409,123.74578068882045,120.49457524181801,-0.14778266911283436,0.035092148503618824,-0.14634186903800625,0.02999214446027699
410,216.546987117125,156.86126375407525,-0.05439840472707356,0.06339970174918394,-0.07147233401476616,0.04064007235532983
411,107.24797607209094,100.25838041728959,-0.16719698574686592,0.012118397520190121,-0.16381977395544753,0.0004232782155489279
412,110.34824701410261,110.1576494364585,-0.12212704166898797,0.012638007942922923,-0.11905098866780266,0.01209278207951332
413,121.17798990969995,109.54997986382058,-0.16354795897316837,0.03463617024885778,-0.16780782439176606,0.01602561343932905
414,118.32596259498223,106.5934658753388,-0.1556480568213501,0.028524004672897316,-0.17408750068394435,0.011478399950826066
415,181.24235972614383,173.5717822862159,-0.05343479058259078,0.043411684784020035,-0.05786440854073438,0.0425718766727956
416,58.32557613270652,51.05196028145519,-0.16337895935202318,-0.06808724003033526,-0.17414412932060075,-0.0852401375873617
417,114.8334763567512,104.75303421374866,-0.12427428572708399,0.01843419679084847,-0.13205149866997762,0.006276452911551918
418,156.99070768329162,159.33094499787376,-0.10928089687766607,0.06227995649323005,-0.10386732703943695,0.061625466676529975
419,74.83143764243052,71.26394547507383,-0.13329915393832004,-0.03354948068107864,-0.1379084445119414,-0.03962944580942905
420,104.85973506242621,110.00898949311433,-0.17528823588141215,0.00851854385943734,-0.16227176880895977,0.01624176429037954
421,110.91578896171184,101.45499002260263,-0.17853659274327105,0.01948867768328637,-0.18140606720098215,0.0026394401781701044
422,82.82256026041485,66.46315969165705,-0.23773205100908743,-0.04083627980376585,-0.2508936055764404,-0.08414178784601464
423,41.922776656322064,41.158064851262324,-0.2701631152931696,-0.15690323586105223,-0.2656949155525923,-0.15634002990294968
424,65.88295287274335,61.849054042065646,-0.17989363375073245,-0.061374395805671854,-0.18398505951320868,-0.0701920406255576
425,216.8773236503942,195.25996328739208,-0.045337264619575865,0.05298898150365734,-0.05116047798823425,0.04873545254924626
426,134.12629375932696,146.04128268039653,-0.0974708633383572,0.03326319315259987,-0.09200357073234597,0.042359624076937955
427,71.0681408118586,63.808426350427325,-0.17613017875506165,-0.050957735305236174,-0.18081659106579442,-0.06544036972622364
428,108.12080321104713,93.46156364755723,-0.24250246153702865,0.01969314768336738,-0.2473843517407309,-0.016175068384470852
429,68.1936460763395,60.221601289141404,-0.1676002453969147,-0.053307527227866205,-0.17736177674233877,-0.0705516747132304
430,173.69452614380245,150.40919925073024,-0.09721899427465355,0.07164507715247637,-0.10231605720926822,0.051576705144111154
431,109.75082280355046,92.80901870152545,-0.17534901064450453,0.017097971315724506,-0.1978342383802306,-0.014226223083901944
432,144.4543226160116,121.66543706348551,-0.09450883392923742,0.04201326193553384,-0.10152248606387636,0.021995290323454982
433,108.55713952718682,98.56516976880182,-0.13323564415048497,0.011401159969903122,-0.14538018460926608,-0.0020859588389454654
434,66.16706684277986,57.812378642691165,-0.1769986713478772,-0.05988384216629505,-0.19227169520647228,-0.08111485475098545
435,100.36103203234283,97.30492649474802,-0.10923788828386723,0.0003943837681596513,-0.11700934029824442,-0.003153487729048129
436,202.7619250489043,185.13351536088547,-0.04572817872770414,0.04699115675039233,-0.04945923084905225,0.0421063818922537
437,2255.781769888462,464.245889837974,-0.00861825102491275,0.18579068447829458,-0.041509298078119004,0.15119591215014158
438,252.76904037672438,257.8681318070397,-0.09467974039203642,0.14464133082808794,-0.08450787774126588,0.13341100781991355
439,328.5807692174999,173.79090040166426,-0.04844686404414294,0.1107402144938583,-0.09533510389564777,0.0703486315634606
440,339.1631511046733,243.22635538858268,-0.07043867085266242,0.16846334480747652,-0.08586979123804395,0.12298817237003487
441,92.56228700047812,80.6951604270595,-0.13340642028615815,-0.009922386663820379,-0.146338601124195,-0.028250432180311133
442,377.3894925481191,371.4597766518131,-0.043878844756112256,0.12171530480495676,-0.044133605309815055,0.11980498640241669
443,198.84366778606065,170.01863155415174,-0.11665424256909698,0.11530533198334356,-0.13461089130494508,0.09425270401456917
444,113.39512312734135,103.51334321908374,-0.1784324469141073,0.023901245963272647,-0.18677139355701464,0.0065619200907235855
445,155.256949878845,116.73328578141273,-0.10981458977591077,0.060680192832134244,-0.13000150787011333,0.02175352383205185
446,97.24294409442244,97.59826623283602,-0.21215633277308957,-0.00584926870177727,-0.2126511339792392,-0.00510731409103648
447,135.67103103274997,133.8386879248986,-0.10363337373287831,0.036967092904540796,-0.10287186685930438,0.03481048998903721
448,79.41786980560933,84.39864674322631,-0.25322276888811834,-0.05211863997439351,-0.22916858416526864,-0.035753400369170296
449,63.49374405590103,56.15675213066152,-0.18536581267156116,-0.06767011800673915,-0.18295614808640615,-0.080213917497717
450,68.5714714319509,65.06075048034955,-0.12017156770738885,-0.037768155487589175,-0.11375393533209376,-0.03974477130410205
451,65.15213545198925,59.219676652952145,-0.2298189647210517,-0.08008700153163273,-0.22390724755457617,-0.09131009955023106
452,94.73129025427662,83.50890817399946,-0.15326710231347654,-0.008075198756577964,-0.16051595738374838,-0.026470833927537848
453,200.613145225975,160.8891911634148,-0.11671322826347873,0.11742884985065757,-0.13993088445798518,0.0852027837342797
454,101.7764422886479,77.55123517656392,-0.17339428239255203,0.003080249358518872,-0.21019865216230904,-0.047187001085949205
455,150.96027091533767,127.14752203850861,-0.10556971102354538,0.05379861074213784,-0.1112084895759955,0.03019034921633593
456,192.52164918406368,180.5900101107635,-0.10561556178503735,0.09771725955853025,-0.10821547428605835,0.0872108616685451
457,58.25498303304176,65.27967440673041,-0.1639133009224806,-0.06842563528119083,-0.15012441114691227,-0.05212368434518664
458,164.1300176813252,118.00739307320912,-0.09247110665224628,0.05930173704620263,-0.1223908746554088,0.022039405884938135
459,127.51285320477564,100.33646902141918,-0.11433603100469672,0.03145710437048895,-0.13433505572649593,0.00045199584742582944
460,139.30475613906322,127.26363007282093,-0.12085762357122998,0.047502794220138936,-0.13363215978373627,0.03643297770175885
461,357.74909320606685,240.58061020778626,-0.030565635839907727,0.07878264921003073,-0.04111700814857464,0.057802540954451434
462,138.4886738438811,146.23068074892308,-0.11274194391571433,0.0433928790789706,-0.1078635205466355,0.04986603982846413
463,233.04450041787516,211.09110027789785,-0.04811909552363267,0.06401981024501724,-0.05726017081650768,0.06361095378106214
464,56.764233365171854,52.970947225628784,-0.27927772313444227,-0.12074786463746892,-0.27314462224513625,-0.12845732854602201
465,142.0473391257519,148.35044707846075,-0.05386207060905281,0.02264756748914038,-0.046361747141461046,0.02241611201628191
466,27.309243827368533,28.157139729936254,-0.10976964323870962,-0.07979238371821785,-0.08575687623263852,-0.061610192763785994
467,159.78817494508505,161.0960768149655,-0.10573235120703639,0.06321544311321464,-0.1087562203233048,0.06644578390977941
468,55.67858715477975,40.54652023508113,-0.22453155987204168,-0.0995155596187005,-0.23042620975662148,-0.13699639999072247
469,88.96091603908398,61.860586855970844,-0.093201054037267,-0.01028854260763261,-0.1229108092055522,-0.04687746132157498
470,136.34945129321324,119.06319883011682,-0.14670378532925787,0.05332602099355869,-0.1611057939261712,0.030711917822984283
471,208.7806426566951,175.36530184685415,-0.09563356631740952,0.1040308080355948,-0.10495113550301578,0.07909674006354878
472,148.9132491787742,116.10408130217682,-0.1572850900786498,0.07693324803122946,-0.19192532346284083,0.030907810129921758
473,145.50543460554138,110.49768571064669,-0.09764130412405864,0.0444320997961713,-0.12239883090736527,0.012849044582161094
474,277.6533948139318,201.20591413393223,-0.05584811658078685,0.09921607504541018,-0.07479462732525104,0.07569658630758817
475,150.30948037623938,136.11146915910507,-0.14778672943262988,0.07435073564259494,-0.14562852624091,0.052588600340345466
476,56.21463127136863,55.66570262492454,-0.2577060212235497,-0.11283753162861623,-0.2579250459889757,-0.11434925689355263
477,54.997992728056666,55.124554497899624,-0.19081881387554345,-0.08587229649650807,-0.18840918807876514,-0.08454946251723605
478,84.69880061214138,75.68592376243498,-0.18444293979343807,-0.028221981974621984,-0.196893273454454,-0.047872780614353315
479,107.29261647692911,94.76486978265267,-0.12907294388611748,0.00941279477309649,-0.141957560541218,-0.007431663147702435
480,68.16677484045483,61.14069726945493,-0.12536556940759389,-0.03990790398206522,-0.12103637646563181,-0.047033891944862065
481,138.33991988872145,111.53775349218151,-0.14637701075359133,0.056120828658432084,-0.16051557112478645,0.018519890912945147
482,104.56807793237618,102.0413524042228,-0.15853538979961518,0.007242020156442788,-0.152973023416689,0.003122718491328883
483,135.89769373069365,129.78295693696924,-0.12291342985535733,0.04412308660336714,-0.12540569377217284,0.03734952377267376
484,83.19873473377214,79.16678119637474,-0.1640283391158192,-0.027558836366636582,-0.16354808781023836,-0.03407233098265212
485,109.45274835271404,109.93457206976909,-0.13816978608793878,0.013060842178376124,-0.13789318205821147,0.013699097550870927
486,108.09050409283604,90.57777898260962,-0.1305917665321977,0.010565532216194358,-0.13844370582249713,-0.01304447194726143
487,68.96273873392784,62.14948454750006,-0.17048343585677528,-0.0529133894022439,-0.18119647573478928,-0.06858380004738172
488,107.15669449733565,94.71190309683702,-0.23022592015465412,0.01647656575914849,-0.24671052616500894,-0.013046291693908953
489,43.16682815407911,46.93214230424358,-0.1548738816272794,-0.08801973928967981,-0.16914789730483715,-0.08976316543709519
490,101.6541483101202,107.99314288477697,-0.13954588825228628,0.0023082959523674095,-0.12418776854692339,0.0099265057853717
491,93.90752822652011,96.6660816107868,-0.13589429558332156,-0.008279321600183178,-0.1379126141541503,-0.00459789400432986
492,130.41306897334596,106.78160652506428,-0.09310379896758483,0.028315722596816945,-0.11362200111012703,0.007705397041192986
493,113.6624953212466,105.12220383017387,-0.10581558641000902,0.014457049542417132,-0.11427296873475555,0.005853294381385045
494,128.07274486293028,116.24888161348461,-0.11459477923155117,0.03216989999991157,-0.12306037436083712,0.019995934543003403
495,73.53678092562089,67.59287575343235,-0.176566959887627,-0.04672530140803383,-0.1870272618759622,-0.06061015713109652
496,111.63023597867152,100.63072946448474,-0.1844901065272961,0.021456634746427013,-0.1882356780803236,0.0011872578843252727
497,107.6051117777893,96.70001875250195,-0.11407983131657355,0.008675898687538897,-0.11347841892606755,-0.0037447665445175062
498,78.30419193572094,90.09449845833242,-0.1468723039578587,-0.03186513316628156,-0.1260054806925732,-0.012481474832588492
499,231.957715367798,164.93074200124624,-0.08039632281057181,0.10608915082055041,-0.10833137337463229,0.07034036455228927
500,190.2928083839161,137.82830624882752,-0.060332570626405346,0.05447597238879103,-0.07574050359599764,0.02865134965469821
501,115.7126325032444,115.14523131833604,-0.10969409231466988,0.017235829603173724,-0.10488001744348234,0.0158843212485266
502,122.14230323339474,120.30152433014337,-0.2374223951069996,0.05257078666858044,-0.23504763338821835,0.0477182524797353
503,119.20509171276883,112.88474949188469,-0.19617192850186285,0.03767499878349003,-0.20191774069141036,0.02601659506776155
504,135.55758239958803,133.02204349242467,-0.14392559058947552,0.05117646046794649,-0.13773284245547435,0.04548219913899951
505,87.87539701942201,75.45879884001828,-0.2598464140932051,-0.031505346068069776,-0.27473325544929095,-0.06742284087317693
506,77.0206566666962,75.23391954959749,-0.14051267726249903,-0.03228889053496676,-0.14004030036624215,-0.03468249345168886
507,85.00350631926055,77.44755557662161,-0.18157407598972874,-0.027229744831660713,-0.19583637857988936,-0.04416589043998644
508,67.0261474455064,62.18156195977465,-0.24099010033491788,-0.07946372035536202,-0.24217288126511277,-0.09158600105147517
509,125.20735792791464,115.90365938013511,-0.07873161607875614,0.01984616026740366,-0.0805299927514434,0.012807215746037041
510,305.5146553404966,201.79729192806155,-0.032634579398852885,0.06706884337337322,-0.04781370620490168,0.048673058087029444
511,187.7609920398882,212.12172084206463,-0.09214069200783723,0.08086358537849593,-0.08071767294240231,0.09050204392669108
512,105.57569861115883,118.11353129951002,-0.15340770758859948,0.00855355142142814,-0.14685024692038076,0.026599765439330892
513,106.23282995272407,82.12786101879003,-0.1555333618806479,0.009694129965775728,-0.16729079178825745,-0.02989844281116397
514,91.41253534337507,81.43899499215766,-0.14877184947775537,-0.012775729992909494,-0.15492456434804713,-0.02875555614701896
515,214.8499194221249,188.03968691534087,-0.07799468004122641,0.08957682718089263,-0.08682124516479935,0.07643715241908988
516,170.8666991928063,171.57191680094894,-0.15766866679693822,0.11173457982029426,-0.14982835156378355,0.10723502312546444
517,64.96307919521237,59.47729777299078,-0.2506358749640906,-0.08781509301955497,-0.2560925903372285,-0.10377563780778971
518,255.9170531688765,200.54574654792643,-0.0986725817694253,0.15384738178053797,-0.1146422268411469,0.11526788283659843
519,168.58481910183895,125.1026647607753,-0.08588883486050701,0.05890670201775592,-0.1047096043117376,0.026284900942709813
520,642.0144633019813,363.9786217226677,-0.016931574514415477,0.0917715827328841,-0.028576632817725132,0.07543620144697835
521,397.23933439135976,214.30093174309857,-0.045462015551373164,0.13513099242579804,-0.08359812569412996,0.09555343658815721
522,66.81385695271791,51.27361732516813,-0.1985064692226242,-0.06587664083432905,-0.22971838549026724,-0.11193345958843307
523,113.50985472909348,110.06432949025242,-0.16418778214311214,0.02218153085045494,-0.16528024746283732,0.01663434868696453
524,282.71611966796144,221.09953188799483,-0.04802496793432635,0.08774935788138385,-0.054658397306641016,0.06619106327582264
525,343.95077980135505,215.8120000182198,-0.03933891664601809,0.09596759392336619,-0.06300895781634021,0.07297193423774002
526,196.936404494971,150.08034212124582,-0.10735733186740622,0.1040683374739973,-0.13148034253356244,0.06584580536299396
527,90.41428944821878,80.89218747323505,-0.1718457385668373,-0.01647263509458768,-0.17498001834338253,-0.03343485386435244
528,101.00145143771162,101.82145475104913,-0.1746698832696363,0.0017492340572529618,-0.1697154950293241,0.003091290947478168
529,98.41217711241184,94.96800479700562,-0.2615253481983634,-0.004152559335538272,-0.2521197584613762,-0.012686654151577468
530,46.32709131415187,44.40004634214208,-0.17799122118208788,-0.095533065613888,-0.16900902800720352,-0.09396894124960127
531,113.92273842954769,114.07383772611834,-0.20670978917502045,0.028779663255107592,-0.1999875741629422,0.028145926660093037
532,456.7601750903033,239.88988432686162,-0.03560716021657567,0.1270321671333402,-0.06977927952440206,0.09761415341080347
533,291.17184419714204,191.25123868345082,-0.05006858188335428,0.09571703134976453,-0.06868883714269965,0.06267941472997167
534,102.23063621620314,97.0086579852225,-0.1497338688883535,0.0033400179073457383,-0.15968187672603362,-0.004776631068491037
535,77.90411629919427,68.41092501340064,-0.0777594610043167,-0.01718164006988721,-0.09162840765857766,-0.028944566404295043
536,126.80024361417833,119.02206008559976,-0.13518258426565968,0.03622926190713869,-0.1301824456631461,0.024763383034946945
537,149.66425305870962,142.45315117052294,-0.10270239889402923,0.05100637928409606,-0.10787798653618011,0.045797604703920955
538,117.36035161449196,103.38072895121928,-0.1887959446676687,0.03277563982820899,-0.20594608286760538,0.0069624788474072045
539,162.2390524845199,156.91743566845952,-0.1752301040042172,0.10906155639986356,-0.171993208556871,0.09789412383447649
540,113.81126991085591,95.77318804364387,-0.16626430821304228,0.02296321237272064,-0.1873497362172383,-0.007918921050631904
541,1160.345898332782,484.553995603309,-0.009002139131244544,0.09545381304036187,-0.021493777295906614,0.08265517939748573
542,181.3399594547375,175.51498744234465,-0.12328978822348673,0.10028386375281587,-0.13254558003942316,0.10009177812215327
543,121.52257949081606,106.03103210069231,-0.1988850432856165,0.042805191536490754,-0.2175202880890109,0.013118718400166662
544,82.4501935021447,80.42859871869157,-0.18857575722944525,-0.03309468049563301,-0.1743955129421222,-0.03413164565449889
545,78.39279635235485,72.6862551484123,-0.16376882363810674,-0.035385863234838555,-0.1486997250668467,-0.04061546349977091
546,139.7722020689649,118.25820595967464,-0.1204003427144886,0.04788586759613266,-0.13687314436801992,0.024990580602195885
547,48.110901363219135,47.25681344465759,-0.26762636404842116,-0.1388689080191155,-0.2648590988315392,-0.13969512860551744
548,369.20831739743585,232.40485838660007,-0.0403068152817259,0.10850929921642684,-0.059942864836795014,0.07936726530002954
549,83.66765038090921,76.20270488886696,-0.24711404521480343,-0.040359529822359796,-0.25013768386719926,-0.059526002814030414
550,67.36966601865014,59.90799469847767,-0.20853589312517934,-0.06804595839773679,-0.21130376475610402,-0.08471591656833351
551,230.6442616610832,204.00101341253688,-0.08675213964544085,0.113336692314978,-0.09035516031740098,0.09397028240061939
552,-582.4047316256017,-7193.741383851763,0.010928521091183708,0.07457674502293947,0.0008917122073808843,0.06503918229459761
553,148.54069683753087,125.63994192728727,-0.1233472648473819,0.05987362188695395,-0.12437938885305293,0.03189080307143758
554,85.28030495010705,76.2583459793022,-0.19750119844213831,-0.029071574130566692,-0.19603684124153078,-0.04654238860066886
555,130.5478306962105,115.89444653843688,-0.14619674526539936,0.04465993422704433,-0.16034781229362577,0.02548639730056346
556,105.93864726977975,94.74338347627898,-0.11581050720265906,0.0068775775241087895,-0.1326300187795641,-0.006971851482580857
557,86.35034719258378,78.85403348354522,-0.22008362304067838,-0.030040650431035258,-0.21663983693316613,-0.04581058737918955
558,85.93054470748493,39.63550815705106,-0.0922070270332463,-0.012973026444999876,-0.12052589534070103,-0.07275484426157865
559,98.15396944614153,100.78067584972578,-0.23149738366164418,-0.0042735124337769225,-0.20786408427564843,0.0016227447061936296
560,125.74813148774278,108.85430605319506,-0.15240462877214564,0.039241344209658344,-0.1689190507156494,0.014956609732515367
561,61.709296996603236,52.612326467557814,-0.2325871235360557,-0.0890592446973346,-0.23827905973428093,-0.11291490292305396
562,144.76784740715163,118.90380386976985,-0.09681811330731908,0.04334338522790377,-0.12447043995064848,0.023529647844110223
563,428.4655234327971,193.48384246853084,-0.01672704661537035,0.05494258122002419,-0.03749013748466289,0.03504722106739788
564,88.85073989906827,76.58137716620668,-0.1959994369174856,-0.021852487018292066,-0.20459131611021938,-0.0479124686705461
565,54.766625215554335,46.264392585734946,-0.14588229946654396,-0.06598748726186922,-0.13999151473970628,-0.07522529077381157
566,99.71408435218004,103.13723013244984,-0.20278896760104573,-0.0005798053904239241,-0.19027640726247977,0.005969408783581488
567,122.89671954546286,121.67322200010932,-0.15108954606911457,0.034594549625958065,-0.14800706961518786,0.03207790077355603
568,126.66054754607208,124.19102360836271,-0.18444475252508483,0.04917398094318523,-0.18340745461302674,0.044368140644934426
569,152.48505410734887,138.02714498895995,-0.23680416554629874,0.12428679441543089,-0.24299301932747844,0.09240330777271169
570,117.21936279532422,112.33477119185041,-0.22632555734808485,0.03897181881830629,-0.22497300335067638,0.02774990520673986
571,127.17966833424217,115.14376174841472,-0.14053161492214764,0.0381960268405941,-0.14276878709040325,0.021620564968072117
572,176.88317928895586,173.2143323707384,-0.10471812596423904,0.08051062453312055,-0.10299594607479605,0.07540779428758766
573,88.73750929063168,94.95059452331454,-0.142069583679564,-0.01600057366274916,-0.1347371353781913,-0.0068034242929154885
574,152.3873861344656,149.38128030870215,-0.15813122338357014,0.08284081459310526,-0.15400102222225892,0.07604767646184034
575,-0.5830768825318218,56.17933999203242,0.0020513307819881883,0.0020632916175622206,-0.01337376801897913,-0.005860473413851146
576,93.43931581240305,84.15808206086979,-0.22748355476744567,-0.014924477607011275,-0.24016551941286998,-0.038046824503472715
577,-483.4406444795685,-713.8543311272028,0.020231407461133017,0.11803825407852199,0.013072278946090027,0.10638930837978317
578,98.396358206844,79.55038983549943,-0.144569280431569,-0.0023183734010655235,-0.15457252140986394,-0.031609478049756355
579,105.9059098406903,95.47943273242196,-0.27614214779440965,0.016308706280883607,-0.28929322308659033,-0.01307769475017396
580,235.07758942751326,178.19081242769383,-0.046342866623000335,0.06259882710595649,-0.060469357276041906,0.047281481723941955
581,78.19642318083855,71.56855730477623,-0.2430764349102578,-0.052999357214937044,-0.23896180671599868,-0.06794028913993054
582,43.89588980581675,35.80344523511331,-0.24834310814318278,-0.13933069105231094,-0.2591655340742356,-0.16637534401367773
583,236.11344325422027,173.3445797871075,-0.04952167742595156,0.06740566030171058,-0.05850980281589057,0.04291376900958014
584,1145.6953571436418,1235.9974596032494,-0.01387749134305054,0.1451162826622903,-0.012034326800570214,0.13670964673483063
585,57.41536473153918,63.10432465329795,-0.20314081339878456,-0.086506774467257,-0.18887655435178904,-0.06968728029967333
586,87.1623912944815,103.64552010936052,-0.03728481849754448,-0.004786479105277546,-0.05555882075953298,0.0020254079833123407
587,135.1841411978425,107.76387997148449,-0.12568785108627303,0.04422219099472833,-0.14796256773628585,0.011487636161771666
588,204.33314097889212,139.6857481598386,-0.07233695217384106,0.07547141429136736,-0.09065872095371182,0.035978591682620895
589,221.02440784451045,125.29090997462862,-0.054418239989373916,0.06585935270654437,-0.08792327698189015,0.022236596828233205
590,148.46824112405272,130.74098787365395,-0.11000707883710889,0.05331849622429672,-0.11807144949535309,0.03629632997161395
591,124.19429497604106,127.03223844093962,-0.1522582949420024,0.036837821003758674,-0.14453700327033844,0.03907158735942658
592,97.99602018335347,82.7881570629581,-0.1345060095927012,-0.0026954732844143726,-0.1472610651206944,-0.025346343235988923
593,267.2998894030376,189.15379404308575,-0.06712862861414708,0.11230612142924389,-0.09222527559348727,0.08222233225828586
594,215.89958249590583,201.9940746242185,-0.08256110052499029,0.09568797081248888,-0.08638843948445235,0.08811108943447014
595,72.52038055979332,75.13510978762164,-0.18200768662199418,-0.05001501963564797,-0.16490496495522736,-0.04100343849087828
596,96.01373463560795,97.19616175564303,-0.19860146331093567,-0.007916781345139632,-0.19719073086229827,-0.005528909126244156
597,76.3742769796252,77.07319421605244,-0.19422385566241654,-0.04588679017829508,-0.2040510810866452,-0.046782395060780496
598,233.28336240145205,204.9633803553537,-0.07525071728273328,0.10029668622563752,-0.07741514977916254,0.08125755811536914
599,211.32806027813422,159.92855133204304,-0.02919594289422983,0.03250327690405783,-0.03891852567864785,0.023323308639002834
600,148.2783332116475,131.1736786982999,-0.15240033552533075,0.07357634180058797,-0.161503746513844,0.050346659023942496
601,104.760079670245,104.63529700661181,-0.20112911079484122,0.009573905913889789,-0.19906797119398728,0.009227391709877738
602,335.4565212161735,292.5375878321673,-0.04602837984829447,0.10837682196296039,-0.052058847271051124,0.10023284878891386
603,94.65395474507136,93.38378090682905,-0.1509631040997586,-0.008070555863418117,-0.15249599063549812,-0.010089468848745998
604,180.74703877052139,211.89473984095363,-0.07779546026859971,0.06281753046479177,-0.06446172749177528,0.07212928227390646
605,86.04106137692168,79.29410501922237,-0.1763013470323521,-0.02460979682390636,-0.1929966012589818,-0.03996167357315491
606,119.53567799594624,115.16091156279842,-0.09472972880049507,0.018506094784897873,-0.0958889856480952,0.014537644312572182
607,162.07425371393012,168.48197176576255,-0.10489849188854411,0.06511495599698128,-0.09692346733154372,0.06637510153238584
608,121.44684199621479,95.36643069582232,-0.11983360620874428,0.02570052418195562,-0.14678048498287533,-0.006801175496689653
609,197.2464873794436,176.89097161812205,-0.09504247255394999,0.09242546607728815,-0.10348006492976833,0.07956682735556245
610,247.98452648704549,244.00226853589837,-0.08518050948557392,0.1260539736214794,-0.07804416989931681,0.11238537511502697
611,28.223289596334183,28.05328824616734,-0.14075540255212615,-0.10102959766735363,-0.12851182697981192,-0.09246003372674944
612,89.77970021102159,83.5231330697108,-0.12884901905926444,-0.013168756023014743,-0.13179136435239983,-0.021715087729957522
613,110.11989702091557,118.71723362549709,-0.15487198327628532,0.01567288522180967,-0.1485051170536743,0.027796049704754144
614,114.29172516091566,91.37607497474669,-0.1724914491049707,0.02465200383216311,-0.18161553014410792,-0.01566238715384423
615,138.53452168068742,136.8652202931959,-0.1505288122533391,0.05800555779344421,-0.1469255100869267,0.05416441296044731
616,138.09586625635052,122.54294059197363,-0.08536574586090645,0.032520820371907004,-0.08553311056184904,0.019281678300424758
617,126.73039697500134,101.31904561637006,-0.10854021251574587,0.02901322968296899,-0.13039847690956038,0.0017200153934888653
618,78.72619293206584,86.29169428536493,-0.2507688854957114,-0.05334808888676637,-0.23828332243331604,-0.03266460630614856
619,132.00552702306717,116.70099752671376,-0.17036062786935735,0.054524816789394075,-0.19327712496418875,0.03227920785997262
620,123.8678672758238,138.48402605583652,-0.1259076990246496,0.030051482493247034,-0.11154760815002757,0.04292801058511904
621,101.53213073926383,73.96073540261008,-0.11814950673403629,0.0018102049109607772,-0.1344108892820692,-0.0349996071078628
622,63.047777158448795,52.30461933669066,-0.18761879265636447,-0.0693293143550077,-0.20410841805972554,-0.09735028695944492
623,134.96301915550515,113.84030021012718,-0.13012251659474702,0.04549476040264678,-0.1518968067600804,0.0210229740651919
624,188.9300231142971,205.40685463042206,-0.11277921003912454,0.10029457755591512,-0.09704451859831364,0.10229157464571736
625,108.632549290089,105.41555790971321,-0.15470076178758382,0.013354619513456348,-0.15964011674001127,0.008645402969189094
626,160.77136311038333,157.85575987292657,-0.20676187599416196,0.1256520104342527,-0.207367495638676,0.11997404033121392
627,115.54126709766494,84.97968482722337,-0.13613702088904187,0.021157418035169896,-0.16572236512931623,-0.02489202155420296
628,-269.829043802393,-470.1064499253074,0.05706510121990851,0.21104331818645536,0.03533180484355126,0.2014288982881079
629,73.86669222123705,65.88265503264465,-0.17776318808869232,-0.04645540106055925,-0.17616126780591965,-0.06010154743621231
630,78.33294813609942,75.87261692743733,-0.14920143657826368,-0.03232755264509713,-0.14597100448809117,-0.0352189834277094
631,79.07730800790846,73.64677847845994,-0.1143635102246702,-0.023927924995651873,-0.10602303722495407,-0.02794048586375702
632,119.29240601306358,116.12255348931481,-0.2085687933916388,0.040237938437662685,-0.20986721115820764,0.03383595337551532
633,152.78921000159332,112.59306277891643,-0.098295234632648,0.051889277831787435,-0.11272571777244675,0.014195620407068375
634,111.5579809503888,116.37934742012528,-0.15736555076822706,0.018188280380266084,-0.1488179187088137,0.024375403928716198
635,77.97515774750647,66.87448411243471,-0.18397395228502664,-0.04051997277645483,-0.18854308246495458,-0.062455868736833835
636,75.91815850726479,74.06798662115791,-0.24359010908657042,-0.058660983962208674,-0.23826472471039012,-0.06178684028895966
637,416.98667579569155,468.924059219196,-0.03545532173826988,0.11238864577080888,-0.031054887376108883,0.11456895109389058
638,115.48576804424813,126.5936210355154,-0.1799051908991315,0.027859700562201297,-0.16371330504524265,0.043537295928449134
639,132.37546156664928,104.14738297419011,-0.1539764729142362,0.04985059381003069,-0.16603268603396865,0.006886011352163327
640,35.37473009184357,34.258991032170414,-0.11185974430018474,-0.07228966167256802,-0.130337379943823,-0.08568510863730279
641,95.1203538754119,97.48546776069192,-0.1404136252614843,-0.006851688023465679,-0.1332354458680725,-0.0033502482405385623
642,103.29486194011908,108.32223507374188,-0.1883811709847575,0.006206899505127433,-0.1782402155204341,0.014833569731554707
643,52.166576846045864,50.1062923073303,-0.28680231627285036,-0.13718736555813438,-0.2753417502030574,-0.13737820800219422
644,43.93766714984343,41.83562922828905,-0.1452893471718092,-0.08145259740727921,-0.16484668015305143,-0.09588203424907728
645,120.44666903471197,120.39082289407592,-0.1386347208011812,0.028346182529414503,-0.12686255295783497,0.025868318492535403
646,264.48416998137867,191.16558633457086,-0.08887104595579147,0.1461788022941532,-0.11253589849503291,0.10259401169987427
647,80.92787801501835,77.14210135488348,-0.12482873706537018,-0.023807489005419402,-0.12104814315952245,-0.0276690618751992
648,105.96933498069707,81.80709385610321,-0.15051387296665325,0.00898467726980039,-0.1692878596806624,-0.030798381424714614
649,85.96247455802133,82.49285726892414,-0.19843530813964394,-0.027855406865971287,-0.193996275438969,-0.03396320483407135
650,196.9905086654246,160.6943631400395,-0.042405459675095986,0.041129271040787105,-0.0444816468078619,0.026997852244233494
651,62.82077397412087,45.75237876146764,-0.2037043246255774,-0.07573569127703399,-0.23754807575372783,-0.1288641803943042
652,137.49276898822134,104.67245726152336,-0.1246473306464437,0.046733735729255536,-0.15538686346970373,0.0072603847856435606
653,137.13855661233643,126.88356453152143,-0.16413557899384068,0.06095758492561371,-0.1680887992530199,0.04518826081744512
654,134.11385828823046,121.31203508100327,-0.08876267752088772,0.030280374022314642,-0.09020296805703641,0.019224088196421775
655,128.38679440454527,121.24570525893867,-0.13754224074501994,0.03904383309969349,-0.15094908145612804,0.032070196937244215
656,53.10853884773764,52.36073424081417,-0.24725735711779878,-0.11594258755900322,-0.2583042375646747,-0.1230542422006741
657,172.93318363171437,151.65374284385402,-0.034910442534234205,0.025461297160137158,-0.04251933840390985,0.021962829718063657
658,281.7218664583379,244.23976259037548,-0.06691990740965922,0.12160810477702429,-0.0727230172002441,0.10489550735819
659,92.27260335513103,90.10818264081799,-0.26588451933368273,-0.020545951426217,-0.25757661685875877,-0.025479008499628426
660,75.72327386327109,70.68488879790426,-0.2569539302632757,-0.06238000194757681,-0.25695748780918654,-0.07532737329337465
661,119.57559190539104,115.22196781002678,-0.14630256416973067,0.028639592908989344,-0.15623831524903814,0.023782546054136773
662,253.12113931515228,221.0707105249915,-0.062272044405984724,0.09535166386928136,-0.06914188173671293,0.08371056748898768
663,69.52694492209757,62.18034850950189,-0.04945608974633225,-0.015070781467776684,-0.0765884460452127,-0.028965483376287623
664,320.740608784365,239.69868650441387,-0.04962164047948422,0.10953511128320238,-0.06644472465176557,0.09282240758999095
665,123.83906967902357,114.81701458881422,-0.18349578301646408,0.043743687571364744,-0.1993967266762627,0.02954464208123986
666,749.0988774038397,317.9537681640985,-0.02078349517513463,0.13490543386708007,-0.042238296221692756,0.09205995822349343
667,564.206681795484,360.0425493480668,-0.03568485170312319,0.1656514659947074,-0.057439262989348205,0.14936652380424167
668,121.40794861864615,107.00403686718514,-0.14876439608697298,0.03184740547713842,-0.14877399792087975,0.010420185663163668
669,284.7792755379478,235.53742195209742,-0.04574748911697895,0.0845318789671552,-0.05146093387134277,0.06974882308169165
670,207.38738609971327,160.1991906918765,-0.10198120932356333,0.10951495500545172,-0.13332859550569612,0.08026273545527471
671,98.87330291071706,99.22800834175783,-0.10431578649460087,-0.0011753229300972756,-0.10857325710098013,-0.0008381764879013786
672,150.8048572357613,170.9832998759079,-0.07128120136576246,0.03621431258981114,-0.06297981362953628,0.04470514996994166
673,207.8312666819524,200.02805164042624,-0.07368832984544352,0.07945905946911691,-0.07928125396211752,0.07930349365440438
674,45.84534599808595,44.66630765302566,-0.20442192415059193,-0.11070398572780824,-0.20944872131803383,-0.1158957110787925
675,70.84479626634905,68.82151891762399,-0.2408599764208594,-0.07022321683832519,-0.24715730514990134,-0.07705989362987235
676,110.5070035393805,107.7553447140009,-0.15619761358176337,0.01641168878746373,-0.1592471317708444,0.012350164015988247
677,77.90742327995027,71.0724650123496,-0.15290764620329353,-0.03378123904828485,-0.17512174091361946,-0.05065840287376978
678,157.41494698617424,130.4481912879868,-0.12106204769354104,0.06950771050362356,-0.13850456758356863,0.042172135680443916
679,81.00282131744447,69.61473640439046,-0.25160451251828597,-0.04779775881647157,-0.2434602417969536,-0.07397603622051273
680,261.8911134945543,197.78776169589864,-0.06614621700949432,0.10708484725119462,-0.07765298290837187,0.07593511387619559
681,88.77535217395801,85.43619521135638,-0.2794300136678733,-0.03136503495447976,-0.29215665377634137,-0.042549124733019784
682,245.9957150242443,247.79273945640017,-0.08830086540349115,0.12891547981842247,-0.08296524529427068,0.12261660881712476
683,736.949259063865,363.1995552683757,-0.02209887050161533,0.14075859192152188,-0.04494583825301676,0.11829724639358359
684,123.64673334428056,113.48861204953143,-0.16693032236944255,0.03947356820144998,-0.17449118316366086,0.02353643875758348
685,165.20990749131028,148.99031104497328,-0.14077560892563099,0.0917996443507327,-0.1450967561529361,0.07108335215548985
686,159.91965490440955,130.54836238994034,-0.13680660519652021,0.08197404572019297,-0.15693896275795644,0.047942283074314064
687,72.3443454210171,70.61471824325058,-0.21282116296280737,-0.05885708569996831,-0.20635244213590173,-0.060637246533568036
688,114.2956281363775,101.82423432220342,-0.13777322955764246,0.019695548569038282,-0.1481289398528673,0.0027022189619120797
689,165.3498012334281,129.88994595169729,-0.13685657146164137,0.08943549742506712,-0.16094854054060084,0.0481074317776312
690,46.71219675599674,44.15551173318071,-0.16051737039008185,-0.08553618050591476,-0.1671685413633945,-0.0933544164674938
691,79.41375839283444,74.25487551343805,-0.16180833436869974,-0.03331025465367082,-0.1363726776375527,-0.03510931562344576
692,609.3983919519947,352.44633629724905,-0.035201483911039166,0.17931579298607364,-0.057953015686825426,0.14630026487516082
693,701.7073811395612,360.7898477483086,-0.02513742247528024,0.15125372646199617,-0.04898806840811199,0.12775590901635253
694,402.9881762625247,265.7686087183421,-0.049077796720301096,0.14869992123266942,-0.07143290431181581,0.11841333164480167
695,74.25058461696702,78.30138533208513,-0.1924539492968339,-0.04955576682549344,-0.18217654055824806,-0.039529785551071894
696,88.63341967932953,79.0625269614288,-0.19346049052238654,-0.021989842043990127,-0.20665239820290957,-0.043267790157294976
697,140.21163352233094,117.71474146341825,-0.14943838785436128,0.0600916168656753,-0.16326732698686955,0.028922384869957633
698,121.42636091566771,106.550371863225,-0.1183929528373861,0.025367301373654623,-0.12195282363562258,0.007988363445836246
699,112.78308503915602,118.72759065728114,-0.09884062094066173,0.012634880628074637,-0.09080653069169842,0.017005875358019642
700,215.97587813019308,215.89254513452008,-0.0712402465712018,0.08262150154306606,-0.07307772809915893,0.08469163902059959
701,45.17669138658826,39.51970758097677,-0.22205338530945906,-0.12173701271473303,-0.2268144413066806,-0.13717803735085424
702,67.98594997259404,62.122725285210656,-0.18348821644091112,-0.05874200940578823,-0.18427584543539152,-0.06979866820856384
703,81.4549249092827,74.79955832607875,-0.21956639754505808,-0.040718753298713904,-0.22337607804996584,-0.05629175826247447
704,102.84613699972307,94.43948179815894,-0.16605651391232934,0.004726195882909088,-0.17033586073912577,-0.009471556540661728
705,324.69816895229025,237.3938974102718,-0.03890975745447848,0.08742951254399042,-0.05065324926730442,0.0695944733332895
706,102.28491122092727,99.91763173750148,-0.20952876032167608,0.0047875461556598,-0.20724235210050207,-0.00017070192458627364
707,184.12293538939986,174.4533293736131,-0.14412888690699488,0.12124545041023248,-0.15079168431187073,0.11226942938873599
708,135.64039230141836,112.38543449180894,-0.19308429036469926,0.06881599855838855,-0.20701890581476126,0.025640190965346896
709,81.15204607917933,66.24243077685978,-0.19804768471692313,-0.037327936356697865,-0.21973779804354385,-0.07417813928395335
710,67.81140608177328,70.23448939560397,-0.15772971195679666,-0.050770976470161974,-0.1639977264066553,-0.048814760644541384
711,245.1084723812374,220.58008545674653,-0.0487694470188113,0.07076859955777398,-0.053557629076993234,0.06457983490964576
712,67.16385952564077,77.83954741867689,-0.1526194123182036,-0.05011432461994683,-0.14044286341852213,-0.03112277415171399
713,160.71364086323004,145.9627623824827,-0.09862117076730902,0.0598765034347768,-0.1100550161561325,0.05058432556584614
714,113.07836072501294,101.79244683998053,-0.20039167580653017,0.026207946224876495,-0.19124770085439277,0.0034280133704999638
715,90.65478981433142,84.20576891193649,-0.16351584915939799,-0.015280899790826523,-0.17911800886678253,-0.028290312240757728
716,414.36258435387776,286.9121202535294,-0.035763961242492336,0.11242851282921812,-0.04973398955195394,0.09295885435822589
717,48.55117740328173,51.611940582231995,-0.1528732959109907,-0.07865151081100177,-0.14166541106143982,-0.06854914327883478
718,157.0939600615254,147.1984209024601,-0.14136274382112848,0.08070958849911158,-0.14101439174906621,0.06655656615076821
719,100.2849223211078,103.28912547833173,-0.1985902079948856,0.0005658278301118199,-0.18376043323075184,0.006044111228485434
720,134.95485716272015,113.72683673874081,-0.13537268600947439,0.04731932903194942,-0.1542024293897019,0.021167115729496484
721,118.0393766068581,104.78167153546407,-0.1269240892795871,0.02289631446996955,-0.14044769875518676,0.0067157476335910835
722,116.2679826703751,108.79071901305232,-0.09594306352896369,0.015608000948318787,-0.09633745441938124,0.008468754922335167
723,120.30517608666167,111.35807262308744,-0.15553866635756383,0.031582400086748535,-0.1648342476811075,0.018721993559340018
724,58.02152812217446,51.25238404623127,-0.2595682480278748,-0.10896278400214589,-0.27486703707464344,-0.1339911276166503
725,58.71855174215591,43.48177283458742,-0.30747419608803134,-0.12692980116430275,-0.31279208678966164,-0.17678454216721545
726,318.3608275852778,153.5004614346503,-0.04717547755497648,0.10301276320635362,-0.08463537925217653,0.04528031843688073
727,147.16408126729382,132.81549101445964,-0.09879443775119581,0.046595488908540025,-0.09417323601023841,0.03090340980096565
728,93.5505487623245,80.42457705894135,-0.19583009328868217,-0.012629966375348037,-0.21136112524181708,-0.04137483419906638
729,162.83884026650531,134.8970912050832,-0.08079303060469434,0.05076940344815263,-0.09285207260838113,0.03240267246395683
730,72.20919289083459,85.10365469299806,-0.22670120890757672,-0.06300209568165079,-0.20222013227549163,-0.030123409184033306
731,193.7937490126707,174.3883471254605,-0.10557233963968655,0.09902025526845186,-0.11126244387978416,0.08276629297356455
732,66.6646431261534,55.196315522068275,-0.22525230984342448,-0.07508866135288825,-0.23976453995141345,-0.10742334796979583
733,138.4634729253041,127.30344614563793,-0.10372098361166229,0.039894692449330825,-0.11056418819247761,0.030187833579494904
734,78.99528810094407,72.61523994803217,-0.2150368123941111,-0.04516786292029643,-0.22226627602805343,-0.060867086366726914
735,141.75567149265015,148.46330201840547,-0.17787909544367292,0.07427461074755763,-0.1659928081417052,0.08044559593854696
736,160.98272404247538,154.89655130600855,-0.1259963623851469,0.07683601397689138,-0.11878829651549394,0.06521067814216168
737,399.2780761100561,294.5876045967302,-0.04695136798240662,0.14051515080509938,-0.06291144126105068,0.1224178665671575
738,110.01380269985582,115.32592146878832,-0.1832523347205799,0.018350527241798233,-0.15525794823244546,0.023794711220156604
739,66.07783824971088,64.74730811528326,-0.2243855279603341,-0.07611642173894477,-0.2293289945637643,-0.0808446438558826
740,92.01328438703968,84.38931799810157,-0.19117977293486815,-0.01526898477381121,-0.18818855669757095,-0.029377517150020127
741,90.89650886808117,78.60542764611625,-0.2627430373381313,-0.023918789103810956,-0.2802732309112632,-0.05996325917587785
742,78.96363696425345,76.04586756609335,-0.17168570423212665,-0.03611642802274825,-0.16176021981971875,-0.038748257280993945
743,56.77199405520847,51.38181654529868,-0.23142184132581053,-0.10003904732586741,-0.2213690582742843,-0.10762561486373619
744,201.6862505796468,226.77200701932856,-0.09500980979313543,0.09661191326149349,-0.07929029739682465,0.10051790138154902
745,121.72081704983566,112.75865926632306,-0.06999585749997507,0.015203672150033244,-0.07701813128650484,0.009826480944134514
746,207.20612613508123,167.7416006978462,-0.038481236691802076,0.04125424314615249,-0.051887394561776434,0.035149351636554554
747,139.33589999594156,113.93256045161078,-0.13860993401593785,0.054523465028949905,-0.15824184559885326,0.022047140797804825
748,148.34241705351945,125.27968282682835,-0.1209067350466479,0.05844923810204427,-0.13409020881123382,0.03389757948931173
749,631.8370135356944,186.01749873172201,-0.016014999297490125,0.08517369398153393,-0.04125480869288891,0.03548635454418007
750,214.6274956158834,200.12603690833407,-0.08495321470486736,0.09737974246137383,-0.0905798908056297,0.09069405489957345
751,239.42986605562746,155.7498799221247,-0.05098103829390065,0.07108279340695381,-0.07172418995650988,0.03998614977587089
752,146.43346403946572,143.25730437742038,-0.0565935304677504,0.026278336618406964,-0.05781404196820857,0.025008796107077545
753,214.7603134474803,174.0733099814974,-0.06956882158997535,0.07983739771837407,-0.07891953035957479,0.058458308359189796
754,305.7913417461174,312.0971619244952,-0.056462435166465,0.11619480291159995,-0.051438632520754486,0.10909987970929069
755,125.74031019007874,103.18804930293007,-0.08614113362837761,0.022172994997194623,-0.105189656183389,0.0033534981007090625
756,97.06746637924766,113.88509070759395,-0.20778647428816627,-0.006093408217876375,-0.1841640765462116,0.025571349079244222
757,192.46547977294702,164.87020386917175,-0.08069298816610854,0.07461315865091962,-0.09111242970203216,0.05910481889786406
758,112.56604603275515,110.26858830196531,-0.27178064130639096,0.034152080494678265,-0.26880884205823957,0.02760287331024079
759,148.59832261151976,136.07828195316034,-0.09768972782496718,0.04747556908669315,-0.10147121909885305,0.036609072527793295
760,90.62675949921648,87.35783718035674,-0.14260165508339914,-0.01336639608906478,-0.14910220908119623,-0.018849744039729742
761,99.55179537678673,79.41598364312192,-0.10679665876918791,-0.00047866756204080984,-0.14579767773516047,-0.030011017832953825
762,134.7307490102728,120.7439444803509,-0.14588449633422285,0.05066677826673954,-0.14766558456463774,0.030631666878674094
763,187.25160860268662,175.30563004008303,-0.10505175012420334,0.09165934184864226,-0.11212208567072846,0.08443424302842373
764,109.87668181926662,70.21635075290978,-0.09221971157722408,0.009108247487127796,-0.13179673181732313,-0.03925387632359968
765,119.37628071621236,102.7583140080565,-0.10068547579961354,0.019509100431387184,-0.110003896902795,0.003034252897677835
766,59.56506932016187,54.71138541110986,-0.1729418379367862,-0.06992891228617751,-0.177842826767738,-0.0805425523888284
767,103.59450123848342,105.93074676406751,-0.13958466432075364,0.00501737248774238,-0.12835841290417327,0.007612612419722666
768,-27463.80126599894,281.508037230581,0.0004012003053671776,0.11058605484998972,-0.03718551649678385,0.06749470112736629
769,64.43856757793309,58.097676934301276,-0.16592631816955644,-0.05900577550629056,-0.1616641374579079,-0.06774102915898782
770,317.42351301788347,217.9936257188675,-0.04952310844016526,0.10767488212626326,-0.07206798096561867,0.08503562372371674
771,58.682527535065034,56.04492648731255,-0.18611072713710364,-0.07689624843916304,-0.20049023543371156,-0.08812563037064805
772,144.27394194048958,154.13656390701792,-0.17669333770065176,0.07822910574629975,-0.1626456142922756,0.0880507469232996
773,104.47782690093837,83.04417383040783,-0.11577799272553434,0.005184338103630452,-0.11418931368356787,-0.01936174153243609
774,107.47381571712317,98.0464326215035,-0.11859537621074566,0.008863599867020091,-0.12904037219881473,-0.0025208906163665117
775,183.4571310698191,143.86532651936176,-0.08260155417383189,0.06893688733256251,-0.09057437762722685,0.039730746489062774
776,123.87138047588004,104.93721731705598,-0.13517255952427043,0.03226755598302403,-0.15397332768584898,0.007601997798153099
777,90.2350216772142,100.71828190307468,-0.13141508692666584,-0.012832654751259031,-0.11462401754878934,0.0008233235746301082
778,257.87730862593827,245.10016388374663,-0.07920469796519594,0.12504624545275464,-0.07689074256338138,0.11156859347089614
779,134.28212168778842,127.78259442417014,-0.19945508172391496,0.06837743382907034,-0.200026971981198,0.05557268236448471
780,119.21876047596392,121.35196170295292,-0.12886956287382004,0.02476713261514118,-0.12159365508490182,0.02596263066694892
781,179.40826312703277,167.7462793296878,-0.10287612272559098,0.08169214222882645,-0.10362274336613848,0.07020055316990972
782,147.79454791932062,154.2550545067203,-0.1410670791638694,0.06742237274936153,-0.13379867071657947,0.07259254172654743
783,418.1741257918775,333.9538784124119,-0.0561109074635238,0.1785303892959562,-0.07105597749463556,0.16623821519255041
784,76.58643698748912,65.27403392885401,-0.1858567530496065,-0.04351568798827633,-0.18990342610237412,-0.06594579931625424
785,144.04028829441933,127.66357120602999,-0.10637330985220937,0.04684711232722898,-0.11226675976734975,0.031056995028943418
786,165.90633730340636,180.23361400739591,-0.09090266227556805,0.05991061521711219,-0.08008996008599056,0.06425906943407113
787,341.695666553754,290.1597804626197,-0.06065380868519426,0.146597627191919,-0.06945390413471605,0.13207339162529444
788,274.0263066725982,193.26452094231936,-0.062076458014560805,0.10802936719590625,-0.08385275902564979,0.07820487400218973
789,79.19828248949835,71.38511021955324,-0.21006268500926162,-0.04369664633060148,-0.19832618155592213,-0.05675081825799586
790,329.9488828071998,203.93959768090673,-0.04538305654439098,0.10435783150758683,-0.07172219339899628,0.07454775926683858
791,121.1429160181672,113.14398527500107,-0.13283547454982528,0.028085292826403426,-0.13507473093523917,0.01775420274437514
792,112.44479954195813,88.79793167955617,-0.13203018928916285,0.016430892391904196,-0.15582898038137985,-0.01745606884537319
793,74.89867933292784,72.0532976728107,-0.26686601307237673,-0.06698689369272796,-0.25958650156235946,-0.07254586687319721
794,124.36085727446854,135.5567767435991,-0.16327240615712993,0.03977455783252901,-0.14928384206856787,0.053080522438587754
795,62.00497435324177,56.184604658416895,-0.19147378368353724,-0.07275051321737834,-0.19972345867367974,-0.08750962300775614
796,121.46868615004752,105.68536933409789,-0.13543257176213275,0.029075593776550147,-0.12733303551549183,0.00723935335337374
797,109.47878373915032,88.46313846639569,-0.16638789165021298,0.015771548417655424,-0.1847694289262742,-0.02131659317165569
798,80.13114518550732,82.01046816420677,-0.17015097065932883,-0.03380704932575208,-0.16649901752330976,-0.029952393763638764
799,1891.2745331312426,368.7918374700084,-0.00597530930119417,0.10703419378811359,-0.030666180068803707,0.08242818888879896
800,123.3640409036743,122.25583006628642,-0.1664103773702563,0.03888018863674544,-0.16592048089531145,0.03692698027322574
801,321.25614832704946,228.532202962971,-0.0639954874476951,0.14159395062989064,-0.07906833959855179,0.1016282787322618
802,178.77645902005804,132.84275933476692,-0.06522176527863376,0.05137939719688136,-0.08169519746032908,0.02683095708995851
803,140.86390446992297,130.08197200274947,-0.13494102570582267,0.055142171835161555,-0.1350109615256177,0.040613959646779156
804,272.9736473662209,247.42622530626107,-0.04585762334068877,0.07932160368785279,-0.05307479142612085,0.07824616158870105
805,81.19994277205535,74.65232215992198,-0.23603265023145026,-0.044374273320147074,-0.23093342727653124,-0.05853626117110599
806,99.02287557344852,82.59024278222876,-0.1255361385009344,-0.0012266442734421396,-0.16070017218087856,-0.027977509825231353
807,210.69109025814114,159.93991524095722,-0.06369123228473808,0.07050051941482177,-0.08205236421482126,0.04918211756356539
808,171.94168599855539,126.35359670628003,-0.08273569052392246,0.059521450685456834,-0.1086632197553023,0.028636666702371187
809,147.88794975120206,112.9477103366586,-0.09947381002494902,0.04763596816035379,-0.11637732334054487,0.01506819872369034
810,71.62364239609661,66.94098637465689,-0.21720274019080674,-0.061634226282020504,-0.2157179893813734,-0.07131423950190442
811,83.43903204430593,68.21533083457147,-0.1359990840493185,-0.022522764729445078,-0.141053298070929,-0.044833324138770565
812,500.17616220867103,233.15204120435808,-0.047204887524266374,0.1889027072695289,-0.09406366432181855,0.12524768907611689
813,97.53679056912173,101.43408852811629,-0.1914674757061158,-0.004716244918657616,-0.17503707543451927,0.0025101866187566837
814,179.69694003672294,184.6960199857083,-0.10989672976222747,0.08758433082092186,-0.09880594583832968,0.0836847036342998
815,101.40711060897114,88.53416757000853,-0.2189976947653288,0.003081539796445189,-0.22223696969502882,-0.02548131854272293
816,80.9180870659468,82.25239003658714,-0.14881527141448944,-0.028396800523887822,-0.15339214568620718,-0.027223439730898066
817,93.11496977837129,91.70973427236383,-0.16273067724296444,-0.011204056308039174,-0.1675322183360895,-0.01388886607946542
818,134.804937138841,121.08702209292113,-0.14314730451622257,0.04982232935281658,-0.1576909781366747,0.033252331398224
819,182.25586314865862,163.62562657503014,-0.09885569393217154,0.08131460431550383,-0.11280374927650992,0.07177209227730547
820,185.30003952341391,160.64027634767712,-0.159597831308076,0.13613701318430033,-0.16353632681045568,0.09916888050670067
821,122.53949943931657,125.22565988563781,-0.09981851827207955,0.022498594366269487,-0.09167073854158947,0.02312454871915365
822,610.703148202656,855.9039308910927,-0.023703018880930266,0.12105206364398086,-0.01654582516587962,0.1250705428272517
823,67.88235375828813,70.21278161683175,-0.21013027877051205,-0.06748889958223604,-0.19405780015451415,-0.057804420721597354
824,97.09692474781417,87.70278633801263,-0.14288414434707622,-0.004148034233837433,-0.15272450786917208,-0.01878085904689082
825,111.54589964526653,107.226267520116,-0.14156225698529643,0.016344636127096634,-0.13524120526420996,0.009772891289821006
826,95.00066264307793,90.21835508230805,-0.16557184087169943,-0.008277494893242443,-0.1510595107017085,-0.014776104951244018
827,66.42932020126709,56.86921754873284,-0.1726528424042836,-0.05796073288695301,-0.18538932404280253,-0.07995986604077587
828,162.34451650886155,130.42826976630334,-0.08565163952275075,0.053399100542371916,-0.08831895772720834,0.026873930712022376
829,110.8387810102529,117.09999242222335,-0.11451924279252138,0.012412489940881245,-0.10798393797032073,0.018465245210143217
830,104.54167475308027,100.52425958088389,-0.19485446140461873,0.008849655878864122,-0.19300651433586344,0.0010118551431357748
831,115.69930872507148,92.48980707774396,-0.1545861516897063,0.02426895719997428,-0.16584713359396516,-0.012455439688938476
832,607.6352088350258,495.07520671106124,-0.016737836131222778,0.08496714939919715,-0.02099368377277999,0.08294083956157706
833,107.37342243093684,104.21283153955841,-0.15225213541559116,0.011226193104313515,-0.15023992656665291,0.006329355011409315
834,148.53253573115916,121.49678137781738,-0.07229845881831115,0.03508827535907425,-0.08829216397512399,0.018979973463476428
835,282.1384455387347,206.55252617023248,-0.05332482588385443,0.0971250089510893,-0.07114155335379771,0.07580312225521521
836,122.49242811016852,128.37083191247197,-0.1566058317078805,0.0352244541132265,-0.14311901899972349,0.0406040563151904
837,49.096766857215066,51.17341897726796,-0.18448620105190955,-0.09390944103772048,-0.1687828542555648,-0.08241089708557307
838,206.64628178190037,165.70209773391824,-0.08063229379881445,0.08599134325189343,-0.08490135329418214,0.055781970118762764
839,620.5443809028994,303.95850402687665,-0.03132804612518995,0.1630763837513448,-0.06261021970649852,0.12769886748131512
840,103.32080983235734,105.71002695520595,-0.17788580233465556,0.005907249214296985,-0.16663473098931605,0.009514888056224854
841,97.6174374518033,93.67096745111141,-0.09927983818069148,-0.0023654042424034426,-0.09686384078391758,-0.00613054401131777
842,123.04326884414631,110.88681280007123,-0.11193496282498071,0.025793474414355536,-0.10406445254363024,0.011329302139843983
843,165.36947253531554,141.68654213295383,-0.11923590388862956,0.07794388144471293,-0.13146144366296322,0.05480173010115054
844,176.25483942704588,147.71866818562785,-0.123274218057187,0.09400255703445436,-0.13933480445168614,0.0664887130033935
845,181.74577242522312,193.1743333153068,-0.07583659514060725,0.061993210478678624,-0.0661863620427949,0.061668701579029435
846,129.8415459846961,129.32244671606963,-0.1798015234344382,0.053655554296872,-0.17429365732179652,0.05110716479767277
847,168.7814660580496,146.32069705972154,-0.08720514366151681,0.05998097628841957,-0.09825653965309504,0.04551311407407532
848,72.8175739667584,63.75627870692943,-0.24224094335461108,-0.06584696524959384,-0.24723092213447592,-0.08960568636870778
849,131.79660014943804,127.57705575068634,-0.11417304839678168,0.03630314767714906,-0.10822240189667742,0.029844552105778584
850,56.13955757324941,52.39598368085279,-0.12997019574253366,-0.05700550287558902,-0.13147975879074716,-0.06258964583112267
851,53.478597312554854,54.97421516488167,-0.10929467769782195,-0.050845417127749044,-0.12007266111767605,-0.05406365804064561
852,127.15061877539048,120.71522810680706,-0.1222690868275404,0.033196813644696684,-0.1349842877374848,0.027962303113168774
853,117.47675234170664,101.4219075382102,-0.127388650989379,0.022263399044854814,-0.12907823572995497,0.0018353731640329718
854,8094.946208168663,1236.7832604050486,-0.0015225671587940795,0.1217284253288286,-0.009706733939656344,0.11034452655806881
855,123.23141548993874,111.58201386916897,-0.19048428823864982,0.04425219644377326,-0.20036127288344446,0.023205870413804022
856,109.3271424690958,104.22950450567,-0.20345294595567345,0.018976346126858126,-0.1988298087115362,0.008409515718069445
857,105.6171223608005,97.14272460099045,-0.10466350686160424,0.005879077247521125,-0.1142784876048416,-0.0032652511126933254
858,132.16434076654514,110.66123138226824,-0.14881517692107585,0.04786542061723187,-0.16366028189068121,0.017448201333238
859,133.31479694576012,145.32562628458047,-0.07787385675702595,0.02594351725243529,-0.06321317777813636,0.028651768722325558
860,-9376.000777892192,824.1821985636547,0.0019908683294788732,0.1886546983882273,-0.023546298279991152,0.17051810056439592
861,50.44561135764053,50.72858953640874,-0.1841924253883686,-0.09127543032674017,-0.18528403894650305,-0.09129205935285181
862,163.19204240279524,140.83395988596607,-0.06553375109021241,0.04141211577706932,-0.0839855236966164,0.034294615056294865
863,103.51884059616545,89.61278991605488,-0.13085643331022834,0.004604629298014467,-0.14260288449154787,-0.014812461197902676
864,136.5212146417295,117.94515922771065,-0.18609512974905343,0.06796420177345681,-0.2084715670022379,0.03741055464305507
865,119.5199226790668,99.41245880782536,-0.05518549387758468,0.010772165734965665,-0.061759044150381436,-0.00036285982427681243
866,161.41244119014556,140.8269064353461,-0.1740552665192588,0.10689158818949088,-0.18633285176948064,0.07607393905023802
867,149.343198979314,133.869879403734,-0.1551988588644991,0.07658008174313452,-0.1628759785075076,0.0551658974981445
868,98.43222258448621,92.50486019987618,-0.18214929028789137,-0.002855695435652221,-0.1779357048637557,-0.013336529833874202
869,137.0984920415934,110.67410935341051,-0.1101420482806251,0.040861039015835675,-0.11360792916703599,0.01212663459343457
870,152.58376003239698,126.48473421275557,-0.11171159940669162,0.058742159360367335,-0.12216644883285019,0.03235545927054239
871,59.09499725387385,57.3155208367511,-0.3470003606900119,-0.14194050706931702,-0.35224072607933504,-0.1503521193278104
872,175.17983306527455,158.50328779738803,-0.15944240425962508,0.11986853335764634,-0.16779458634685132,0.09816534975893516
873,92.19607686200942,90.00902507754174,-0.12173926773276855,-0.009500438882617828,-0.11724507755044045,-0.011713926295881257
874,249.57543525804647,181.54246462710108,-0.055993338122238744,0.08375227921184825,-0.07343034463941478,0.059876912803153215
875,125.3632797880198,119.71355361420567,-0.10112618756164521,0.02564891789021775,-0.0973494704744507,0.01919104005512614
876,128.88894117190463,110.9040665500875,-0.14168863790861772,0.04093234725269355,-0.1631020326887791,0.01778475418892998
877,134.0841232508845,116.80641017654767,-0.11810017323450289,0.04025340860475605,-0.1302913020021505,0.021897290638845882
878,86.88726527882318,83.16462813140913,-0.1576960475207118,-0.020678264377171886,-0.160135892108139,-0.026959472931490674
879,124.9866989001139,113.65326950268755,-0.13119692250298748,0.03278177999203723,-0.14472658205202876,0.0197599102895917
880,108.04062917280535,101.92805889299122,-0.1700548363301287,0.013673478779726725,-0.17248594037509365,0.003325630512561514
881,353.56524524554527,174.97145469752186,-0.026020847300121677,0.06597982527152237,-0.04868326303656532,0.03649855049273397
882,233.80027000200081,137.98084695016635,-0.06161042983827696,0.08243492147300785,-0.08694895615848455,0.033023949963321246
883,76.21814206809034,66.8552973522448,-0.12923693519981802,-0.030734944324774867,-0.1486908967980089,-0.04928315560798061
884,52.801932618846116,42.02498474303501,-0.257849123365671,-0.121699802987844,-0.2667277195357917,-0.15463543609543004
885,175.79700522735266,143.23292246381132,-0.12660782763171127,0.09596494172824585,-0.1456687809232753,0.06297687111053879
886,100.09858757964349,87.22144348899367,-0.17362166762342396,0.00017116939984659945,-0.1906964271413161,-0.024368250706723108
887,74.4367156986199,55.679752365627635,-0.17460093153765568,-0.044633732521828944,-0.1803096994643594,-0.07991370531139667
888,97.15502822030491,91.83792576361579,-0.18484598982723896,-0.005258816246482989,-0.18442841346378167,-0.015053184019899458
889,84.20980855638012,80.93612692047128,-0.14006773166229577,-0.02211696298021228,-0.15074939480702693,-0.028738673294169265
890,144.11629491813747,147.44773813314492,-0.11023865396871488,0.0486332096986233,-0.10491486690568858,0.049779731312148634
891,135.00755432447116,119.24826462367449,-0.13280833632852856,0.046492950487636,-0.15206740383762074,0.02927033629701699
892,95.46020898280204,93.90254267527735,-0.1858968724360252,-0.008439329516102637,-0.20353141093852514,-0.01241024092438248
893,240.87844934190574,181.42003784118614,-0.06142215849597257,0.08653058444145378,-0.0727373212352607,0.059222754474414385
894,110.65393715135122,93.35560678536197,-0.09761919035833398,0.010400287188434809,-0.11070954834063104,-0.007355977717901313
895,105.94590907735288,86.49313469779429,-0.1427148287503186,0.008485693957393818,-0.15968860558275175,-0.021568924859032845
896,237.33536709021905,192.84442795027238,-0.09047011849084624,0.12424746933635984,-0.10045567536344983,0.0932674971347777
897,89.17196381012556,102.43733732080102,-0.12655840980539643,-0.013703790415057935,-0.12286452802620394,0.002994622995608682
898,95.28072203438785,92.45098851174438,-0.18557042137065488,-0.00875758400643894,-0.17672180461921702,-0.013340749332957329
899,171.4133746933461,152.42204295470603,-0.0680229458079828,0.0485774811673065,-0.07889589936195787,0.041358842253027196
900,114.32519154019471,116.0029518652873,-0.07541818018911715,0.010803798768220215,-0.07638395752075358,0.012223687954847701
901,194.41430107066034,125.42681617448963,-0.05735336596620771,0.054149779617492996,-0.06763078425423309,0.017196355189689524
902,219.08297362099196,164.72948819075307,-0.06783260622821029,0.08077708458117101,-0.0822533053857713,0.05324214359618689
903,81.88770367500413,69.74818716948239,-0.18809900358098564,-0.034069048912952704,-0.19851853502460307,-0.060055455649528466
904,4054.1644555022785,720.062841388625,-0.0033481616855189178,0.13239181928153504,-0.018500482653098244,0.11471461840941065
905,148.00410323698182,133.54571860075112,-0.10285237281352617,0.049373359227090526,-0.11754011357435291,0.03942967574265571
906,218.66525002484178,193.19371955180173,-0.06774744574454185,0.08039267587820464,-0.07346308444853022,0.06846298089506653
907,299.52523073401085,234.8544050863255,-0.05992694472282384,0.11956937473005742,-0.07532243870341603,0.10157562661000388
908,211.73062414677918,212.98769168215065,-0.0962782120564225,0.10757224724800044,-0.0937013866594364,0.10587103386066388
909,140.96564101882188,133.59807515066717,-0.16821281675185126,0.06890945865821207,-0.1739565162229244,0.058446041050060675
910,155.44303994012256,121.66449738402203,-0.11724097278513072,0.06500195936744826,-0.1398984295017364,0.030308291599691603
911,73.73259570808611,63.19322732678941,-0.13341940311923187,-0.03504581402118701,-0.12591183491605823,-0.04634408284622175
912,109.34774137862027,92.15284164115039,-0.1613041082805697,0.015078290875157255,-0.1783716489413619,-0.013997105759719968
913,171.9446173071819,162.58418566548815,-0.07958606921778077,0.05725789292856126,-0.08084956770641459,0.050599043563127076
914,73.54047590450321,75.38026264320786,-0.1663278027551754,-0.04400954504751601,-0.15074549099565188,-0.03711314396033623
915,155.6710096288268,133.52154490534943,-0.10389331637789331,0.05783845816444447,-0.11823364632797137,0.03963374484706297
916,510.0477525560526,411.8025469855335,-0.031780074145344075,0.13031347979363056,-0.04070971888160721,0.12693394034350194
917,80.9845195463329,76.88193736924465,-0.19515499545792203,-0.03710966001565605,-0.19910570802083322,-0.046029382281665095
918,120.16691486169708,99.89916845206204,-0.12380035070389561,0.024966711324937017,-0.12963972888676478,-0.00013071774537908972
919,77.88709449549481,71.63192870478673,-0.15223556657454781,-0.033663706980877846,-0.17295381465010823,-0.04906366144773371
920,360.2071844018087,358.69935359526426,-0.04425011888577355,0.11514198844712437,-0.048381227771126765,0.12516192350535743
921,232.48405403023645,170.37847827347795,-0.06213665639607006,0.08232116143235185,-0.08093006000573322,0.056957344697847634
922,196.81184108266189,144.00529236212782,-0.06913011486614784,0.06692613694447666,-0.0869842195183001,0.038277660107943
923,314.10273944989115,257.76241568769393,-0.04812573538738105,0.10303851784478851,-0.05362594672930364,0.0846015889955453
924,214.3621787993345,129.93021804882056,-0.07934148194919043,0.09073664744877484,-0.1233393553771739,0.03691573800439783
925,74.85963182374299,68.76828729908064,-0.18516817265485763,-0.046551960350678455,-0.18403947541310725,-0.057478680217300765
926,79.60572998167386,73.2586842816935,-0.2307974659117401,-0.047069458393494495,-0.2245666595088737,-0.060052079417322275
927,209.8941220099902,165.47642329591582,-0.09452424798174354,0.10387659240608296,-0.1107023073359466,0.07248391134963009
928,114.57255218473557,112.37978653089336,-0.12237156462104185,0.017832660113678726,-0.11841422213822606,0.014659427922930223
929,112.46957892907152,105.62393120222706,-0.16778560193769965,0.020922158065239206,-0.16604783514210184,0.009338416011179221
930,42.87413030167196,36.546591728801495,-0.32507530859353034,-0.18570209720857792,-0.33119545674677936,-0.21015480534519457
931,84.69323686648225,76.39498369428058,-0.16508587395385063,-0.02526930369301359,-0.1721299051429892,-0.04063129217602196
932,93.86210127700961,86.114982091411,-0.11182080616958208,-0.006863447833920335,-0.12238517498908397,-0.016993203464692297
933,164.9530370346312,126.71487105091026,-0.10961456521107933,0.07119798913690234,-0.12310148898208177,0.03288640404331366
934,505.0028957625888,250.52505007637552,-0.0374239848706858,0.15156822243603063,-0.07222800360515308,0.10872123859582297
935,87.14611913528101,70.006722173359,-0.1884298104320252,-0.02422054334654837,-0.20228849533514093,-0.06067295041720055
936,108.09757162138322,99.96841914815778,-0.11444966340213869,0.009267643464420201,-0.1260295280762878,-3.98011985392201e-05
937,143.15306866059822,119.39563053658,-0.13721960671236558,0.05921447110038996,-0.1512422582802901,0.029334389631225134
938,915.4786763552579,363.9296850513396,-0.01697722995094735,0.13844569008577384,-0.04189047755289414,0.11056140547185563
939,134.19730451065436,104.575370065524,-0.11186565526754359,0.03825503877468073,-0.12647507020255083,0.005786702502397957
940,143.29692361936532,126.71846587640749,-0.11987107153582349,0.051900486284580244,-0.12950906753518227,0.034602836016241215
941,104.81921172666033,99.04839533146101,-0.14087641044687466,0.006789132492353937,-0.1539372630385333,-0.0014648741816958202
942,75.76199668740473,68.43214814353871,-0.14118455455035483,-0.03422031700878787,-0.1366572889369829,-0.04313977052268304
943,84.05654510287661,71.98094466347709,-0.20324949573283757,-0.032404991680795706,-0.2031104120442231,-0.05690961874491056
944,154.29810396299314,183.92303544836054,-0.08921426171800623,0.04844165257745982,-0.07536320069452634,0.06324708563388645
945,168.1575308875815,150.98712795368613,-0.09521874820817536,0.06489874772075556,-0.09572335292436979,0.048806588437106974
946,32.95212489146741,32.0714061413529,-0.23194718497519465,-0.15551565889992558,-0.22665711013210796,-0.15396498779338608
947,134.56502336281991,107.5701005224786,-0.10509983411647165,0.03632778221664338,-0.11958469283099166,0.00905268145680333
948,94.0676382837103,94.38059335346409,-0.20523314214542243,-0.012175172353773465,-0.200349181424125,-0.011258435217227546
949,83.26942184413616,75.18579312330309,-0.20489023905974738,-0.0342793215796273,-0.2110342299457714,-0.05236647039938801
950,432.01495336862575,438.65206053814944,-0.021463102561200115,0.0712607099600289,-0.02117243707223583,0.07170089441126967
951,93.00514401857161,87.86049004585604,-0.19144339718718825,-0.013391189919197733,-0.18668301429892198,-0.022662403103513647
952,208.6680631983234,188.56259185010052,-0.14983913457390224,0.16282728545458894,-0.15023223430194263,0.13304956049211614
953,597.5585164753544,465.2313178224399,-0.019700034302233504,0.09801919841932895,-0.024398254080241988,0.08911006490293504
954,134.94186002095063,141.40344465330136,-0.15166912938569113,0.05299601488494268,-0.14422116636441526,0.05971253079403634
955,195.2771902108185,173.02030780092772,-0.0938983129644212,0.08946367424786122,-0.09383406584822059,0.06851792370449589
956,167.5730862459841,167.45071340044223,-0.10454917068660118,0.07064710127751811,-0.1012465839683919,0.0682915431802581
957,83.93544780354237,91.89310296771265,-0.21880519743793891,-0.03515007515097988,-0.19131576329363856,-0.015509771936749874
958,207.0766275653243,176.2772200906647,-0.12271927363483336,0.13140365958084171,-0.13557309715834942,0.1034113897032049
959,108.6349496178825,88.57016697079074,-0.12294562651295254,0.010616292906783427,-0.13733916989486944,-0.015697637802685592
960,118.3754903170283,112.57760755455963,-0.2058335330882048,0.03782292094182033,-0.21024938513194874,0.026444342547771154
961,147.0427986812518,134.82671388386586,-0.15184734023534957,0.07143323856975099,-0.1623567378570508,0.05654351656465321
962,225.5165364215478,311.6237952255469,-0.04919951248144599,0.06175352400299811,-0.0324802858456482,0.06873601360666687
963,229.54722106950805,236.7921310948043,-0.08587338285772746,0.11124658113056524,-0.07791175000197642,0.10657714320095976
964,495.2770370454715,250.76087604719692,-0.008141727607505941,0.03218237965126264,-0.018937182233321637,0.028549861833609826
965,73.80406742764659,72.46978467693054,-0.18454298789887108,-0.048342756676994586,-0.19313652785103821,-0.053170901984890835
966,70.2814321061216,75.4633967882791,-0.1970575979369112,-0.05856269603292688,-0.19470861260091232,-0.047774879692932655
967,66.35047268432433,69.3653339187291,-0.1259880320981717,-0.04239437727535651,-0.13842669804070953,-0.042406556712100515
968,112.8681541013753,112.28488008345585,-0.1702766330173453,0.021911459535305256,-0.16261608156482962,0.019977190616654063
969,392.95193874165426,541.4416729024013,-0.04063605526205602,0.11904411171832313,-0.02864924144403247,0.126469690704385
970,108.9011767753832,96.57033023989084,-0.08874310993644617,0.007899181091415733,-0.08627377713297776,-0.002958905645233709
971,58.80292490433347,55.45301068076297,-0.23606574150833573,-0.0972521808043311,-0.23065470021867987,-0.10274972467073351
972,-203.1777186304486,-219.1580966502535,0.05852842879209442,0.17744515516211848,0.05435484156145259,0.173477877764793
973,451.2561962416519,241.22239892637035,-0.043027239112761934,0.15113584345528785,-0.0748398834901929,0.10569067881855097
974,135.0666109801171,121.32060366443854,-0.15639030839806306,0.05484078105655418,-0.16438349780777436,0.0350475540573366
975,95.07720642609834,91.79635332591674,-0.16218339721006425,-0.007983953855792427,-0.15681135264287527,-0.012864249315672193
976,703.3736516742492,528.4069283402777,-0.02269042009575184,0.13690801631196556,-0.029645633190058935,0.12700394653655733
977,78.42601350758191,75.06678763508998,-0.18421395222205514,-0.039742293169535675,-0.18913793607063364,-0.04715816326309882
978,74.08748592532827,82.30863256555392,-0.1055631471158706,-0.0273540653540664,-0.09520182718096287,-0.016842505050890504
979,158.9077835166058,143.90999179667097,-0.06815171259378704,0.040146663317607446,-0.06935870588771177,0.030455402065571374
980,-375.3082313671367,-3895.767570802505,0.026345071196793843,0.12522029195789378,0.0026389072320483382,0.10544459940174951
981,128.50268665784935,99.23348078486002,-0.13605254138217796,0.03877862956020296,-0.1690952841803443,-0.0012961478451378923
982,138.34053219374152,125.74570537178084,-0.15747389324491073,0.060376328736303136,-0.1579370661849728,0.040662011732817624
983,347.72767098451953,229.44921383355066,-0.04414639076202365,0.10936282565848629,-0.06428399814063952,0.08321513021383219
984,134.6733310616122,166.28341369506018,-0.06594726870829244,0.022866114805317233,-0.05442627244606125,0.03607559132422333
985,111.52030667948327,92.92639578222627,-0.19673582509464368,0.02266457039931478,-0.21768526204076405,-0.015398193877187303
986,129.79609045598733,122.07316065028166,-0.1623859988140442,0.048384679094491116,-0.16242195292367276,0.03585165860016715
987,86.51679686838207,85.3995867830951,-0.162253858119536,-0.02187701727914417,-0.16625631735882856,-0.024274109333597742
988,96.56190040817103,83.0827506460225,-0.22311095244542634,-0.007670776745351942,-0.21757109186457002,-0.03680704413290076
989,229.32415436097594,170.69856217638429,-0.03913712844080989,0.0506137603972464,-0.049805410895095575,0.03521170938887282
990,100.77724424470765,68.52530460180233,-0.06147440219687345,0.0004778062530436285,-0.08370530000786461,-0.026345988209622914
991,-1016.8731411241737,933.9448192294756,0.01449893142454028,0.16193467083070293,-0.01475701438217926,0.12306535691313251
992,136.03629917266284,126.75499693460775,-0.09048417264362839,0.032607147157766685,-0.09765327158053128,0.02612712981791531
993,127.49258710450539,104.17611899429883,-0.15142992776898162,0.04163200479417686,-0.16379837454785412,0.006840415031845674
994,349.011336404307,247.52960867874316,-0.04345126506601655,0.10819857582546559,-0.061440539982348275,0.09064298820606516
995,67.49334393015572,61.42976691267476,-0.19286521871616033,-0.06269403332641517,-0.19785169937152264,-0.0763118616148303
996,223.05453270537305,216.36382449165234,-0.03173237812876355,0.03904812962265199,-0.0391849790302069,0.04559714022580072
997,172.78096604632984,164.63077006897316,-0.13412717198696258,0.09761905150273369,-0.14391083493640427,0.09301068083208697
998,326.20944424468837,244.27519265562947,-0.023155512575898915,0.052379956309949856,-0.027372524054611838,0.03949176181449974
999,171.37180871435157,161.87769577754275,-0.1254417169671164,0.0895300222817686,-0.12575471341780783,0.07781411899459188
