scale,icc_intercept,icc_slope_simple
Prob_TCC,0.5004849058991953,0.0017473299516071097
Prob_simple,0.5371717114156066,0.005522800060333539
