model_name,AIC,BIC,log_likelihood,num_params,converged,delta_AIC,relative_likelihood,akaike_weight,is_best
Logarithmic,338.6017557777918,362.5505430604397,-163.3008778888959,9,True,0.0,1.0,0.6391640168419341,True
Linear+Logarithmic,340.5846734606457,368.5249252904016,-163.29233673032286,10,True,1.9829176828538948,0.3710350147578489,0.23715223042163303,False
Quadratic+Logarithmic,342.465325809686,374.3970421865498,-163.23266290484298,11,True,3.8635700318941986,0.14488933773865026,0.09260805110660335,False
Quadratic,344.64953291808024,372.5897847478361,-165.32476645904012,10,True,6.047777140288417,0.04861181988457924,0.031070926063424275,False
Linear,362.2105633618353,386.1593506444832,-175.10528168091764,9,True,23.60880758404346,7.471582065488256e-06,4.7755664051416295e-06,False
