model_name,AIC,BIC,log_likelihood,num_params,converged
Linear,362.2105633618353,386.1593506444832,-175.10528168091764,9,True
Quadratic,344.64953291808024,372.5897847478361,-165.32476645904012,10,True
Logarithmic,338.6017557777918,362.55054306043974,-163.3008778888959,9,True
Linear+Logarithmic,340.5846734606457,368.5249252904016,-163.29233673032286,10,True
Quadratic+Logarithmic,342.46532580968596,374.3970421865498,-163.23266290484298,11,True
