Intercept_z_center,Slope_z_center,cluster
0.5534677626441967,-0.5408061809554551,0
-1.2319121168532126,1.203729886642785,1
