term,coefficient,SE,z,p_uncorrected,p_bonferroni,significant_bonferroni
"TSVR_hours:Age_c:C(paradigm, Treatment('IFR'))[T.ICR]",3.072045714161183e-05,7.963504043248159e-05,0.38576557473664,0.6996702929217424,1.0,False
"TSVR_hours:Age_c:C(paradigm, Treatment('IFR'))[T.IRE]",-1.844043654898268e-05,7.963504043248121e-05,-0.2315618407278571,0.816878348630045,1.0,False
"log_TSVR:Age_c:C(paradigm, Treatment('IFR'))[T.ICR]",-0.0010438389375063,0.0027882916361014,-0.3743650499076876,0.7081327416987762,1.0,False
"log_TSVR:Age_c:C(paradigm, Treatment('IFR'))[T.IRE]",0.000742688088492,0.0027882916361014,0.2663595439143021,0.7899623193507501,1.0,False
