term,estimate,se,z,p_uncorrected,p_bonferroni,significant_bonferroni
TSVR_hours,-0.006079783159225598,0.0007653920032681992,-7.94335861005226,1.967789731636944e-15,3.935579463273888e-15,True
TSVR_sq,2.210124713960821e-05,4.4639970474027455e-06,4.95099949774098,7.383329426346854e-07,1.4766658852693709e-06,True
