term,estimate,se,z,p_uncorrected,p_bonferroni,significant_bonferroni
TSVR_hours,-0.005655865693888378,0.000804355989440504,-7.031545445223202,2.0425831316300446e-12,4.085166263260089e-12,True
TSVR_sq,1.92320424594861e-05,4.7754947254640255e-06,4.027235619576014,5.643647020705547e-05,0.00011287294041411094,True
