segment,slope,se,ratio_value,two_phase_evidence
Early,-0.0038176214835952205,0.001385386604305658,,
Late,-0.003471954909796837,0.0004348407670373619,,
Ratio,,,0.9094549904217182,False
