segment,slope,se,ratio_value,two_phase_evidence
Early,-0.003713808232846637,0.0013916926768786685,,
Late,-0.0034201867991320097,0.0003776259540911383,,
Ratio,,,0.9209379118938604,False
