group_var,residual_var
0.26621635375802166,0.44979238870536975
