UID,TEST,TQ_RFR-N-OBJ1,TQ_RFR-N-OBJ2,TQ_RFR-N-OBJ3,TQ_RFR-N-OBJ4,TQ_RFR-N-STRA,TQ_RFR-N-PORT,TQ_RFR-N-LAND,TQ_IFR-N-i1,TQ_IFR-N-i2,TQ_IFR-N-i3,TQ_IFR-N-i4,TQ_IFR-N-i5,TQ_IFR-N-i6,TQ_RFR-O-RORD,TQ_RFR-O-TMOD,TQ_RFR-N-WEAT,TQ_RFR-L-OBJ1,TQ_RFR-L-OBJ2,TQ_RFR-L-OBJ3,TQ_RFR-L-OBJ4,TQ_RFR-L-DOOR,TQ_RFR-L-WIND,TQ_RFR-L-PORT,TQ_RFR-L-LAND,TQ_RFR-L-STRA,TQ_IFR-U-i1,TQ_IFR-U-i2,TQ_IFR-U-i3,TQ_IFR-U-i4,TQ_IFR-U-i5,TQ_IFR-U-i6,TQ_IFR-D-i1,TQ_IFR-D-i2,TQ_IFR-D-i3,TQ_IFR-D-i4,TQ_IFR-D-i5,TQ_IFR-D-i6,TQ_IFR-O-i1,TQ_IFR-O-i2,TQ_IFR-O-i3,TQ_IFR-O-i4,TQ_IFR-O-i5,TQ_IFR-O-i6,TQ_TCR-O-TSK1,TQ_TCR-O-TSK2,TQ_TCR-O-TSK3,TQ_TCR-O-TSK4,TQ_TCR-O-TSK5,TQ_TCR-O-TSK6,TQ_ICR-N-i1,TQ_ICR-N-i2,TQ_ICR-N-i3,TQ_ICR-N-i4,TQ_ICR-N-i5,TQ_ICR-N-i6,TQ_ICR-U-i1,TQ_ICR-U-i2,TQ_ICR-U-i3,TQ_ICR-U-i4,TQ_ICR-U-i5,TQ_ICR-U-i6,TQ_ICR-D-i1,TQ_ICR-D-i2,TQ_ICR-D-i3,TQ_ICR-D-i4,TQ_ICR-D-i5,TQ_ICR-D-i6,TQ_ICR-O-i1,TQ_ICR-O-i2,TQ_ICR-O-i3,TQ_ICR-O-i4,TQ_ICR-O-i5,TQ_ICR-O-i6,TQ_RRE-L-DOOR,TQ_RRE-L-WIND,TQ_RRE-N-LAND,TQ_RRE-L-LAND,TQ_RRE-N-PORT,TQ_RRE-L-PORT,TQ_RRE-N-STRA,TQ_RRE-L-STRA,TQ_IRE-N-i1,TQ_IRE-N-i2,TQ_IRE-N-i3,TQ_IRE-N-i4,TQ_IRE-N-i5,TQ_IRE-N-i6,TQ_IRE-U-i1,TQ_IRE-U-i2,TQ_IRE-U-i3,TQ_IRE-U-i4,TQ_IRE-U-i5,TQ_IRE-U-i6,TQ_IRE-D-i1,TQ_IRE-D-i2,TQ_IRE-D-i3,TQ_IRE-D-i4,TQ_IRE-D-i5,TQ_IRE-D-i6,TQ_IRE-O-i1,TQ_IRE-O-i2,TQ_IRE-O-i3,TQ_IRE-O-i4,TQ_IRE-O-i5,TQ_IRE-O-i6,TC_RFR-N-OBJ1,TC_RFR-N-OBJ2,TC_RFR-N-OBJ3,TC_RFR-N-OBJ4,TC_RFR-N-STRA,TC_RFR-N-PORT,TC_RFR-N-LAND,TC_IFR-N-i1,TC_IFR-N-i2,TC_IFR-N-i3,TC_IFR-N-i4,TC_IFR-N-i5,TC_IFR-N-i6,TC_RFR-O-RORD,TC_RFR-O-TMOD,TC_RFR-N-WEAT,TC_RFR-L-OBJ1,TC_RFR-L-OBJ2,TC_RFR-L-OBJ3,TC_RFR-L-OBJ4,TC_RFR-L-DOOR,TC_RFR-L-WIND,TC_RFR-L-PORT,TC_RFR-L-LAND,TC_RFR-L-STRA,TC_IFR-U-i1,TC_IFR-U-i2,TC_IFR-U-i3,TC_IFR-U-i4,TC_IFR-U-i5,TC_IFR-U-i6,TC_IFR-D-i1,TC_IFR-D-i2,TC_IFR-D-i3,TC_IFR-D-i4,TC_IFR-D-i5,TC_IFR-D-i6,TC_IFR-O-i1,TC_IFR-O-i2,TC_IFR-O-i3,TC_IFR-O-i4,TC_IFR-O-i5,TC_IFR-O-i6,TC_TCR-O-TSK1,TC_TCR-O-TSK2,TC_TCR-O-TSK3,TC_TCR-O-TSK4,TC_TCR-O-TSK5,TC_TCR-O-TSK6,TC_ICR-N-i1,TC_ICR-N-i2,TC_ICR-N-i3,TC_ICR-N-i4,TC_ICR-N-i5,TC_ICR-N-i6,TC_ICR-U-i1,TC_ICR-U-i2,TC_ICR-U-i3,TC_ICR-U-i4,TC_ICR-U-i5,TC_ICR-U-i6,TC_ICR-D-i1,TC_ICR-D-i2,TC_ICR-D-i3,TC_ICR-D-i4,TC_ICR-D-i5,TC_ICR-D-i6,TC_ICR-O-i1,TC_ICR-O-i2,TC_ICR-O-i3,TC_ICR-O-i4,TC_ICR-O-i5,TC_ICR-O-i6,TC_RRE-L-DOOR,TC_RRE-L-WIND,TC_RRE-N-LAND,TC_RRE-L-LAND,TC_RRE-N-PORT,TC_RRE-L-PORT,TC_RRE-N-STRA,TC_RRE-L-STRA,TC_IRE-N-i1,TC_IRE-N-i2,TC_IRE-N-i3,TC_IRE-N-i4,TC_IRE-N-i5,TC_IRE-N-i6,TC_IRE-U-i1,TC_IRE-U-i2,TC_IRE-U-i3,TC_IRE-U-i4,TC_IRE-U-i5,TC_IRE-U-i6,TC_IRE-D-i1,TC_IRE-D-i2,TC_IRE-D-i3,TC_IRE-D-i4,TC_IRE-D-i5,TC_IRE-D-i6,TC_IRE-O-i1,TC_IRE-O-i2,TC_IRE-O-i3,TC_IRE-O-i4,TC_IRE-O-i5,TC_IRE-O-i6,NART Time,NART Score,RPM Time,BVMT trial 1 time,BVMT trial 2 time,BVMT trial 3 time,BVMT delayed recall time,RAVLT trial 1 time,RAVLT trial 2 time,RAVLT trial 3 time,RAVLT trial 4 time,RAVLT trial 5 time,RAVLT distraction trial time,RAVLT free recall time,RAVLT delayed recall time,RAVLT trial 1 word 1 (Drum) order,RAVLT trial 1 word 2 (Curtain) order,RAVLT trial 1 word 3 (Bell) order,RAVLT trial 1 word 4 (Coffee) order,RAVLT trial 1 word 5 (School) order,RAVLT trial 1 word 6 (Parent) order,RAVLT trial 1 word 7 (Moon) order,RAVLT trial 1 word 8 (Garden) order,RAVLT trial 1 word 9 (Hat) order,RAVLT trial 1 word 10 (Farmer) order,RAVLT trial 1 word 11 (Nose) order,RAVLT trial 1 word 12 (Turkey) order,RAVLT trial 1 word 13 (Color) order,RAVLT trial 1 word 14 (House) order,RAVLT trial 1 word 15 (River) order,RAVLT trial 2 word 1 (Drum) order,RAVLT trial 2 word 2 (Curtain) order,RAVLT trial 2 word 3 (Bell) order,RAVLT trial 2 word 4 (Coffee) order,RAVLT trial 2 word 5 (School) order,RAVLT trial 2 word 6 (Parent) order,RAVLT trial 2 word 7 (Moon) order,RAVLT trial 2 word 8 (Garden) order,RAVLT trial 2 word 9 (Hat) order,RAVLT trial 2 word 10 (Farmer) order,RAVLT trial 2 word 11 (Nose) order,RAVLT trial 2 word 12 (Turkey) order,RAVLT trial 2 word 13 (Color) order,RAVLT trial 2 word 14 (House) order,RAVLT trial 2 word 15 (River) order,RAVLT trial 3 word 1 (Drum) order,RAVLT trial 3 word 2 (Curtain) order,RAVLT trial 3 word 3 (Bell) order,RAVLT trial 3 word 4 (Coffee) order,RAVLT trial 3 word 5 (School) order,RAVLT trial 3 word 6 (Parent) order,RAVLT trial 3 word 7 (Moon) order,RAVLT trial 3 word 8 (Garden) order,RAVLT trial 3 word 9 (Hat) order,RAVLT trial 3 word 10 (Farmer) order,RAVLT trial 3 word 11 (Nose) order,RAVLT trial 3 word 12 (Turkey) order,RAVLT trial 3 word 13 (Color) order,RAVLT trial 3 word 14 (House) order,RAVLT trial 3 word 15 (River) order,RAVLT trial 4 word 1 (Drum) order,RAVLT trial 4 word 2 (Curtain) order,RAVLT trial 4 word 3 (Bell) order,RAVLT trial 4 word 4 (Coffee) order,RAVLT trial 4 word 5 (School) order,RAVLT trial 4 word 6 (Parent) order,RAVLT trial 4 word 7 (Moon) order,RAVLT trial 4 word 8 (Garden) order,RAVLT trial 4 word 9 (Hat) order,RAVLT trial 4 word 10 (Farmer) order,RAVLT trial 4 word 11 (Nose) order,RAVLT trial 4 word 12 (Turkey) order,RAVLT trial 4 word 13 (Color) order,RAVLT trial 4 word 14 (House) order,RAVLT trial 4 word 15 (River) order,RAVLT trial 5 word 1 (Drum) order,RAVLT trial 5 word 2 (Curtain) order,RAVLT trial 5 word 3 (Bell) order,RAVLT trial 5 word 4 (Coffee) order,RAVLT trial 5 word 5 (School) order,RAVLT trial 5 word 6 (Parent) order,RAVLT trial 5 word 7 (Moon) order,RAVLT trial 5 word 8 (Garden) order,RAVLT trial 5 word 9 (Hat) order,RAVLT trial 5 word 10 (Farmer) order,RAVLT trial 5 word 11 (Nose) order,RAVLT trial 5 word 12 (Turkey) order,RAVLT trial 5 word 13 (Color) order,RAVLT trial 5 word 14 (House) order,RAVLT trial 5 word 15 (River) order,RAVLT trial 6 word 1 (Drum) order,RAVLT trial 6 word 2 (Curtain) order,RAVLT trial 6 word 3 (Bell) order,RAVLT trial 6 word 4 (Coffee) order,RAVLT trial 6 word 5 (School) order,RAVLT trial 6 word 6 (Parent) order,RAVLT trial 6 word 7 (Moon) order,RAVLT trial 6 word 8 (Garden) order,RAVLT trial 6 word 9 (Hat) order,RAVLT trial 6 word 10 (Farmer) order,RAVLT trial 6 word 11 (Nose) order,RAVLT trial 6 word 12 (Turkey) order,RAVLT trial 6 word 13 (Color) order,RAVLT trial 6 word 14 (House) order,RAVLT trial 6 word 15 (River) order,RAVLT trial 7 word 1 (Drum) order,RAVLT trial 7 word 2 (Curtain) order,RAVLT trial 7 word 3 (Bell) order,RAVLT trial 7 word 4 (Coffee) order,RAVLT trial 7 word 5 (School) order,RAVLT trial 7 word 6 (Parent) order,RAVLT trial 7 word 7 (Moon) order,RAVLT trial 7 word 8 (Garden) order,RAVLT trial 7 word 9 (Hat) order,RAVLT trial 7 word 10 (Farmer) order,RAVLT trial 7 word 11 (Nose) order,RAVLT trial 7 word 12 (Turkey) order,RAVLT trial 7 word 13 (Color) order,RAVLT trial 7 word 14 (House) order,RAVLT trial 7 word 15 (River) order,RAVLT trial 8 word 1 (Drum) order,RAVLT trial 8 word 2 (Curtain) order,RAVLT trial 8 word 3 (Bell) order,RAVLT trial 8 word 4 (Coffee) order,RAVLT trial 8 word 5 (School) order,RAVLT trial 8 word 6 (Parent) order,RAVLT trial 8 word 7 (Moon) order,RAVLT trial 8 word 8 (Garden) order,RAVLT trial 8 word 9 (Hat) order,RAVLT trial 8 word 10 (Farmer) order,RAVLT trial 8 word 11 (Nose) order,RAVLT trial 8 word 12 (Turkey) order,RAVLT trial 8 word 13 (Color) order,RAVLT trial 8 word 14 (House) order,RAVLT trial 8 word 15 (River) order,Time since VR,Seconds taken to complete RFR,Seconds taken to complete IFR,Seconds taken to complete TCR,Seconds taken to complete ICR,Seconds taken to complete RRE,Seconds taken to complete IRE,Time been awake today,Hours slept night before,Time woke up,Sleep quality -1=bad 1=good,Tiredness -1=tired 1=alert,Consumed stimulants,What stimulants,Consumed intoxicants,What intoxicants,Anyone helping you,Who is helping,How difficult was your REMEMVR test today?,How difficult was todays test compared to your previous REMEMVR test?,"Did completing previous REMEMVR tests help you answer questions about the [user_meta key=""c_room""]?","Briefly describe how previous tests helped you answer questions about the [user_meta key=""c_room""]","How often have you thought about the [user_meta key=""c_room""] since you saw it in virtual reality?","When you thought about your virtual experience in the [user_meta key=""c_room""], what kind of elements did you think about?","Did you use any specific strategies or techniques to remember the furniture/fixtures in the [user_meta key=""c_room""]?",Describe your strategy here,"Did you use any specific strategies or techniques to remember the items and their locations in the [user_meta key=""c_room""]?","Were you aware of any mnemonic techniques (e.g., method of loci, visual imagery) before participating in this study?",Did you consciously apply any of these mnemonic techniques during the REMEMVR test?,"(Optional) Please provide any thoughts, comments, or suggestions related to REMEMVR that you would like to share with the research team."
A010,1,1.0,1.0,1.0,1.0,1.0,1.0,1.0,1.0,1.0,1.0,1.0,1.0,0.0,1.0,1.0,1.0,1.0,1.0,1.0,1.0,1.0,0.5,1.0,0.0,1.0,1.0,1.0,1.0,1.0,1.0,0.25,1.0,0.0,1.0,0.0,1.0,0.0,0.5,1.0,1.0,0.5,1.0,1.0,1.0,0.0,0.5,0.5,0.5,1.0,1.0,1.0,1.0,1.0,1.0,1.0,1.0,1.0,1.0,1.0,1.0,1.0,1.0,1.0,1.0,1.0,1.0,1.0,0.5,1.0,1.0,1.0,1.0,0.0,0.5,1.0,1.0,1.0,1.0,1.0,1.0,1.0,1.0,1.0,1.0,1.0,1.0,1.0,1.0,1.0,1.0,1.0,1.0,1.0,1.0,1.0,1.0,1.0,1.0,1.0,0.5,1.0,1.0,0.5,1.0,0.0,1.0,1.0,1.0,1.0,1.0,1.0,1.0,1.0,0.2,1.0,1.0,1.0,0.2,1.0,1.0,1.0,1.0,1.0,1.0,1.0,0.8,0.8,0.6,0.6,1.0,1.0,0.4,1.0,1.0,1.0,0.2,0.4,0.2,1.0,0.4,1.0,0.2,0.4,0.2,1.0,0.4,0.4,0.2,0.4,0.4,0.4,0.4,0.4,1.0,1.0,0.8,1.0,1.0,1.0,1.0,1.0,0.8,1.0,1.0,1.0,0.4,0.4,0.4,1.0,0.4,1.0,0.4,0.6,0.4,1.0,0.4,0.6,0.2,0.6,0.6,1.0,0.6,1.0,0.8,1.0,1.0,1.0,1.0,1.0,1.0,1.0,1.0,1.0,0.6,1.0,1.0,1.0,0.6,0.6,0.6,1.0,0.6,1.0,0.4,0.4,0.6,1.0,0.6,0.6,0.4,79.0,40.0,265.0,76.0,70.0,66.0,53.0,27.0,18.0,18.0,23.0,20.0,16.0,41.0,43.0,1.0,2.0,3.0,,4.0,,5.0,,,,,8.0,,6.0,7.0,1.0,3.0,2.0,,4.0,,5.0,,,,,7.0,,,6.0,1.0,3.0,2.0,4.0,5.0,,8.0,6.0,,,,7.0,,,9.0,1.0,2.0,,3.0,4.0,7.0,5.0,,,8.0,,9.0,,,6.0,1.0,2.0,3.0,5.0,4.0,7.0,11.0,,,6.0,8.0,9.0,,,10.0,1.0,2.0,,,,,,,3.0,,,,,,4.0,8.0,1.0,2.0,7.0,,4.0,6.0,,,3.0,,9.0,,,5.0,1.0,,,2.0,,4.0,6.0,,,3.0,7.0,,,,5.0,1.0,55.0,326.0,558.0,144.0,354.0,212.0,0.2,7.0,0.27,-0.5,0.0,[1.0],['1 small coffee'],[0.0],[nan],"['No', nan]","[nan, nan]",[0.0],[nan],"['No', nan]","[nan, nan]",[nan],"['The furniture/fixtures/objects in the room, The location of furniture/fixtures/objects, The items you picked up, Where you picked up and put down items']","[1.0, 1.0, 1.0, 1.0, nan, nan, nan, 'No specific strategy']",[nan],['No specific strategy'],['Unsure'],"['No, I did not apply any mnemonic techniques']",[nan]
A010,2,1.0,1.0,1.0,1.0,1.0,1.0,1.0,1.0,0.0,0.0,1.0,0.0,0.0,1.0,0.0,1.0,1.0,1.0,1.0,1.0,0.0,0.0,1.0,0.0,1.0,1.0,0.5,0.5,1.0,1.0,0.0,1.0,0.0,0.5,0.5,0.5,0.25,0.0,0.5,0.0,0.5,0.0,1.0,0.0,1.0,0.5,0.5,1.0,1.0,1.0,1.0,1.0,1.0,1.0,1.0,1.0,0.5,1.0,1.0,1.0,0.0,1.0,0.0,1.0,0.5,1.0,1.0,0.5,0.0,0.5,1.0,0.5,0.0,1.0,1.0,1.0,0.0,1.0,1.0,1.0,1.0,1.0,1.0,1.0,1.0,1.0,1.0,1.0,0.5,1.0,1.0,0.5,0.0,1.0,0.0,1.0,0.5,1.0,1.0,1.0,0.5,1.0,1.0,0.5,0.0,0.8,0.8,0.6,0.8,1.0,1.0,1.0,1.0,0.2,0.6,1.0,0.2,0.2,0.8,0.8,0.8,1.0,1.0,1.0,0.8,0.4,0.4,0.4,0.2,1.0,0.8,1.0,0.6,0.2,0.2,0.2,1.0,0.4,0.4,0.2,0.2,0.2,0.4,0.4,0.2,0.2,0.2,0.2,0.4,0.4,0.4,0.4,0.4,1.0,1.0,1.0,1.0,1.0,0.8,1.0,1.0,0.6,1.0,1.0,0.6,0.4,1.0,0.6,0.8,0.4,0.6,0.8,0.4,0.4,0.4,0.4,0.4,0.2,0.4,0.4,1.0,0.4,1.0,0.4,0.8,1.0,1.0,1.0,1.0,1.0,1.0,1.0,1.0,0.4,1.0,1.0,0.4,0.4,1.0,0.4,0.8,0.4,0.6,1.0,0.4,0.2,0.4,0.4,0.4,0.4,79.0,40.0,265.0,76.0,70.0,66.0,53.0,27.0,18.0,18.0,23.0,20.0,16.0,41.0,43.0,1.0,2.0,3.0,,4.0,,5.0,,,,,8.0,,6.0,7.0,1.0,3.0,2.0,,4.0,,5.0,,,,,7.0,,,6.0,1.0,3.0,2.0,4.0,5.0,,8.0,6.0,,,,7.0,,,9.0,1.0,2.0,,3.0,4.0,7.0,5.0,,,8.0,,9.0,,,6.0,1.0,2.0,3.0,5.0,4.0,7.0,11.0,,,6.0,8.0,9.0,,,10.0,1.0,2.0,,,,,,,3.0,,,,,,4.0,8.0,1.0,2.0,7.0,,4.0,6.0,,,3.0,,9.0,,,5.0,1.0,,,2.0,,4.0,6.0,,,3.0,7.0,,,,5.0,21.9,31.0,539.0,427.0,69.0,220.0,212.0,0.07,8.0,0.31,0.0,0.0,[0.0],[nan],[0.0],[nan],"['No', 'Unsure']","[nan, 'I knew what questions would be asked so I was prepared to remember those details.']",[0.0],[-0.5],"['No', 'Unsure']","[nan, 'I knew what questions would be asked so I was prepared to remember those details.']",[0.25],"['The furniture/fixtures/objects in the room, The location of furniture/fixtures/objects']","[1.0, 1.0, 0.8, 1.0, nan, nan, nan, 'No specific strategy']",[nan],['No specific strategy'],['No'],"['No, I did not apply any mnemonic techniques']",[nan]
A010,3,1.0,1.0,1.0,1.0,1.0,1.0,1.0,0.0,0.0,0.0,1.0,0.0,0.0,1.0,1.0,1.0,1.0,1.0,1.0,1.0,0.0,0.0,1.0,0.0,1.0,1.0,0.0,1.0,1.0,0.5,1.0,0.0,0.0,0.0,1.0,0.0,0.5,0.0,1.0,0.5,0.5,0.0,0.0,0.5,1.0,1.0,1.0,0.5,1.0,1.0,1.0,1.0,1.0,1.0,1.0,0.0,1.0,0.5,1.0,0.0,1.0,0.0,0.25,0.0,1.0,0.5,0.0,0.0,1.0,0.0,1.0,0.0,0.0,0.0,0.5,1.0,0.0,1.0,1.0,1.0,1.0,1.0,1.0,1.0,1.0,1.0,1.0,0.0,1.0,1.0,1.0,0.0,1.0,0.0,0.25,0.0,1.0,0.25,0.0,0.0,1.0,0.5,0.5,0.0,0.0,1.0,1.0,1.0,1.0,1.0,0.8,0.8,0.2,0.2,0.4,1.0,0.2,0.2,1.0,0.8,0.8,1.0,1.0,1.0,1.0,0.4,0.4,0.4,0.2,1.0,1.0,0.2,0.2,0.2,0.2,0.2,1.0,0.2,0.2,0.2,0.2,0.2,0.2,0.2,0.2,0.2,0.2,0.2,0.4,0.4,0.4,0.4,0.4,1.0,1.0,1.0,1.0,1.0,1.0,0.8,0.4,0.8,0.2,1.0,0.4,0.8,0.2,0.4,0.2,0.8,0.4,0.4,0.2,0.2,0.2,0.2,0.2,0.2,0.4,0.4,1.0,0.4,0.8,0.4,0.6,1.0,1.0,1.0,1.0,1.0,1.0,1.0,0.4,1.0,0.4,1.0,0.4,0.6,0.2,0.4,0.4,1.0,0.4,0.4,0.2,0.2,0.2,0.2,0.2,0.2,79.0,40.0,265.0,76.0,70.0,66.0,53.0,27.0,18.0,18.0,23.0,20.0,16.0,41.0,43.0,1.0,2.0,3.0,,4.0,,5.0,,,,,8.0,,6.0,7.0,1.0,3.0,2.0,,4.0,,5.0,,,,,7.0,,,6.0,1.0,3.0,2.0,4.0,5.0,,8.0,6.0,,,,7.0,,,9.0,1.0,2.0,,3.0,4.0,7.0,5.0,,,8.0,,9.0,,,6.0,1.0,2.0,3.0,5.0,4.0,7.0,11.0,,,6.0,8.0,9.0,,,10.0,1.0,2.0,,,,,,,3.0,,,,,,4.0,8.0,1.0,2.0,7.0,,4.0,6.0,,,3.0,,9.0,,,5.0,1.0,,,2.0,,4.0,6.0,,,3.0,7.0,,,,5.0,80.88,26.0,252.0,301.0,38.0,272.0,142.0,0.55,7.0,0.29,0.0,-0.5,[0.0],[nan],[0.0],[nan],"['No', 'No']","[nan, nan]",[-0.5],[-0.5],"['No', 'No']","[nan, nan]",[0.5],"['The furniture/fixtures/objects in the room, The items you picked up']","[1.0, 1.0, 1.0, 1.0, nan, nan, nan, 'No specific strategy']",[nan],['No specific strategy'],['No'],"['No, I did not apply any mnemonic techniques']",[nan]
A010,4,1.0,1.0,1.0,1.0,1.0,1.0,1.0,0.0,1.0,1.0,0.0,1.0,1.0,1.0,1.0,1.0,1.0,1.0,1.0,1.0,1.0,1.0,1.0,0.0,1.0,0.25,1.0,1.0,0.5,1.0,1.0,0.0,0.0,0.0,0.0,0.0,0.5,1.0,0.5,0.0,0.5,0.5,0.0,0.0,1.0,1.0,0.0,1.0,1.0,1.0,1.0,1.0,1.0,1.0,1.0,0.5,1.0,1.0,1.0,1.0,1.0,0.5,0.0,0.0,0.0,0.5,0.5,0.0,1.0,1.0,1.0,0.5,1.0,1.0,1.0,1.0,0.0,1.0,0.0,1.0,1.0,1.0,1.0,1.0,1.0,1.0,1.0,1.0,1.0,1.0,0.5,1.0,1.0,0.0,0.0,0.0,0.0,0.0,1.0,1.0,0.0,1.0,0.5,0.5,1.0,1.0,0.4,1.0,0.6,1.0,1.0,1.0,0.2,1.0,0.8,0.2,0.8,1.0,1.0,0.6,0.6,1.0,1.0,1.0,1.0,0.6,0.4,0.4,0.4,1.0,1.0,0.8,0.8,1.0,0.2,0.2,0.2,0.2,0.4,0.2,0.2,0.2,0.2,0.2,0.2,0.2,0.2,0.2,0.4,0.4,0.4,0.4,0.4,1.0,1.0,1.0,1.0,0.6,1.0,1.0,0.2,1.0,1.0,0.2,0.8,1.0,0.2,0.2,0.4,0.2,0.4,0.2,0.2,0.2,0.2,0.2,0.2,0.2,0.4,0.4,1.0,0.4,0.6,0.4,1.0,1.0,1.0,1.0,0.8,0.8,0.8,0.8,0.4,1.0,1.0,0.4,0.8,1.0,0.2,0.4,0.4,0.4,0.4,0.6,0.2,0.4,0.4,0.2,0.2,0.4,79.0,40.0,265.0,76.0,70.0,66.0,53.0,27.0,18.0,18.0,23.0,20.0,16.0,41.0,43.0,1.0,2.0,3.0,,4.0,,5.0,,,,,8.0,,6.0,7.0,1.0,3.0,2.0,,4.0,,5.0,,,,,7.0,,,6.0,1.0,3.0,2.0,4.0,5.0,,8.0,6.0,,,,7.0,,,9.0,1.0,2.0,,3.0,4.0,7.0,5.0,,,8.0,,9.0,,,6.0,1.0,2.0,3.0,5.0,4.0,7.0,11.0,,,6.0,8.0,9.0,,,10.0,1.0,2.0,,,,,,,3.0,,,,,,4.0,8.0,1.0,2.0,7.0,,4.0,6.0,,,3.0,,9.0,,,5.0,1.0,,,2.0,,4.0,6.0,,,3.0,7.0,,,,5.0,145.31,24.0,254.0,364.0,46.0,189.0,116.0,0.25,7.0,0.27,0.0,0.0,[1.0],['1 regular coffee'],[0.0],[nan],"['No', 'No']","[nan, nan]",[-0.5],[0.0],"['No', 'No']","[nan, nan]",[0.5],"['The furniture/fixtures/objects in the room, The items you picked up']","[1.0, 1.0, 1.0, 1.0, nan, nan, nan, 'No specific strategy']",[nan],['No specific strategy'],['No'],"['No, I did not apply any mnemonic techniques']",[nan]
A011,1,1.0,1.0,1.0,1.0,1.0,1.0,1.0,1.0,1.0,1.0,0.0,1.0,1.0,1.0,0.0,1.0,1.0,1.0,1.0,1.0,1.0,0.5,1.0,1.0,1.0,1.0,0.25,1.0,1.0,1.0,1.0,0.25,1.0,1.0,1.0,1.0,0.25,0.5,0.5,1.0,0.5,0.5,1.0,1.0,1.0,0.5,1.0,0.0,1.0,1.0,1.0,1.0,1.0,1.0,1.0,1.0,0.5,0.0,0.25,0.0,1.0,0.0,1.0,1.0,0.0,0.5,1.0,0.5,0.0,1.0,0.0,0.5,1.0,0.5,0.0,1.0,1.0,1.0,1.0,1.0,1.0,1.0,1.0,1.0,1.0,1.0,1.0,1.0,0.5,1.0,0.5,1.0,1.0,0.5,1.0,1.0,0.0,0.0,1.0,0.5,0.5,1.0,0.5,0.5,1.0,1.0,1.0,0.4,0.4,1.0,1.0,1.0,1.0,1.0,1.0,0.2,1.0,1.0,1.0,1.0,1.0,1.0,1.0,1.0,1.0,0.6,1.0,1.0,1.0,1.0,1.0,0.2,1.0,0.2,1.0,0.6,0.2,1.0,1.0,0.2,1.0,1.0,0.6,0.6,1.0,0.2,1.0,1.0,1.0,0.6,0.6,0.6,0.6,1.0,1.0,1.0,1.0,1.0,1.0,1.0,1.0,0.8,1.0,1.0,1.0,1.0,0.4,1.0,1.0,1.0,0.4,1.0,1.0,0.6,1.0,0.6,1.0,1.0,0.4,0.8,1.0,1.0,1.0,1.0,0.8,1.0,1.0,1.0,1.0,1.0,1.0,1.0,1.0,0.6,1.0,0.4,1.0,0.8,0.6,1.0,1.0,1.0,0.8,1.0,0.8,1.0,1.0,0.6,1.0,1.0,300.0,33.0,360.0,,,,,,,,,,,,,,,,,,,,,,,,,,,,,,,,,,,,,,,,,,,,,,,,,,,,,,,,,,,,,,,,,,,,,,,,,,,,,,,,,,,,,,,,,,,,,,,,,,,,,,,,,,,,,,,,,,,,,,,,,,,,,,,,,,,,,1.0,45.0,263.0,499.0,66.0,245.0,88.0,0.36,7.0,0.29,0.5,0.0,[1.0],['2 cups of coffee'],[0.0],[nan],"['No', nan]","[nan, nan]",[0.0],[nan],"['No', nan]","[nan, nan]",[nan],"['The furniture/fixtures/objects in the room, The location of furniture/fixtures/objects, The items you picked up, Where you picked up and put down items']","[1.0, 1.0, 1.0, 1.0, nan, nan, nan, 'Visualising the room layout']",[nan],['No specific strategy'],['No'],"['Yes, visual imagery']",[nan]
A011,2,1.0,1.0,1.0,1.0,1.0,1.0,0.0,1.0,1.0,0.0,1.0,1.0,0.0,1.0,0.0,0.0,1.0,1.0,1.0,1.0,1.0,0.0,1.0,1.0,1.0,1.0,1.0,0.25,1.0,0.5,0.5,1.0,0.0,1.0,0.5,1.0,0.0,1.0,1.0,0.5,1.0,1.0,0.5,0.5,1.0,0.0,0.5,0.0,1.0,1.0,1.0,1.0,1.0,1.0,1.0,1.0,1.0,0.25,1.0,0.5,1.0,1.0,0.0,0.0,0.25,1.0,0.0,1.0,1.0,1.0,1.0,1.0,0.5,1.0,0.0,1.0,0.0,1.0,1.0,0.0,1.0,1.0,1.0,1.0,1.0,1.0,1.0,1.0,1.0,0.25,1.0,0.5,1.0,1.0,0.0,0.25,0.25,1.0,0.0,1.0,0.5,0.0,1.0,1.0,0.5,0.8,0.8,0.8,0.8,1.0,1.0,0.4,1.0,0.6,0.4,1.0,1.0,0.6,0.8,1.0,0.8,1.0,1.0,1.0,1.0,0.6,0.6,0.8,0.6,1.0,0.4,1.0,0.6,1.0,0.4,1.0,0.4,1.0,1.0,0.4,1.0,0.4,0.2,0.6,0.6,0.6,0.2,0.2,0.8,0.8,0.8,0.8,0.8,1.0,1.0,0.8,0.8,1.0,1.0,1.0,1.0,0.6,1.0,1.0,0.8,1.0,1.0,0.2,0.2,0.6,1.0,0.4,0.8,0.2,0.2,1.0,0.4,0.2,0.4,0.4,1.0,0.6,1.0,0.6,0.8,1.0,1.0,1.0,1.0,1.0,1.0,1.0,1.0,0.6,0.8,1.0,0.6,1.0,1.0,0.6,0.6,0.6,1.0,0.4,0.8,0.4,0.4,1.0,0.8,0.4,300.0,33.0,360.0,,,,,,,,,,,,,,,,,,,,,,,,,,,,,,,,,,,,,,,,,,,,,,,,,,,,,,,,,,,,,,,,,,,,,,,,,,,,,,,,,,,,,,,,,,,,,,,,,,,,,,,,,,,,,,,,,,,,,,,,,,,,,,,,,,,,,24.57,56.0,342.0,486.0,55.0,507.0,134.0,0.23,6.0,0.44,-0.5,-0.5,[1.0],['2 cups of coffee'],[0.0],[nan],"['No', 'Yes']","[nan, 'Knowing what to expect i might need to recall']",[-0.5],[-0.5],"['No', 'Yes']","[nan, 'Knowing what to expect i might need to recall']",[0.25],"['The furniture/fixtures/objects in the room, Where you picked up and put down items']","[1.0, 1.0, 0.8, 1.0, nan, nan, nan, 'Visualising the room layout']",[nan],['No specific strategy'],['No'],"['Yes, visual imagery']",[nan]
A011,3,1.0,1.0,1.0,1.0,0.0,0.0,1.0,1.0,1.0,1.0,1.0,1.0,1.0,0.0,0.0,0.0,1.0,1.0,1.0,1.0,0.0,0.0,0.0,0.0,0.5,0.25,0.0,1.0,0.5,0.25,1.0,1.0,0.25,1.0,1.0,0.0,0.0,0.5,0.5,0.0,0.0,0.5,0.0,0.0,0.5,0.0,0.5,0.5,1.0,1.0,1.0,1.0,1.0,1.0,1.0,0.25,0.0,1.0,0.5,0.25,1.0,1.0,0.25,1.0,1.0,0.0,0.0,0.5,1.0,0.0,0.0,0.5,0.0,0.0,0.0,1.0,0.0,0.0,0.0,1.0,1.0,1.0,1.0,1.0,0.0,1.0,1.0,0.25,0.0,1.0,0.5,0.25,1.0,1.0,0.25,0.5,1.0,0.0,0.0,0.5,1.0,0.0,0.0,0.5,0.0,0.4,0.4,0.6,0.4,0.2,0.8,0.8,1.0,1.0,1.0,0.8,1.0,1.0,0.8,0.8,0.8,1.0,1.0,1.0,1.0,0.6,0.6,0.4,0.4,0.2,0.2,0.8,0.2,0.8,0.6,0.8,0.6,0.2,1.0,0.6,0.6,0.4,0.2,0.2,0.6,0.4,0.2,0.2,0.8,0.8,0.8,0.8,0.8,1.0,1.0,1.0,1.0,1.0,1.0,1.0,0.8,0.4,1.0,0.4,0.8,1.0,1.0,1.0,0.4,0.8,0.6,0.4,0.4,0.2,0.2,0.4,0.4,0.4,0.6,0.6,1.0,0.6,0.8,0.6,1.0,1.0,1.0,1.0,0.6,0.8,1.0,1.0,1.0,0.6,0.8,0.6,0.8,1.0,1.0,0.6,0.2,0.8,0.8,0.4,0.6,0.4,0.2,0.4,0.4,0.4,300.0,33.0,360.0,,,,,,,,,,,,,,,,,,,,,,,,,,,,,,,,,,,,,,,,,,,,,,,,,,,,,,,,,,,,,,,,,,,,,,,,,,,,,,,,,,,,,,,,,,,,,,,,,,,,,,,,,,,,,,,,,,,,,,,,,,,,,,,,,,,,,72.55,54.0,208.0,309.0,54.0,203.0,105.0,0.34,4.0,0.33,0.0,-0.5,[1.0],['2 cups of coffee'],[0.0],[nan],"['No', 'No']","[nan, ""They didn't. I butchered it""]",[-0.5],[-0.5],"['No', 'No']","[nan, ""They didn't. I butchered it""]",[0.25],"['The furniture/fixtures/objects in the room, The location of furniture/fixtures/objects, Where you picked up and put down items']","[1.0, 1.0, 0.4, 1.0, nan, nan, nan, 'Visualising the room layout']",[nan],['No specific strategy'],['No'],"['Yes, visual imagery']",[nan]
A011,4,1.0,1.0,0.0,1.0,1.0,0.0,1.0,0.0,1.0,0.0,1.0,0.0,0.0,0.0,0.0,0.0,1.0,1.0,0.5,1.0,0.0,1.0,1.0,0.0,1.0,0.5,1.0,1.0,1.0,0.5,0.0,0.0,0.25,0.5,0.5,0.0,0.0,1.0,0.0,0.5,1.0,0.0,1.0,0.5,0.5,0.5,1.0,0.5,1.0,1.0,1.0,0.0,1.0,1.0,0.0,0.0,1.0,0.0,1.0,1.0,0.5,0.0,1.0,0.0,0.5,0.0,0.0,0.0,0.0,0.0,0.5,1.0,0.0,0.0,1.0,1.0,0.0,1.0,0.0,1.0,1.0,1.0,1.0,1.0,1.0,1.0,1.0,0.5,1.0,1.0,1.0,1.0,1.0,0.25,1.0,0.5,1.0,0.0,0.0,0.0,0.0,0.0,0.5,1.0,0.0,0.8,0.8,0.8,0.8,0.8,0.6,0.6,0.2,0.4,0.2,0.4,0.4,0.4,1.0,1.0,0.8,1.0,1.0,1.0,1.0,0.6,0.6,0.6,0.6,1.0,0.4,0.4,1.0,0.2,1.0,0.2,0.2,0.4,0.2,0.6,0.2,0.2,0.2,0.2,0.2,0.2,0.2,0.2,0.8,0.6,0.6,0.8,0.8,1.0,0.8,0.8,0.6,1.0,1.0,0.4,0.4,0.6,0.4,1.0,0.8,0.2,0.4,0.6,0.4,0.6,0.4,0.2,0.4,0.6,0.2,0.4,0.2,0.2,0.6,0.6,0.8,0.6,1.0,0.4,1.0,1.0,1.0,0.8,0.6,1.0,0.8,1.0,0.6,0.8,0.6,1.0,0.8,0.6,0.4,0.4,0.2,0.8,0.6,0.6,0.2,0.2,0.2,0.2,0.2,0.2,300.0,33.0,360.0,,,,,,,,,,,,,,,,,,,,,,,,,,,,,,,,,,,,,,,,,,,,,,,,,,,,,,,,,,,,,,,,,,,,,,,,,,,,,,,,,,,,,,,,,,,,,,,,,,,,,,,,,,,,,,,,,,,,,,,,,,,,,,,,,,,,,148.85,61.0,238.0,505.0,53.0,272.0,81.0,0.43,6.0,0.42,0.0,-0.5,[0.0],[nan],[0.0],[nan],"['No', 'No']","[nan, ""They didn't. I butchered that""]",[-1.0],[-1.0],"['No', 'No']","[nan, ""They didn't. I butchered that""]",[0.0],['The furniture/fixtures/objects in the room'],"[1.0, 1.0, 0.8, 1.0, nan, nan, nan, 'Visualising the room layout']",[nan],['No specific strategy'],['No'],"['Yes, visual imagery']",[nan]
A012,1,1.0,1.0,1.0,1.0,1.0,1.0,0.0,1.0,1.0,1.0,1.0,0.0,1.0,1.0,1.0,1.0,1.0,1.0,1.0,1.0,1.0,1.0,1.0,0.0,1.0,1.0,1.0,1.0,1.0,1.0,1.0,0.0,0.0,0.5,1.0,0.0,1.0,0.0,0.5,1.0,1.0,0.0,1.0,0.5,1.0,0.0,0.5,0.5,1.0,1.0,1.0,1.0,1.0,1.0,1.0,1.0,1.0,1.0,1.0,0.5,1.0,0.0,0.0,0.5,1.0,0.5,1.0,0.0,0.5,0.5,1.0,0.0,0.5,1.0,1.0,1.0,1.0,1.0,1.0,1.0,1.0,1.0,1.0,1.0,1.0,1.0,1.0,1.0,1.0,1.0,1.0,1.0,1.0,0.0,0.0,0.5,1.0,0.5,1.0,1.0,0.5,0.5,1.0,0.5,0.5,0.6,0.6,0.6,0.6,1.0,0.8,0.2,1.0,1.0,1.0,1.0,0.2,1.0,1.0,1.0,0.6,1.0,1.0,1.0,1.0,0.6,0.6,1.0,1.0,1.0,1.0,0.8,1.0,1.0,1.0,0.4,1.0,0.6,0.8,0.8,0.6,0.2,1.0,0.4,0.4,0.2,0.2,0.4,0.4,0.4,0.4,0.4,0.4,1.0,1.0,1.0,1.0,1.0,1.0,1.0,0.8,1.0,1.0,1.0,0.8,1.0,0.8,0.4,1.0,1.0,0.4,0.8,0.4,0.4,0.6,1.0,0.4,0.4,0.8,0.8,0.6,0.8,0.8,1.0,1.0,1.0,1.0,1.0,1.0,1.0,1.0,1.0,1.0,1.0,1.0,1.0,1.0,1.0,0.8,0.6,1.0,1.0,0.2,1.0,0.6,0.6,0.8,1.0,0.4,0.6,300.0,32.0,360.0,,,,,,,,,,,,,,,,,,,,,,,,,,,,,,,,,,,,,,,,,,,,,,,,,,,,,,,,,,,,,,,,,,,,,,,,,,,,,,,,,,,,,,,,,,,,,,,,,,,,,,,,,,,,,,,,,,,,,,,,,,,,,,,,,,,,,1.0,56.0,497.0,725.0,184.0,330.0,100.0,0.17,6.0,0.48,0.5,0.0,[0.0],[nan],[0.0],[nan],"['No', nan]","[nan, nan]",[0.0],[nan],"['No', nan]","[nan, nan]",[nan],"['The furniture/fixtures/objects in the room, The location of furniture/fixtures/objects, The items you picked up, Where you picked up and put down items, The order you completed items and tasks']","[1.0, 1.0, 0.6, 1.0, nan, nan, nan, 'Visualising the room layout, Associating items with personal experiences, Creating a mental story or narrative']",[nan],"['Visualising the room layout, Associating items with personal experiences, Creating a mental story or narrative']",['No'],"['No, I did not apply any mnemonic techniques']",[nan]
A012,2,1.0,1.0,1.0,1.0,0.0,1.0,0.0,1.0,0.0,0.0,1.0,0.0,0.0,0.0,0.0,1.0,1.0,1.0,1.0,1.0,1.0,0.0,0.0,1.0,0.5,1.0,0.5,0.5,1.0,0.0,0.5,0.5,1.0,0.25,1.0,0.5,0.5,0.5,0.5,0.5,0.5,1.0,1.0,0.5,1.0,1.0,0.5,0.0,1.0,1.0,1.0,1.0,1.0,1.0,1.0,1.0,0.0,1.0,1.0,1.0,1.0,0.5,0.0,0.5,0.5,0.0,0.0,0.5,1.0,1.0,0.5,0.5,1.0,1.0,0.0,1.0,1.0,1.0,0.0,1.0,1.0,1.0,1.0,1.0,1.0,1.0,1.0,0.0,0.0,1.0,0.0,1.0,0.5,0.0,0.0,0.25,0.25,0.0,0.0,0.0,0.5,0.0,1.0,1.0,0.0,1.0,1.0,1.0,1.0,1.0,0.6,0.6,0.2,1.0,0.2,1.0,0.2,1.0,0.4,0.4,0.2,1.0,1.0,1.0,1.0,0.8,0.6,1.0,0.8,1.0,0.6,0.2,0.6,0.4,1.0,0.2,0.6,0.2,0.2,0.4,0.2,0.2,0.4,0.2,0.4,0.2,0.2,0.2,0.4,0.4,0.4,0.4,0.4,1.0,1.0,1.0,1.0,1.0,1.0,1.0,0.6,0.6,1.0,1.0,1.0,1.0,0.6,0.2,0.4,0.6,0.4,0.4,0.6,0.2,0.4,0.4,0.4,0.2,0.6,0.4,0.6,0.8,0.6,0.8,0.8,1.0,1.0,1.0,1.0,1.0,1.0,1.0,0.4,0.8,0.6,0.6,0.6,0.8,0.8,0.6,0.4,0.8,0.2,0.4,0.4,0.6,0.4,0.4,0.4,0.4,300.0,32.0,360.0,,,,,,,,,,,,,,,,,,,,,,,,,,,,,,,,,,,,,,,,,,,,,,,,,,,,,,,,,,,,,,,,,,,,,,,,,,,,,,,,,,,,,,,,,,,,,,,,,,,,,,,,,,,,,,,,,,,,,,,,,,,,,,,,,,,,,25.6,35.0,329.0,547.0,156.0,435.0,208.0,0.32,8.0,0.4,0.5,0.5,[1.0],['1 can of coke'],[0.0],[nan],"['No', 'No']","[nan, 'did not']",[-1.0],[-1.0],"['No', 'No']","[nan, 'did not']",[0.0],"['The furniture/fixtures/objects in the room, The location of furniture/fixtures/objects, The items you picked up, Where you picked up and put down items, The order you completed items and tasks']","[1.0, 1.0, 1.0, 1.0, nan, nan, nan, 'Visualising the room layout, Associating items with personal experiences']",[nan],"['Visualising the room layout, Associating items with personal experiences, Creating a mental story or narrative']",['No'],"['No, I did not apply any mnemonic techniques']",[nan]
A012,3,1.0,1.0,1.0,1.0,1.0,1.0,1.0,0.0,1.0,1.0,0.0,1.0,1.0,0.0,0.0,1.0,1.0,1.0,1.0,1.0,0.0,0.5,1.0,1.0,1.0,1.0,1.0,1.0,1.0,1.0,1.0,1.0,0.5,0.5,0.5,0.5,1.0,0.5,0.5,0.5,0.0,0.0,0.5,0.0,0.0,0.0,0.0,0.5,1.0,1.0,1.0,1.0,0.0,1.0,1.0,1.0,1.0,1.0,0.5,1.0,1.0,0.25,0.0,0.0,0.5,0.0,1.0,0.0,0.0,0.5,0.0,0.0,0.0,0.0,0.5,1.0,1.0,1.0,1.0,1.0,1.0,1.0,1.0,1.0,1.0,1.0,1.0,1.0,1.0,1.0,0.5,1.0,1.0,1.0,0.0,0.0,1.0,0.0,0.0,0.5,0.5,0.5,0.0,0.5,0.5,1.0,0.8,0.8,0.6,0.6,0.4,0.4,0.6,0.8,1.0,0.2,0.8,1.0,0.6,0.4,0.4,1.0,1.0,1.0,1.0,0.6,0.8,0.4,0.4,1.0,1.0,0.8,0.6,1.0,1.0,0.2,0.4,0.2,0.2,0.4,0.2,0.2,0.4,0.4,0.2,0.2,0.4,0.2,0.4,0.4,0.4,0.4,0.4,1.0,1.0,1.0,1.0,0.6,1.0,1.0,1.0,1.0,1.0,0.4,1.0,1.0,0.4,0.4,0.4,0.2,0.4,0.6,0.4,0.6,0.6,0.2,0.4,0.6,0.6,0.8,0.6,0.6,0.8,0.8,1.0,1.0,1.0,1.0,0.8,1.0,1.0,1.0,1.0,1.0,1.0,0.4,1.0,1.0,0.4,0.4,0.4,0.4,0.4,0.4,0.4,0.6,0.6,0.4,0.4,0.4,300.0,32.0,360.0,,,,,,,,,,,,,,,,,,,,,,,,,,,,,,,,,,,,,,,,,,,,,,,,,,,,,,,,,,,,,,,,,,,,,,,,,,,,,,,,,,,,,,,,,,,,,,,,,,,,,,,,,,,,,,,,,,,,,,,,,,,,,,,,,,,,,166.33,29.0,323.0,634.0,54.0,355.0,132.0,0.04,6.0,0.54,0.0,-0.5,[0.0],[nan],[0.0],[nan],"['No', 'Yes']","[nan, 'I knew what to expect, so my mind was ready.']",[-0.5],[0.0],"['No', 'Yes']","[nan, 'I knew what to expect, so my mind was ready.']",[0.25],['The items you picked up'],"[1.0, 1.0, 1.0, 1.0, nan, nan, nan, 'Visualising the room layout, Associating items with personal experiences, Creating a mental story or narrative']",[nan],"['Visualising the room layout, Associating items with personal experiences, Creating a mental story or narrative']",['No'],"['No, I did not apply any mnemonic techniques']",[nan]
A012,4,1.0,1.0,1.0,1.0,1.0,1.0,1.0,1.0,0.0,1.0,0.0,0.0,0.0,0.0,0.0,0.0,1.0,1.0,1.0,1.0,1.0,0.5,1.0,1.0,1.0,1.0,1.0,0.25,0.5,1.0,0.5,0.5,0.5,0.25,0.0,0.0,0.5,0.0,0.0,1.0,0.5,1.0,1.0,0.0,0.5,1.0,0.0,1.0,1.0,1.0,0.0,1.0,0.0,0.0,1.0,1.0,0.0,0.25,0.5,0.0,0.5,1.0,0.0,0.25,0.0,0.0,0.5,0.5,0.0,1.0,1.0,0.0,0.0,0.5,0.0,1.0,1.0,1.0,1.0,1.0,1.0,1.0,0.0,1.0,1.0,1.0,1.0,1.0,0.5,0.25,0.0,0.0,0.5,1.0,0.0,0.25,0.0,0.5,0.5,0.5,0.0,1.0,1.0,1.0,0.0,1.0,1.0,1.0,1.0,1.0,0.6,0.8,1.0,0.2,1.0,0.2,0.6,0.2,1.0,0.4,0.4,1.0,1.0,1.0,1.0,0.8,0.8,1.0,0.8,1.0,1.0,0.2,0.8,0.2,0.2,0.2,0.8,0.4,1.0,0.4,0.2,0.2,0.4,0.4,0.6,0.2,0.2,0.2,0.4,0.4,0.4,0.6,0.6,1.0,1.0,0.6,1.0,0.4,0.8,0.6,1.0,0.4,0.8,0.2,0.4,0.4,0.6,0.4,1.0,0.4,0.2,0.4,0.4,0.2,1.0,0.2,0.2,0.4,0.8,0.8,0.8,0.8,0.8,1.0,0.8,1.0,1.0,0.8,1.0,1.0,0.8,0.8,1.0,0.6,0.8,0.8,0.6,0.4,0.8,0.2,1.0,0.8,0.6,0.4,0.6,0.2,1.0,0.4,0.4,0.2,300.0,32.0,360.0,,,,,,,,,,,,,,,,,,,,,,,,,,,,,,,,,,,,,,,,,,,,,,,,,,,,,,,,,,,,,,,,,,,,,,,,,,,,,,,,,,,,,,,,,,,,,,,,,,,,,,,,,,,,,,,,,,,,,,,,,,,,,,,,,,,,,166.87,18.0,167.0,590.0,43.0,288.0,71.0,0.06,6.0,0.54,0.0,-0.5,[0.0],[nan],[0.0],[nan],"['No', 'Yes']","[nan, 'i had an idea of the items and layout of previous rooms, so i could deduct that away from what could be in this room.']",[-1.0],[-0.5],"['No', 'Yes']","[nan, 'i had an idea of the items and layout of previous rooms, so i could deduct that away from what could be in this room.']",[0.25],"['The items you picked up, Where you picked up and put down items']","[1.0, 1.0, 1.0, 1.0, nan, nan, nan, 'Visualising the room layout, Associating items with personal experiences, Creating a mental story or narrative']",[nan],"['Visualising the room layout, Associating items with personal experiences, Creating a mental story or narrative']",['No'],"['No, I did not apply any mnemonic techniques']",[nan]
A013,1,1.0,1.0,0.0,1.0,1.0,1.0,1.0,0.0,0.0,0.0,1.0,0.0,0.0,1.0,1.0,0.0,1.0,1.0,0.5,1.0,0.0,1.0,1.0,1.0,1.0,0.5,0.25,1.0,1.0,1.0,0.5,0.25,0.0,0.25,1.0,1.0,0.0,1.0,0.5,1.0,0.5,1.0,1.0,1.0,0.0,0.5,0.5,1.0,1.0,1.0,1.0,1.0,1.0,1.0,1.0,0.0,1.0,1.0,1.0,0.5,1.0,0.0,0.0,1.0,1.0,0.5,0.0,0.0,1.0,0.5,1.0,1.0,0.0,0.0,1.0,1.0,1.0,1.0,1.0,0.0,1.0,1.0,1.0,1.0,1.0,1.0,1.0,0.0,0.5,1.0,1.0,1.0,1.0,0.5,0.5,1.0,1.0,1.0,0.0,0.0,0.0,0.5,0.0,1.0,0.0,0.8,0.8,0.2,0.8,0.8,1.0,1.0,0.2,0.2,0.2,1.0,0.2,0.2,1.0,1.0,1.0,0.6,0.6,0.8,0.2,0.4,1.0,1.0,1.0,0.8,1.0,0.6,0.2,0.2,0.2,0.2,1.0,0.2,0.2,0.2,0.2,0.2,0.2,0.2,0.2,0.2,0.2,0.2,0.6,0.6,0.4,0.4,0.6,1.0,0.8,1.0,1.0,1.0,1.0,0.6,0.4,0.8,1.0,0.8,0.4,1.0,0.2,0.2,1.0,0.8,0.2,0.4,0.2,0.6,0.4,0.2,0.6,0.4,0.4,1.0,1.0,1.0,1.0,1.0,1.0,1.0,1.0,1.0,1.0,1.0,1.0,1.0,0.6,0.4,1.0,1.0,1.0,1.0,0.6,0.2,1.0,1.0,1.0,0.6,0.4,0.2,0.4,0.4,0.4,0.6,78.0,27.0,229.0,41.0,31.0,35.0,16.0,41.0,53.0,39.0,43.0,29.0,33.0,39.0,34.0,1.0,2.0,,,3.0,,,,,,,,,,4.0,,7.0,,6.0,5.0,,,,,1.0,2.0,3.0,5.0,4.0,,11.0,10.0,,9.0,8.0,7.0,,12.0,,6.0,1.0,2.0,3.0,4.0,5.0,9.0,10.0,11.0,12.0,7.0,6.0,,13.0,8.0,,1.0,2.0,3.0,4.0,5.0,14.0,12.0,11.0,13.0,6.0,7.0,8.0,,9.0,10.0,1.0,2.0,3.0,4.0,5.0,5.0,6.0,,7.0,,,,,,,,1.0,2.0,3.0,4.0,6.0,3.0,5.0,4.0,1.0,2.0,,,9.0,8.0,7.0,,10.0,,,3.0,4.0,6.0,5.0,1.0,2.0,9.0,10.0,8.0,7.0,,,,,,1.0,33.0,549.0,346.0,83.0,209.0,62.0,0.27,6.0,0.42,-0.5,-0.5,[0.0],[nan],[0.0],[nan],"['No', nan]","[nan, nan]",[-0.5],[nan],"['No', nan]","[nan, nan]",[nan],['The furniture/fixtures/objects in the room'],"[1.0, 1.0, 0.8, 0.6, nan, nan, nan, 'No specific strategy']",[nan],['No specific strategy'],['Yes'],['Unsure'],[nan]
A013,2,1.0,1.0,1.0,1.0,0.0,1.0,0.0,1.0,1.0,0.0,1.0,0.0,1.0,1.0,1.0,1.0,1.0,1.0,1.0,1.0,1.0,0.5,0.0,0.0,1.0,0.25,1.0,1.0,0.5,0.0,1.0,1.0,0.25,0.0,1.0,1.0,1.0,0.0,0.0,1.0,1.0,0.0,0.5,0.0,1.0,0.5,0.0,0.5,1.0,1.0,1.0,0.0,1.0,1.0,1.0,0.25,1.0,0.0,0.5,0.0,1.0,1.0,0.0,0.0,0.5,0.0,0.5,0.0,0.0,0.0,0.5,1.0,0.0,1.0,0.0,0.0,0.0,1.0,1.0,1.0,0.5,1.0,1.0,1.0,1.0,1.0,1.0,0.5,1.0,0.0,1.0,0.0,1.0,1.0,1.0,0.0,0.5,1.0,0.5,0.0,0.0,0.0,0.5,0.5,0.5,0.6,0.4,0.4,0.4,0.4,0.2,0.2,0.2,0.8,0.6,0.8,0.2,0.6,0.8,0.4,0.8,0.4,0.6,0.8,0.6,0.8,0.6,0.2,0.2,0.8,0.8,0.4,1.0,0.2,0.6,0.2,0.6,0.6,0.2,0.6,0.6,0.2,0.8,0.4,0.2,0.2,0.2,0.2,0.6,0.6,0.6,0.8,0.6,1.0,0.2,1.0,1.0,1.0,0.8,1.0,0.2,0.6,0.2,0.6,0.2,1.0,0.2,0.2,1.0,0.2,0.2,0.8,0.2,1.0,1.0,0.6,0.2,0.2,0.8,0.4,0.2,0.2,0.2,0.2,1.0,0.4,1.0,1.0,0.4,0.8,0.8,1.0,0.4,1.0,0.2,0.2,0.2,1.0,1.0,0.6,1.0,0.8,0.2,0.8,0.4,1.0,0.2,0.4,0.2,0.2,78.0,27.0,229.0,41.0,31.0,35.0,16.0,41.0,53.0,39.0,43.0,29.0,33.0,39.0,34.0,1.0,2.0,,,3.0,,,,,,,,,,4.0,,7.0,,6.0,5.0,,,,,1.0,2.0,3.0,5.0,4.0,,11.0,10.0,,9.0,8.0,7.0,,12.0,,6.0,1.0,2.0,3.0,4.0,5.0,9.0,10.0,11.0,12.0,7.0,6.0,,13.0,8.0,,1.0,2.0,3.0,4.0,5.0,14.0,12.0,11.0,13.0,6.0,7.0,8.0,,9.0,10.0,1.0,2.0,3.0,4.0,5.0,5.0,6.0,,7.0,,,,,,,,1.0,2.0,3.0,4.0,6.0,3.0,5.0,4.0,1.0,2.0,,,9.0,8.0,7.0,,10.0,,,3.0,4.0,6.0,5.0,1.0,2.0,9.0,10.0,8.0,7.0,,,,,,24.77,27.0,355.0,290.0,87.0,203.0,121.0,0.43,4.0,0.29,-1.0,-1.0,[0.0],[nan],[0.0],[nan],"['No', 'Unsure']","[nan, 'I could eliminate objects in my head']",[-1.0],[-0.5],"['No', 'Unsure']","[nan, 'I could eliminate objects in my head']",[0.25],['The furniture/fixtures/objects in the room'],"[1.0, 1.0, 0.6, 0.4, nan, nan, nan, 'Visualising the room layout']",[nan],['Visualising the room layout'],['Yes'],['Unsure'],[nan]
A013,3,1.0,1.0,1.0,1.0,0.0,0.0,1.0,1.0,0.0,1.0,1.0,1.0,0.0,0.0,0.0,1.0,1.0,1.0,1.0,1.0,1.0,0.5,0.0,1.0,0.5,1.0,0.0,1.0,0.5,1.0,0.5,1.0,0.0,1.0,0.0,0.0,0.5,0.5,0.0,1.0,0.5,0.5,0.0,0.5,0.0,0.0,1.0,0.0,1.0,1.0,0.0,1.0,1.0,1.0,1.0,1.0,0.0,1.0,0.5,1.0,1.0,1.0,0.25,1.0,0.0,0.0,1.0,1.0,0.5,1.0,0.0,0.5,0.0,0.5,0.5,1.0,0.0,1.0,1.0,0.0,1.0,1.0,0.0,1.0,1.0,1.0,1.0,1.0,0.5,1.0,0.5,1.0,1.0,1.0,0.5,1.0,0.0,0.0,1.0,0.5,0.5,1.0,0.5,1.0,1.0,1.0,0.8,0.2,0.8,0.4,0.2,1.0,0.2,1.0,0.8,0.6,0.6,0.2,0.6,0.4,0.6,0.8,1.0,0.8,1.0,0.4,0.2,0.6,0.6,0.4,0.2,0.8,1.0,0.4,0.2,0.2,0.2,0.2,1.0,0.8,0.2,0.2,0.2,0.6,0.6,0.2,0.2,0.2,0.8,0.4,1.0,0.4,0.8,1.0,1.0,0.2,1.0,1.0,0.8,1.0,1.0,0.2,1.0,0.6,1.0,0.4,0.2,0.2,1.0,0.8,0.4,0.6,0.4,0.2,0.8,0.4,0.4,0.4,0.4,0.4,1.0,0.4,0.6,0.2,0.6,0.8,1.0,0.8,1.0,1.0,1.0,1.0,1.0,0.2,1.0,0.6,1.0,0.2,0.8,0.2,1.0,0.6,0.2,1.0,0.6,0.4,1.0,0.6,0.6,0.2,78.0,27.0,229.0,41.0,31.0,35.0,16.0,41.0,53.0,39.0,43.0,29.0,33.0,39.0,34.0,1.0,2.0,,,3.0,,,,,,,,,,4.0,,7.0,,6.0,5.0,,,,,1.0,2.0,3.0,5.0,4.0,,11.0,10.0,,9.0,8.0,7.0,,12.0,,6.0,1.0,2.0,3.0,4.0,5.0,9.0,10.0,11.0,12.0,7.0,6.0,,13.0,8.0,,1.0,2.0,3.0,4.0,5.0,14.0,12.0,11.0,13.0,6.0,7.0,8.0,,9.0,10.0,1.0,2.0,3.0,4.0,5.0,5.0,6.0,,7.0,,,,,,,,1.0,2.0,3.0,4.0,6.0,3.0,5.0,4.0,1.0,2.0,,,9.0,8.0,7.0,,10.0,,,3.0,4.0,6.0,5.0,1.0,2.0,9.0,10.0,8.0,7.0,,,,,,79.66,38.0,284.0,265.0,47.0,215.0,81.0,0.7,5.0,0.31,0.0,-0.5,[1.0],['1 cup of coffee'],[0.0],[nan],"['No', 'Yes']","[nan, 'I could eliminate objects in my head']",[-1.0],[-1.0],"['No', 'Yes']","[nan, 'I could eliminate objects in my head']",[0.0],['The items you picked up'],"[1.0, 1.0, 1.0, 0.8, nan, nan, nan, 'Visualising the room layout']",[nan],['Visualising the room layout'],['Yes'],['Unsure'],[nan]
A013,4,1.0,1.0,1.0,0.0,1.0,1.0,1.0,1.0,1.0,0.0,1.0,0.0,1.0,1.0,1.0,0.0,1.0,1.0,1.0,1.0,1.0,1.0,1.0,1.0,1.0,0.0,0.5,0.0,1.0,0.0,0.0,0.25,0.0,0.25,0.25,0.0,0.5,1.0,0.0,0.0,0.5,0.0,1.0,0.5,0.0,0.0,1.0,0.0,1.0,1.0,1.0,1.0,1.0,0.0,0.0,0.0,0.25,0.5,1.0,0.5,0.0,1.0,0.0,0.5,0.5,1.0,0.25,0.5,0.0,0.5,0.5,0.5,0.0,0.0,0.0,1.0,0.0,1.0,1.0,1.0,1.0,1.0,1.0,1.0,1.0,1.0,1.0,0.0,0.5,0.5,1.0,0.25,1.0,1.0,0.0,0.5,1.0,1.0,1.0,0.5,0.0,1.0,0.0,1.0,0.5,0.6,0.6,0.8,0.6,0.4,1.0,0.8,0.8,0.6,0.4,0.8,0.6,0.2,0.6,0.2,0.6,0.6,0.4,0.6,0.6,0.4,0.6,1.0,0.6,0.4,0.4,0.2,0.4,0.2,0.4,0.2,0.4,0.2,0.2,0.2,0.4,0.4,0.6,0.2,0.6,0.4,0.4,0.4,0.4,0.4,0.4,0.4,0.4,0.4,1.0,1.0,0.6,0.8,0.2,0.4,0.4,0.2,0.2,0.8,0.2,0.2,0.4,0.4,0.2,0.4,0.2,0.2,0.4,0.2,0.4,0.4,0.2,0.2,0.4,0.4,0.6,0.4,1.0,0.6,0.8,0.4,1.0,0.6,0.8,1.0,0.2,1.0,0.4,0.2,0.4,1.0,0.2,0.6,0.6,0.6,0.2,0.4,0.2,0.6,0.8,0.2,0.4,0.4,0.2,0.2,78.0,27.0,229.0,41.0,31.0,35.0,16.0,41.0,53.0,39.0,43.0,29.0,33.0,39.0,34.0,1.0,2.0,,,3.0,,,,,,,,,,4.0,,7.0,,6.0,5.0,,,,,1.0,2.0,3.0,5.0,4.0,,11.0,10.0,,9.0,8.0,7.0,,12.0,,6.0,1.0,2.0,3.0,4.0,5.0,9.0,10.0,11.0,12.0,7.0,6.0,,13.0,8.0,,1.0,2.0,3.0,4.0,5.0,14.0,12.0,11.0,13.0,6.0,7.0,8.0,,9.0,10.0,1.0,2.0,3.0,4.0,5.0,5.0,6.0,,7.0,,,,,,,,1.0,2.0,3.0,4.0,6.0,3.0,5.0,4.0,1.0,2.0,,,9.0,8.0,7.0,,10.0,,,3.0,4.0,6.0,5.0,1.0,2.0,9.0,10.0,8.0,7.0,,,,,,147.13,38.0,239.0,270.0,72.0,293.0,83.0,0.47,6.0,0.35,0.5,0.0,[0.0],[nan],[0.0],[nan],"['No', 'Unsure']","[nan, 'I could eliminate objects in my head']",[-1.0],[-1.0],"['No', 'Unsure']","[nan, 'I could eliminate objects in my head']",[0.0],['The order you completed items and tasks'],"[1.0, 1.0, 0.6, 0.6, nan, nan, nan, 'No specific strategy']",[nan],['No specific strategy'],['Yes'],['Unsure'],[nan]
A014,1,1.0,1.0,1.0,1.0,1.0,1.0,1.0,0.0,0.0,1.0,1.0,0.0,1.0,1.0,1.0,1.0,1.0,1.0,1.0,1.0,1.0,1.0,1.0,1.0,1.0,0.5,1.0,0.5,1.0,0.0,0.0,0.0,0.0,1.0,0.5,0.0,1.0,0.0,0.5,0.5,1.0,1.0,0.5,1.0,0.5,0.5,0.5,0.5,1.0,1.0,1.0,1.0,1.0,1.0,1.0,1.0,1.0,1.0,1.0,1.0,0.0,0.0,0.0,1.0,1.0,1.0,1.0,1.0,1.0,0.5,1.0,0.0,0.5,1.0,1.0,1.0,0.0,1.0,1.0,1.0,1.0,1.0,1.0,1.0,1.0,1.0,1.0,1.0,1.0,1.0,1.0,1.0,0.0,0.0,0.0,0.5,1.0,1.0,0.25,0.0,0.5,0.5,1.0,0.5,1.0,1.0,1.0,1.0,1.0,1.0,1.0,0.6,0.2,0.2,1.0,1.0,0.2,1.0,1.0,1.0,0.8,1.0,1.0,1.0,1.0,1.0,1.0,1.0,0.8,1.0,1.0,1.0,0.4,0.6,0.8,0.2,0.8,1.0,0.8,0.8,0.8,0.2,1.0,0.8,0.4,0.2,0.8,0.2,0.8,0.6,0.6,1.0,1.0,1.0,1.0,0.8,1.0,1.0,1.0,1.0,1.0,0.8,1.0,1.0,1.0,0.8,0.6,0.8,1.0,1.0,1.0,1.0,0.6,0.8,1.0,1.0,0.4,0.4,1.0,1.0,0.8,0.4,1.0,1.0,1.0,1.0,1.0,1.0,1.0,1.0,1.0,1.0,1.0,1.0,1.0,1.0,0.8,0.8,0.6,0.6,0.8,1.0,1.0,1.0,0.4,0.4,0.8,1.0,0.6,0.8,100.0,33.0,117.0,26.0,38.0,47.0,28.0,69.0,70.0,25.0,35.0,42.0,21.0,37.0,66.0,8.0,9.0,,11.0,7.0,,6.0,10.0,5.0,,,4.0,1.0,2.0,3.0,9.0,8.0,6.0,11.0,10.0,,7.0,12.0,,,4.0,5.0,1.0,2.0,3.0,12.0,,7.0,9.0,,10.0,13.0,7.0,2.0,11.0,1.0,3.0,4.0,5.0,6.0,7.0,8.0,12.0,11.0,10.0,9.0,13.0,,2.0,14.0,1.0,3.0,4.0,5.0,6.0,14.0,,13.0,10.0,12.0,11.0,8.0,7.0,3.0,9.0,1.0,2.0,4.0,5.0,6.0,10.0,8.0,9.0,,,,,7.0,6.0,1.0,2.0,3.0,4.0,,5.0,1.0,2.0,3.0,4.0,6.0,5.0,,8.0,9.0,7.0,10.0,,,12.0,11.0,3.0,4.0,1.0,2.0,6.0,5.0,9.0,8.0,,7.0,10.0,11.0,14.0,12.0,13.0,1.0,53.0,358.0,778.0,130.0,308.0,102.0,0.25,9.0,0.38,0.5,0.5,[0.0],[nan],[0.0],[nan],"['No', nan]","[nan, nan]",[-0.5],[nan],"['No', nan]","[nan, nan]",[nan],"['The furniture/fixtures/objects in the room, The location of furniture/fixtures/objects, The items you picked up, Where you picked up and put down items, The order you completed items and tasks']","[1.0, 1.0, 1.0, 1.0, nan, nan, nan, 'Visualising the room layout']",[nan],['Visualising the room layout'],['No'],['Unsure'],[nan]
A014,2,1.0,1.0,1.0,1.0,1.0,1.0,1.0,1.0,1.0,0.0,1.0,1.0,1.0,1.0,1.0,1.0,1.0,1.0,1.0,1.0,1.0,1.0,1.0,1.0,1.0,1.0,1.0,0.0,1.0,1.0,1.0,1.0,1.0,0.0,1.0,0.0,0.0,0.5,0.0,0.0,0.0,0.5,1.0,1.0,0.0,1.0,1.0,0.0,1.0,1.0,1.0,0.0,1.0,1.0,1.0,1.0,1.0,1.0,1.0,1.0,1.0,1.0,0.0,0.5,1.0,0.0,0.0,0.5,0.0,0.5,0.0,0.0,0.5,1.0,1.0,1.0,1.0,1.0,1.0,1.0,1.0,1.0,1.0,1.0,1.0,1.0,1.0,1.0,1.0,1.0,1.0,1.0,1.0,1.0,0.0,0.5,1.0,0.0,0.0,1.0,0.0,0.0,0.0,0.5,1.0,1.0,0.8,0.8,0.8,1.0,0.6,0.6,1.0,1.0,0.2,1.0,1.0,1.0,1.0,0.6,0.8,1.0,1.0,1.0,1.0,1.0,1.0,0.8,0.6,1.0,0.8,1.0,1.0,0.4,0.2,0.8,1.0,0.6,0.8,0.4,0.2,0.8,0.6,0.6,0.6,0.4,0.6,0.6,0.4,0.4,0.4,1.0,0.4,1.0,1.0,1.0,1.0,1.0,1.0,1.0,1.0,1.0,1.0,1.0,1.0,1.0,0.8,0.6,0.8,1.0,0.6,0.6,0.8,0.8,0.4,0.6,0.6,0.6,1.0,0.6,0.8,0.8,0.8,0.6,1.0,1.0,1.0,1.0,1.0,1.0,1.0,1.0,0.8,1.0,1.0,1.0,1.0,1.0,0.6,0.8,0.6,1.0,1.0,0.6,0.6,0.6,0.6,0.8,0.6,0.6,100.0,33.0,117.0,26.0,38.0,47.0,28.0,69.0,70.0,25.0,35.0,42.0,21.0,37.0,66.0,8.0,9.0,,11.0,7.0,,6.0,10.0,5.0,,,4.0,1.0,2.0,3.0,9.0,8.0,6.0,11.0,10.0,,7.0,12.0,,,4.0,5.0,1.0,2.0,3.0,12.0,,7.0,9.0,,10.0,13.0,7.0,2.0,11.0,1.0,3.0,4.0,5.0,6.0,7.0,8.0,12.0,11.0,10.0,9.0,13.0,,2.0,14.0,1.0,3.0,4.0,5.0,6.0,14.0,,13.0,10.0,12.0,11.0,8.0,7.0,3.0,9.0,1.0,2.0,4.0,5.0,6.0,10.0,8.0,9.0,,,,,7.0,6.0,1.0,2.0,3.0,4.0,,5.0,1.0,2.0,3.0,4.0,6.0,5.0,,8.0,9.0,7.0,10.0,,,12.0,11.0,3.0,4.0,1.0,2.0,6.0,5.0,9.0,8.0,,7.0,10.0,11.0,14.0,12.0,13.0,25.66,47.0,373.0,484.0,140.0,255.0,97.0,0.28,10.0,0.42,-0.5,0.0,[0.0],[nan],[0.0],[nan],"['No', 'Yes']","[nan, 'I knew what kinds of questions i would be asked, as well as conventions for layout descriptions of rooms']",[0.0],[0.0],"['No', 'Yes']","[nan, 'I knew what kinds of questions i would be asked, as well as conventions for layout descriptions of rooms']",[0.25],"['The items you picked up, Where you picked up and put down items']","[1.0, 1.0, 1.0, 1.0, nan, nan, nan, 'No specific strategy, Visualising the room layout']",[nan],"['No specific strategy, Visualising the room layout']",['No'],['Unsure'],[nan]
A014,3,1.0,1.0,1.0,1.0,1.0,1.0,1.0,1.0,1.0,1.0,0.0,1.0,0.0,1.0,1.0,1.0,1.0,1.0,1.0,1.0,1.0,0.5,1.0,0.0,1.0,1.0,1.0,1.0,0.0,0.0,0.5,0.25,0.5,0.0,0.25,0.25,1.0,0.5,0.0,1.0,1.0,0.5,0.0,0.0,0.5,1.0,0.0,0.0,1.0,1.0,1.0,1.0,1.0,1.0,1.0,1.0,1.0,1.0,0.5,0.0,1.0,0.5,0.5,0.0,0.0,0.25,1.0,0.5,0.0,1.0,1.0,0.5,1.0,0.5,0.5,1.0,0.0,1.0,1.0,1.0,1.0,1.0,1.0,1.0,1.0,1.0,1.0,1.0,1.0,1.0,0.5,0.0,0.25,0.5,0.5,0.0,0.0,0.25,1.0,0.5,0.0,1.0,0.5,0.5,0.0,1.0,1.0,1.0,1.0,1.0,1.0,0.8,0.8,0.4,1.0,0.2,0.6,0.2,1.0,0.8,0.8,1.0,1.0,1.0,1.0,1.0,1.0,1.0,0.4,1.0,1.0,0.4,1.0,0.4,0.4,0.2,0.4,0.4,0.4,0.2,0.4,0.2,0.4,0.4,0.6,0.4,0.4,0.2,0.8,0.8,0.8,0.8,0.8,1.0,1.0,1.0,1.0,1.0,1.0,1.0,1.0,1.0,1.0,0.8,0.4,0.8,0.6,0.8,0.6,0.4,0.6,1.0,0.6,0.4,0.8,0.8,0.6,0.6,1.0,1.0,0.6,0.8,1.0,1.0,1.0,1.0,1.0,1.0,1.0,1.0,1.0,1.0,1.0,1.0,1.0,1.0,0.6,0.6,0.6,0.6,0.2,0.4,0.8,0.8,0.4,0.6,1.0,0.4,0.8,0.8,100.0,33.0,117.0,26.0,38.0,47.0,28.0,69.0,70.0,25.0,35.0,42.0,21.0,37.0,66.0,8.0,9.0,,11.0,7.0,,6.0,10.0,5.0,,,4.0,1.0,2.0,3.0,9.0,8.0,6.0,11.0,10.0,,7.0,12.0,,,4.0,5.0,1.0,2.0,3.0,12.0,,7.0,9.0,,10.0,13.0,7.0,2.0,11.0,1.0,3.0,4.0,5.0,6.0,7.0,8.0,12.0,11.0,10.0,9.0,13.0,,2.0,14.0,1.0,3.0,4.0,5.0,6.0,14.0,,13.0,10.0,12.0,11.0,8.0,7.0,3.0,9.0,1.0,2.0,4.0,5.0,6.0,10.0,8.0,9.0,,,,,7.0,6.0,1.0,2.0,3.0,4.0,,5.0,1.0,2.0,3.0,4.0,6.0,5.0,,8.0,9.0,7.0,10.0,,,12.0,11.0,3.0,4.0,1.0,2.0,6.0,5.0,9.0,8.0,,7.0,10.0,11.0,14.0,12.0,13.0,70.56,21.0,179.0,428.0,63.0,230.0,77.0,0.32,5.0,0.25,-0.5,-0.5,[0.0],[nan],[0.0],[nan],"['No', 'Yes']","[nan, 'I knew what kinds of questions i would be asked, as well as conventions for layout descriptions of rooms']",[0.0],[-0.5],"['No', 'Yes']","[nan, 'I knew what kinds of questions i would be asked, as well as conventions for layout descriptions of rooms']",[0.25],['The furniture/fixtures/objects in the room'],"[1.0, 1.0, 1.0, 1.0, nan, nan, nan, 'No specific strategy']",[nan],['No specific strategy'],['No'],"['No, I did not apply any mnemonic techniques']",[nan]
A014,4,1.0,1.0,1.0,1.0,0.0,1.0,0.0,0.0,1.0,1.0,1.0,0.0,1.0,1.0,1.0,0.0,1.0,1.0,1.0,1.0,1.0,1.0,0.0,1.0,0.25,1.0,1.0,0.0,1.0,0.25,0.5,0.5,1.0,0.0,0.0,0.0,0.0,0.5,0.0,0.0,0.0,0.0,0.0,1.0,0.0,1.0,0.0,0.0,1.0,0.0,1.0,1.0,1.0,1.0,1.0,0.25,1.0,0.25,1.0,0.5,0.5,0.5,0.5,0.5,0.0,0.0,0.0,0.0,0.5,0.0,0.0,0.0,0.0,1.0,1.0,1.0,1.0,1.0,0.0,1.0,0.0,1.0,1.0,1.0,1.0,1.0,1.0,0.25,1.0,0.25,1.0,0.5,0.5,1.0,1.0,1.0,0.0,0.0,0.0,0.0,0.5,0.5,0.0,0.0,0.0,1.0,1.0,1.0,1.0,0.2,0.4,1.0,0.2,1.0,0.2,1.0,0.4,1.0,1.0,1.0,1.0,1.0,1.0,1.0,1.0,1.0,0.8,0.6,0.6,0.8,1.0,0.6,0.4,0.2,0.8,0.2,0.4,0.2,0.2,0.2,0.8,0.2,0.2,0.8,0.2,0.2,0.6,0.2,0.8,0.6,0.6,1.0,0.6,1.0,0.6,1.0,0.8,1.0,0.8,1.0,0.6,0.8,0.8,1.0,0.6,1.0,0.6,0.8,0.4,0.6,0.6,0.6,0.4,0.6,0.4,0.8,0.4,0.6,1.0,0.8,1.0,0.6,0.8,0.6,1.0,0.6,0.8,1.0,0.6,1.0,0.8,1.0,0.8,1.0,0.8,1.0,0.8,1.0,0.6,0.8,0.6,0.4,0.6,0.4,0.4,0.6,0.4,0.6,0.4,0.6,100.0,33.0,117.0,26.0,38.0,47.0,28.0,69.0,70.0,25.0,35.0,42.0,21.0,37.0,66.0,8.0,9.0,,11.0,7.0,,6.0,10.0,5.0,,,4.0,1.0,2.0,3.0,9.0,8.0,6.0,11.0,10.0,,7.0,12.0,,,4.0,5.0,1.0,2.0,3.0,12.0,,7.0,9.0,,10.0,13.0,7.0,2.0,11.0,1.0,3.0,4.0,5.0,6.0,7.0,8.0,12.0,11.0,10.0,9.0,13.0,,2.0,14.0,1.0,3.0,4.0,5.0,6.0,14.0,,13.0,10.0,12.0,11.0,8.0,7.0,3.0,9.0,1.0,2.0,4.0,5.0,6.0,10.0,8.0,9.0,,,,,7.0,6.0,1.0,2.0,3.0,4.0,,5.0,1.0,2.0,3.0,4.0,6.0,5.0,,8.0,9.0,7.0,10.0,,,12.0,11.0,3.0,4.0,1.0,2.0,6.0,5.0,9.0,8.0,,7.0,10.0,11.0,14.0,12.0,13.0,148.87,45.0,268.0,460.0,79.0,200.0,86.0,0.42,8.0,0.42,0.0,0.0,[0.0],[nan],[0.0],[nan],"['No', 'No']","[nan, 'they informed me of the process of questions']",[-1.0],[-1.0],"['No', 'No']","[nan, 'they informed me of the process of questions']",[0.25],['The location of furniture/fixtures/objects'],"[1.0, 1.0, 1.0, 1.0, nan, nan, nan, 'Visualising the room layout']",[nan],['Visualising the room layout'],['No'],"['No, I did not apply any mnemonic techniques']",[nan]
A015,1,1.0,1.0,1.0,1.0,1.0,1.0,1.0,1.0,1.0,1.0,1.0,0.0,1.0,1.0,1.0,0.0,1.0,1.0,0.5,1.0,1.0,1.0,1.0,1.0,1.0,1.0,1.0,1.0,0.5,0.25,1.0,1.0,0.0,0.5,1.0,0.5,1.0,1.0,0.5,1.0,1.0,0.0,0.5,0.0,1.0,1.0,1.0,0.0,1.0,1.0,1.0,1.0,1.0,1.0,1.0,1.0,1.0,1.0,0.5,1.0,1.0,1.0,0.0,1.0,1.0,0.0,1.0,1.0,0.0,0.5,0.5,0.5,1.0,1.0,1.0,1.0,1.0,1.0,1.0,1.0,1.0,1.0,1.0,1.0,0.0,1.0,1.0,1.0,1.0,1.0,1.0,1.0,1.0,1.0,0.0,1.0,1.0,0.0,1.0,1.0,0.0,1.0,0.5,1.0,0.5,1.0,1.0,1.0,1.0,1.0,1.0,1.0,1.0,1.0,1.0,1.0,0.2,1.0,1.0,1.0,0.8,1.0,1.0,1.0,1.0,1.0,0.6,1.0,1.0,1.0,1.0,0.6,1.0,1.0,1.0,0.4,0.6,1.0,1.0,1.0,0.6,0.2,0.2,0.4,1.0,0.2,0.4,0.2,0.2,0.2,0.2,0.2,0.2,1.0,1.0,1.0,1.0,1.0,1.0,1.0,1.0,1.0,1.0,0.6,1.0,1.0,1.0,0.6,1.0,1.0,0.6,1.0,1.0,0.2,0.2,0.2,0.2,0.2,1.0,0.6,1.0,1.0,1.0,1.0,1.0,1.0,1.0,1.0,1.0,1.0,1.0,1.0,1.0,1.0,1.0,1.0,1.0,1.0,1.0,0.6,1.0,1.0,1.0,1.0,1.0,0.2,0.2,0.2,0.2,0.2,56.0,38.0,199.0,28.0,25.0,30.0,35.0,45.0,23.0,24.0,24.0,36.0,20.0,39.0,24.0,1.0,,,2.0,3.0,7.0,,,6.0,4.0,5.0,,,,,5.0,6.0,7.0,,8.0,,,,,9.0,10.0,1.0,2.0,3.0,4.0,1.0,2.0,,,9.0,,,6.0,,5.0,8.0,7.0,,4.0,3.0,9.0,10.0,11.0,12.0,6.0,7.0,,5.0,8.0,,,1.0,3.0,2.0,4.0,3.0,4.0,5.0,6.0,2.0,8.0,1.0,,,,,9.0,,10.0,11.0,,,,,,6.0,7.0,,,,1.0,2.0,3.0,4.0,5.0,1.0,3.0,2.0,6.0,9.0,8.0,7.0,,,,,11.0,,8.0,9.0,1.0,3.0,2.0,7.0,4.0,5.0,6.0,12.0,,13.0,10.0,11.0,,8.0,9.0,1.0,51.0,183.0,297.0,54.0,177.0,57.0,0.37,4.0,0.23,0.0,0.0,[1.0],['1 cup of tea'],[0.0],[nan],"['No', nan]","[nan, nan]",[0.5],[nan],"['No', nan]","[nan, nan]",[nan],"['The furniture/fixtures/objects in the room, The location of furniture/fixtures/objects, The items you picked up']","[1.0, 1.0, 1.0, 1.0, nan, nan, nan, 'Visualising the room layout']",[nan],['Visualising the room layout'],['No'],"['No, I did not apply any mnemonic techniques']",[nan]
A015,2,1.0,1.0,1.0,1.0,1.0,1.0,1.0,1.0,1.0,1.0,1.0,1.0,0.0,1.0,1.0,1.0,1.0,1.0,1.0,1.0,0.0,1.0,1.0,1.0,1.0,1.0,1.0,1.0,1.0,1.0,0.5,0.5,0.25,1.0,0.0,1.0,0.25,0.5,0.0,0.5,0.5,0.5,0.5,1.0,1.0,1.0,0.5,0.5,1.0,1.0,1.0,1.0,1.0,1.0,1.0,1.0,1.0,1.0,1.0,1.0,1.0,1.0,1.0,1.0,1.0,1.0,1.0,0.5,0.0,0.5,0.5,1.0,0.0,1.0,0.0,1.0,1.0,1.0,1.0,1.0,1.0,1.0,1.0,1.0,1.0,1.0,1.0,1.0,1.0,1.0,1.0,1.0,1.0,0.5,1.0,1.0,0.0,0.0,0.5,0.5,0.0,0.5,0.5,1.0,0.0,1.0,1.0,1.0,1.0,1.0,0.6,1.0,1.0,0.6,1.0,1.0,1.0,0.2,1.0,1.0,0.6,1.0,1.0,1.0,1.0,0.2,1.0,1.0,1.0,1.0,1.0,1.0,1.0,1.0,1.0,0.2,0.2,0.2,1.0,1.0,0.2,0.2,0.2,0.2,0.6,0.2,0.2,0.2,1.0,0.2,0.2,0.2,0.2,1.0,0.6,1.0,1.0,1.0,1.0,0.6,1.0,1.0,1.0,0.8,1.0,0.6,0.2,0.6,1.0,0.2,0.4,1.0,0.2,0.2,0.2,0.2,0.2,0.2,0.4,0.6,1.0,1.0,1.0,1.0,1.0,1.0,1.0,1.0,0.6,1.0,1.0,1.0,1.0,1.0,1.0,1.0,1.0,1.0,0.2,0.2,1.0,0.4,0.2,0.2,0.2,0.2,0.2,0.2,0.2,0.2,56.0,38.0,199.0,28.0,25.0,30.0,35.0,45.0,23.0,24.0,24.0,36.0,20.0,39.0,24.0,1.0,,,2.0,3.0,7.0,,,6.0,4.0,5.0,,,,,5.0,6.0,7.0,,8.0,,,,,9.0,10.0,1.0,2.0,3.0,4.0,1.0,2.0,,,9.0,,,6.0,,5.0,8.0,7.0,,4.0,3.0,9.0,10.0,11.0,12.0,6.0,7.0,,5.0,8.0,,,1.0,3.0,2.0,4.0,3.0,4.0,5.0,6.0,2.0,8.0,1.0,,,,,9.0,,10.0,11.0,,,,,,6.0,7.0,,,,1.0,2.0,3.0,4.0,5.0,1.0,3.0,2.0,6.0,9.0,8.0,7.0,,,,,11.0,,8.0,9.0,1.0,3.0,2.0,7.0,4.0,5.0,6.0,12.0,,13.0,10.0,11.0,,8.0,9.0,23.69,41.0,703.0,143.0,60.0,172.0,93.0,0.3,7.0,0.29,0.5,0.0,[0.0],[nan],[0.0],[nan],"['No', 'No']","[nan, '-']",[0.0],[0.0],"['No', 'No']","[nan, '-']",[0.25],"['The furniture/fixtures/objects in the room, The location of furniture/fixtures/objects']","[1.0, 1.0, 1.0, 1.0, nan, nan, nan, 'No specific strategy']",[nan],['No specific strategy'],['No'],"['No, I did not apply any mnemonic techniques']",[nan]
A015,3,1.0,1.0,1.0,1.0,1.0,1.0,1.0,1.0,1.0,1.0,1.0,1.0,1.0,1.0,1.0,1.0,1.0,1.0,1.0,1.0,1.0,0.0,1.0,0.0,1.0,1.0,1.0,1.0,1.0,1.0,1.0,1.0,0.0,1.0,0.25,0.0,0.0,0.5,0.5,0.0,1.0,1.0,0.0,0.0,0.5,0.0,1.0,0.5,1.0,1.0,1.0,1.0,1.0,1.0,1.0,1.0,1.0,1.0,1.0,1.0,1.0,1.0,0.0,1.0,1.0,0.0,0.0,1.0,0.0,0.5,1.0,0.5,0.5,1.0,1.0,1.0,0.0,1.0,1.0,1.0,1.0,1.0,1.0,1.0,1.0,1.0,1.0,1.0,1.0,1.0,0.0,1.0,1.0,1.0,0.0,1.0,0.0,0.0,0.0,1.0,0.0,0.5,0.0,0.5,0.5,0.6,1.0,0.6,1.0,1.0,0.8,0.6,1.0,1.0,1.0,1.0,0.2,1.0,1.0,0.2,0.6,1.0,1.0,1.0,1.0,0.4,1.0,1.0,0.4,0.8,1.0,1.0,1.0,1.0,1.0,0.6,0.4,0.4,0.4,0.4,1.0,0.2,0.2,0.6,0.2,0.2,0.2,0.2,0.8,0.8,0.8,0.8,1.0,1.0,1.0,1.0,1.0,1.0,1.0,1.0,1.0,1.0,1.0,1.0,0.2,1.0,0.6,0.2,0.2,0.6,0.2,0.2,0.2,0.2,0.2,0.2,0.2,0.2,0.2,0.2,1.0,0.2,1.0,1.0,1.0,1.0,1.0,1.0,1.0,1.0,1.0,1.0,1.0,1.0,1.0,1.0,0.2,1.0,0.6,0.2,0.2,0.2,0.2,0.2,0.2,0.2,0.2,0.2,0.2,0.2,56.0,38.0,199.0,28.0,25.0,30.0,35.0,45.0,23.0,24.0,24.0,36.0,20.0,39.0,24.0,1.0,,,2.0,3.0,7.0,,,6.0,4.0,5.0,,,,,5.0,6.0,7.0,,8.0,,,,,9.0,10.0,1.0,2.0,3.0,4.0,1.0,2.0,,,9.0,,,6.0,,5.0,8.0,7.0,,4.0,3.0,9.0,10.0,11.0,12.0,6.0,7.0,,5.0,8.0,,,1.0,3.0,2.0,4.0,3.0,4.0,5.0,6.0,2.0,8.0,1.0,,,,,9.0,,10.0,11.0,,,,,,6.0,7.0,,,,1.0,2.0,3.0,4.0,5.0,1.0,3.0,2.0,6.0,9.0,8.0,7.0,,,,,11.0,,8.0,9.0,1.0,3.0,2.0,7.0,4.0,5.0,6.0,12.0,,13.0,10.0,11.0,,8.0,9.0,70.59,28.0,157.0,238.0,34.0,204.0,61.0,0.25,6.0,0.29,0.0,0.0,[1.0],['1 cup of coffee'],[0.0],[nan],"['No', 'No']","[nan, '-']",[-0.5],[-0.5],"['No', 'No']","[nan, '-']",[0.25],"['The furniture/fixtures/objects in the room, The location of furniture/fixtures/objects, The order you completed items and tasks']","[1.0, 1.0, 0.6, 1.0, nan, nan, nan, 'No specific strategy']",[nan],['No specific strategy'],['No'],"['No, I did not apply any mnemonic techniques']",[nan]
A015,4,1.0,1.0,1.0,1.0,1.0,1.0,1.0,0.0,1.0,0.0,1.0,0.0,1.0,1.0,1.0,1.0,1.0,1.0,1.0,1.0,0.0,1.0,1.0,1.0,1.0,0.0,1.0,0.5,1.0,0.25,1.0,0.0,1.0,0.25,1.0,0.0,0.0,1.0,0.5,0.5,0.0,1.0,1.0,0.5,1.0,0.0,1.0,0.0,1.0,1.0,1.0,1.0,1.0,1.0,1.0,0.0,1.0,1.0,1.0,1.0,1.0,0.0,1.0,1.0,1.0,0.0,0.0,0.0,0.5,0.5,0.0,1.0,0.5,1.0,1.0,1.0,1.0,1.0,1.0,1.0,1.0,1.0,1.0,1.0,1.0,1.0,1.0,0.25,1.0,0.5,1.0,1.0,1.0,0.5,1.0,0.5,1.0,0.0,0.0,0.0,1.0,1.0,0.0,1.0,0.5,1.0,1.0,1.0,1.0,1.0,1.0,1.0,0.2,1.0,0.2,1.0,0.2,1.0,1.0,1.0,1.0,1.0,1.0,1.0,1.0,1.0,1.0,1.0,1.0,1.0,1.0,1.0,0.2,0.2,1.0,0.2,0.6,0.2,0.2,0.2,0.6,0.2,0.2,0.2,0.2,0.2,0.2,0.2,1.0,0.6,0.6,0.6,0.6,1.0,0.2,1.0,0.6,1.0,1.0,1.0,0.2,1.0,0.6,1.0,1.0,1.0,0.2,0.2,0.6,0.4,0.4,0.6,0.2,0.2,0.2,0.6,0.6,0.2,1.0,0.6,1.0,1.0,1.0,0.6,0.6,1.0,1.0,1.0,1.0,1.0,1.0,1.0,0.2,1.0,1.0,1.0,1.0,1.0,0.2,0.2,0.2,0.6,0.2,0.2,0.2,0.2,0.2,0.2,0.2,0.2,56.0,38.0,199.0,28.0,25.0,30.0,35.0,45.0,23.0,24.0,24.0,36.0,20.0,39.0,24.0,1.0,,,2.0,3.0,7.0,,,6.0,4.0,5.0,,,,,5.0,6.0,7.0,,8.0,,,,,9.0,10.0,1.0,2.0,3.0,4.0,1.0,2.0,,,9.0,,,6.0,,5.0,8.0,7.0,,4.0,3.0,9.0,10.0,11.0,12.0,6.0,7.0,,5.0,8.0,,,1.0,3.0,2.0,4.0,3.0,4.0,5.0,6.0,2.0,8.0,1.0,,,,,9.0,,10.0,11.0,,,,,,6.0,7.0,,,,1.0,2.0,3.0,4.0,5.0,1.0,3.0,2.0,6.0,9.0,8.0,7.0,,,,,11.0,,8.0,9.0,1.0,3.0,2.0,7.0,4.0,5.0,6.0,12.0,,13.0,10.0,11.0,,8.0,9.0,146.54,53.0,126.0,274.0,31.0,150.0,61.0,0.52,3.0,0.19,-1.0,-0.5,[1.0],['1 cup of coffee'],[0.0],[nan],"['No', 'No']","[nan, '-']",[0.0],[0.5],"['No', 'No']","[nan, '-']",[0.25],"['The furniture/fixtures/objects in the room, The location of furniture/fixtures/objects']","[1.0, 1.0, 1.0, 1.0, nan, nan, nan, 'Visualising the room layout']",[nan],['No specific strategy'],['No'],"['No, I did not apply any mnemonic techniques']",[nan]
A016,1,1.0,1.0,1.0,1.0,1.0,1.0,0.0,1.0,1.0,1.0,1.0,1.0,1.0,1.0,1.0,1.0,1.0,1.0,1.0,1.0,0.0,0.0,1.0,1.0,1.0,1.0,1.0,1.0,1.0,1.0,1.0,0.0,0.0,1.0,0.5,1.0,1.0,0.0,0.0,1.0,1.0,1.0,0.5,0.5,0.0,0.0,0.0,0.0,1.0,1.0,1.0,1.0,1.0,1.0,1.0,1.0,1.0,1.0,1.0,1.0,1.0,0.0,0.0,0.25,0.5,1.0,1.0,0.5,0.0,0.5,1.0,0.5,0.5,0.0,0.0,0.0,0.0,1.0,1.0,1.0,1.0,1.0,1.0,1.0,1.0,1.0,1.0,1.0,1.0,1.0,1.0,1.0,1.0,0.0,0.0,1.0,0.5,1.0,1.0,0.5,0.0,0.5,0.5,0.5,0.5,0.8,0.8,0.8,0.8,1.0,0.8,0.4,0.8,0.8,0.8,1.0,0.6,1.0,1.0,0.8,0.8,0.8,0.8,0.8,0.8,0.6,0.6,0.8,0.4,1.0,0.6,0.8,0.8,1.0,0.8,1.0,0.6,0.4,0.4,0.8,0.6,0.2,0.6,0.4,0.2,0.2,0.2,1.0,0.6,0.4,0.4,0.4,0.8,1.0,1.0,1.0,1.0,1.0,1.0,1.0,1.0,1.0,1.0,1.0,0.8,1.0,0.4,1.0,1.0,0.4,0.8,0.8,0.4,0.6,0.6,1.0,0.4,0.2,0.6,0.6,0.6,0.4,1.0,0.8,1.0,1.0,1.0,1.0,1.0,1.0,1.0,1.0,1.0,1.0,1.0,1.0,1.0,1.0,0.4,0.8,1.0,0.4,0.8,1.0,0.4,0.6,0.4,0.4,0.4,0.2,98.0,27.0,250.0,24.0,22.0,21.0,22.0,24.0,23.0,35.0,35.0,31.0,10.0,36.0,24.0,1.0,2.0,8.0,7.0,6.0,3.0,,,,5.0,4.0,,,,,1.0,2.0,3.0,4.0,8.0,5.0,6.0,6.0,9.0,7.0,10.0,,11.0,12.0,,5.0,7.0,9.0,8.0,11.0,,4.0,6.0,,10.0,,3.0,,2.0,1.0,7.0,2.0,1.0,3.0,10.0,,8.0,,4.0,9.0,,11.0,,5.0,6.0,1.0,3.0,4.0,2.0,10.0,,12.0,,11.0,6.0,,8.0,9.0,5.0,7.0,,4.0,,5.0,,,,,,,,,3.0,2.0,1.0,1.0,,8.0,2.0,9.0,,7.0,,10.0,4.0,,5.0,11.0,3.0,6.0,1.0,,2.0,3.0,8.0,,5.0,,,9.0,,7.0,,6.0,4.0,1.0,41.0,236.0,271.0,61.0,152.0,75.0,0.17,7.0,0.27,0.0,0.0,[0.0],[nan],[0.0],[nan],"['No', nan]","[nan, nan]",[-0.5],[nan],"['No', nan]","[nan, nan]",[nan],"['The furniture/fixtures/objects in the room, The items you picked up']","[1.0, 1.0, 0.8, 0.8, nan, nan, nan, 'Visualising the room layout']",[nan],['Visualising the room layout'],['No'],"['No, I did not apply any mnemonic techniques']","['It found remembering objects/furnitures, etc much easier compared to where they were or where I put them. It was even difficult to remember the order.']"
A016,2,1.0,1.0,1.0,1.0,1.0,0.0,0.0,1.0,0.0,1.0,1.0,1.0,0.0,0.0,1.0,0.0,1.0,1.0,1.0,1.0,0.0,0.5,0.0,0.0,1.0,1.0,0.5,1.0,1.0,1.0,0.0,1.0,0.5,1.0,0.0,1.0,0.0,0.5,1.0,0.5,0.5,0.0,0.0,1.0,0.5,0.5,0.5,0.0,1.0,1.0,0.0,1.0,1.0,1.0,1.0,1.0,1.0,1.0,1.0,1.0,1.0,1.0,0.5,1.0,0.0,0.5,1.0,0.0,0.5,1.0,0.5,0.0,0.0,0.5,0.0,0.0,0.5,0.0,0.0,1.0,1.0,1.0,0.0,1.0,1.0,1.0,1.0,1.0,1.0,1.0,1.0,1.0,1.0,0.5,0.0,1.0,0.0,1.0,1.0,0.5,0.0,1.0,1.0,1.0,0.0,1.0,1.0,1.0,1.0,1.0,0.8,0.6,0.8,0.2,1.0,0.8,0.8,0.2,0.8,0.4,0.2,1.0,1.0,1.0,1.0,0.4,0.4,0.4,0.4,1.0,1.0,0.8,1.0,0.4,0.4,0.4,0.4,0.8,1.0,0.8,1.0,0.2,0.2,0.2,0.2,0.2,0.2,0.2,1.0,0.6,0.8,0.6,1.0,1.0,1.0,0.8,1.0,1.0,1.0,0.8,1.0,0.4,1.0,0.6,0.8,0.6,0.4,0.6,1.0,0.8,0.6,1.0,0.2,0.2,0.6,0.2,0.2,0.2,0.4,0.4,0.8,0.4,0.8,0.4,0.6,1.0,0.6,0.8,0.4,1.0,1.0,1.0,0.8,0.2,1.0,0.8,1.0,0.6,0.4,0.2,1.0,0.8,1.0,1.0,0.2,0.2,0.8,0.4,0.4,0.2,98.0,27.0,250.0,24.0,22.0,21.0,22.0,24.0,23.0,35.0,35.0,31.0,10.0,36.0,24.0,1.0,2.0,8.0,7.0,6.0,3.0,,,,5.0,4.0,,,,,1.0,2.0,3.0,4.0,8.0,5.0,6.0,6.0,9.0,7.0,10.0,,11.0,12.0,,5.0,7.0,9.0,8.0,11.0,,4.0,6.0,,10.0,,3.0,,2.0,1.0,7.0,2.0,1.0,3.0,10.0,,8.0,,4.0,9.0,,11.0,,5.0,6.0,1.0,3.0,4.0,2.0,10.0,,12.0,,11.0,6.0,,8.0,9.0,5.0,7.0,,4.0,,5.0,,,,,,,,,3.0,2.0,1.0,1.0,,8.0,2.0,9.0,,7.0,,10.0,4.0,,5.0,11.0,3.0,6.0,1.0,,2.0,3.0,8.0,,5.0,,,9.0,,7.0,,6.0,4.0,32.85,39.0,289.0,287.0,50.0,155.0,102.0,0.54,7.0,0.27,0.0,0.0,[0.0],[nan],[0.0],[nan],"['No', 'Yes']","[nan, 'I was able to eliminate the items from bedroom and decide on which ones might be in the bathroom']",[-1.0],[-0.5],"['No', 'Yes']","[nan, 'I was able to eliminate the items from bedroom and decide on which ones might be in the bathroom']",[0.25],"['The furniture/fixtures/objects in the room, The location of furniture/fixtures/objects']","[1.0, 1.0, 1.0, 1.0, nan, nan, nan, 'Visualising the room layout']",[nan],['Visualising the room layout'],['No'],"['No, I did not apply any mnemonic techniques']","['I found this test much difficult that the previous one and I also found that my answers to questions in previous sections could be affecting my answers to the next questions, especially with the order of picking up/putting down items in the bathroom.']"
A016,3,1.0,1.0,1.0,1.0,0.0,1.0,1.0,0.0,1.0,0.0,0.0,0.0,1.0,0.0,0.0,1.0,1.0,1.0,1.0,1.0,1.0,1.0,1.0,0.0,1.0,1.0,0.5,0.5,0.0,0.25,1.0,0.25,0.0,1.0,0.0,0.0,0.0,1.0,0.0,0.0,1.0,0.5,0.0,0.0,0.5,1.0,0.0,1.0,1.0,1.0,1.0,1.0,1.0,1.0,1.0,1.0,1.0,0.0,0.5,1.0,1.0,0.5,0.0,0.0,0.25,0.0,0.0,0.5,0.0,0.5,0.0,1.0,0.0,1.0,1.0,1.0,1.0,1.0,0.0,0.0,0.5,1.0,1.0,0.0,0.0,1.0,1.0,1.0,0.5,0.0,1.0,1.0,1.0,1.0,0.0,0.0,1.0,0.0,0.0,1.0,0.0,0.0,0.0,0.0,0.0,0.8,1.0,0.8,0.8,0.4,0.6,0.6,0.6,0.8,0.6,0.8,0.8,0.8,0.8,0.4,0.6,0.8,0.8,0.8,0.8,0.6,0.8,0.4,0.2,0.8,0.8,0.8,0.8,0.6,0.6,0.6,0.4,0.4,0.4,0.4,0.8,0.4,0.2,0.2,0.2,0.2,0.4,0.2,0.8,0.6,0.4,0.4,0.8,1.0,0.8,1.0,1.0,0.4,0.8,1.0,0.6,1.0,0.6,0.4,0.8,0.8,0.8,0.4,0.8,0.6,0.4,0.2,0.2,0.2,0.2,0.2,0.2,0.2,0.8,0.6,1.0,0.6,1.0,0.6,0.6,0.6,1.0,1.0,1.0,0.4,1.0,1.0,1.0,1.0,1.0,0.2,0.8,1.0,0.4,0.4,1.0,0.4,0.6,0.4,0.2,0.6,0.2,0.2,0.2,0.2,98.0,27.0,250.0,24.0,22.0,21.0,22.0,24.0,23.0,35.0,35.0,31.0,10.0,36.0,24.0,1.0,2.0,8.0,7.0,6.0,3.0,,,,5.0,4.0,,,,,1.0,2.0,3.0,4.0,8.0,5.0,6.0,6.0,9.0,7.0,10.0,,11.0,12.0,,5.0,7.0,9.0,8.0,11.0,,4.0,6.0,,10.0,,3.0,,2.0,1.0,7.0,2.0,1.0,3.0,10.0,,8.0,,4.0,9.0,,11.0,,5.0,6.0,1.0,3.0,4.0,2.0,10.0,,12.0,,11.0,6.0,,8.0,9.0,5.0,7.0,,4.0,,5.0,,,,,,,,,3.0,2.0,1.0,1.0,,8.0,2.0,9.0,,7.0,,10.0,4.0,,5.0,11.0,3.0,6.0,1.0,,2.0,3.0,8.0,,5.0,,,9.0,,7.0,,6.0,4.0,80.64,35.0,247.0,158.0,36.0,135.0,71.0,0.51,9.0,0.29,0.5,-0.5,[0.0],[nan],[0.0],[nan],"['No', 'No']","[nan, ""They actually didn't help and I found myself getting confused between the objects from previous and current tests.""]",[-1.0],[-0.5],"['No', 'No']","[nan, ""They actually didn't help and I found myself getting confused between the objects from previous and current tests.""]",[0.25],"['The furniture/fixtures/objects in the room, The location of furniture/fixtures/objects']","[1.0, 1.0, 0.8, 0.8, nan, nan, nan, 'Visualising the room layout']",[nan],['Visualising the room layout'],['No'],"['No, I did not apply any mnemonic techniques']",[nan]
A016,4,1.0,1.0,1.0,1.0,1.0,0.0,0.0,1.0,0.0,0.0,1.0,0.0,1.0,1.0,1.0,1.0,0.5,1.0,1.0,0.5,1.0,1.0,1.0,0.0,0.5,0.25,0.5,0.5,0.0,1.0,0.5,0.5,1.0,0.5,0.5,0.5,0.0,0.0,0.5,0.0,0.5,0.5,0.5,0.5,0.5,0.5,0.0,0.5,1.0,1.0,0.0,1.0,1.0,0.0,1.0,0.5,0.5,0.25,0.0,0.5,1.0,0.5,0.0,0.5,0.25,0.0,0.0,0.0,0.0,0.5,0.0,0.0,0.5,0.0,1.0,0.0,0.0,0.0,1.0,1.0,1.0,1.0,1.0,1.0,1.0,1.0,1.0,0.5,1.0,0.5,0.0,1.0,1.0,0.5,1.0,0.5,0.25,0.0,0.0,0.0,0.5,0.0,0.0,0.0,0.0,0.8,0.8,0.8,0.8,0.8,0.8,0.6,0.4,0.4,0.4,0.6,0.6,0.6,1.0,1.0,1.0,0.8,0.8,0.8,0.8,0.6,0.8,0.6,0.6,0.6,0.6,0.4,0.2,0.2,0.2,0.2,0.4,0.4,0.4,0.4,0.2,0.8,0.2,0.4,0.2,0.2,0.2,0.2,0.8,0.6,0.6,0.4,0.8,1.0,0.6,0.2,0.6,0.4,0.6,0.8,0.4,0.2,0.2,0.6,0.4,1.0,0.4,0.2,0.2,1.0,0.4,0.4,0.2,0.2,0.2,0.2,0.2,0.2,0.8,0.8,0.6,0.4,1.0,0.8,0.8,0.8,0.8,0.8,0.2,0.8,0.8,0.8,0.6,0.8,0.4,0.8,0.8,0.6,0.8,0.4,0.6,1.0,0.6,0.4,0.2,0.2,0.2,0.2,0.4,0.2,98.0,27.0,250.0,24.0,22.0,21.0,22.0,24.0,23.0,35.0,35.0,31.0,10.0,36.0,24.0,1.0,2.0,8.0,7.0,6.0,3.0,,,,5.0,4.0,,,,,1.0,2.0,3.0,4.0,8.0,5.0,6.0,6.0,9.0,7.0,10.0,,11.0,12.0,,5.0,7.0,9.0,8.0,11.0,,4.0,6.0,,10.0,,3.0,,2.0,1.0,7.0,2.0,1.0,3.0,10.0,,8.0,,4.0,9.0,,11.0,,5.0,6.0,1.0,3.0,4.0,2.0,10.0,,12.0,,11.0,6.0,,8.0,9.0,5.0,7.0,,4.0,,5.0,,,,,,,,,3.0,2.0,1.0,1.0,,8.0,2.0,9.0,,7.0,,10.0,4.0,,5.0,11.0,3.0,6.0,1.0,,2.0,3.0,8.0,,5.0,,,9.0,,7.0,,6.0,4.0,150.8,22.0,119.0,163.0,28.0,100.0,56.0,0.37,9.0,0.35,0.5,0.0,[0.0],[nan],[0.0],[nan],"['No', 'No']","[nan, 'The previous tests did not help and I found myself confusing the objects and layout on this test with previous tests.']",[-1.0],[-1.0],"['No', 'No']","[nan, 'The previous tests did not help and I found myself confusing the objects and layout on this test with previous tests.']",[0.25],"['The furniture/fixtures/objects in the room, The location of furniture/fixtures/objects']","[1.0, 0.5, 0.8, 0.8, nan, 1.0, nan, 'Visualising the room layout']",[nan],['Visualising the room layout'],['No'],"['No, I did not apply any mnemonic techniques']",['I found it much more difficult to remember the objects and their placements over the days and seemed to jumble them together with the other rooms.']
A017,1,1.0,1.0,0.0,1.0,1.0,1.0,0.5,1.0,1.0,0.0,0.0,1.0,1.0,1.0,1.0,0.0,1.0,1.0,1.0,1.0,1.0,1.0,1.0,0.0,1.0,1.0,1.0,0.5,0.5,0.5,1.0,0.5,0.25,0.5,1.0,0.0,0.0,0.0,0.0,0.5,1.0,1.0,1.0,1.0,1.0,1.0,0.0,0.0,1.0,1.0,1.0,0.0,1.0,1.0,0.0,1.0,1.0,0.0,1.0,0.25,0.0,1.0,0.25,0.0,0.0,0.0,1.0,0.0,0.0,0.5,0.0,1.0,1.0,1.0,1.0,0.0,0.0,1.0,1.0,1.0,1.0,0.0,1.0,1.0,1.0,1.0,1.0,0.0,1.0,1.0,1.0,0.25,1.0,0.25,0.25,1.0,0.0,0.0,0.0,0.0,0.0,0.5,0.5,1.0,0.0,1.0,1.0,0.2,1.0,1.0,1.0,0.2,1.0,1.0,0.2,0.2,1.0,1.0,1.0,1.0,1.0,1.0,1.0,0.2,1.0,1.0,1.0,0.2,0.2,1.0,1.0,1.0,1.0,1.0,0.2,0.2,1.0,1.0,1.0,1.0,0.2,0.2,0.8,1.0,1.0,1.0,0.2,0.2,0.8,1.0,1.0,0.6,0.6,1.0,1.0,1.0,0.2,1.0,1.0,0.2,1.0,1.0,0.2,1.0,1.0,0.2,1.0,1.0,0.2,1.0,0.6,0.2,0.6,1.0,0.2,0.2,1.0,0.2,1.0,1.0,0.6,0.2,1.0,1.0,1.0,1.0,1.0,1.0,1.0,1.0,1.0,1.0,0.2,1.0,1.0,1.0,1.0,1.0,0.2,1.0,1.0,0.2,1.0,1.0,0.2,1.0,0.4,0.2,1.0,0.2,248.0,6.0,315.0,20.0,26.0,25.0,29.0,20.0,30.0,21.0,25.0,23.0,17.0,21.0,47.0,,,8.0,5.0,6.0,4.0,,,,7.0,,2.0,,1.0,3.0,,,,,5.0,,,,,,,1.0,4.0,2.0,3.0,9.0,,4.0,7.0,8.0,,,,,3.0,5.0,1.0,,2.0,6.0,7.0,9.0,,10.0,8.0,,,,1.0,2.0,,3.0,4.0,5.0,6.0,5.0,6.0,,7.0,,8.0,,,9.0,4.0,,3.0,,2.0,1.0,4.0,,6.0,,,5.0,,,7.0,,,,2.0,1.0,3.0,,7.0,,1.0,,3.0,,,5.0,,,2.0,,4.0,6.0,,3.0,2.0,8.0,4.0,,,,5.0,,9.0,6.0,1.0,,7.0,1.0,44.0,549.0,697.0,74.0,456.0,84.0,0.29,8.0,0.33,0.0,1.0,[0.0],[nan],[0.0],[nan],"['No', nan]","[nan, nan]",[-0.5],[nan],"['No', nan]","[nan, nan]",[nan],"['The furniture/fixtures/objects in the room, The location of furniture/fixtures/objects, Where you picked up and put down items']","[1.0, 1.0, 1.0, 1.0, nan, nan, nan, 'Visualising the room layout, Associating items with personal experiences']",[nan],"['Visualising the room layout, Associating items with personal experiences']",['Yes'],"['Yes, visual imagery']",[nan]
A017,2,1.0,1.0,1.0,1.0,1.0,1.0,1.0,1.0,0.0,1.0,0.0,1.0,1.0,1.0,1.0,1.0,1.0,1.0,1.0,1.0,1.0,0.5,1.0,1.0,1.0,1.0,0.5,1.0,1.0,1.0,1.0,1.0,0.5,0.0,0.0,0.0,0.25,0.5,1.0,1.0,0.0,0.5,1.0,1.0,1.0,0.0,0.5,0.0,1.0,1.0,0.0,1.0,1.0,1.0,1.0,1.0,1.0,0.25,1.0,1.0,1.0,0.5,1.0,0.0,0.0,0.0,1.0,0.5,1.0,1.0,0.0,0.0,1.0,0.5,0.5,1.0,1.0,1.0,1.0,1.0,1.0,1.0,0.0,1.0,1.0,0.0,1.0,1.0,1.0,1.0,1.0,1.0,0.5,0.25,1.0,0.0,0.0,0.0,1.0,0.5,0.5,1.0,0.5,0.5,1.0,1.0,1.0,1.0,1.0,1.0,1.0,1.0,1.0,0.2,1.0,0.2,1.0,1.0,1.0,0.4,1.0,1.0,1.0,1.0,1.0,1.0,1.0,1.0,1.0,1.0,1.0,0.2,1.0,0.2,1.0,1.0,1.0,0.2,1.0,0.2,1.0,1.0,1.0,0.2,1.0,0.2,1.0,1.0,1.0,1.0,0.6,0.6,0.6,1.0,1.0,1.0,1.0,1.0,1.0,1.0,1.0,1.0,1.0,1.0,1.0,0.2,0.2,1.0,0.2,1.0,0.2,1.0,1.0,1.0,1.0,0.2,0.2,1.0,1.0,1.0,1.0,1.0,1.0,1.0,1.0,1.0,1.0,1.0,1.0,1.0,1.0,1.0,1.0,1.0,1.0,1.0,1.0,1.0,0.2,1.0,1.0,1.0,1.0,1.0,0.2,0.8,1.0,0.6,0.2,1.0,248.0,6.0,315.0,20.0,26.0,25.0,29.0,20.0,30.0,21.0,25.0,23.0,17.0,21.0,47.0,,,8.0,5.0,6.0,4.0,,,,7.0,,2.0,,1.0,3.0,,,,,5.0,,,,,,,1.0,4.0,2.0,3.0,9.0,,4.0,7.0,8.0,,,,,3.0,5.0,1.0,,2.0,6.0,7.0,9.0,,10.0,8.0,,,,1.0,2.0,,3.0,4.0,5.0,6.0,5.0,6.0,,7.0,,8.0,,,9.0,4.0,,3.0,,2.0,1.0,4.0,,6.0,,,5.0,,,7.0,,,,2.0,1.0,3.0,,7.0,,1.0,,3.0,,,5.0,,,2.0,,4.0,6.0,,3.0,2.0,8.0,4.0,,,,5.0,,9.0,6.0,1.0,,7.0,20.61,26.0,289.0,927.0,42.0,203.0,64.0,0.19,9.0,0.29,0.0,0.5,[0.0],[nan],[0.0],[nan],"['No', 'Unsure']","[nan, 'help me figure out what questions will be like']",[0.0],[0.5],"['No', 'Unsure']","[nan, 'help me figure out what questions will be like']",[0.25],"['The furniture/fixtures/objects in the room, The location of furniture/fixtures/objects, The items you picked up, Where you picked up and put down items']","[1.0, 1.0, 1.0, 1.0, nan, nan, nan, 'Visualising the room layout, Associating items with personal experiences']",[nan],"['Visualising the room layout, Associating items with personal experiences']",['Yes'],"['Yes, visual imagery']",[nan]
A017,3,1.0,1.0,1.0,0.0,1.0,1.0,1.0,1.0,1.0,0.0,1.0,1.0,0.0,1.0,0.0,0.0,1.0,1.0,1.0,1.0,1.0,0.0,1.0,1.0,1.0,0.0,1.0,0.5,0.5,1.0,0.5,1.0,0.0,0.5,0.25,1.0,0.0,0.5,1.0,0.0,0.0,0.0,0.0,0.0,1.0,0.0,0.5,0.0,1.0,1.0,1.0,1.0,1.0,1.0,1.0,1.0,1.0,0.5,0.5,1.0,1.0,0.0,0.0,1.0,0.25,1.0,0.0,1.0,0.0,0.5,0.0,0.0,0.0,1.0,0.0,1.0,0.5,1.0,1.0,1.0,1.0,1.0,1.0,1.0,0.0,1.0,0.0,0.5,1.0,1.0,0.5,1.0,1.0,0.0,0.0,1.0,0.0,1.0,0.0,1.0,0.0,0.0,0.0,0.0,1.0,1.0,1.0,1.0,1.0,1.0,1.0,1.0,1.0,1.0,1.0,1.0,1.0,1.0,1.0,1.0,1.0,1.0,1.0,1.0,1.0,1.0,1.0,1.0,1.0,1.0,1.0,1.0,1.0,1.0,1.0,1.0,1.0,1.0,1.0,1.0,1.0,1.0,0.2,1.0,0.2,0.2,0.2,0.2,1.0,1.0,1.0,1.0,1.0,1.0,1.0,1.0,1.0,1.0,1.0,1.0,1.0,1.0,1.0,1.0,1.0,1.0,0.2,1.0,1.0,1.0,1.0,0.2,0.2,0.2,0.2,0.2,0.2,0.2,1.0,1.0,1.0,1.0,1.0,1.0,1.0,1.0,1.0,1.0,1.0,1.0,1.0,1.0,1.0,1.0,1.0,1.0,1.0,1.0,1.0,1.0,1.0,1.0,1.0,0.2,0.2,0.2,0.2,0.2,0.2,0.2,248.0,6.0,315.0,20.0,26.0,25.0,29.0,20.0,30.0,21.0,25.0,23.0,17.0,21.0,47.0,,,8.0,5.0,6.0,4.0,,,,7.0,,2.0,,1.0,3.0,,,,,5.0,,,,,,,1.0,4.0,2.0,3.0,9.0,,4.0,7.0,8.0,,,,,3.0,5.0,1.0,,2.0,6.0,7.0,9.0,,10.0,8.0,,,,1.0,2.0,,3.0,4.0,5.0,6.0,5.0,6.0,,7.0,,8.0,,,9.0,4.0,,3.0,,2.0,1.0,4.0,,6.0,,,5.0,,,7.0,,,,2.0,1.0,3.0,,7.0,,1.0,,3.0,,,5.0,,,2.0,,4.0,6.0,,3.0,2.0,8.0,4.0,,,,5.0,,9.0,6.0,1.0,,7.0,61.28,29.67,319.0,324.0,38.0,252.0,79.0,0.9,7.0,0.27,-0.5,0.0,[0.0],[nan],[0.0],[nan],"['No', 'Yes']","[nan, 'help me to reproduce the process at that time']",[0.0],[0.0],"['No', 'Yes']","[nan, 'help me to reproduce the process at that time']",[0.0],"['The furniture/fixtures/objects in the room, The location of furniture/fixtures/objects, The items you picked up, Where you picked up and put down items, The order you completed items and tasks']","[1.0, 1.0, 1.0, 1.0, nan, nan, nan, 'Visualising the room layout, Associating items with personal experiences']",[nan],"['Visualising the room layout, Associating items with personal experiences']",['Yes'],"['Yes, method of loci, Yes, visual imagery']",[nan]
A017,4,1.0,1.0,1.0,1.0,0.0,0.0,1.0,0.0,1.0,1.0,0.0,1.0,1.0,1.0,1.0,1.0,1.0,0.5,1.0,0.5,0.0,0.5,0.0,1.0,0.5,0.5,1.0,1.0,0.0,1.0,1.0,0.5,0.0,0.0,0.0,0.0,0.0,0.0,0.0,0.5,0.5,0.0,1.0,0.0,1.0,0.5,0.0,1.0,1.0,1.0,1.0,1.0,1.0,1.0,1.0,1.0,1.0,1.0,1.0,1.0,1.0,0.5,0.0,0.0,1.0,0.5,0.0,1.0,0.0,0.5,0.5,0.5,1.0,0.0,0.0,1.0,1.0,1.0,0.0,1.0,0.5,1.0,1.0,0.0,0.0,1.0,1.0,1.0,1.0,1.0,1.0,1.0,1.0,1.0,0.0,0.0,1.0,0.0,0.0,1.0,0.0,0.5,0.5,0.5,1.0,1.0,1.0,1.0,1.0,1.0,1.0,1.0,1.0,1.0,1.0,1.0,1.0,1.0,1.0,1.0,1.0,1.0,1.0,1.0,1.0,1.0,1.0,1.0,1.0,0.2,1.0,1.0,1.0,1.0,1.0,1.0,0.2,0.2,1.0,0.2,0.2,0.2,0.2,0.2,0.2,0.2,0.2,0.2,1.0,1.0,1.0,1.0,1.0,1.0,1.0,1.0,1.0,1.0,1.0,1.0,0.2,1.0,1.0,1.0,1.0,1.0,0.2,0.2,1.0,1.0,0.2,0.2,0.2,0.2,0.2,1.0,0.2,0.2,1.0,1.0,1.0,1.0,1.0,1.0,0.2,0.2,1.0,1.0,1.0,1.0,1.0,1.0,1.0,1.0,1.0,1.0,1.0,1.0,1.0,0.2,1.0,1.0,1.0,0.2,0.2,0.2,0.2,0.2,0.2,0.2,248.0,6.0,315.0,20.0,26.0,25.0,29.0,20.0,30.0,21.0,25.0,23.0,17.0,21.0,47.0,,,8.0,5.0,6.0,4.0,,,,7.0,,2.0,,1.0,3.0,,,,,5.0,,,,,,,1.0,4.0,2.0,3.0,9.0,,4.0,7.0,8.0,,,,,3.0,5.0,1.0,,2.0,6.0,7.0,9.0,,10.0,8.0,,,,1.0,2.0,,3.0,4.0,5.0,6.0,5.0,6.0,,7.0,,8.0,,,9.0,4.0,,3.0,,2.0,1.0,4.0,,6.0,,,5.0,,,7.0,,,,2.0,1.0,3.0,,7.0,,1.0,,3.0,,,5.0,,,2.0,,4.0,6.0,,3.0,2.0,8.0,4.0,,,,5.0,,9.0,6.0,1.0,,7.0,140.49,19.0,423.0,348.0,29.0,165.0,72.0,0.1,9.0,0.38,0.5,0.0,[0.0],[nan],[0.0],[nan],"['No', 'No']","[nan, 'i mixed the things in previous tests with the things in this test']",[-0.5],[-0.5],"['No', 'No']","[nan, 'i mixed the things in previous tests with the things in this test']",[0.25],"['The furniture/fixtures/objects in the room, The location of furniture/fixtures/objects']","[1.0, 1.0, 1.0, 1.0, nan, nan, nan, 'Visualising the room layout']",[nan],['Visualising the room layout'],['Yes'],"['Yes, visual imagery']",[nan]
A018,1,1.0,1.0,1.0,1.0,1.0,1.0,0.0,1.0,1.0,1.0,1.0,0.0,0.0,1.0,1.0,1.0,0.5,0.5,0.5,0.5,1.0,0.5,1.0,1.0,0.5,1.0,1.0,1.0,0.5,0.0,0.25,0.0,0.0,1.0,0.0,0.0,0.0,0.5,0.0,1.0,0.5,1.0,0.0,0.5,0.5,0.0,0.5,0.0,1.0,1.0,1.0,1.0,1.0,1.0,1.0,1.0,1.0,1.0,0.5,1.0,0.25,0.0,1.0,1.0,0.0,1.0,1.0,1.0,0.0,1.0,0.5,1.0,0.0,0.5,0.0,1.0,1.0,1.0,0.5,1.0,1.0,1.0,1.0,1.0,1.0,1.0,1.0,1.0,1.0,1.0,1.0,1.0,0.25,0.0,1.0,1.0,0.0,1.0,1.0,0.0,0.0,1.0,1.0,1.0,0.0,1.0,0.6,0.2,0.6,1.0,1.0,0.2,1.0,0.2,1.0,1.0,0.2,0.2,1.0,0.6,1.0,1.0,1.0,0.8,1.0,0.2,1.0,1.0,1.0,1.0,1.0,0.2,1.0,0.2,0.2,0.2,1.0,0.2,1.0,0.2,0.2,0.2,0.2,0.2,1.0,0.2,0.2,0.2,0.2,0.2,0.2,0.2,0.2,0.2,1.0,1.0,1.0,1.0,1.0,1.0,1.0,0.6,1.0,0.6,1.0,0.4,1.0,0.2,1.0,0.4,1.0,1.0,0.2,0.2,1.0,0.2,0.2,0.2,0.4,0.8,1.0,1.0,1.0,1.0,1.0,1.0,1.0,1.0,1.0,1.0,1.0,1.0,1.0,1.0,1.0,0.4,1.0,1.0,0.6,0.6,1.0,0.4,1.0,1.0,0.2,0.2,1.0,0.2,0.2,0.2,78.0,29.0,378.0,47.0,31.0,32.0,44.0,54.0,52.0,42.0,34.0,27.0,15.0,29.0,24.0,2.0,7.0,,,3.0,4.0,9.0,6.0,10.0,5.0,,,,,1.0,5.0,,4.0,,12.0,10.0,7.0,6.0,9.0,8.0,11.0,,1.0,2.0,3.0,6.0,,7.0,,8.0,9.0,10.0,11.0,,,5.0,2.0,1.0,3.0,4.0,12.0,13.0,10.0,11.0,9.0,8.0,14.0,15.0,7.0,6.0,3.0,4.0,5.0,1.0,2.0,15.0,13.0,7.0,14.0,6.0,8.0,9.0,10.0,12.0,11.0,5.0,4.0,3.0,2.0,1.0,2.0,,,,,,,,,,5.0,,1.0,4.0,3.0,1.0,3.0,2.0,,7.0,6.0,9.0,8.0,5.0,4.0,10.0,14.0,12.0,13.0,11.0,1.0,2.0,3.0,6.0,5.0,4.0,12.0,13.0,,,8.0,9.0,7.0,10.0,11.0,1.0,22.0,235.0,330.0,59.0,190.0,63.0,0.17,5.0,0.27,-0.5,-0.5,[0.0],[nan],[0.0],[nan],"['No', nan]","[nan, nan]",[-0.5],[nan],"['No', nan]","[nan, nan]",[nan],"['The furniture/fixtures/objects in the room, The location of furniture/fixtures/objects, The items you picked up, Where you picked up and put down items']","[1.0, 0.5, 1.0, 1.0, nan, 1.0, nan, 'No specific strategy']",[nan],['Visualising the room layout'],['Yes'],"['No, I did not apply any mnemonic techniques']",[nan]
A018,2,1.0,1.0,1.0,1.0,0.0,0.0,0.0,0.0,1.0,0.0,0.0,0.0,1.0,0.0,1.0,1.0,1.0,1.0,1.0,1.0,0.0,0.0,1.0,1.0,1.0,1.0,1.0,1.0,0.0,1.0,1.0,0.0,0.0,0.5,1.0,0.0,0.0,0.5,0.5,0.5,1.0,1.0,0.5,0.0,0.5,1.0,0.0,0.5,1.0,1.0,1.0,1.0,1.0,1.0,1.0,0.25,1.0,0.0,0.25,1.0,1.0,1.0,0.5,0.0,0.5,0.0,1.0,1.0,0.0,1.0,0.5,0.0,0.0,0.0,0.0,1.0,0.0,0.0,1.0,1.0,1.0,1.0,1.0,0.0,1.0,1.0,1.0,0.25,1.0,1.0,0.5,1.0,1.0,1.0,0.5,1.0,0.5,0.0,1.0,1.0,0.0,1.0,0.0,0.0,0.0,0.2,1.0,0.4,0.4,0.2,0.2,0.2,0.2,1.0,0.2,0.2,0.2,1.0,0.4,0.2,0.2,1.0,0.4,1.0,1.0,0.2,0.2,0.2,0.2,1.0,1.0,1.0,0.6,0.2,0.2,0.2,0.2,0.2,0.2,0.2,0.2,0.2,0.2,0.2,0.2,0.2,0.2,0.2,0.6,0.4,0.4,0.2,0.4,1.0,1.0,1.0,1.0,1.0,1.0,1.0,1.0,1.0,0.4,0.2,1.0,1.0,1.0,0.2,1.0,0.6,0.2,0.2,1.0,0.2,0.2,0.2,1.0,0.2,0.2,0.4,0.4,0.4,0.6,0.4,1.0,1.0,1.0,1.0,0.6,1.0,1.0,1.0,1.0,1.0,0.6,0.6,1.0,1.0,1.0,0.2,0.2,0.2,0.2,1.0,1.0,0.2,0.2,0.2,0.6,0.2,78.0,29.0,378.0,47.0,31.0,32.0,44.0,54.0,52.0,42.0,34.0,27.0,15.0,29.0,24.0,2.0,7.0,,,3.0,4.0,9.0,6.0,10.0,5.0,,,,,1.0,5.0,,4.0,,12.0,10.0,7.0,6.0,9.0,8.0,11.0,,1.0,2.0,3.0,6.0,,7.0,,8.0,9.0,10.0,11.0,,,5.0,2.0,1.0,3.0,4.0,12.0,13.0,10.0,11.0,9.0,8.0,14.0,15.0,7.0,6.0,3.0,4.0,5.0,1.0,2.0,15.0,13.0,7.0,14.0,6.0,8.0,9.0,10.0,12.0,11.0,5.0,4.0,3.0,2.0,1.0,2.0,,,,,,,,,,5.0,,1.0,4.0,3.0,1.0,3.0,2.0,,7.0,6.0,9.0,8.0,5.0,4.0,10.0,14.0,12.0,13.0,11.0,1.0,2.0,3.0,6.0,5.0,4.0,12.0,13.0,,,8.0,9.0,7.0,10.0,11.0,34.03,22.0,193.0,184.0,49.0,182.0,147.0,0.55,6.0,0.31,0.5,-0.5,[0.0],[nan],[0.0],[nan],"['No', 'No']","[nan, 'They did not help.']",[-0.5],[-0.5],"['No', 'No']","[nan, 'They did not help.']",[0.25],"['The location of furniture/fixtures/objects, The items you picked up, Where you picked up and put down items']","[1.0, 1.0, 0.2, 1.0, nan, nan, nan, 'Visualising the room layout']",[nan],['Visualising the room layout'],['Yes'],"['No, I did not apply any mnemonic techniques']",[nan]
A018,3,1.0,1.0,0.0,1.0,1.0,0.0,0.0,0.0,0.0,0.0,1.0,0.0,0.0,0.0,1.0,1.0,1.0,0.5,1.0,1.0,1.0,1.0,1.0,0.0,1.0,0.5,0.0,0.0,1.0,1.0,0.5,0.5,0.5,0.0,0.5,0.0,0.0,1.0,1.0,1.0,1.0,0.5,1.0,0.5,1.0,0.5,0.5,0.5,1.0,1.0,1.0,1.0,1.0,1.0,1.0,0.0,1.0,1.0,1.0,1.0,0.0,0.5,0.0,0.0,0.0,0.5,0.25,0.0,1.0,0.5,1.0,0.0,1.0,1.0,0.0,1.0,0.0,0.0,0.0,1.0,1.0,1.0,1.0,1.0,1.0,1.0,1.0,0.0,1.0,1.0,0.5,0.0,1.0,0.0,0.5,1.0,0.0,1.0,0.0,0.0,1.0,0.0,0.0,0.0,0.0,0.6,0.4,0.2,0.6,1.0,0.2,0.2,0.2,0.2,0.2,1.0,0.2,0.2,1.0,1.0,1.0,1.0,1.0,1.0,0.2,0.4,1.0,0.4,0.2,1.0,1.0,0.2,0.2,0.2,0.2,0.2,0.2,0.2,0.2,0.2,0.2,0.2,0.2,0.2,0.2,0.2,0.2,0.2,0.4,0.6,0.4,0.4,0.6,1.0,1.0,1.0,0.4,1.0,0.6,0.8,1.0,1.0,0.2,1.0,0.4,0.2,0.4,0.2,0.2,0.2,0.2,0.2,0.2,0.2,0.2,0.2,0.2,0.4,0.2,0.6,1.0,0.2,0.4,0.2,1.0,1.0,0.8,1.0,0.6,1.0,1.0,1.0,1.0,1.0,0.2,1.0,0.2,0.2,0.2,0.2,0.2,0.2,0.2,0.2,0.6,0.2,0.2,0.2,0.2,0.2,78.0,29.0,378.0,47.0,31.0,32.0,44.0,54.0,52.0,42.0,34.0,27.0,15.0,29.0,24.0,2.0,7.0,,,3.0,4.0,9.0,6.0,10.0,5.0,,,,,1.0,5.0,,4.0,,12.0,10.0,7.0,6.0,9.0,8.0,11.0,,1.0,2.0,3.0,6.0,,7.0,,8.0,9.0,10.0,11.0,,,5.0,2.0,1.0,3.0,4.0,12.0,13.0,10.0,11.0,9.0,8.0,14.0,15.0,7.0,6.0,3.0,4.0,5.0,1.0,2.0,15.0,13.0,7.0,14.0,6.0,8.0,9.0,10.0,12.0,11.0,5.0,4.0,3.0,2.0,1.0,2.0,,,,,,,,,,5.0,,1.0,4.0,3.0,1.0,3.0,2.0,,7.0,6.0,9.0,8.0,5.0,4.0,10.0,14.0,12.0,13.0,11.0,1.0,2.0,3.0,6.0,5.0,4.0,12.0,13.0,,,8.0,9.0,7.0,10.0,11.0,83.64,24.0,218.0,166.0,60.0,317.0,116.0,0.53,8.0,0.4,0.5,-0.5,[0.0],[nan],[0.0],[nan],"['No', 'No']","[nan, nan]",[-0.5],[0.0],"['No', 'No']","[nan, nan]",[0.25],['The location of furniture/fixtures/objects'],"[1.0, 1.0, 0.6, 1.0, nan, nan, nan, 'Visualising the room layout']",[nan],['Visualising the room layout'],['Yes'],"['No, I did not apply any mnemonic techniques']",[nan]
A018,4,1.0,1.0,1.0,0.0,0.0,1.0,1.0,1.0,1.0,0.0,0.0,0.0,0.0,1.0,0.0,1.0,1.0,1.0,0.5,0.5,1.0,1.0,1.0,1.0,1.0,0.5,0.25,1.0,0.5,1.0,1.0,0.5,0.0,0.25,0.25,1.0,0.5,1.0,0.0,1.0,0.0,0.0,0.5,0.0,1.0,0.0,0.0,0.0,1.0,1.0,1.0,1.0,1.0,1.0,1.0,1.0,1.0,1.0,0.0,1.0,0.0,1.0,0.0,0.5,0.0,0.25,0.0,0.5,0.0,0.5,0.0,1.0,0.5,1.0,1.0,1.0,0.0,1.0,1.0,1.0,1.0,1.0,1.0,1.0,1.0,1.0,1.0,1.0,1.0,1.0,0.0,1.0,0.0,1.0,0.0,0.5,0.0,0.5,0.5,1.0,0.0,0.0,0.0,1.0,0.5,0.4,0.4,0.4,0.2,0.2,1.0,0.2,1.0,1.0,0.2,0.2,0.2,0.2,0.4,0.2,0.4,0.4,0.4,0.4,0.2,0.4,0.4,1.0,0.2,0.2,0.2,0.2,0.2,0.2,0.2,0.2,0.2,0.2,0.2,0.2,0.2,0.2,0.2,0.2,0.2,0.2,0.2,0.2,0.4,0.6,0.4,0.4,0.4,1.0,1.0,1.0,1.0,1.0,1.0,0.4,0.4,0.2,1.0,0.2,0.4,0.2,0.4,0.2,0.2,0.2,0.2,0.2,0.2,0.2,0.2,0.2,0.2,0.2,0.6,0.6,0.6,0.2,1.0,1.0,0.2,0.2,1.0,1.0,1.0,1.0,1.0,0.8,0.2,0.2,0.6,0.2,0.6,0.4,0.2,0.2,0.2,0.2,0.2,0.2,0.2,0.2,0.2,0.2,0.2,0.2,78.0,29.0,378.0,47.0,31.0,32.0,44.0,54.0,52.0,42.0,34.0,27.0,15.0,29.0,24.0,2.0,7.0,,,3.0,4.0,9.0,6.0,10.0,5.0,,,,,1.0,5.0,,4.0,,12.0,10.0,7.0,6.0,9.0,8.0,11.0,,1.0,2.0,3.0,6.0,,7.0,,8.0,9.0,10.0,11.0,,,5.0,2.0,1.0,3.0,4.0,12.0,13.0,10.0,11.0,9.0,8.0,14.0,15.0,7.0,6.0,3.0,4.0,5.0,1.0,2.0,15.0,13.0,7.0,14.0,6.0,8.0,9.0,10.0,12.0,11.0,5.0,4.0,3.0,2.0,1.0,2.0,,,,,,,,,,5.0,,1.0,4.0,3.0,1.0,3.0,2.0,,7.0,6.0,9.0,8.0,5.0,4.0,10.0,14.0,12.0,13.0,11.0,1.0,2.0,3.0,6.0,5.0,4.0,12.0,13.0,,,8.0,9.0,7.0,10.0,11.0,150.87,29.0,126.0,119.0,33.0,125.0,65.0,0.17,9.0,0.56,0.5,-1.0,[0.0],[nan],[0.0],[nan],"['No', 'No']","[nan, nan]",[-1.0],[-0.5],"['No', 'No']","[nan, nan]",[0.25],['The location of furniture/fixtures/objects'],"[1.0, 1.0, 0.4, 0.4, nan, nan, nan, 'Visualising the room layout']",[nan],['Visualising the room layout'],['Yes'],"['No, I did not apply any mnemonic techniques']",[nan]
A019,1,1.0,1.0,1.0,1.0,1.0,1.0,1.0,0.0,1.0,1.0,1.0,1.0,0.0,1.0,1.0,1.0,0.5,0.5,0.5,0.5,0.0,0.5,1.0,1.0,0.5,0.5,1.0,0.0,1.0,0.5,1.0,0.5,0.5,0.5,1.0,0.0,0.0,0.0,0.0,1.0,0.0,1.0,1.0,0.5,1.0,0.5,0.0,0.5,1.0,1.0,1.0,1.0,1.0,1.0,1.0,0.5,1.0,0.0,1.0,0.5,1.0,0.5,0.0,0.5,1.0,0.0,0.0,0.0,0.0,0.0,0.5,0.5,0.0,1.0,0.5,1.0,0.0,1.0,1.0,1.0,1.0,1.0,0.0,1.0,0.0,1.0,1.0,0.5,1.0,0.0,1.0,1.0,0.0,0.5,0.0,0.0,1.0,0.0,0.25,0.0,0.0,0.5,0.0,0.5,0.0,0.6,0.6,0.6,0.6,0.6,0.8,0.6,0.4,0.8,0.8,0.8,0.8,0.2,0.8,0.8,0.8,0.6,0.6,0.6,0.6,0.6,0.6,0.6,0.8,0.6,0.8,0.6,0.4,0.4,0.6,0.6,0.4,0.6,0.4,0.4,0.2,0.6,0.4,0.4,0.4,0.4,0.4,0.4,0.6,0.8,0.6,0.6,0.6,0.8,0.8,0.8,0.8,0.8,0.8,0.6,0.6,0.6,0.6,0.6,0.6,0.4,0.4,0.4,0.4,0.6,0.4,0.4,0.4,0.4,0.4,0.4,0.4,0.4,0.6,0.4,0.8,0.6,0.8,0.6,0.6,0.6,0.8,0.8,0.8,0.8,0.8,0.8,0.6,0.8,0.6,0.4,0.4,0.4,0.6,0.4,0.4,0.8,0.6,0.4,0.6,0.6,0.4,0.6,0.6,0.4,112.0,29.0,170.0,36.0,31.0,29.0,22.0,26.0,21.0,23.0,30.0,30.0,14.0,29.0,25.0,,5.0,2.0,,,3.0,6.0,,,,,4.0,1.0,,,,5.0,2.0,,4.0,3.0,,7.0,,8.0,,6.0,,,9.0,10.0,9.0,8.0,,7.0,6.0,,,,5.0,,4.0,3.0,1.0,2.0,10.0,14.0,9.0,12.0,8.0,7.0,13.0,4.0,6.0,5.0,,3.0,11.0,11.0,2.0,14.0,13.0,8.0,,7.0,9.0,3.0,10.0,11.0,12.0,5.0,4.0,6.0,1.0,2.0,,4.0,,,,,,,,,,3.0,,1.0,2.0,1.0,,7.0,3.0,6.0,5.0,8.0,11.0,10.0,9.0,4.0,,2.0,,12.0,1.0,,4.0,2.0,3.0,5.0,,8.0,6.0,7.0,9.0,,10.0,12.0,11.0,1.0,29.0,286.0,483.0,77.0,196.0,67.0,0.11,7.0,0.33,0.0,0.0,[0.0],[nan],[0.0],[nan],"['No', nan]","[nan, nan]",[0.0],[nan],"['No', nan]","[nan, nan]",[nan],"['The furniture/fixtures/objects in the room, The location of furniture/fixtures/objects, The items you picked up']","[1.0, 0.5, 0.6, 0.6, nan, 1.0, nan, 'Visualising the room layout']",[nan],['Visualising the room layout'],['No'],"['No, I did not apply any mnemonic techniques']",[nan]
A019,2,1.0,1.0,0.0,1.0,0.0,1.0,0.0,1.0,1.0,0.0,1.0,0.0,0.0,0.0,1.0,0.0,1.0,0.5,0.5,0.5,1.0,0.0,1.0,0.0,1.0,0.0,0.5,0.25,0.25,0.5,1.0,1.0,0.0,1.0,0.25,1.0,0.0,0.0,0.0,0.5,0.0,0.5,0.0,0.5,1.0,0.0,1.0,0.0,1.0,1.0,1.0,1.0,1.0,1.0,0.0,0.0,1.0,0.5,0.5,0.0,0.0,0.5,0.0,0.5,0.0,0.0,1.0,0.0,0.0,0.5,1.0,0.0,0.5,0.0,0.0,0.0,0.0,0.0,1.0,1.0,0.5,1.0,1.0,1.0,1.0,1.0,0.0,1.0,1.0,1.0,0.25,0.0,0.0,0.0,0.0,1.0,0.5,0.0,0.5,0.0,0.0,0.0,1.0,0.0,0.5,0.6,0.6,0.4,0.6,0.6,0.4,0.4,0.4,0.6,0.6,0.6,0.4,0.6,0.6,0.4,0.4,0.4,0.4,0.4,0.4,0.4,0.4,0.4,0.4,0.4,0.4,0.4,0.6,0.4,0.6,0.4,0.4,0.4,0.4,0.4,0.4,0.4,0.4,0.4,0.4,0.4,0.4,0.4,0.6,0.6,0.6,0.6,0.6,0.8,0.6,0.6,0.6,0.6,0.6,0.6,0.6,0.4,0.6,0.6,0.6,0.6,0.4,0.4,0.6,0.4,0.4,0.6,0.6,0.4,0.6,0.4,0.6,0.6,0.4,0.6,0.4,0.4,0.6,0.6,0.8,0.6,0.8,0.8,0.8,0.8,0.8,0.8,0.6,0.6,0.6,0.6,0.6,0.4,0.4,0.4,0.6,0.4,0.4,0.4,0.6,0.4,0.6,0.4,0.4,0.4,112.0,29.0,170.0,36.0,31.0,29.0,22.0,26.0,21.0,23.0,30.0,30.0,14.0,29.0,25.0,,5.0,2.0,,,3.0,6.0,,,,,4.0,1.0,,,,5.0,2.0,,4.0,3.0,,7.0,,8.0,,6.0,,,9.0,10.0,9.0,8.0,,7.0,6.0,,,,5.0,,4.0,3.0,1.0,2.0,10.0,14.0,9.0,12.0,8.0,7.0,13.0,4.0,6.0,5.0,,3.0,11.0,11.0,2.0,14.0,13.0,8.0,,7.0,9.0,3.0,10.0,11.0,12.0,5.0,4.0,6.0,1.0,2.0,,4.0,,,,,,,,,,3.0,,1.0,2.0,1.0,,7.0,3.0,6.0,5.0,8.0,11.0,10.0,9.0,4.0,,2.0,,12.0,1.0,,4.0,2.0,3.0,5.0,,8.0,6.0,7.0,9.0,,10.0,12.0,11.0,28.69,33.0,474.0,1043.0,68.0,213.0,128.0,0.14,10.0,0.5,0.0,0.0,[0.0],[nan],[0.0],[nan],"['No', 'Unsure']","[nan, 'I can predict what questions will be asked']",[-0.5],[-0.5],"['No', 'Unsure']","[nan, 'I can predict what questions will be asked']",[0.0],"['The location of furniture/fixtures/objects, The items you picked up']","[1.0, 1.0, 0.6, 0.4, nan, nan, nan, 'Visualising the room layout']",[nan],['Visualising the room layout'],['No'],"['No, I did not apply any mnemonic techniques']",[nan]
A019,3,1.0,1.0,1.0,1.0,1.0,0.0,1.0,0.0,0.0,1.0,1.0,1.0,0.0,1.0,0.0,1.0,0.5,0.5,0.5,0.25,0.0,0.0,1.0,0.0,0.5,0.0,0.5,0.0,1.0,1.0,0.5,0.0,0.25,0.25,0.0,0.0,1.0,1.0,1.0,0.5,0.0,0.0,0.5,0.0,1.0,0.0,0.0,0.0,1.0,0.0,1.0,1.0,1.0,1.0,1.0,0.25,1.0,0.0,1.0,0.25,0.5,0.5,0.5,0.5,0.0,0.0,1.0,0.0,0.5,0.5,1.0,0.0,0.0,0.0,0.0,1.0,0.0,0.0,0.0,1.0,0.25,1.0,1.0,1.0,1.0,0.0,1.0,1.0,1.0,0.0,1.0,1.0,1.0,0.5,0.5,0.25,0.0,0.0,0.0,0.0,0.0,0.5,0.0,0.0,0.0,0.6,0.6,0.6,0.6,0.8,0.6,0.4,0.6,0.6,0.8,0.8,0.6,0.2,0.8,0.8,0.8,0.6,0.6,0.6,0.6,0.6,0.6,0.4,0.4,0.6,0.4,0.6,0.4,0.4,0.6,0.4,0.4,0.6,0.6,0.6,0.6,0.4,0.6,0.6,0.4,0.4,0.4,0.6,0.6,0.6,0.6,0.6,0.6,0.8,0.8,0.6,0.8,0.8,0.8,0.6,0.6,0.6,0.4,0.6,0.4,0.4,0.6,0.4,0.6,0.4,0.4,0.4,0.6,0.4,0.6,0.4,0.6,0.6,0.4,0.4,0.6,0.6,0.6,0.6,0.6,0.6,0.8,0.8,0.8,0.8,0.6,0.6,0.6,0.6,0.6,0.6,0.6,0.6,0.4,0.6,0.6,0.6,0.6,0.6,0.6,0.4,0.6,0.6,0.6,0.6,112.0,29.0,170.0,36.0,31.0,29.0,22.0,26.0,21.0,23.0,30.0,30.0,14.0,29.0,25.0,,5.0,2.0,,,3.0,6.0,,,,,4.0,1.0,,,,5.0,2.0,,4.0,3.0,,7.0,,8.0,,6.0,,,9.0,10.0,9.0,8.0,,7.0,6.0,,,,5.0,,4.0,3.0,1.0,2.0,10.0,14.0,9.0,12.0,8.0,7.0,13.0,4.0,6.0,5.0,,3.0,11.0,11.0,2.0,14.0,13.0,8.0,,7.0,9.0,3.0,10.0,11.0,12.0,5.0,4.0,6.0,1.0,2.0,,4.0,,,,,,,,,,3.0,,1.0,2.0,1.0,,7.0,3.0,6.0,5.0,8.0,11.0,10.0,9.0,4.0,,2.0,,12.0,1.0,,4.0,2.0,3.0,5.0,,8.0,6.0,7.0,9.0,,10.0,12.0,11.0,83.68,20.0,219.0,614.0,38.0,161.0,77.0,0.34,10.0,0.58,0.0,0.0,[0.0],[nan],[0.0],[nan],"['No', 'Yes']","[nan, 'I can predict what questions will be asked']",[0.0],[0.0],"['No', 'Yes']","[nan, 'I can predict what questions will be asked']",[0.0],"['The furniture/fixtures/objects in the room, The location of furniture/fixtures/objects, The items you picked up']","[1.0, 0.5, 0.6, 0.6, nan, 1.0, nan, 'Visualising the room layout']",[nan],['Visualising the room layout'],['No'],"['No, I did not apply any mnemonic techniques']",[nan]
A019,4,1.0,1.0,1.0,1.0,1.0,0.0,1.0,1.0,0.0,1.0,0.0,0.0,0.0,1.0,0.0,1.0,0.5,0.5,0.5,0.5,0.0,0.0,0.0,1.0,0.25,1.0,0.5,0.0,0.0,0.25,0.25,1.0,0.5,0.0,1.0,0.0,0.0,1.0,1.0,1.0,1.0,1.0,1.0,0.0,1.0,0.0,1.0,1.0,1.0,1.0,0.0,1.0,1.0,1.0,1.0,0.25,0.5,0.0,0.0,1.0,0.25,1.0,1.0,0.0,1.0,0.0,0.0,1.0,0.0,0.0,0.5,1.0,0.5,0.0,0.0,0.0,0.0,0.0,0.0,1.0,0.0,1.0,0.0,0.0,1.0,1.0,1.0,0.25,0.5,0.0,0.0,1.0,0.5,0.5,0.5,0.0,0.25,0.0,0.0,1.0,0.5,0.5,1.0,1.0,0.0,0.6,0.6,0.6,0.6,0.6,0.6,0.4,0.4,0.2,0.2,0.2,0.4,0.6,0.6,0.6,0.6,0.6,0.6,0.6,0.6,0.6,0.6,0.6,0.6,0.6,0.2,0.2,0.2,0.4,0.6,0.4,0.2,0.2,0.2,0.4,0.6,0.4,0.4,0.4,0.2,0.6,0.6,0.4,0.6,0.8,0.6,0.6,0.6,0.8,0.6,0.4,0.4,0.4,0.4,0.4,0.6,0.4,0.4,0.4,0.4,0.4,0.4,0.4,0.4,0.4,0.4,0.4,0.4,0.4,0.4,0.4,0.4,0.4,0.6,0.4,0.6,0.6,0.6,0.4,0.6,0.4,0.6,0.4,0.4,0.6,0.6,0.6,0.6,0.4,0.4,0.6,0.6,0.6,0.6,0.4,0.4,0.6,0.6,0.6,0.6,0.4,0.6,0.6,0.6,0.6,112.0,29.0,170.0,36.0,31.0,29.0,22.0,26.0,21.0,23.0,30.0,30.0,14.0,29.0,25.0,,5.0,2.0,,,3.0,6.0,,,,,4.0,1.0,,,,5.0,2.0,,4.0,3.0,,7.0,,8.0,,6.0,,,9.0,10.0,9.0,8.0,,7.0,6.0,,,,5.0,,4.0,3.0,1.0,2.0,10.0,14.0,9.0,12.0,8.0,7.0,13.0,4.0,6.0,5.0,,3.0,11.0,11.0,2.0,14.0,13.0,8.0,,7.0,9.0,3.0,10.0,11.0,12.0,5.0,4.0,6.0,1.0,2.0,,4.0,,,,,,,,,,3.0,,1.0,2.0,1.0,,7.0,3.0,6.0,5.0,8.0,11.0,10.0,9.0,4.0,,2.0,,12.0,1.0,,4.0,2.0,3.0,5.0,,8.0,6.0,7.0,9.0,,10.0,12.0,11.0,154.76,21.0,179.0,315.0,29.0,150.0,65.0,0.55,7.0,0.33,0.0,0.0,[0.0],[nan],[0.0],[nan],"['No', 'Unsure']","[nan, 'I can predict what questions will be asked']",[-0.5],[-0.5],"['No', 'Unsure']","[nan, 'I can predict what questions will be asked']",[0.0],"['The location of furniture/fixtures/objects, The items you picked up']","[1.0, 0.5, 0.6, 0.6, nan, 1.0, nan, 'Visualising the room layout']",[nan],['Visualising the room layout'],['No'],"['No, I did not apply any mnemonic techniques']",[nan]
A020,1,1.0,1.0,1.0,1.0,1.0,1.0,0.0,1.0,1.0,1.0,1.0,0.0,0.0,1.0,1.0,1.0,1.0,1.0,1.0,1.0,0.0,0.5,0.0,1.0,1.0,1.0,0.25,1.0,0.5,1.0,0.0,1.0,0.25,0.5,0.0,0.0,0.0,1.0,0.0,1.0,0.5,1.0,0.0,1.0,0.0,1.0,1.0,0.0,1.0,1.0,0.0,1.0,1.0,1.0,0.0,1.0,0.5,1.0,1.0,1.0,0.0,0.5,0.25,0.0,0.0,0.0,0.25,0.5,0.5,1.0,0.0,1.0,0.0,1.0,0.5,1.0,0.5,1.0,0.0,1.0,1.0,1.0,1.0,1.0,1.0,0.0,1.0,1.0,1.0,1.0,0.5,1.0,0.25,0.5,0.25,0.0,0.0,0.0,1.0,0.0,0.0,1.0,0.0,0.0,0.0,1.0,0.4,0.4,1.0,1.0,1.0,0.2,1.0,1.0,1.0,1.0,0.2,0.2,1.0,1.0,1.0,1.0,1.0,1.0,1.0,0.6,0.4,0.6,1.0,1.0,1.0,0.6,1.0,0.2,0.2,0.2,0.2,1.0,0.4,1.0,0.2,0.2,0.2,0.8,1.0,0.2,0.2,0.2,0.4,0.2,0.2,0.2,0.2,1.0,1.0,1.0,1.0,1.0,1.0,0.4,1.0,0.2,1.0,0.6,1.0,0.2,0.2,0.8,0.2,0.8,0.2,0.2,0.2,0.2,1.0,0.2,0.2,0.2,0.4,0.8,1.0,0.4,1.0,1.0,1.0,1.0,1.0,1.0,1.0,1.0,1.0,1.0,1.0,0.6,1.0,0.4,1.0,0.8,0.2,1.0,0.4,1.0,0.2,1.0,0.4,0.4,1.0,0.4,0.6,0.8,137.0,12.0,195.0,45.0,36.0,38.0,41.0,31.0,24.0,22.0,24.0,25.0,26.0,35.0,40.0,3.0,,,,,5.0,,4.0,,,,,,2.0,1.0,,,8.0,,,7.0,,9.0,10.0,6.0,1.0,2.0,3.0,4.0,5.0,,13.0,12.0,11.0,,7.0,9.0,8.0,10.0,6.0,1.0,2.0,3.0,4.0,5.0,,11.0,12.0,13.0,,10.0,9.0,7.0,8.0,1.0,2.0,3.0,5.0,4.0,6.0,,11.0,12.0,13.0,8.0,6.0,,10.0,9.0,7.0,1.0,2.0,3.0,4.0,5.0,5.0,,,7.0,,6.0,,,,,,4.0,1.0,2.0,3.0,,6.0,7.0,8.0,,3.0,1.0,4.0,9.0,,10.0,,2.0,,5.0,,5.0,6.0,9.0,,7.0,3.0,,4.0,1.0,8.0,,10.0,,2.0,1.0,33.0,309.0,303.0,47.0,197.0,71.0,0.14,8.0,0.31,0.0,0.0,[0.0],[nan],[0.0],[nan],"['No', nan]","[nan, nan]",[0.0],[nan],"['No', nan]","[nan, nan]",[nan],"['The furniture/fixtures/objects in the room, The location of furniture/fixtures/objects, The items you picked up']","[1.0, 1.0, 1.0, 1.0, nan, nan, nan, 'No specific strategy']",[nan],['No specific strategy'],['Yes'],"['No, I did not apply any mnemonic techniques']",[nan]
A020,2,1.0,1.0,1.0,0.0,1.0,0.0,1.0,1.0,0.0,0.0,0.0,0.0,0.0,0.0,0.0,1.0,1.0,1.0,1.0,0.5,0.0,0.0,0.0,1.0,1.0,1.0,0.25,0.5,0.5,0.5,0.5,1.0,0.0,0.5,0.5,1.0,0.5,0.0,1.0,0.5,0.0,0.0,0.0,1.0,0.0,1.0,0.5,0.0,1.0,1.0,1.0,0.0,1.0,1.0,0.0,1.0,1.0,0.0,1.0,1.0,0.25,0.0,0.0,0.25,0.25,0.25,0.0,1.0,0.0,0.0,0.0,0.0,0.0,1.0,0.0,1.0,0.5,1.0,0.0,1.0,1.0,1.0,1.0,1.0,1.0,1.0,1.0,1.0,1.0,1.0,1.0,1.0,1.0,1.0,0.0,1.0,0.25,0.5,1.0,0.5,0.0,1.0,0.0,1.0,0.5,1.0,1.0,1.0,0.4,0.8,0.8,0.2,1.0,0.2,0.2,1.0,0.2,0.2,0.6,0.2,0.4,1.0,1.0,1.0,1.0,0.2,0.6,0.6,0.2,0.8,1.0,0.2,1.0,0.2,0.2,0.2,0.8,0.2,0.4,0.2,0.2,0.2,0.2,0.2,0.4,0.2,0.2,0.2,0.2,0.2,0.2,0.2,0.2,1.0,1.0,1.0,1.0,1.0,1.0,0.8,1.0,0.8,1.0,1.0,1.0,1.0,0.2,0.8,0.8,0.4,0.8,0.2,0.2,0.4,0.2,0.2,0.2,0.2,0.6,0.8,0.6,0.6,0.8,0.4,0.8,1.0,1.0,1.0,1.0,1.0,1.0,1.0,1.0,1.0,1.0,1.0,1.0,1.0,0.6,0.8,0.6,0.2,0.6,1.0,0.4,0.4,0.4,0.2,0.2,0.2,137.0,12.0,195.0,45.0,36.0,38.0,41.0,31.0,24.0,22.0,24.0,25.0,26.0,35.0,40.0,3.0,,,,,5.0,,4.0,,,,,,2.0,1.0,,,8.0,,,7.0,,9.0,10.0,6.0,1.0,2.0,3.0,4.0,5.0,,13.0,12.0,11.0,,7.0,9.0,8.0,10.0,6.0,1.0,2.0,3.0,4.0,5.0,,11.0,12.0,13.0,,10.0,9.0,7.0,8.0,1.0,2.0,3.0,5.0,4.0,6.0,,11.0,12.0,13.0,8.0,6.0,,10.0,9.0,7.0,1.0,2.0,3.0,4.0,5.0,5.0,,,7.0,,6.0,,,,,,4.0,1.0,2.0,3.0,,6.0,7.0,8.0,,3.0,1.0,4.0,9.0,,10.0,,2.0,,5.0,,5.0,6.0,9.0,,7.0,3.0,,4.0,1.0,8.0,,10.0,,2.0,26.85,27.0,287.33,387.0,26.0,186.0,211.0,0.28,8.0,0.29,0.0,-0.5,[0.0],[nan],[0.0],[nan],"['No', 'Unsure']","[nan, nan]",[-0.5],[-0.5],"['No', 'Unsure']","[nan, nan]",[0.0],"['The furniture/fixtures/objects in the room, The location of furniture/fixtures/objects, The items you picked up']","[1.0, 1.0, 1.0, 1.0, nan, nan, nan, 'No specific strategy']",[nan],['No specific strategy'],['Yes'],"['No, I did not apply any mnemonic techniques']",[nan]
A020,3,1.0,0.0,1.0,1.0,1.0,1.0,1.0,0.0,0.0,0.0,0.0,0.0,0.0,1.0,1.0,1.0,1.0,1.0,1.0,0.5,0.0,0.0,0.0,0.0,0.5,1.0,0.0,0.0,1.0,0.0,1.0,0.5,1.0,0.0,1.0,1.0,0.5,0.5,1.0,0.0,0.0,1.0,0.0,0.0,0.0,0.5,0.0,0.0,1.0,1.0,1.0,0.0,1.0,0.0,1.0,1.0,1.0,0.0,0.5,0.0,0.25,1.0,0.5,0.0,0.5,0.5,0.0,1.0,0.5,0.0,0.5,0.0,0.0,0.0,0.0,1.0,0.0,1.0,0.0,1.0,0.5,1.0,1.0,1.0,1.0,1.0,1.0,1.0,1.0,0.0,1.0,0.0,1.0,1.0,0.0,0.0,0.5,1.0,0.0,1.0,0.0,0.0,0.5,0.5,0.0,1.0,0.2,0.8,0.2,0.8,0.2,0.8,0.6,0.2,0.2,0.2,0.2,0.6,0.4,0.6,0.6,0.8,0.6,0.2,0.2,0.6,0.6,0.4,0.4,0.6,0.2,0.2,0.2,0.2,0.2,0.2,0.2,0.2,0.2,0.2,0.4,0.2,0.2,0.2,0.2,0.2,0.2,0.2,0.4,0.2,0.2,0.2,0.8,1.0,1.0,0.8,1.0,1.0,0.8,0.4,1.0,0.8,0.4,0.4,0.6,0.2,0.8,0.8,0.2,0.2,0.2,0.4,0.4,0.6,0.2,0.2,0.2,0.2,0.6,0.6,0.8,0.6,0.8,0.2,1.0,0.6,1.0,1.0,0.6,1.0,1.0,1.0,0.6,0.8,0.6,0.6,0.8,1.0,1.0,0.6,0.8,0.4,0.6,0.4,0.4,0.2,0.2,0.2,0.2,0.2,137.0,12.0,195.0,45.0,36.0,38.0,41.0,31.0,24.0,22.0,24.0,25.0,26.0,35.0,40.0,3.0,,,,,5.0,,4.0,,,,,,2.0,1.0,,,8.0,,,7.0,,9.0,10.0,6.0,1.0,2.0,3.0,4.0,5.0,,13.0,12.0,11.0,,7.0,9.0,8.0,10.0,6.0,1.0,2.0,3.0,4.0,5.0,,11.0,12.0,13.0,,10.0,9.0,7.0,8.0,1.0,2.0,3.0,5.0,4.0,6.0,,11.0,12.0,13.0,8.0,6.0,,10.0,9.0,7.0,1.0,2.0,3.0,4.0,5.0,5.0,,,7.0,,6.0,,,,,,4.0,1.0,2.0,3.0,,6.0,7.0,8.0,,3.0,1.0,4.0,9.0,,10.0,,2.0,,5.0,,5.0,6.0,9.0,,7.0,3.0,,4.0,1.0,8.0,,10.0,,2.0,78.25,27.0,259.0,213.0,38.0,198.0,71.0,0.42,9.0,0.29,-0.5,-1.0,[0.0],[nan],[0.0],[nan],"['No', 'No']","[nan, nan]",[-1.0],[-0.5],"['No', 'No']","[nan, nan]",[0.25],"['The furniture/fixtures/objects in the room, The items you picked up']","[1.0, 1.0, 1.0, 0.8, nan, nan, nan, 'No specific strategy']",[nan],['No specific strategy'],['Yes'],"['No, I did not apply any mnemonic techniques']",[nan]
A020,4,1.0,1.0,0.0,1.0,0.0,0.0,0.0,0.0,0.0,0.0,0.0,0.0,0.0,1.0,0.0,0.0,1.0,1.0,0.5,1.0,0.0,0.0,1.0,0.0,0.25,0.5,1.0,0.0,1.0,0.0,0.5,0.0,0.5,0.0,0.0,1.0,0.0,0.5,0.5,0.0,1.0,0.0,1.0,0.5,0.0,1.0,1.0,0.0,1.0,0.0,0.0,1.0,1.0,1.0,1.0,0.0,0.0,0.5,0.5,0.5,0.0,0.0,0.0,0.5,0.0,0.5,0.5,0.0,0.5,0.0,0.5,0.0,0.0,0.0,0.0,1.0,0.0,0.0,0.0,1.0,0.0,0.0,1.0,1.0,0.0,1.0,1.0,0.25,1.0,0.0,0.0,0.0,0.5,0.5,0.25,0.0,0.5,1.0,0.25,0.0,0.0,0.0,1.0,0.5,0.0,0.8,1.0,1.0,0.8,1.0,0.2,0.4,0.2,0.2,0.2,0.2,0.2,0.2,0.4,0.4,0.6,0.8,0.6,0.6,0.6,0.6,0.4,0.4,0.2,0.8,0.2,0.2,0.2,0.2,0.2,0.2,0.2,0.2,0.2,0.2,0.2,0.2,0.2,0.2,0.2,0.2,0.2,0.2,0.2,0.2,0.4,0.4,1.0,1.0,0.4,0.6,0.8,0.4,0.6,0.6,0.2,0.6,0.6,0.4,0.2,0.4,0.2,0.2,0.2,0.2,0.6,0.6,0.2,0.2,0.2,0.2,0.2,0.2,0.4,0.4,1.0,0.6,0.4,0.4,0.4,0.6,1.0,1.0,1.0,1.0,0.8,1.0,0.4,0.8,0.4,0.4,0.2,0.6,0.8,0.2,0.6,0.8,0.8,0.2,0.2,0.2,0.2,0.2,0.2,0.2,137.0,12.0,195.0,45.0,36.0,38.0,41.0,31.0,24.0,22.0,24.0,25.0,26.0,35.0,40.0,3.0,,,,,5.0,,4.0,,,,,,2.0,1.0,,,8.0,,,7.0,,9.0,10.0,6.0,1.0,2.0,3.0,4.0,5.0,,13.0,12.0,11.0,,7.0,9.0,8.0,10.0,6.0,1.0,2.0,3.0,4.0,5.0,,11.0,12.0,13.0,,10.0,9.0,7.0,8.0,1.0,2.0,3.0,5.0,4.0,6.0,,11.0,12.0,13.0,8.0,6.0,,10.0,9.0,7.0,1.0,2.0,3.0,4.0,5.0,5.0,,,7.0,,6.0,,,,,,4.0,1.0,2.0,3.0,,6.0,7.0,8.0,,3.0,1.0,4.0,9.0,,10.0,,2.0,,5.0,,5.0,6.0,9.0,,7.0,3.0,,4.0,1.0,8.0,,10.0,,2.0,145.78,106.0,294.0,366.0,28.0,223.0,82.0,0.19,9.0,0.33,-0.5,-1.0,[0.0],[nan],[0.0],[nan],"['No', 'No']","[nan, nan]",[-1.0],[-1.0],"['No', 'No']","[nan, nan]",[0.25],"['The furniture/fixtures/objects in the room, The location of furniture/fixtures/objects']","[1.0, 1.0, 0.8, 0.8, nan, nan, nan, 'No specific strategy']",[nan],['No specific strategy'],['Yes'],"['No, I did not apply any mnemonic techniques']",[nan]
A021,1,1.0,1.0,1.0,1.0,1.0,1.0,1.0,1.0,0.0,1.0,1.0,1.0,0.0,1.0,1.0,1.0,0.25,0.25,1.0,1.0,1.0,1.0,1.0,1.0,1.0,1.0,1.0,1.0,1.0,1.0,1.0,0.5,0.5,1.0,0.0,0.0,0.5,1.0,1.0,1.0,1.0,0.0,0.0,1.0,0.5,0.0,0.0,1.0,1.0,1.0,1.0,1.0,1.0,1.0,1.0,1.0,1.0,1.0,1.0,1.0,0.5,0.5,0.5,1.0,0.0,0.0,1.0,0.5,1.0,1.0,1.0,0.0,0.0,0.5,1.0,1.0,1.0,1.0,1.0,1.0,1.0,1.0,1.0,1.0,1.0,1.0,1.0,1.0,1.0,1.0,1.0,1.0,1.0,0.5,0.5,1.0,0.0,0.0,0.5,1.0,0.5,1.0,0.5,0.0,0.0,1.0,1.0,1.0,1.0,1.0,1.0,1.0,0.8,0.2,1.0,1.0,1.0,0.4,1.0,1.0,1.0,1.0,1.0,1.0,1.0,0.8,0.8,1.0,1.0,1.0,1.0,0.2,1.0,0.6,1.0,0.4,0.4,0.8,1.0,0.4,0.6,0.8,0.4,0.2,1.0,0.4,0.4,0.4,1.0,0.6,0.6,0.6,0.6,1.0,1.0,0.6,1.0,1.0,1.0,0.8,1.0,0.4,1.0,1.0,1.0,0.8,0.6,0.4,1.0,0.6,0.6,0.4,0.6,0.4,1.0,0.6,0.8,0.4,1.0,0.8,1.0,1.0,1.0,1.0,1.0,1.0,1.0,1.0,1.0,1.0,1.0,1.0,1.0,1.0,1.0,1.0,1.0,0.6,0.6,0.4,0.6,0.6,0.6,0.6,0.4,0.4,1.0,0.8,0.8,0.4,,,205.0,23.0,21.0,28.0,19.0,20.0,30.0,35.0,33.0,27.0,20.0,26.0,27.0,1.0,3.0,,2.0,4.0,5.0,7.0,,,6.0,,,,,,10.0,11.0,,12.0,7.0,8.0,9.0,,5.0,6.0,4.0,3.0,,1.0,2.0,11.0,10.0,13.0,12.0,9.0,8.0,14.0,5.0,6.0,4.0,7.0,,3.0,1.0,2.0,5.0,6.0,8.0,7.0,10.0,11.0,9.0,12.0,14.0,13.0,15.0,1.0,3.0,2.0,4.0,6.0,7.0,5.0,8.0,11.0,12.0,9.0,10.0,13.0,14.0,15.0,1.0,2.0,3.0,4.0,6.0,3.0,,7.0,4.0,5.0,,,,,,,,1.0,2.0,6.0,7.0,5.0,8.0,10.0,11.0,9.0,12.0,14.0,13.0,15.0,1.0,3.0,2.0,4.0,6.0,7.0,5.0,8.0,10.0,11.0,9.0,12.0,14.0,13.0,15.0,1.0,3.0,2.0,4.0,1.0,51.0,511.0,611.0,75.0,325.0,84.0,0.4,7.0,0.25,-0.5,-0.5,[0.0],[nan],[0.0],[nan],"['No', 'Unsure']","[nan, nan]",[-0.5],[0.0],"['No', 'Unsure']","[nan, nan]",[0.0],['The items you picked up'],"[1.0, 0.25, 1.0, 1.0, nan, 1.0, nan, 'Visualising the room layout']",[nan],['No specific strategy'],['No'],['Unsure'],[nan]
A021,2,1.0,1.0,1.0,1.0,1.0,1.0,1.0,1.0,0.0,0.0,1.0,1.0,1.0,1.0,0.0,0.0,1.0,1.0,1.0,1.0,0.0,0.0,1.0,1.0,1.0,1.0,1.0,1.0,1.0,0.5,1.0,1.0,0.0,0.5,0.5,0.5,1.0,0.5,1.0,0.0,0.5,0.0,0.0,0.0,1.0,0.0,1.0,0.5,1.0,1.0,1.0,1.0,1.0,1.0,1.0,1.0,1.0,1.0,1.0,0.5,0.5,0.0,0.0,1.0,1.0,0.25,1.0,0.5,1.0,0.5,0.5,0.0,0.0,0.0,0.0,1.0,1.0,1.0,1.0,1.0,1.0,1.0,1.0,1.0,1.0,0.0,1.0,0.0,1.0,1.0,1.0,0.5,0.5,0.5,0.0,0.5,0.5,0.5,1.0,0.5,1.0,0.5,0.5,0.5,0.0,1.0,1.0,0.6,1.0,1.0,1.0,1.0,0.6,0.4,0.2,1.0,0.4,1.0,1.0,0.6,0.6,1.0,1.0,1.0,1.0,0.4,0.4,1.0,0.6,1.0,0.6,1.0,0.6,0.6,0.4,0.2,1.0,0.6,0.6,0.6,0.4,0.2,0.8,0.6,0.6,0.6,0.4,0.2,1.0,0.8,0.8,0.6,0.6,1.0,0.6,1.0,1.0,1.0,1.0,1.0,0.6,1.0,1.0,1.0,1.0,0.4,0.6,0.4,0.6,0.4,0.4,1.0,0.4,0.4,0.8,0.6,0.8,1.0,0.6,0.8,1.0,0.4,1.0,0.8,1.0,1.0,1.0,1.0,1.0,1.0,0.8,1.0,0.8,1.0,1.0,1.0,1.0,1.0,0.4,0.4,0.4,0.4,0.2,1.0,0.2,0.6,0.8,0.8,0.2,0.6,,,205.0,23.0,21.0,28.0,19.0,20.0,30.0,35.0,33.0,27.0,20.0,26.0,27.0,1.0,3.0,,2.0,4.0,5.0,7.0,,,6.0,,,,,,10.0,11.0,,12.0,7.0,8.0,9.0,,5.0,6.0,4.0,3.0,,1.0,2.0,11.0,10.0,13.0,12.0,9.0,8.0,14.0,5.0,6.0,4.0,7.0,,3.0,1.0,2.0,5.0,6.0,8.0,7.0,10.0,11.0,9.0,12.0,14.0,13.0,15.0,1.0,3.0,2.0,4.0,6.0,7.0,5.0,8.0,11.0,12.0,9.0,10.0,13.0,14.0,15.0,1.0,2.0,3.0,4.0,6.0,3.0,,7.0,4.0,5.0,,,,,,,,1.0,2.0,6.0,7.0,5.0,8.0,10.0,11.0,9.0,12.0,14.0,13.0,15.0,1.0,3.0,2.0,4.0,6.0,7.0,5.0,8.0,10.0,11.0,9.0,12.0,14.0,13.0,15.0,1.0,3.0,2.0,4.0,30.21,30.0,375.0,401.0,41.0,241.0,106.0,0.61,7.0,0.29,0.0,0.0,[0.0],[nan],[0.0],[nan],"['No', 'No']","[nan, nan]",[-0.5],[0.0],"['No', 'No']","[nan, nan]",[0.25],"['The location of furniture/fixtures/objects, The items you picked up']","[1.0, 1.0, 1.0, 1.0, nan, nan, nan, 'No specific strategy']",[nan],['No specific strategy'],['No'],"['No, I did not apply any mnemonic techniques']",[nan]
A021,3,1.0,1.0,1.0,1.0,1.0,1.0,1.0,1.0,1.0,0.0,1.0,0.0,1.0,1.0,1.0,1.0,1.0,1.0,1.0,1.0,0.0,1.0,1.0,0.0,1.0,1.0,1.0,0.5,1.0,1.0,1.0,0.5,1.0,0.25,0.0,0.0,0.0,0.0,0.5,0.0,0.0,0.5,0.5,0.5,1.0,1.0,0.5,0.0,1.0,1.0,1.0,1.0,1.0,0.0,1.0,1.0,1.0,1.0,1.0,0.0,1.0,0.5,1.0,0.5,0.0,0.5,0.0,0.0,0.0,1.0,0.5,0.0,0.0,0.0,1.0,1.0,0.0,1.0,0.0,1.0,1.0,1.0,1.0,1.0,1.0,1.0,1.0,1.0,1.0,1.0,0.5,0.5,1.0,0.5,1.0,0.25,0.0,0.0,0.0,0.0,0.0,1.0,0.5,0.0,0.0,1.0,1.0,0.6,1.0,1.0,1.0,1.0,1.0,1.0,0.2,1.0,1.0,1.0,1.0,1.0,1.0,1.0,1.0,1.0,1.0,0.6,1.0,0.4,0.4,1.0,1.0,1.0,1.0,0.8,1.0,0.2,0.6,0.4,0.6,0.4,0.4,0.2,0.4,0.4,0.4,0.4,0.4,0.2,0.8,0.8,0.8,0.6,0.6,1.0,1.0,1.0,1.0,1.0,0.4,1.0,1.0,1.0,0.6,1.0,0.4,1.0,0.4,0.4,0.4,0.6,0.4,0.4,0.2,0.4,0.2,0.4,0.4,0.4,0.4,0.8,1.0,0.4,1.0,0.4,1.0,1.0,1.0,1.0,1.0,1.0,1.0,1.0,0.8,1.0,0.8,1.0,0.8,1.0,0.6,0.4,0.4,0.4,0.8,0.4,0.4,0.4,0.4,0.4,0.4,0.6,,,205.0,23.0,21.0,28.0,19.0,20.0,30.0,35.0,33.0,27.0,20.0,26.0,27.0,1.0,3.0,,2.0,4.0,5.0,7.0,,,6.0,,,,,,10.0,11.0,,12.0,7.0,8.0,9.0,,5.0,6.0,4.0,3.0,,1.0,2.0,11.0,10.0,13.0,12.0,9.0,8.0,14.0,5.0,6.0,4.0,7.0,,3.0,1.0,2.0,5.0,6.0,8.0,7.0,10.0,11.0,9.0,12.0,14.0,13.0,15.0,1.0,3.0,2.0,4.0,6.0,7.0,5.0,8.0,11.0,12.0,9.0,10.0,13.0,14.0,15.0,1.0,2.0,3.0,4.0,6.0,3.0,,7.0,4.0,5.0,,,,,,,,1.0,2.0,6.0,7.0,5.0,8.0,10.0,11.0,9.0,12.0,14.0,13.0,15.0,1.0,3.0,2.0,4.0,6.0,7.0,5.0,8.0,10.0,11.0,9.0,12.0,14.0,13.0,15.0,1.0,3.0,2.0,4.0,74.19,34.0,267.0,393.0,62.0,278.0,117.0,0.38,9.0,0.35,0.5,-0.5,[0.0],[nan],[0.0],[nan],"['No', 'No']","[nan, nan]",[0.0],[0.5],"['No', 'No']","[nan, nan]",[0.5],"['The location of furniture/fixtures/objects, The items you picked up, Where you picked up and put down items']","[1.0, 1.0, 1.0, 1.0, nan, nan, nan, 'No specific strategy']",[nan],['No specific strategy'],['No'],"['No, I did not apply any mnemonic techniques']",[nan]
A021,4,1.0,1.0,1.0,1.0,0.0,1.0,1.0,1.0,1.0,1.0,0.0,1.0,1.0,1.0,1.0,0.0,1.0,1.0,1.0,1.0,0.0,0.5,1.0,1.0,1.0,1.0,0.0,1.0,0.0,1.0,1.0,0.5,0.5,0.5,0.0,0.0,0.0,0.0,0.5,0.5,0.0,1.0,0.0,0.0,1.0,0.5,0.0,1.0,1.0,1.0,1.0,1.0,1.0,1.0,1.0,1.0,1.0,1.0,0.5,1.0,1.0,0.5,0.0,0.5,1.0,0.0,0.0,0.0,0.0,0.5,0.0,0.0,0.0,0.0,0.5,1.0,1.0,1.0,1.0,1.0,1.0,1.0,1.0,1.0,1.0,1.0,1.0,1.0,1.0,1.0,0.5,1.0,1.0,0.25,0.0,0.25,0.5,0.0,0.0,1.0,0.0,0.5,0.5,0.5,0.0,1.0,1.0,1.0,1.0,1.0,1.0,1.0,1.0,0.2,1.0,1.0,1.0,1.0,1.0,0.8,1.0,1.0,1.0,1.0,1.0,0.6,0.8,0.6,1.0,1.0,1.0,1.0,1.0,1.0,1.0,0.2,0.2,0.2,0.2,0.4,0.8,0.2,0.2,0.2,0.2,0.4,0.8,0.2,1.0,0.6,0.6,0.6,0.8,1.0,1.0,1.0,1.0,1.0,1.0,1.0,1.0,1.0,1.0,0.4,1.0,1.0,0.4,0.2,0.4,0.4,0.4,0.2,0.4,0.4,0.4,0.2,0.2,0.2,0.4,0.8,1.0,0.8,1.0,0.4,1.0,0.8,1.0,1.0,1.0,0.8,1.0,1.0,1.0,1.0,1.0,0.6,1.0,1.0,0.4,0.4,0.2,0.2,0.4,0.2,0.4,0.2,0.2,0.2,0.2,0.4,,,205.0,23.0,21.0,28.0,19.0,20.0,30.0,35.0,33.0,27.0,20.0,26.0,27.0,1.0,3.0,,2.0,4.0,5.0,7.0,,,6.0,,,,,,10.0,11.0,,12.0,7.0,8.0,9.0,,5.0,6.0,4.0,3.0,,1.0,2.0,11.0,10.0,13.0,12.0,9.0,8.0,14.0,5.0,6.0,4.0,7.0,,3.0,1.0,2.0,5.0,6.0,8.0,7.0,10.0,11.0,9.0,12.0,14.0,13.0,15.0,1.0,3.0,2.0,4.0,6.0,7.0,5.0,8.0,11.0,12.0,9.0,10.0,13.0,14.0,15.0,1.0,2.0,3.0,4.0,6.0,3.0,,7.0,4.0,5.0,,,,,,,,1.0,2.0,6.0,7.0,5.0,8.0,10.0,11.0,9.0,12.0,14.0,13.0,15.0,1.0,3.0,2.0,4.0,6.0,7.0,5.0,8.0,10.0,11.0,9.0,12.0,14.0,13.0,15.0,1.0,3.0,2.0,4.0,140.39,27.0,187.0,183.0,41.0,159.0,175.0,0.73,7.0,0.77,-0.5,0.0,[0.0],[nan],[0.0],[nan],"['No', 'No']","[nan, nan]",[-0.5],[-0.5],"['No', 'No']","[nan, nan]",[0.75],"['The location of furniture/fixtures/objects, The items you picked up']","[1.0, 1.0, 1.0, 1.0, nan, nan, nan, 'No specific strategy']",[nan],['No specific strategy'],['No'],"['No, I did not apply any mnemonic techniques']",[nan]
A022,1,1.0,1.0,0.0,1.0,1.0,1.0,0.0,1.0,0.0,1.0,1.0,1.0,0.0,1.0,1.0,1.0,0.5,0.5,0.5,0.5,1.0,1.0,1.0,0.0,0.5,0.5,0.0,1.0,1.0,0.5,1.0,0.25,1.0,1.0,1.0,0.5,0.0,0.0,1.0,0.5,1.0,0.0,0.0,0.0,1.0,0.0,0.5,0.0,1.0,1.0,1.0,1.0,1.0,1.0,1.0,0.5,1.0,1.0,1.0,1.0,1.0,0.0,0.0,0.5,0.5,1.0,0.5,0.0,0.0,0.0,1.0,0.0,0.5,1.0,1.0,1.0,1.0,1.0,1.0,1.0,1.0,1.0,1.0,1.0,1.0,1.0,1.0,0.5,1.0,1.0,1.0,1.0,1.0,0.0,0.0,0.5,0.5,0.5,0.5,0.5,0.0,0.5,1.0,0.5,0.0,0.6,0.4,0.6,0.4,0.6,0.8,0.8,0.2,0.2,1.0,0.8,0.8,0.2,1.0,0.6,0.4,0.6,0.4,0.4,0.4,0.4,0.4,0.4,0.4,0.6,0.2,0.4,0.6,0.2,0.2,0.2,0.4,0.2,0.2,0.2,0.2,0.2,0.2,0.2,0.8,0.2,0.2,0.2,0.2,0.2,0.2,0.2,0.2,1.0,0.2,0.8,0.8,0.8,0.8,0.8,0.2,0.8,0.8,0.8,0.8,0.8,0.2,0.2,0.2,0.2,0.2,0.2,0.2,0.2,0.2,0.8,0.2,0.2,0.2,0.2,0.2,0.2,1.0,0.6,1.0,1.0,0.8,1.0,1.0,1.0,1.0,1.0,0.2,1.0,1.0,1.0,1.0,1.0,0.2,0.2,0.2,0.2,0.2,0.2,0.2,0.2,0.2,1.0,0.2,0.2,32.0,14.0,221.0,36.0,41.0,24.0,34.0,26.0,58.0,65.0,56.0,53.0,23.0,51.0,34.0,4.0,,3.0,7.0,6.0,5.0,,,,,,,,2.0,1.0,,,6.0,7.0,5.0,3.0,,,4.0,2.0,,,1.0,8.0,9.0,11.0,,12.0,8.0,7.0,6.0,10.0,13.0,9.0,4.0,5.0,,2.0,1.0,3.0,12.0,,,8.0,7.0,6.0,9.0,3.0,5.0,11.0,10.0,,2.0,1.0,4.0,,1.0,,6.0,8.0,7.0,10.0,,5.0,3.0,9.0,,2.0,,4.0,5.0,,4.0,,,,,,1.0,,,,6.0,2.0,3.0,,,,4.0,6.0,7.0,,5.0,3.0,,2.0,,,,1.0,,,,2.0,,4.0,,1.0,3.0,,5.0,,8.0,6.0,7.0,1.0,57.0,452.0,701.0,92.0,255.0,97.0,0.22,5.0,0.23,-0.5,0.0,[0.0],[nan],[0.0],[nan],"['No', nan]","[nan, nan]",[-0.5],[nan],"['No', nan]","[nan, nan]",[nan],['The furniture/fixtures/objects in the room'],"[1.0, 0.5, 0.6, 0.6, nan, 1.0, nan, 'No specific strategy']",[nan],['No specific strategy'],['No'],"['No, I did not apply any mnemonic techniques']",[nan]
A022,2,1.0,1.0,1.0,0.0,0.0,1.0,0.0,0.0,1.0,1.0,0.0,1.0,1.0,1.0,1.0,1.0,1.0,1.0,1.0,0.5,1.0,0.0,1.0,0.0,1.0,0.0,1.0,0.5,1.0,1.0,0.25,0.0,0.5,0.5,0.0,0.0,0.0,0.0,0.0,1.0,1.0,1.0,1.0,0.5,1.0,0.5,0.5,0.5,1.0,1.0,1.0,1.0,1.0,1.0,1.0,1.0,1.0,1.0,1.0,1.0,1.0,1.0,0.25,0.25,0.5,0.0,0.0,0.0,0.0,0.0,0.5,1.0,1.0,1.0,0.0,1.0,0.0,1.0,1.0,1.0,1.0,1.0,1.0,1.0,1.0,1.0,1.0,1.0,1.0,1.0,1.0,1.0,1.0,0.5,0.5,0.5,1.0,1.0,0.0,0.0,0.0,0.0,0.5,1.0,1.0,0.6,0.4,0.2,0.2,0.4,0.4,1.0,0.2,0.2,0.8,0.8,0.2,0.6,0.8,0.6,0.2,0.8,0.6,0.8,0.2,0.2,0.2,0.2,0.2,0.8,0.4,0.6,1.0,0.2,0.2,0.2,0.2,0.2,0.2,0.2,0.2,0.2,0.2,0.8,0.2,0.2,0.2,0.2,0.2,0.2,0.2,0.2,0.2,1.0,0.2,0.6,0.8,0.8,0.2,0.8,0.2,0.8,0.4,0.2,0.2,0.8,0.2,0.2,0.2,0.2,0.2,0.2,0.2,0.2,0.2,0.2,0.2,0.2,0.2,0.2,0.2,0.2,0.2,0.2,0.6,0.6,1.0,0.8,0.8,0.8,0.8,0.8,0.4,0.8,0.6,0.8,0.8,0.6,0.2,0.2,0.2,0.2,0.2,0.2,0.2,0.2,0.2,0.2,0.6,0.2,32.0,14.0,221.0,36.0,41.0,24.0,34.0,26.0,58.0,65.0,56.0,53.0,23.0,51.0,34.0,4.0,,3.0,7.0,6.0,5.0,,,,,,,,2.0,1.0,,,6.0,7.0,5.0,3.0,,,4.0,2.0,,,1.0,8.0,9.0,11.0,,12.0,8.0,7.0,6.0,10.0,13.0,9.0,4.0,5.0,,2.0,1.0,3.0,12.0,,,8.0,7.0,6.0,9.0,3.0,5.0,11.0,10.0,,2.0,1.0,4.0,,1.0,,6.0,8.0,7.0,10.0,,5.0,3.0,9.0,,2.0,,4.0,5.0,,4.0,,,,,,1.0,,,,6.0,2.0,3.0,,,,4.0,6.0,7.0,,5.0,3.0,,2.0,,,,1.0,,,,2.0,,4.0,,1.0,3.0,,5.0,,8.0,6.0,7.0,24.15,54.0,975.0,480.0,51.0,294.0,95.0,0.23,7.0,0.23,-0.5,-0.5,[0.0],[nan],[0.0],[nan],"['No', 'No']","[nan, ""Didn't help me""]",[-1.0],[-0.5],"['No', 'No']","[nan, ""Didn't help me""]",[0.25],['The furniture/fixtures/objects in the room'],"[1.0, 1.0, 0.6, 0.8, nan, nan, nan, 'No specific strategy']",[nan],['No specific strategy'],['No'],"['No, I did not apply any mnemonic techniques']",[nan]
A022,3,1.0,1.0,1.0,1.0,0.0,0.0,0.0,1.0,0.0,1.0,0.0,1.0,1.0,1.0,1.0,1.0,1.0,1.0,1.0,1.0,0.0,0.0,0.0,0.0,0.5,1.0,0.25,1.0,0.5,1.0,0.25,0.0,0.5,1.0,0.0,0.0,0.5,0.0,1.0,1.0,0.5,0.0,0.0,1.0,0.0,0.5,0.5,0.5,1.0,1.0,1.0,1.0,1.0,1.0,1.0,1.0,0.5,1.0,1.0,1.0,0.5,0.0,1.0,1.0,0.0,0.0,0.5,0.0,0.0,1.0,0.5,1.0,0.0,0.5,0.0,0.0,0.0,1.0,1.0,0.0,1.0,1.0,1.0,1.0,1.0,1.0,1.0,1.0,0.5,1.0,1.0,1.0,0.5,0.5,0.25,1.0,0.0,0.0,0.5,0.0,0.0,1.0,0.5,1.0,0.0,0.4,0.4,0.4,0.2,0.2,0.2,0.6,1.0,0.2,1.0,0.2,1.0,0.2,0.4,0.2,0.2,0.6,0.6,0.6,0.6,0.2,0.2,0.2,0.2,0.2,1.0,0.2,1.0,0.2,1.0,0.2,0.2,0.2,0.6,0.2,0.2,0.2,0.2,0.2,1.0,0.2,0.2,0.2,0.2,0.2,0.2,0.2,0.2,1.0,0.2,0.8,1.0,0.8,0.8,0.8,0.2,0.2,1.0,0.8,0.8,0.2,0.2,0.2,0.6,0.2,0.2,0.2,0.2,0.2,1.0,0.2,0.2,0.2,0.2,0.2,0.2,0.2,0.2,0.2,1.0,1.0,1.0,1.0,0.4,0.8,0.8,0.8,1.0,0.6,0.8,0.6,0.8,0.2,0.2,0.2,0.6,0.2,0.2,0.2,0.2,0.2,1.0,0.2,0.2,0.2,32.0,14.0,221.0,36.0,41.0,24.0,34.0,26.0,58.0,65.0,56.0,53.0,23.0,51.0,34.0,4.0,,3.0,7.0,6.0,5.0,,,,,,,,2.0,1.0,,,6.0,7.0,5.0,3.0,,,4.0,2.0,,,1.0,8.0,9.0,11.0,,12.0,8.0,7.0,6.0,10.0,13.0,9.0,4.0,5.0,,2.0,1.0,3.0,12.0,,,8.0,7.0,6.0,9.0,3.0,5.0,11.0,10.0,,2.0,1.0,4.0,,1.0,,6.0,8.0,7.0,10.0,,5.0,3.0,9.0,,2.0,,4.0,5.0,,4.0,,,,,,1.0,,,,6.0,2.0,3.0,,,,4.0,6.0,7.0,,5.0,3.0,,2.0,,,,1.0,,,,2.0,,4.0,,1.0,3.0,,5.0,,8.0,6.0,7.0,74.46,30.0,425.0,329.0,35.0,188.0,107.0,0.33,7.0,0.23,0.0,0.5,[0.0],[nan],[0.0],[nan],"['No', 'No']","[nan, ""Didn't help me""]",[-1.0],[-0.5],"['No', 'No']","[nan, ""Didn't help me""]",[0.0],['The furniture/fixtures/objects in the room'],"[1.0, 1.0, 0.4, 0.6, nan, nan, nan, 'No specific strategy']",[nan],['No specific strategy'],['No'],"['No, I did not apply any mnemonic techniques']",[nan]
A022,4,1.0,1.0,1.0,1.0,0.0,1.0,0.0,0.0,1.0,1.0,0.0,0.0,1.0,0.0,1.0,1.0,1.0,1.0,1.0,1.0,0.0,0.5,0.0,0.0,0.5,0.0,1.0,1.0,0.5,0.5,1.0,1.0,0.0,1.0,1.0,1.0,0.0,0.5,0.0,0.0,0.0,0.0,0.0,0.5,0.5,0.0,0.0,1.0,1.0,1.0,1.0,1.0,1.0,1.0,1.0,1.0,0.5,1.0,1.0,1.0,1.0,0.5,0.0,1.0,0.25,0.0,0.0,1.0,0.0,0.5,0.5,0.5,1.0,0.0,0.5,1.0,0.0,1.0,0.0,1.0,1.0,1.0,1.0,0.0,1.0,1.0,1.0,1.0,1.0,1.0,1.0,1.0,1.0,1.0,0.0,0.25,1.0,0.0,0.0,1.0,0.0,1.0,0.0,0.5,0.0,0.2,0.2,0.2,0.2,0.2,0.2,0.6,0.2,0.2,0.2,0.2,0.2,0.2,0.2,0.2,0.2,0.8,0.6,0.2,0.2,0.2,0.2,0.2,0.2,0.2,0.2,0.2,0.6,0.6,0.2,0.2,0.2,0.2,0.2,0.2,0.2,0.2,0.2,0.2,0.2,0.2,0.2,0.2,0.2,0.2,0.2,0.2,0.2,1.0,0.2,0.2,0.6,0.6,0.8,0.6,0.2,0.2,0.2,0.4,0.6,0.6,0.2,0.2,0.2,0.2,0.2,0.2,0.4,0.2,0.2,0.2,0.2,0.2,0.2,0.2,0.2,0.2,0.2,0.2,0.2,0.4,0.8,0.8,0.2,0.4,1.0,0.4,0.4,0.4,0.6,0.4,0.8,0.6,0.2,0.2,0.2,0.2,0.4,0.2,0.4,0.2,0.2,0.2,0.2,0.2,32.0,14.0,221.0,36.0,41.0,24.0,34.0,26.0,58.0,65.0,56.0,53.0,23.0,51.0,34.0,4.0,,3.0,7.0,6.0,5.0,,,,,,,,2.0,1.0,,,6.0,7.0,5.0,3.0,,,4.0,2.0,,,1.0,8.0,9.0,11.0,,12.0,8.0,7.0,6.0,10.0,13.0,9.0,4.0,5.0,,2.0,1.0,3.0,12.0,,,8.0,7.0,6.0,9.0,3.0,5.0,11.0,10.0,,2.0,1.0,4.0,,1.0,,6.0,8.0,7.0,10.0,,5.0,3.0,9.0,,2.0,,4.0,5.0,,4.0,,,,,,1.0,,,,6.0,2.0,3.0,,,,4.0,6.0,7.0,,5.0,3.0,,2.0,,,,1.0,,,,2.0,,4.0,,1.0,3.0,,5.0,,8.0,6.0,7.0,141.71,18.0,286.0,242.0,29.0,130.0,55.0,0.13,8.0,0.23,0.0,0.0,[0.0],[nan],[0.0],[nan],"['No', 'No']","[nan, ""Didn't help me""]",[-1.0],[-1.0],"['No', 'No']","[nan, ""Didn't help me""]",[0.0],['The furniture/fixtures/objects in the room'],"[1.0, 1.0, 0.2, 0.8, nan, nan, nan, 'No specific strategy']",[nan],['No specific strategy'],['No'],"['No, I did not apply any mnemonic techniques']",[nan]
A023,1,1.0,1.0,1.0,1.0,1.0,1.0,1.0,0.0,0.0,0.0,0.0,0.0,1.0,1.0,1.0,1.0,1.0,1.0,0.5,0.5,1.0,0.0,1.0,1.0,1.0,1.0,1.0,0.0,0.0,1.0,1.0,0.0,0.25,1.0,1.0,0.0,0.5,0.0,0.5,0.0,0.0,0.0,0.5,0.0,0.5,0.0,1.0,1.0,1.0,1.0,1.0,1.0,1.0,1.0,1.0,1.0,1.0,0.0,1.0,1.0,1.0,1.0,0.0,0.5,1.0,1.0,0.5,0.0,0.5,0.5,1.0,0.5,1.0,1.0,1.0,1.0,1.0,1.0,1.0,0.0,1.0,1.0,1.0,1.0,1.0,1.0,1.0,1.0,1.0,0.5,1.0,1.0,1.0,1.0,1.0,1.0,1.0,0.0,0.0,0.0,1.0,0.0,0.5,0.5,1.0,1.0,0.8,0.8,0.8,1.0,1.0,0.0,0.2,0.2,0.2,0.4,0.2,0.8,1.0,1.0,1.0,0.8,0.8,1.0,0.8,1.0,1.0,1.0,1.0,1.0,0.8,0.4,0.2,0.2,0.2,0.2,0.8,0.4,0.2,0.2,0.2,0.2,0.8,0.4,0.2,0.2,0.2,0.2,0.6,0.6,0.6,0.6,0.6,1.0,1.0,1.0,1.0,1.0,1.0,1.0,1.0,1.0,0.8,1.0,1.0,1.0,0.6,1.0,1.0,1.0,1.0,0.2,0.6,0.4,0.6,0.4,0.6,0.8,1.0,0.8,1.0,1.0,1.0,1.0,1.0,1.0,0.8,1.0,1.0,1.0,1.0,1.0,1.0,1.0,0.6,1.0,1.0,1.0,1.0,0.8,1.0,1.0,0.2,0.4,0.4,0.4,0.4,0.4,0.8,0.6,76.0,37.0,282.0,45.0,78.0,71.0,1.0,28.0,22.0,25.0,39.0,31.0,15.0,20.0,19.0,1.0,,,3.0,2.0,,,5.0,8.0,6.0,,,7.0,,4.0,1.0,3.0,2.0,8.0,11.0,10.0,6.0,9.0,,4.0,12.0,7.0,,,5.0,1.0,6.0,3.0,4.0,5.0,,,2.0,,,7.0,8.0,11.0,9.0,10.0,1.0,2.0,3.0,4.0,7.0,8.0,9.0,5.0,11.0,,13.0,14.0,12.0,6.0,10.0,1.0,2.0,3.0,,4.0,5.0,6.0,7.0,14.0,8.0,99.0,11.0,10.0,12.0,13.0,1.0,6.0,,,5.0,,,,,,2.0,,4.0,,3.0,1.0,3.0,2.0,15.0,4.0,6.0,5.0,7.0,8.0,9.0,10.0,11.0,12.0,13.0,14.0,1.0,3.0,2.0,15.0,4.0,5.0,6.0,7.0,9.0,10.0,8.0,11.0,12.0,13.0,14.0,1.0,41.0,256.0,257.0,68.0,258.0,81.0,0.13,6.0,0.31,-0.5,-0.5,[1.0],['1 cup of coffee'],[0.0],[nan],"['No', nan]","[nan, nan]",[0.0],[nan],"['No', nan]","[nan, nan]",[nan],"['The furniture/fixtures/objects in the room, The location of furniture/fixtures/objects, The items you picked up, Where you picked up and put down items, The order you completed items and tasks']","[1.0, 1.0, 1.0, 0.8, nan, nan, nan, 'Associating items with personal experiences, Other (please specify)']",['remembering the descriptions I gave'],['Other (please specify)'],['Yes'],"['Yes, visual imagery']",[nan]
A023,2,1.0,1.0,1.0,1.0,0.0,1.0,0.0,0.0,0.0,0.0,0.0,0.0,0.0,1.0,0.0,1.0,1.0,1.0,1.0,1.0,0.0,0.0,0.0,0.0,0.5,1.0,0.0,0.5,0.5,0.0,1.0,0.5,0.5,1.0,1.0,1.0,0.5,0.0,0.5,1.0,1.0,1.0,0.5,0.5,0.0,0.0,0.0,0.0,1.0,1.0,1.0,1.0,1.0,1.0,1.0,1.0,1.0,1.0,1.0,1.0,0.5,1.0,0.0,0.5,0.5,0.0,0.0,0.5,0.0,0.0,0.5,0.0,0.5,0.0,0.5,1.0,0.0,1.0,0.0,1.0,0.5,1.0,1.0,1.0,1.0,1.0,1.0,0.5,1.0,1.0,1.0,1.0,1.0,1.0,0.0,0.5,0.5,0.0,1.0,0.5,0.0,0.0,0.5,0.0,0.0,1.0,0.8,1.0,1.0,1.0,0.8,1.0,0.2,0.2,0.6,0.4,0.2,0.2,0.8,0.8,0.8,1.0,1.0,0.8,1.0,0.8,0.8,0.8,0.8,1.0,0.8,0.6,0.2,0.2,0.2,0.8,0.6,0.6,0.2,0.2,0.2,0.6,0.2,0.2,0.2,0.2,0.2,0.2,0.6,0.6,0.6,0.6,0.6,1.0,1.0,1.0,1.0,1.0,1.0,1.0,1.0,1.0,1.0,0.8,1.0,1.0,1.0,0.6,0.6,0.6,0.6,0.6,0.4,0.2,0.4,0.2,0.8,0.6,0.8,0.6,1.0,0.6,0.8,0.6,1.0,1.0,1.0,1.0,1.0,1.0,1.0,1.0,0.8,1.0,1.0,0.6,1.0,1.0,0.8,0.8,0.8,0.6,0.8,1.0,0.8,0.6,0.6,0.6,0.8,0.6,76.0,37.0,282.0,45.0,78.0,71.0,1.0,28.0,22.0,25.0,39.0,31.0,15.0,20.0,19.0,1.0,,,3.0,2.0,,,5.0,8.0,6.0,,,7.0,,4.0,1.0,3.0,2.0,8.0,11.0,10.0,6.0,9.0,,4.0,12.0,7.0,,,5.0,1.0,6.0,3.0,4.0,5.0,,,2.0,,,7.0,8.0,11.0,9.0,10.0,1.0,2.0,3.0,4.0,7.0,8.0,9.0,5.0,11.0,,13.0,14.0,12.0,6.0,10.0,1.0,2.0,3.0,,4.0,5.0,6.0,7.0,14.0,8.0,99.0,11.0,10.0,12.0,13.0,1.0,6.0,,,5.0,,,,,,2.0,,4.0,,3.0,1.0,3.0,2.0,15.0,4.0,6.0,5.0,7.0,8.0,9.0,10.0,11.0,12.0,13.0,14.0,1.0,3.0,2.0,15.0,4.0,5.0,6.0,7.0,9.0,10.0,8.0,11.0,12.0,13.0,14.0,25.63,32.0,188.0,338.0,90.0,236.0,155.0,0.12,7.0,0.4,-0.5,-0.5,[1.0],['1 cup of iced coffee'],[0.0],[nan],"['No', 'Yes']","[nan, 'recalled what I was thinking when I interacted with the objects']",[0.0],[-0.5],"['No', 'Yes']","[nan, 'recalled what I was thinking when I interacted with the objects']",[0.75],"['The furniture/fixtures/objects in the room, The location of furniture/fixtures/objects, The items you picked up, Where you picked up and put down items']","[1.0, 1.0, 1.0, 1.0, nan, nan, nan, 'Creating a mental story or narrative, Other (please specify)']",[nan],['Visualising the room layout'],['Yes'],"['No, I did not apply any mnemonic techniques']",[nan]
A023,3,1.0,1.0,1.0,1.0,1.0,1.0,1.0,1.0,0.0,1.0,0.0,0.0,0.0,1.0,1.0,1.0,1.0,1.0,1.0,1.0,0.0,0.0,1.0,1.0,1.0,0.5,0.5,1.0,0.0,1.0,0.0,1.0,0.5,0.25,0.0,1.0,0.25,0.5,1.0,0.5,0.0,1.0,1.0,0.5,0.0,0.5,0.0,0.0,1.0,1.0,1.0,1.0,1.0,1.0,1.0,1.0,1.0,1.0,1.0,1.0,0.5,0.0,0.5,1.0,0.25,0.5,0.25,0.5,0.0,0.5,0.5,0.0,1.0,0.0,0.0,1.0,0.0,1.0,0.5,1.0,1.0,1.0,1.0,1.0,1.0,1.0,1.0,1.0,1.0,1.0,1.0,1.0,0.5,0.0,0.0,0.5,0.25,1.0,0.0,1.0,0.0,0.5,0.5,0.0,0.5,0.8,1.0,0.8,0.8,1.0,1.0,1.0,0.8,0.2,0.6,0.6,0.2,0.6,1.0,0.8,0.6,0.8,0.8,1.0,1.0,0.6,0.8,1.0,1.0,1.0,0.8,0.8,0.6,0.6,0.2,0.2,0.6,1.0,0.6,0.6,0.2,0.2,0.6,0.6,0.6,0.6,0.2,0.2,0.4,0.4,0.6,0.6,0.6,1.0,1.0,1.0,1.0,1.0,1.0,1.0,0.8,0.6,1.0,1.0,1.0,0.6,0.8,0.6,0.8,0.6,0.4,0.6,0.4,0.4,0.4,1.0,0.4,0.4,0.4,0.6,1.0,0.4,1.0,0.4,1.0,1.0,1.0,1.0,1.0,1.0,1.0,1.0,0.6,0.6,1.0,1.0,1.0,0.6,0.4,0.6,0.6,0.8,0.6,0.6,0.6,0.4,0.6,0.8,0.6,0.4,76.0,37.0,282.0,45.0,78.0,71.0,1.0,28.0,22.0,25.0,39.0,31.0,15.0,20.0,19.0,1.0,,,3.0,2.0,,,5.0,8.0,6.0,,,7.0,,4.0,1.0,3.0,2.0,8.0,11.0,10.0,6.0,9.0,,4.0,12.0,7.0,,,5.0,1.0,6.0,3.0,4.0,5.0,,,2.0,,,7.0,8.0,11.0,9.0,10.0,1.0,2.0,3.0,4.0,7.0,8.0,9.0,5.0,11.0,,13.0,14.0,12.0,6.0,10.0,1.0,2.0,3.0,,4.0,5.0,6.0,7.0,14.0,8.0,99.0,11.0,10.0,12.0,13.0,1.0,6.0,,,5.0,,,,,,2.0,,4.0,,3.0,1.0,3.0,2.0,15.0,4.0,6.0,5.0,7.0,8.0,9.0,10.0,11.0,12.0,13.0,14.0,1.0,3.0,2.0,15.0,4.0,5.0,6.0,7.0,9.0,10.0,8.0,11.0,12.0,13.0,14.0,72.2,34.0,165.0,243.0,59.0,274.0,100.0,0.04,8.0,0.42,0.5,0.0,[1.0],['1 cup of coffee'],[0.0],[nan],"['No', 'Yes']","[nan, 'I knew what questions to expect so could guide my memory accordingly']",[0.0],[0.0],"['No', 'Yes']","[nan, 'I knew what questions to expect so could guide my memory accordingly']",[0.5],"['The furniture/fixtures/objects in the room, The location of furniture/fixtures/objects, The items you picked up, Where you picked up and put down items']","[1.0, 1.0, 0.8, 0.8, nan, nan, nan, 'Other (please specify)']",['what i thought about the item when I interacted with it'],['Other (please specify)'],['Yes'],"['No, I did not apply any mnemonic techniques']",[nan]
A023,4,1.0,1.0,1.0,0.0,1.0,1.0,1.0,1.0,0.0,1.0,1.0,0.0,0.0,1.0,1.0,1.0,1.0,1.0,1.0,1.0,0.0,0.5,1.0,1.0,1.0,1.0,0.25,1.0,0.5,0.0,0.0,0.25,1.0,1.0,0.0,0.5,0.0,0.5,0.0,0.5,0.5,1.0,0.0,0.0,0.0,0.0,0.5,0.0,1.0,1.0,1.0,1.0,1.0,1.0,1.0,1.0,1.0,1.0,0.5,0.25,0.25,0.25,1.0,1.0,0.0,0.0,0.5,0.5,0.0,0.5,0.5,0.5,0.0,0.0,0.5,1.0,0.0,0.0,1.0,1.0,1.0,1.0,1.0,1.0,1.0,0.0,1.0,1.0,0.5,1.0,0.0,0.0,0.25,1.0,1.0,1.0,0.25,1.0,1.0,0.5,0.0,0.5,0.5,1.0,0.0,1.0,1.0,1.0,0.4,1.0,1.0,0.6,1.0,0.6,1.0,0.4,0.2,0.2,1.0,0.6,0.6,1.0,1.0,1.0,1.0,1.0,0.8,1.0,0.6,1.0,1.0,0.6,1.0,0.4,0.2,0.2,0.6,0.6,1.0,0.6,0.2,0.2,0.6,0.4,0.6,0.2,0.2,0.2,0.4,0.6,0.4,0.4,0.4,1.0,1.0,1.0,1.0,1.0,1.0,1.0,1.0,0.8,1.0,0.6,0.8,0.6,0.4,1.0,1.0,0.4,0.8,0.4,0.6,0.6,1.0,0.4,0.4,0.2,0.6,0.8,1.0,0.6,1.0,0.8,1.0,1.0,1.0,1.0,1.0,1.0,0.8,1.0,1.0,0.8,1.0,0.6,0.4,1.0,0.6,0.6,1.0,0.6,0.4,0.4,0.6,0.4,0.8,0.2,0.4,0.2,76.0,37.0,282.0,45.0,78.0,71.0,1.0,28.0,22.0,25.0,39.0,31.0,15.0,20.0,19.0,1.0,,,3.0,2.0,,,5.0,8.0,6.0,,,7.0,,4.0,1.0,3.0,2.0,8.0,11.0,10.0,6.0,9.0,,4.0,12.0,7.0,,,5.0,1.0,6.0,3.0,4.0,5.0,,,2.0,,,7.0,8.0,11.0,9.0,10.0,1.0,2.0,3.0,4.0,7.0,8.0,9.0,5.0,11.0,,13.0,14.0,12.0,6.0,10.0,1.0,2.0,3.0,,4.0,5.0,6.0,7.0,14.0,8.0,99.0,11.0,10.0,12.0,13.0,1.0,6.0,,,5.0,,,,,,2.0,,4.0,,3.0,1.0,3.0,2.0,15.0,4.0,6.0,5.0,7.0,8.0,9.0,10.0,11.0,12.0,13.0,14.0,1.0,3.0,2.0,15.0,4.0,5.0,6.0,7.0,9.0,10.0,8.0,11.0,12.0,13.0,14.0,145.07,27.0,184.0,288.0,66.0,219.0,125.0,0.09,8.0,0.4,-1.0,-0.5,[1.0],['1 cup of coffee'],[0.0],[nan],"['No', 'Yes']","[nan, 'I remembered what cues to recall from my memory']",[-0.5],[-0.5],"['No', 'Yes']","[nan, 'I remembered what cues to recall from my memory']",[0.25],"['The furniture/fixtures/objects in the room, The location of furniture/fixtures/objects, The items you picked up, Where you picked up and put down items']","[1.0, 1.0, 1.0, 1.0, nan, nan, nan, 'Other (please specify)']",['what i thought about the item when I interacted with it'],['Other (please specify)'],['Yes'],"['No, I did not apply any mnemonic techniques']",[nan]
A024,1,1.0,1.0,1.0,1.0,1.0,1.0,0.0,1.0,1.0,1.0,0.0,0.0,0.0,1.0,0.0,1.0,1.0,1.0,1.0,1.0,0.0,1.0,1.0,1.0,1.0,1.0,1.0,1.0,0.0,1.0,1.0,1.0,0.0,0.5,1.0,0.0,1.0,0.0,0.5,1.0,1.0,1.0,0.5,0.0,0.0,0.0,0.0,0.0,1.0,1.0,0.0,1.0,1.0,1.0,1.0,1.0,0.0,1.0,1.0,0.5,1.0,0.0,0.5,0.5,0.5,1.0,0.0,1.0,0.0,0.5,1.0,0.0,0.0,0.0,1.0,0.0,1.0,1.0,1.0,0.0,1.0,1.0,1.0,1.0,1.0,1.0,1.0,1.0,1.0,1.0,1.0,0.5,1.0,0.0,0.0,0.25,0.5,1.0,0.0,0.5,0.0,1.0,1.0,0.5,1.0,0.8,1.0,1.0,0.8,1.0,1.0,0.4,1.0,1.0,1.0,0.2,0.2,0.2,1.0,1.0,0.8,1.0,1.0,1.0,1.0,0.6,1.0,0.6,1.0,1.0,0.8,1.0,1.0,0.2,0.2,0.2,0.4,1.0,0.6,0.2,0.2,0.2,0.2,0.4,0.4,0.2,0.2,0.2,0.8,0.6,0.6,0.6,0.8,1.0,1.0,0.2,1.0,1.0,0.6,0.4,1.0,0.2,1.0,1.0,0.6,0.4,0.4,0.2,0.6,0.4,0.4,0.4,0.4,0.2,0.4,1.0,0.4,0.4,0.6,1.0,0.6,0.8,1.0,1.0,1.0,1.0,1.0,1.0,1.0,1.0,0.8,1.0,1.0,1.0,1.0,1.0,0.4,0.8,0.6,0.6,0.6,0.8,0.4,0.4,0.4,0.4,0.4,1.0,0.4,0.4,124.0,25.0,278.0,139.0,49.0,49.0,45.0,19.0,33.0,41.0,52.0,40.0,24.0,46.0,68.0,1.0,2.0,,,,3.0,,,,4.0,,,,,5.0,1.0,2.0,3.0,7.0,,6.0,9.0,,,8.0,,,,4.0,5.0,1.0,2.0,3.0,4.0,7.0,8.0,5.0,,,9.0,,6.0,,10.0,11.0,1.0,2.0,3.0,4.0,5.0,7.0,8.0,11.0,,6.0,,9.0,,12.0,10.0,1.0,2.0,3.0,4.0,5.0,6.0,8.0,15.0,12.0,9.0,14.0,10.0,11.0,7.0,13.0,1.0,3.0,,,,2.0,,,,5.0,,,,,4.0,1.0,2.0,4.0,3.0,5.0,6.0,9.0,8.0,14.0,7.0,10.0,11.0,,13.0,12.0,1.0,2.0,3.0,4.0,5.0,6.0,12.0,8.0,9.0,7.0,,10.0,11.0,14.0,13.0,1.0,55.0,457.0,698.0,116.0,404.0,86.0,0.26,7.0,0.35,0.0,1.0,[0.0],[nan],[0.0],[nan],"['No', nan]","[nan, nan]",[0.5],[nan],"['No', nan]","[nan, nan]",[nan],"['The furniture/fixtures/objects in the room, The location of furniture/fixtures/objects, The items you picked up']","[1.0, 1.0, 0.8, 1.0, nan, nan, nan, 'Visualising the room layout, Creating a mental story or narrative']",[nan],"['Visualising the room layout, Associating items with personal experiences']",['No'],"['No, I did not apply any mnemonic techniques, Unsure']","[""I would like to share that, sometimes less irrelevant objects for a specific room, can be difficult to remember. If it s objective, then it's good. Otherwise, it becomes hard to recall if we found the pan in bedroom or in the kitchen. A large object which is not supposed to be there, is easier to remember on the other hand like the gas can in bedroom. Maybe there are some specific reasons behind it, but it was just me thinking out loud.""]"
A024,2,1.0,1.0,1.0,1.0,1.0,0.0,1.0,0.0,1.0,1.0,0.0,1.0,0.0,1.0,1.0,1.0,1.0,1.0,1.0,0.5,1.0,0.5,1.0,0.0,1.0,0.0,1.0,0.5,1.0,0.5,1.0,0.0,0.0,0.25,1.0,0.0,0.0,0.0,0.5,1.0,0.0,0.0,0.0,0.0,0.5,1.0,0.0,1.0,1.0,1.0,1.0,1.0,1.0,1.0,1.0,1.0,1.0,1.0,1.0,1.0,1.0,1.0,0.0,1.0,0.5,0.0,0.0,0.0,0.0,0.0,0.0,0.0,1.0,0.0,0.0,1.0,0.0,0.0,0.0,1.0,1.0,1.0,1.0,1.0,1.0,1.0,1.0,1.0,1.0,1.0,0.5,1.0,1.0,0.5,0.0,0.5,1.0,0.0,0.0,0.0,0.0,0.0,0.0,0.0,1.0,0.6,0.4,0.8,0.6,1.0,0.4,0.4,0.2,1.0,1.0,0.2,0.8,0.2,1.0,0.6,1.0,0.6,1.0,0.4,1.0,0.4,0.8,0.4,0.4,1.0,0.2,1.0,0.6,0.2,1.0,0.2,0.2,0.6,0.4,0.4,0.2,0.2,0.2,0.8,0.4,0.2,0.2,0.2,0.8,0.6,0.6,0.6,0.6,1.0,1.0,1.0,1.0,1.0,1.0,1.0,1.0,1.0,1.0,1.0,1.0,1.0,0.4,0.4,0.4,0.4,0.4,0.4,0.4,0.4,0.4,0.4,0.4,0.4,0.4,0.6,1.0,1.0,1.0,0.4,1.0,1.0,0.8,1.0,1.0,1.0,1.0,1.0,1.0,1.0,1.0,0.4,1.0,1.0,0.4,0.4,0.4,0.4,0.2,0.4,0.4,0.4,0.4,0.2,0.2,0.2,124.0,25.0,278.0,139.0,49.0,49.0,45.0,19.0,33.0,41.0,52.0,40.0,24.0,46.0,68.0,1.0,2.0,,,,3.0,,,,4.0,,,,,5.0,1.0,2.0,3.0,7.0,,6.0,9.0,,,8.0,,,,4.0,5.0,1.0,2.0,3.0,4.0,7.0,8.0,5.0,,,9.0,,6.0,,10.0,11.0,1.0,2.0,3.0,4.0,5.0,7.0,8.0,11.0,,6.0,,9.0,,12.0,10.0,1.0,2.0,3.0,4.0,5.0,6.0,8.0,15.0,12.0,9.0,14.0,10.0,11.0,7.0,13.0,1.0,3.0,,,,2.0,,,,5.0,,,,,4.0,1.0,2.0,4.0,3.0,5.0,6.0,9.0,8.0,14.0,7.0,10.0,11.0,,13.0,12.0,1.0,2.0,3.0,4.0,5.0,6.0,12.0,8.0,9.0,7.0,,10.0,11.0,14.0,13.0,29.57,67.0,442.33,892.0,87.0,221.0,104.0,0.49,7.0,0.35,0.0,0.5,[0.0],[nan],[0.0],[nan],"['No', 'Unsure']","[nan, nan]",[-0.5],[-0.5],"['No', 'Unsure']","[nan, nan]",[0.25],"['The furniture/fixtures/objects in the room, The location of furniture/fixtures/objects, The items you picked up']","[1.0, 1.0, 0.6, 0.6, nan, nan, nan, 'Visualising the room layout, Creating a mental story or narrative']",[nan],['Visualising the room layout'],['No'],"['No, I did not apply any mnemonic techniques']",[nan]
A024,3,1.0,1.0,1.0,1.0,1.0,1.0,1.0,1.0,1.0,0.0,1.0,0.0,1.0,1.0,1.0,1.0,1.0,1.0,1.0,1.0,0.0,1.0,0.0,0.0,1.0,1.0,0.0,1.0,1.0,0.0,1.0,0.25,1.0,0.5,0.5,1.0,0.5,0.0,0.0,0.0,0.5,0.5,0.0,0.5,0.5,0.5,0.0,0.5,1.0,1.0,1.0,1.0,1.0,0.0,1.0,1.0,0.0,1.0,1.0,0.5,0.0,0.5,0.0,1.0,0.0,0.0,0.5,0.0,0.5,0.5,0.0,0.0,0.0,0.0,1.0,1.0,0.0,1.0,1.0,0.0,1.0,1.0,1.0,1.0,1.0,1.0,1.0,1.0,0.0,1.0,1.0,0.0,0.0,0.5,0.5,1.0,1.0,1.0,0.5,0.0,0.0,0.0,0.0,1.0,0.5,1.0,0.8,0.6,1.0,1.0,0.6,0.6,1.0,0.6,0.4,1.0,1.0,0.4,1.0,1.0,1.0,1.0,1.0,0.6,1.0,0.4,1.0,0.6,0.4,1.0,1.0,1.0,0.6,0.6,0.4,0.4,0.4,0.4,0.4,0.6,0.2,0.4,0.2,0.4,0.2,0.2,0.2,0.4,0.8,0.6,0.8,0.6,0.8,1.0,0.8,1.0,1.0,1.0,1.0,1.0,0.6,0.8,1.0,1.0,0.2,0.4,0.4,0.4,1.0,0.4,0.8,1.0,0.4,0.4,0.4,0.2,0.4,0.4,0.4,0.8,0.4,0.6,0.6,0.4,1.0,1.0,1.0,1.0,1.0,1.0,1.0,1.0,0.8,0.6,1.0,1.0,0.4,0.8,0.4,0.2,1.0,0.8,0.4,0.4,0.4,0.2,0.2,0.2,0.2,0.2,124.0,25.0,278.0,139.0,49.0,49.0,45.0,19.0,33.0,41.0,52.0,40.0,24.0,46.0,68.0,1.0,2.0,,,,3.0,,,,4.0,,,,,5.0,1.0,2.0,3.0,7.0,,6.0,9.0,,,8.0,,,,4.0,5.0,1.0,2.0,3.0,4.0,7.0,8.0,5.0,,,9.0,,6.0,,10.0,11.0,1.0,2.0,3.0,4.0,5.0,7.0,8.0,11.0,,6.0,,9.0,,12.0,10.0,1.0,2.0,3.0,4.0,5.0,6.0,8.0,15.0,12.0,9.0,14.0,10.0,11.0,7.0,13.0,1.0,3.0,,,,2.0,,,,5.0,,,,,4.0,1.0,2.0,4.0,3.0,5.0,6.0,9.0,8.0,14.0,7.0,10.0,11.0,,13.0,12.0,1.0,2.0,3.0,4.0,5.0,6.0,12.0,8.0,9.0,7.0,,10.0,11.0,14.0,13.0,91.47,27.0,520.0,1086.0,252.0,301.0,99.0,0.09,8.0,0.33,0.5,1.0,[0.0],[nan],[0.0],[nan],"['No', 'Unsure']","[nan, nan]",[-0.5],[-0.5],"['No', 'Unsure']","[nan, nan]",[0.5],"['The location of furniture/fixtures/objects, The items you picked up']","[1.0, 1.0, 1.0, 1.0, nan, nan, nan, 'Visualising the room layout']",[nan],"['Visualising the room layout, Associating items with personal experiences']",['No'],"['No, I did not apply any mnemonic techniques']",[nan]
A024,4,1.0,1.0,1.0,1.0,1.0,1.0,0.0,1.0,0.0,1.0,1.0,0.0,0.0,1.0,0.0,0.0,1.0,1.0,1.0,1.0,0.0,0.5,1.0,0.0,1.0,0.0,1.0,0.0,0.0,1.0,0.5,0.0,0.0,0.25,0.5,0.0,1.0,1.0,1.0,0.5,1.0,1.0,0.5,0.5,0.5,0.5,0.5,0.0,1.0,1.0,0.0,1.0,1.0,1.0,0.0,0.0,1.0,0.0,0.0,0.0,0.0,0.0,1.0,0.25,0.5,0.25,0.5,0.0,0.0,0.0,0.5,1.0,0.0,0.0,0.5,1.0,0.5,1.0,1.0,1.0,1.0,1.0,0.0,1.0,1.0,1.0,1.0,0.0,1.0,0.0,0.0,0.0,0.25,0.0,1.0,0.25,0.5,0.25,0.0,0.5,0.0,0.0,0.0,0.0,0.0,1.0,1.0,0.4,1.0,1.0,0.8,0.4,0.8,0.2,1.0,1.0,0.2,0.4,1.0,0.8,1.0,1.0,1.0,0.4,1.0,1.0,1.0,0.8,0.4,1.0,0.6,0.2,0.8,0.6,0.2,0.4,0.8,0.2,1.0,0.6,0.2,0.6,0.2,0.2,0.4,0.2,0.2,0.4,0.6,0.4,0.4,0.4,0.8,1.0,1.0,0.6,1.0,1.0,0.4,0.4,0.4,0.4,0.8,0.6,0.2,0.4,1.0,0.4,1.0,0.6,0.2,0.2,0.4,0.2,0.4,0.4,0.2,0.2,0.8,0.8,0.8,0.8,1.0,0.6,1.0,1.0,1.0,1.0,0.8,1.0,0.8,1.0,0.4,0.4,0.6,0.4,0.2,0.2,1.0,0.2,1.0,0.2,0.2,0.2,0.4,0.2,0.4,0.2,0.2,0.2,124.0,25.0,278.0,139.0,49.0,49.0,45.0,19.0,33.0,41.0,52.0,40.0,24.0,46.0,68.0,1.0,2.0,,,,3.0,,,,4.0,,,,,5.0,1.0,2.0,3.0,7.0,,6.0,9.0,,,8.0,,,,4.0,5.0,1.0,2.0,3.0,4.0,7.0,8.0,5.0,,,9.0,,6.0,,10.0,11.0,1.0,2.0,3.0,4.0,5.0,7.0,8.0,11.0,,6.0,,9.0,,12.0,10.0,1.0,2.0,3.0,4.0,5.0,6.0,8.0,15.0,12.0,9.0,14.0,10.0,11.0,7.0,13.0,1.0,3.0,,,,2.0,,,,5.0,,,,,4.0,1.0,2.0,4.0,3.0,5.0,6.0,9.0,8.0,14.0,7.0,10.0,11.0,,13.0,12.0,1.0,2.0,3.0,4.0,5.0,6.0,12.0,8.0,9.0,7.0,,10.0,11.0,14.0,13.0,145.65,90.0,350.0,892.0,113.0,426.0,146.0,0.31,8.0,0.38,0.0,0.0,[0.0],[nan],[0.0],[nan],"['No', 'No']","[nan, nan]",[-1.0],[-1.0],"['No', 'No']","[nan, nan]",[0.5],"['The furniture/fixtures/objects in the room, The location of furniture/fixtures/objects']","[1.0, 1.0, 1.0, 1.0, nan, nan, nan, 'No specific strategy, Visualising the room layout']",[nan],"['No specific strategy, Visualising the room layout']",['No'],"['No, I did not apply any mnemonic techniques']",[nan]
A025,1,1.0,1.0,1.0,1.0,1.0,1.0,0.0,1.0,1.0,1.0,0.0,0.0,1.0,1.0,1.0,0.0,1.0,0.5,1.0,0.5,0.0,1.0,1.0,0.0,1.0,1.0,1.0,1.0,1.0,0.25,1.0,1.0,0.0,1.0,0.0,0.0,0.5,1.0,1.0,1.0,1.0,1.0,1.0,0.0,1.0,0.5,0.0,1.0,1.0,1.0,1.0,1.0,1.0,1.0,1.0,1.0,1.0,1.0,0.25,1.0,1.0,1.0,0.0,0.0,1.0,0.0,0.5,1.0,1.0,0.5,0.5,1.0,1.0,0.5,1.0,1.0,1.0,1.0,1.0,1.0,1.0,1.0,1.0,1.0,1.0,1.0,1.0,1.0,1.0,1.0,0.25,1.0,1.0,1.0,1.0,1.0,1.0,0.0,0.0,1.0,1.0,0.5,0.5,0.0,1.0,1.0,0.6,0.6,0.6,0.8,1.0,0.6,1.0,0.4,1.0,0.2,1.0,0.2,0.8,0.6,0.4,1.0,0.6,1.0,1.0,0.8,0.6,1.0,0.6,1.0,1.0,1.0,1.0,0.4,1.0,1.0,1.0,0.6,0.2,1.0,0.2,0.2,0.2,0.2,0.2,0.2,0.4,0.2,0.6,0.4,0.4,0.4,0.2,1.0,1.0,1.0,1.0,1.0,1.0,1.0,1.0,1.0,1.0,0.8,1.0,1.0,1.0,0.4,0.2,0.6,0.4,0.4,1.0,0.4,0.6,0.6,0.6,0.6,0.8,0.6,0.8,0.6,1.0,1.0,1.0,1.0,1.0,1.0,1.0,1.0,1.0,1.0,1.0,1.0,1.0,1.0,1.0,1.0,1.0,0.6,0.6,0.2,0.4,0.6,0.8,0.6,0.8,0.6,0.2,0.8,96.0,42.0,222.0,35.0,39.0,55.0,62.0,19.0,17.0,34.0,24.0,35.0,14.0,35.0,25.0,1.0,2.0,,7.0,4.0,,,,,,,3.0,,6.0,5.0,8.0,9.0,1.0,10.0,7.0,2.0,3.0,4.0,,6.0,,5.0,,,,7.0,8.0,6.0,10.0,9.0,11.0,,,1.0,12.0,3.0,4.0,2.0,,5.0,12.0,13.0,14.0,11.0,10.0,9.0,5.0,6.0,4.0,8.0,,3.0,7.0,1.0,2.0,11.0,10.0,12.0,13.0,7.0,8.0,6.0,,5.0,9.0,14.0,3.0,4.0,1.0,2.0,4.0,6.0,8.0,,,7.0,,,,,,5.0,3.0,1.0,2.0,11.0,10.0,8.0,9.0,5.0,6.0,4.0,,1.0,7.0,2.0,,3.0,,,4.0,5.0,6.0,7.0,3.0,2.0,9.0,,12.0,1.0,11.0,10.0,8.0,,,1.0,28.0,244.0,264.0,48.0,200.0,75.0,0.33,5.0,0.29,-0.5,-0.5,[0.0],[nan],[0.0],[nan],"['No', nan]","[nan, nan]",[-0.5],[nan],"['No', nan]","[nan, nan]",[nan],"['The furniture/fixtures/objects in the room, The location of furniture/fixtures/objects, The items you picked up']","[1.0, 1.0, 1.0, 1.0, nan, nan, nan, 'Visualising the room layout']",[nan],['Visualising the room layout'],['Unsure'],"['No, I did not apply any mnemonic techniques']",[nan]
A025,2,1.0,1.0,1.0,1.0,1.0,1.0,1.0,1.0,1.0,1.0,1.0,1.0,1.0,1.0,1.0,1.0,1.0,1.0,1.0,1.0,1.0,0.0,1.0,1.0,1.0,1.0,1.0,1.0,1.0,1.0,0.5,0.5,1.0,1.0,0.0,0.5,0.25,0.5,1.0,0.0,0.0,0.0,1.0,1.0,0.5,0.5,0.5,0.0,1.0,1.0,1.0,1.0,1.0,1.0,1.0,1.0,1.0,1.0,1.0,1.0,1.0,0.5,1.0,1.0,0.0,1.0,1.0,0.5,0.5,1.0,0.5,0.0,0.5,0.5,0.0,0.0,1.0,1.0,1.0,1.0,1.0,1.0,1.0,1.0,1.0,1.0,1.0,1.0,1.0,1.0,1.0,1.0,0.5,0.5,1.0,1.0,0.0,0.0,1.0,0.5,0.5,0.5,0.5,0.5,0.5,1.0,0.6,0.6,1.0,1.0,0.6,0.6,1.0,0.2,1.0,0.6,0.6,0.4,0.8,0.6,0.6,1.0,1.0,1.0,1.0,0.6,0.6,1.0,1.0,1.0,1.0,0.6,1.0,0.4,1.0,0.2,0.4,0.2,0.8,0.4,0.6,0.8,0.2,0.2,0.2,0.2,0.2,0.2,0.6,0.6,0.6,0.6,0.6,1.0,1.0,1.0,1.0,1.0,1.0,1.0,1.0,1.0,1.0,0.8,1.0,0.6,0.2,0.2,1.0,0.4,0.6,1.0,0.4,0.2,0.6,0.2,0.4,0.4,0.6,0.4,0.6,0.6,0.6,1.0,0.8,1.0,1.0,1.0,0.8,1.0,0.8,0.8,1.0,1.0,1.0,0.6,1.0,0.4,0.2,0.4,1.0,0.4,0.4,1.0,0.2,0.2,0.4,0.2,0.2,0.2,96.0,42.0,222.0,35.0,39.0,55.0,62.0,19.0,17.0,34.0,24.0,35.0,14.0,35.0,25.0,1.0,2.0,,7.0,4.0,,,,,,,3.0,,6.0,5.0,8.0,9.0,1.0,10.0,7.0,2.0,3.0,4.0,,6.0,,5.0,,,,7.0,8.0,6.0,10.0,9.0,11.0,,,1.0,12.0,3.0,4.0,2.0,,5.0,12.0,13.0,14.0,11.0,10.0,9.0,5.0,6.0,4.0,8.0,,3.0,7.0,1.0,2.0,11.0,10.0,12.0,13.0,7.0,8.0,6.0,,5.0,9.0,14.0,3.0,4.0,1.0,2.0,4.0,6.0,8.0,,,7.0,,,,,,5.0,3.0,1.0,2.0,11.0,10.0,8.0,9.0,5.0,6.0,4.0,,1.0,7.0,2.0,,3.0,,,4.0,5.0,6.0,7.0,3.0,2.0,9.0,,12.0,1.0,11.0,10.0,8.0,,,23.33,31.0,929.0,1034.0,40.0,216.0,89.0,0.26,8.0,0.33,0.0,0.0,[0.0],[nan],[0.0],[nan],"['No', 'No']","[nan, nan]",[-1.0],[-0.5],"['No', 'No']","[nan, nan]",[0.0],"['The furniture/fixtures/objects in the room, The items you picked up']","[1.0, 1.0, 1.0, 1.0, nan, nan, nan, 'Visualising the room layout']",[nan],['Visualising the room layout'],['Unsure'],"['No, I did not apply any mnemonic techniques']",[nan]
A025,3,1.0,1.0,1.0,1.0,1.0,1.0,0.0,0.0,1.0,0.0,1.0,0.0,0.0,1.0,1.0,1.0,1.0,1.0,1.0,1.0,0.0,1.0,1.0,0.0,1.0,0.0,1.0,1.0,1.0,0.0,0.5,0.0,1.0,1.0,1.0,0.0,1.0,1.0,1.0,0.5,0.0,1.0,0.5,0.5,0.0,0.0,0.5,0.0,1.0,0.0,1.0,1.0,1.0,0.0,1.0,0.25,1.0,1.0,1.0,0.25,1.0,0.0,0.5,1.0,1.0,0.0,0.0,0.0,0.5,0.5,0.0,0.0,0.0,0.0,1.0,0.0,0.0,0.0,1.0,1.0,1.0,1.0,1.0,1.0,1.0,0.0,1.0,1.0,1.0,1.0,1.0,1.0,1.0,0.5,0.5,0.5,1.0,0.0,0.0,0.5,0.5,1.0,0.0,1.0,0.0,0.6,0.6,0.4,0.6,0.8,0.6,0.4,0.2,0.6,0.2,0.8,0.2,0.2,0.8,0.8,0.8,1.0,1.0,0.8,1.0,0.6,0.8,0.4,0.2,1.0,1.0,1.0,1.0,0.4,0.2,0.2,0.6,0.2,0.2,0.4,0.2,0.6,0.2,0.2,0.2,0.2,0.2,0.2,0.6,0.6,0.6,0.4,0.4,1.0,0.6,0.6,0.8,1.0,0.4,1.0,0.2,1.0,0.6,1.0,0.4,0.8,0.2,0.4,0.4,0.8,0.4,0.4,0.2,0.2,0.2,0.4,0.2,0.2,0.4,0.6,0.2,0.4,0.4,0.4,0.4,1.0,1.0,1.0,0.8,1.0,0.4,0.6,0.8,1.0,1.0,1.0,0.4,1.0,0.6,0.4,0.4,0.8,0.2,0.6,0.4,0.2,0.2,0.4,0.2,0.4,96.0,42.0,222.0,35.0,39.0,55.0,62.0,19.0,17.0,34.0,24.0,35.0,14.0,35.0,25.0,1.0,2.0,,7.0,4.0,,,,,,,3.0,,6.0,5.0,8.0,9.0,1.0,10.0,7.0,2.0,3.0,4.0,,6.0,,5.0,,,,7.0,8.0,6.0,10.0,9.0,11.0,,,1.0,12.0,3.0,4.0,2.0,,5.0,12.0,13.0,14.0,11.0,10.0,9.0,5.0,6.0,4.0,8.0,,3.0,7.0,1.0,2.0,11.0,10.0,12.0,13.0,7.0,8.0,6.0,,5.0,9.0,14.0,3.0,4.0,1.0,2.0,4.0,6.0,8.0,,,7.0,,,,,,5.0,3.0,1.0,2.0,11.0,10.0,8.0,9.0,5.0,6.0,4.0,,1.0,7.0,2.0,,3.0,,,4.0,5.0,6.0,7.0,3.0,2.0,9.0,,12.0,1.0,11.0,10.0,8.0,,,72.94,24.0,358.0,224.0,55.67,761.0,125.0,0.3,12.0,0.35,0.0,0.0,[0.0],[nan],[0.0],[nan],"['No', 'No']","[nan, nan]",[-0.5],[0.0],"['No', 'No']","[nan, nan]",[0.0],['The items you picked up'],"[1.0, 1.0, 0.6, 1.0, nan, nan, nan, 'Visualising the room layout, Creating a mental story or narrative']",[nan],"['Visualising the room layout, Creating a mental story or narrative']",['Unsure'],"['No, I did not apply any mnemonic techniques']",[nan]
A025,4,0.0,1.0,1.0,0.0,0.0,0.0,0.0,0.0,0.0,0.0,0.0,0.0,0.0,1.0,0.0,0.0,1.0,1.0,1.0,1.0,1.0,0.0,1.0,1.0,0.5,0.0,0.5,1.0,0.0,0.25,0.0,0.0,0.5,0.0,0.5,0.0,0.0,0.5,0.0,0.0,1.0,0.0,0.0,1.0,0.5,1.0,1.0,0.5,1.0,1.0,0.0,1.0,1.0,0.0,0.0,1.0,0.5,1.0,1.0,0.5,0.0,0.0,0.5,0.0,0.25,1.0,0.25,1.0,0.0,0.0,0.0,0.5,0.0,1.0,0.0,0.0,1.0,0.0,0.5,1.0,1.0,1.0,1.0,1.0,1.0,1.0,1.0,1.0,1.0,0.5,1.0,1.0,0.5,0.5,0.0,1.0,0.5,1.0,0.0,1.0,1.0,0.5,1.0,1.0,0.0,0.2,0.4,0.4,0.2,0.2,0.2,0.2,0.2,0.2,0.2,0.2,0.2,0.2,0.4,0.2,0.4,1.0,0.4,0.4,0.2,0.4,0.4,0.2,0.4,0.2,0.2,0.2,0.2,0.2,0.2,0.2,0.2,0.2,0.2,0.2,0.2,0.2,0.2,0.2,0.2,0.2,0.2,0.2,0.2,0.2,0.4,0.4,0.2,0.6,0.6,0.2,0.2,0.4,0.2,0.2,0.6,0.2,0.2,0.4,0.2,0.2,0.2,0.2,0.2,0.2,0.2,0.2,0.2,0.2,0.2,0.2,0.2,0.2,0.4,0.2,0.2,0.2,0.2,0.2,1.0,0.4,1.0,0.6,1.0,0.8,1.0,0.6,0.6,1.0,0.6,0.6,0.4,0.2,0.2,0.2,0.4,0.2,0.6,0.2,0.2,0.2,0.4,0.2,0.2,0.2,96.0,42.0,222.0,35.0,39.0,55.0,62.0,19.0,17.0,34.0,24.0,35.0,14.0,35.0,25.0,1.0,2.0,,7.0,4.0,,,,,,,3.0,,6.0,5.0,8.0,9.0,1.0,10.0,7.0,2.0,3.0,4.0,,6.0,,5.0,,,,7.0,8.0,6.0,10.0,9.0,11.0,,,1.0,12.0,3.0,4.0,2.0,,5.0,12.0,13.0,14.0,11.0,10.0,9.0,5.0,6.0,4.0,8.0,,3.0,7.0,1.0,2.0,11.0,10.0,12.0,13.0,7.0,8.0,6.0,,5.0,9.0,14.0,3.0,4.0,1.0,2.0,4.0,6.0,8.0,,,7.0,,,,,,5.0,3.0,1.0,2.0,11.0,10.0,8.0,9.0,5.0,6.0,4.0,,1.0,7.0,2.0,,3.0,,,4.0,5.0,6.0,7.0,3.0,2.0,9.0,,12.0,1.0,11.0,10.0,8.0,,,137.74,23.0,260.0,65.0,79.0,392.33,88.0,0.02,7.0,0.33,0.0,0.5,[0.0],[nan],[0.0],[nan],"['No', 'No']","[nan, nan]",[-1.0],[-1.0],"['No', 'No']","[nan, nan]",[0.0],['The furniture/fixtures/objects in the room'],"[0.0, 1.0, 0.2, 1.0, 1.0, nan, nan, 'No specific strategy']",[nan],['No specific strategy'],['No'],"['No, I did not apply any mnemonic techniques']","[""I'm sorry I got so many wrong!""]"
A026,1,1.0,1.0,1.0,1.0,1.0,1.0,0.0,0.0,0.0,1.0,1.0,0.0,1.0,1.0,1.0,0.0,1.0,1.0,1.0,1.0,1.0,1.0,1.0,0.0,1.0,0.0,1.0,1.0,0.5,1.0,0.0,1.0,0.5,1.0,0.25,0.25,0.5,0.5,0.5,0.5,1.0,0.0,0.5,0.5,1.0,0.0,0.5,0.0,1.0,1.0,1.0,1.0,1.0,1.0,1.0,1.0,1.0,1.0,0.5,1.0,1.0,1.0,0.0,1.0,0.5,1.0,0.0,0.5,0.5,0.5,1.0,1.0,1.0,1.0,1.0,1.0,1.0,1.0,1.0,1.0,1.0,1.0,1.0,1.0,1.0,1.0,1.0,1.0,1.0,1.0,0.5,1.0,1.0,1.0,0.0,1.0,0.25,1.0,1.0,1.0,0.0,0.5,1.0,0.0,0.0,1.0,0.8,0.6,0.8,1.0,1.0,0.4,0.4,0.2,0.6,1.0,0.4,0.4,1.0,0.6,1.0,0.6,1.0,1.0,1.0,0.6,0.4,1.0,0.2,1.0,1.0,0.8,0.2,0.2,0.2,0.2,0.2,0.6,1.0,1.0,1.0,0.2,1.0,0.4,0.2,0.2,0.2,0.2,0.6,1.0,0.8,0.8,0.6,1.0,0.8,1.0,1.0,1.0,1.0,1.0,0.8,0.8,1.0,0.6,0.2,1.0,0.8,0.8,1.0,0.6,0.2,0.2,0.4,0.2,0.6,1.0,0.2,0.2,1.0,0.6,1.0,0.4,0.8,1.0,1.0,1.0,1.0,1.0,1.0,1.0,1.0,1.0,1.0,1.0,1.0,1.0,0.6,1.0,0.6,0.6,1.0,0.6,1.0,0.8,0.4,0.2,1.0,1.0,0.2,0.2,81.0,29.0,320.0,47.0,42.0,34.0,31.0,17.0,18.0,20.0,30.0,32.0,17.0,23.0,31.0,1.0,,,4.0,2.0,,,,,,3.0,,,,,5.0,3.0,,6.0,1.0,2.0,,,,4.0,7.0,,,,,,7.0,2.0,6.0,3.0,4.0,1.0,,8.0,,5.0,9.0,,,,5.0,,6.0,10.0,3.0,4.0,,11.0,7.0,8.0,,9.0,,1.0,2.0,8.0,,9.0,11.0,6.0,7.0,12.0,14.0,5.0,,10.0,13.0,1.0,2.0,3.0,1.0,,,,,,,,,,,,2.0,3.0,,4.0,,5.0,8.0,2.0,3.0,1.0,6.0,9.0,,,,,,7.0,1.0,,2.0,6.0,3.0,7.0,4.0,5.0,,,,8.0,,,,1.0,58.0,582.0,1197.0,124.0,292.0,132.0,0.34,6.0,0.27,0.0,-0.5,[1.0],['1cup of coffe'],[0.0],[nan],"['No', nan]","[nan, nan]",[-0.5],[nan],"['No', nan]","[nan, nan]",[nan],"['The furniture/fixtures/objects in the room, The location of furniture/fixtures/objects, The items you picked up, Where you picked up and put down items, The order you completed items and tasks']","[1.0, 1.0, 1.0, 0.6, nan, nan, nan, 'Visualising the room layout, Creating a mental story or narrative']",[nan],"['Visualising the room layout, Creating a mental story or narrative']",['No'],"['No, I did not apply any mnemonic techniques']",['Hard to remember the specific order that the interactions with the objects were made.. lots of things come to mind and they start to mix one room wit the other. Really cool experience.']
A026,2,1.0,1.0,1.0,1.0,1.0,0.0,0.0,1.0,1.0,1.0,0.0,1.0,0.0,1.0,1.0,1.0,1.0,1.0,1.0,1.0,1.0,0.5,0.0,0.0,1.0,0.0,0.5,1.0,1.0,1.0,0.0,0.0,1.0,1.0,0.0,0.0,0.0,0.0,0.0,0.0,0.0,0.0,0.0,0.0,1.0,0.0,0.0,0.0,1.0,1.0,0.0,1.0,1.0,1.0,1.0,0.0,0.5,1.0,1.0,1.0,0.5,0.0,1.0,1.0,0.0,0.0,1.0,0.5,0.0,0.0,0.0,0.0,1.0,0.5,0.0,0.0,1.0,1.0,1.0,1.0,1.0,1.0,1.0,1.0,1.0,1.0,1.0,0.0,0.25,1.0,1.0,1.0,0.0,0.0,1.0,1.0,0.0,0.0,0.0,0.0,0.0,0.0,0.0,0.0,0.0,1.0,1.0,1.0,1.0,1.0,0.6,0.6,0.4,1.0,1.0,0.4,1.0,0.4,1.0,0.4,0.4,1.0,1.0,1.0,1.0,0.2,0.6,0.2,0.2,1.0,0.2,0.4,1.0,0.4,1.0,0.2,1.0,1.0,0.2,0.2,0.4,0.2,0.4,0.2,0.2,0.2,0.2,0.2,0.8,1.0,1.0,0.6,0.8,1.0,1.0,1.0,1.0,1.0,1.0,1.0,0.4,0.6,1.0,0.6,1.0,0.2,0.8,1.0,1.0,0.6,0.4,0.2,0.2,0.2,0.2,0.2,0.2,0.2,0.6,0.6,0.6,0.4,0.6,0.4,1.0,1.0,1.0,1.0,0.8,1.0,1.0,1.0,0.4,0.8,1.0,0.8,1.0,0.6,0.8,1.0,0.6,0.6,0.4,0.2,0.2,0.2,0.2,0.4,0.2,0.2,81.0,29.0,320.0,47.0,42.0,34.0,31.0,17.0,18.0,20.0,30.0,32.0,17.0,23.0,31.0,1.0,,,4.0,2.0,,,,,,3.0,,,,,5.0,3.0,,6.0,1.0,2.0,,,,4.0,7.0,,,,,,7.0,2.0,6.0,3.0,4.0,1.0,,8.0,,5.0,9.0,,,,5.0,,6.0,10.0,3.0,4.0,,11.0,7.0,8.0,,9.0,,1.0,2.0,8.0,,9.0,11.0,6.0,7.0,12.0,14.0,5.0,,10.0,13.0,1.0,2.0,3.0,1.0,,,,,,,,,,,,2.0,3.0,,4.0,,5.0,8.0,2.0,3.0,1.0,6.0,9.0,,,,,,7.0,1.0,,2.0,6.0,3.0,7.0,4.0,5.0,,,,8.0,,,,26.48,26.0,438.0,743.0,102.0,260.0,168.0,0.42,7.0,0.29,0.0,0.0,[0.0],[nan],[0.0],[nan],"['No', 'Yes']","[nan, 'some of the objects I discarded from my memory because they have already been used. And knowing the logic sequence made it easier']",[-1.0],[-0.5],"['No', 'Yes']","[nan, 'some of the objects I discarded from my memory because they have already been used. And knowing the logic sequence made it easier']",[0.5],"['The location of furniture/fixtures/objects, The items you picked up, Where you picked up and put down items']","[1.0, 1.0, 1.0, 1.0, nan, nan, nan, 'Visualising the room layout']",[nan],['Visualising the room layout'],['No'],"['No, I did not apply any mnemonic techniques']",['The logic sequence of cues helps a lot']
A026,3,1.0,1.0,1.0,1.0,1.0,1.0,0.0,0.0,1.0,1.0,1.0,0.0,1.0,1.0,1.0,1.0,1.0,0.5,1.0,1.0,0.0,1.0,1.0,0.0,1.0,0.25,1.0,0.5,1.0,1.0,1.0,1.0,1.0,1.0,1.0,0.0,0.0,0.0,0.5,0.5,0.0,0.0,0.0,1.0,1.0,1.0,1.0,1.0,1.0,1.0,1.0,1.0,1.0,1.0,1.0,1.0,1.0,0.5,1.0,1.0,1.0,1.0,0.5,1.0,1.0,0.5,0.0,0.0,0.5,0.5,0.0,0.5,0.0,0.0,1.0,0.0,0.0,1.0,1.0,1.0,1.0,1.0,1.0,1.0,1.0,1.0,1.0,1.0,1.0,1.0,1.0,1.0,1.0,1.0,0.5,1.0,1.0,1.0,0.0,0.0,0.5,0.5,0.0,0.0,0.0,1.0,1.0,1.0,0.8,1.0,0.6,0.6,1.0,1.0,1.0,0.6,0.2,1.0,1.0,0.8,0.6,1.0,1.0,1.0,1.0,1.0,0.8,0.6,0.6,1.0,1.0,1.0,0.6,0.6,0.8,0.4,0.4,0.6,1.0,0.6,0.6,0.2,0.2,0.2,0.2,0.2,0.2,0.2,0.8,1.0,0.6,0.8,0.6,1.0,0.4,1.0,1.0,1.0,1.0,1.0,0.2,1.0,0.6,0.8,0.8,0.8,0.2,0.4,0.8,0.8,0.6,0.6,0.2,0.4,0.2,0.2,0.2,0.2,0.6,1.0,0.6,0.8,0.8,0.4,1.0,1.0,1.0,1.0,1.0,1.0,1.0,1.0,0.4,1.0,0.6,1.0,1.0,1.0,1.0,0.4,1.0,0.6,0.8,0.6,0.2,0.2,0.2,0.2,0.2,0.2,81.0,29.0,320.0,47.0,42.0,34.0,31.0,17.0,18.0,20.0,30.0,32.0,17.0,23.0,31.0,1.0,,,4.0,2.0,,,,,,3.0,,,,,5.0,3.0,,6.0,1.0,2.0,,,,4.0,7.0,,,,,,7.0,2.0,6.0,3.0,4.0,1.0,,8.0,,5.0,9.0,,,,5.0,,6.0,10.0,3.0,4.0,,11.0,7.0,8.0,,9.0,,1.0,2.0,8.0,,9.0,11.0,6.0,7.0,12.0,14.0,5.0,,10.0,13.0,1.0,2.0,3.0,1.0,,,,,,,,,,,,2.0,3.0,,4.0,,5.0,8.0,2.0,3.0,1.0,6.0,9.0,,,,,,7.0,1.0,,2.0,6.0,3.0,7.0,4.0,5.0,,,,8.0,,,,75.46,31.0,382.0,1040.0,86.0,325.0,179.0,0.48,7.0,0.27,-0.5,-0.5,[0.0],[nan],[0.0],[nan],"['No', 'Yes']","[nan, 'less objects to remember, I knew the order it would be']",[-1.0],[-0.5],"['No', 'Yes']","[nan, 'less objects to remember, I knew the order it would be']",[0.75],"['The furniture/fixtures/objects in the room, The location of furniture/fixtures/objects, The items you picked up, Where you picked up and put down items']","[1.0, 1.0, 1.0, 1.0, nan, nan, nan, 'Visualising the room layout']",[nan],['Visualising the room layout'],['No'],"['No, I did not apply any mnemonic techniques']",[nan]
A026,4,1.0,1.0,1.0,1.0,0.0,1.0,1.0,0.0,1.0,1.0,0.0,1.0,0.0,1.0,0.0,0.0,1.0,1.0,1.0,1.0,0.0,0.5,1.0,1.0,0.5,1.0,1.0,1.0,0.5,0.0,0.0,1.0,1.0,0.5,1.0,1.0,1.0,0.0,0.0,0.5,0.0,0.0,1.0,1.0,1.0,0.5,0.0,1.0,1.0,1.0,1.0,1.0,1.0,1.0,0.0,0.5,1.0,1.0,1.0,0.0,0.0,1.0,1.0,0.5,0.25,0.5,0.5,0.0,0.0,1.0,0.5,0.0,1.0,0.0,0.0,1.0,0.0,1.0,1.0,1.0,1.0,1.0,1.0,1.0,1.0,1.0,1.0,0.5,1.0,1.0,1.0,0.0,0.0,0.25,1.0,0.5,0.25,0.5,0.25,0.0,0.0,0.5,0.0,0.0,1.0,0.8,0.8,1.0,0.6,1.0,0.8,1.0,0.4,1.0,1.0,0.2,1.0,0.2,1.0,0.8,0.8,1.0,1.0,1.0,1.0,0.6,0.8,0.8,0.6,1.0,1.0,1.0,0.8,0.8,0.2,0.2,0.6,1.0,0.6,0.8,0.8,0.8,0.8,0.8,0.2,0.2,0.2,0.2,0.8,1.0,0.8,0.6,0.6,1.0,0.6,1.0,1.0,1.0,1.0,0.4,0.2,1.0,1.0,0.6,1.0,0.2,1.0,1.0,0.6,0.8,0.6,0.6,0.2,0.4,0.2,0.2,0.2,0.2,0.8,1.0,1.0,0.6,1.0,0.6,0.6,0.6,1.0,1.0,1.0,1.0,1.0,1.0,0.2,1.0,1.0,0.4,1.0,0.4,0.8,0.8,0.4,1.0,0.6,1.0,0.2,0.2,0.2,0.2,0.2,0.2,81.0,29.0,320.0,47.0,42.0,34.0,31.0,17.0,18.0,20.0,30.0,32.0,17.0,23.0,31.0,1.0,,,4.0,2.0,,,,,,3.0,,,,,5.0,3.0,,6.0,1.0,2.0,,,,4.0,7.0,,,,,,7.0,2.0,6.0,3.0,4.0,1.0,,8.0,,5.0,9.0,,,,5.0,,6.0,10.0,3.0,4.0,,11.0,7.0,8.0,,9.0,,1.0,2.0,8.0,,9.0,11.0,6.0,7.0,12.0,14.0,5.0,,10.0,13.0,1.0,2.0,3.0,1.0,,,,,,,,,,,,2.0,3.0,,4.0,,5.0,8.0,2.0,3.0,1.0,6.0,9.0,,,,,,7.0,1.0,,2.0,6.0,3.0,7.0,4.0,5.0,,,,8.0,,,,147.65,21.0,273.0,616.0,88.0,283.0,153.0,0.49,8.0,0.27,0.0,-0.5,[0.0],[nan],[0.0],[nan],"['No', 'Yes']","[nan, 'excluded some objects that have already been in the others scenarios']",[-1.0],[-1.0],"['No', 'Yes']","[nan, 'excluded some objects that have already been in the others scenarios']",[0.5],"['The furniture/fixtures/objects in the room, The location of furniture/fixtures/objects, The items you picked up, Where you picked up and put down items, The order you completed items and tasks']","[1.0, 1.0, 0.8, 1.0, nan, nan, nan, 'Visualising the room layout']",[nan],['Visualising the room layout'],['No'],"['No, I did not apply any mnemonic techniques']","['The experiment was really cool... but as the days passes, it gets difficult to remember the order and stuff. But I think that the shapes/looks of the objects were the easiest to remember and the order of interaction with the objects was the hardest. I really enjoyed participating.']"
A027,1,1.0,1.0,1.0,1.0,1.0,1.0,0.0,0.0,0.0,0.0,1.0,1.0,0.0,1.0,1.0,1.0,1.0,1.0,1.0,1.0,1.0,1.0,1.0,1.0,1.0,0.0,0.0,0.0,1.0,1.0,1.0,0.5,1.0,0.0,1.0,1.0,1.0,1.0,1.0,0.5,0.0,1.0,0.0,0.5,0.0,1.0,1.0,0.0,1.0,1.0,1.0,1.0,1.0,1.0,1.0,1.0,1.0,1.0,1.0,1.0,1.0,1.0,0.0,1.0,1.0,0.5,0.0,0.0,0.5,0.0,0.0,1.0,0.0,1.0,1.0,1.0,1.0,1.0,1.0,1.0,1.0,1.0,1.0,1.0,1.0,1.0,1.0,1.0,1.0,0.5,1.0,1.0,1.0,0.5,1.0,1.0,1.0,1.0,0.0,0.0,0.5,0.0,0.0,1.0,0.0,1.0,1.0,1.0,1.0,1.0,1.0,0.6,1.0,0.2,0.2,0.6,1.0,0.2,1.0,1.0,1.0,1.0,1.0,1.0,1.0,0.8,1.0,1.0,1.0,1.0,1.0,1.0,1.0,0.8,0.2,0.2,1.0,0.4,1.0,0.2,0.2,0.2,0.4,0.8,1.0,0.2,0.2,0.2,0.6,0.6,0.6,0.6,0.6,1.0,1.0,1.0,1.0,1.0,1.0,1.0,0.8,1.0,0.8,1.0,1.0,1.0,0.6,0.8,0.8,1.0,1.0,0.4,0.2,0.2,0.2,0.4,0.6,0.2,0.8,1.0,1.0,0.8,1.0,1.0,1.0,1.0,1.0,1.0,1.0,1.0,1.0,1.0,1.0,1.0,0.6,1.0,1.0,1.0,0.6,1.0,0.8,1.0,0.4,0.4,0.2,0.2,0.2,0.2,0.4,0.4,96.0,29.0,178.0,34.0,28.0,32.0,19.0,29.0,24.0,26.0,20.0,24.0,21.0,30.0,44.0,1.0,2.0,,3.0,4.0,5.0,6.0,,,,,,,,,10.0,9.0,7.0,13.0,11.0,12.0,8.0,,3.0,6.0,4.0,5.0,,2.0,1.0,9.0,10.0,11.0,15.0,13.0,14.0,12.0,4.0,6.0,7.0,5.0,3.0,8.0,2.0,1.0,11.0,12.0,13.0,8.0,9.0,10.0,,3.0,5.0,7.0,4.0,6.0,,1.0,2.0,12.0,11.0,10.0,9.0,24.0,25.0,8.0,7.0,3.0,4.0,5.0,2.0,1.0,6.0,,4.0,5.0,7.0,6.0,,,,,,,,8.0,3.0,2.0,1.0,1.0,2.0,3.0,5.0,6.0,7.0,4.0,,10.0,11.0,12.0,9.0,8.0,,,1.0,2.0,3.0,4.0,5.0,6.0,13.0,9.0,7.0,8.0,12.0,10.0,11.0,,,1.0,44.0,217.0,399.0,47.0,193.0,84.0,0.31,6.0,0.29,-0.5,0.0,[1.0],['2 cups of coffee'],[0.0],[nan],"['No', nan]","[nan, nan]",[0.5],[nan],"['No', nan]","[nan, nan]",[nan],['The location of furniture/fixtures/objects'],"[1.0, 1.0, 1.0, 1.0, nan, nan, nan, 'Visualising the room layout, Associating items with personal experiences']",[nan],['Visualising the room layout'],['Yes'],"['Yes, visual imagery']",[nan]
A027,2,1.0,1.0,1.0,1.0,1.0,1.0,1.0,1.0,0.0,1.0,1.0,0.0,1.0,1.0,1.0,1.0,1.0,1.0,1.0,0.5,0.0,1.0,0.0,0.0,0.5,1.0,0.25,1.0,0.5,0.0,1.0,1.0,0.0,1.0,0.0,1.0,0.25,0.0,0.0,1.0,0.0,0.5,0.5,0.5,0.5,0.5,0.5,0.0,1.0,1.0,0.0,1.0,1.0,0.0,1.0,1.0,0.5,1.0,0.5,1.0,1.0,0.5,1.0,1.0,0.0,0.0,1.0,0.5,0.5,1.0,0.5,0.5,0.5,0.5,0.5,1.0,0.0,1.0,1.0,1.0,1.0,1.0,0.0,1.0,1.0,1.0,1.0,1.0,1.0,1.0,0.5,1.0,1.0,0.0,1.0,1.0,0.0,0.0,1.0,0.0,0.5,1.0,0.5,1.0,1.0,1.0,0.8,0.8,1.0,1.0,0.8,0.6,1.0,0.2,1.0,1.0,0.2,1.0,0.8,0.6,0.6,1.0,1.0,1.0,1.0,0.6,0.6,0.8,0.8,1.0,1.0,0.2,1.0,0.6,0.2,0.6,0.6,0.2,1.0,1.0,0.2,1.0,0.2,0.2,0.4,0.2,0.2,0.2,0.6,0.6,0.6,0.8,0.8,1.0,1.0,1.0,1.0,1.0,0.8,1.0,1.0,0.8,1.0,0.6,0.8,0.8,0.4,0.8,1.0,0.8,0.2,1.0,0.2,0.2,0.4,0.2,0.2,0.2,0.8,0.8,0.8,0.8,1.0,1.0,0.8,1.0,1.0,1.0,1.0,1.0,0.8,1.0,1.0,0.4,1.0,1.0,0.6,0.8,0.8,0.8,1.0,1.0,0.4,1.0,0.2,0.2,0.4,0.2,0.2,0.2,96.0,29.0,178.0,34.0,28.0,32.0,19.0,29.0,24.0,26.0,20.0,24.0,21.0,30.0,44.0,1.0,2.0,,3.0,4.0,5.0,6.0,,,,,,,,,10.0,9.0,7.0,13.0,11.0,12.0,8.0,,3.0,6.0,4.0,5.0,,2.0,1.0,9.0,10.0,11.0,15.0,13.0,14.0,12.0,4.0,6.0,7.0,5.0,3.0,8.0,2.0,1.0,11.0,12.0,13.0,8.0,9.0,10.0,,3.0,5.0,7.0,4.0,6.0,,1.0,2.0,12.0,11.0,10.0,9.0,24.0,25.0,8.0,7.0,3.0,4.0,5.0,2.0,1.0,6.0,,4.0,5.0,7.0,6.0,,,,,,,,8.0,3.0,2.0,1.0,1.0,2.0,3.0,5.0,6.0,7.0,4.0,,10.0,11.0,12.0,9.0,8.0,,,1.0,2.0,3.0,4.0,5.0,6.0,13.0,9.0,7.0,8.0,12.0,10.0,11.0,,,28.26,36.0,291.0,199.0,46.0,192.0,73.0,0.6,5.0,0.19,-1.0,-0.5,[1.0],['1 cup of coffee'],[0.0],[nan],"['No', 'No']","[nan, nan]",[0.0],[-0.5],"['No', 'No']","[nan, nan]",[0.25],"['The location of furniture/fixtures/objects, The items you picked up']","[1.0, 1.0, 1.0, 1.0, nan, nan, nan, 'Visualising the room layout']",[nan],['Visualising the room layout'],['Yes'],"['Yes, visual imagery']",[nan]
A027,3,1.0,1.0,0.0,1.0,1.0,1.0,0.0,0.0,1.0,0.0,0.0,0.0,0.0,0.0,0.0,1.0,1.0,1.0,1.0,1.0,0.0,0.5,1.0,1.0,1.0,0.5,1.0,0.0,0.0,0.5,0.0,1.0,1.0,0.0,0.5,0.0,0.0,0.5,0.0,0.5,0.5,0.0,0.5,0.0,1.0,0.5,0.0,0.5,1.0,1.0,1.0,1.0,0.0,0.0,1.0,0.25,1.0,0.0,1.0,0.25,1.0,0.5,1.0,0.0,0.5,0.0,0.5,0.5,0.0,1.0,0.0,0.0,0.5,0.0,1.0,1.0,0.0,1.0,0.0,1.0,1.0,1.0,1.0,1.0,1.0,1.0,1.0,1.0,1.0,0.0,0.0,1.0,1.0,0.25,1.0,0.0,0.5,1.0,0.5,0.0,0.0,1.0,0.5,0.0,0.0,0.8,0.6,0.2,0.6,0.6,0.6,0.6,0.4,1.0,0.8,0.6,0.6,0.2,0.6,0.4,0.6,1.0,0.8,1.0,0.2,0.6,0.6,0.6,0.6,0.4,1.0,0.4,0.4,0.2,0.6,0.2,0.8,0.6,0.8,0.4,0.6,0.2,0.2,0.2,0.2,0.2,0.4,0.2,0.4,0.6,0.6,0.4,0.4,1.0,0.8,1.0,0.8,1.0,0.6,0.4,0.4,1.0,0.4,0.8,0.4,0.2,0.6,0.8,0.6,0.4,0.6,0.2,0.2,0.4,0.2,0.4,0.2,0.2,0.6,0.6,0.6,0.6,1.0,0.6,1.0,0.6,1.0,1.0,0.8,0.8,1.0,0.8,0.6,1.0,0.6,0.6,0.6,0.8,0.6,0.6,0.6,0.4,0.4,0.4,0.2,0.2,0.2,0.2,0.2,0.2,96.0,29.0,178.0,34.0,28.0,32.0,19.0,29.0,24.0,26.0,20.0,24.0,21.0,30.0,44.0,1.0,2.0,,3.0,4.0,5.0,6.0,,,,,,,,,10.0,9.0,7.0,13.0,11.0,12.0,8.0,,3.0,6.0,4.0,5.0,,2.0,1.0,9.0,10.0,11.0,15.0,13.0,14.0,12.0,4.0,6.0,7.0,5.0,3.0,8.0,2.0,1.0,11.0,12.0,13.0,8.0,9.0,10.0,,3.0,5.0,7.0,4.0,6.0,,1.0,2.0,12.0,11.0,10.0,9.0,24.0,25.0,8.0,7.0,3.0,4.0,5.0,2.0,1.0,6.0,,4.0,5.0,7.0,6.0,,,,,,,,8.0,3.0,2.0,1.0,1.0,2.0,3.0,5.0,6.0,7.0,4.0,,10.0,11.0,12.0,9.0,8.0,,,1.0,2.0,3.0,4.0,5.0,6.0,13.0,9.0,7.0,8.0,12.0,10.0,11.0,,,74.58,44.0,315.0,270.0,43.0,177.0,95.0,0.34,9.0,0.38,0.0,0.0,[1.0],['2 cups of coffee'],[0.0],[nan],"['No', 'Yes']","[nan, 'i could rule out objects i remembered but answered in the previous tests so i knew they wouldnt be in this room if ni said they were in a previous room']",[-0.5],[-0.5],"['No', 'Yes']","[nan, 'i could rule out objects i remembered but answered in the previous tests so i knew they wouldnt be in this room if ni said they were in a previous room']",[0.25],['The furniture/fixtures/objects in the room'],"[1.0, 1.0, 0.8, 1.0, nan, nan, nan, 'Visualising the room layout']",[nan],['Visualising the room layout'],['Yes'],"['Yes, visual imagery']",[nan]
A027,4,1.0,1.0,0.0,1.0,0.0,0.0,0.0,0.0,1.0,0.0,1.0,0.0,0.0,1.0,1.0,0.0,0.5,0.5,0.5,0.5,1.0,0.0,1.0,0.0,0.25,1.0,0.5,1.0,0.5,0.0,0.0,0.5,0.0,0.5,0.25,0.0,0.25,0.5,0.0,0.5,0.5,1.0,0.5,0.5,1.0,0.5,0.5,0.0,1.0,1.0,1.0,1.0,1.0,1.0,1.0,0.5,1.0,0.25,1.0,1.0,0.0,1.0,0.0,0.5,0.25,1.0,1.0,0.5,0.0,1.0,0.0,0.5,0.0,1.0,0.0,0.0,0.0,1.0,0.0,1.0,1.0,1.0,1.0,1.0,1.0,1.0,1.0,0.0,1.0,1.0,1.0,0.5,0.0,1.0,0.0,0.5,1.0,0.5,1.0,0.5,0.0,1.0,0.0,0.0,0.0,0.8,0.8,0.2,0.6,0.2,0.2,0.4,0.2,0.2,0.2,0.6,0.2,0.2,0.6,0.8,0.8,0.8,0.8,0.4,0.2,0.6,0.4,0.2,0.2,0.2,0.8,0.2,0.2,0.2,0.2,0.2,0.4,0.2,0.2,0.2,0.2,0.2,0.4,0.2,0.2,0.2,0.2,0.2,0.4,0.4,0.4,0.4,0.6,1.0,0.6,0.8,0.8,1.0,0.6,0.6,0.4,0.4,0.4,0.8,0.4,0.2,0.6,0.4,0.6,0.6,0.4,0.4,0.2,0.2,0.2,0.2,0.2,0.2,0.4,0.4,0.4,0.4,0.8,0.4,0.8,0.6,0.8,1.0,1.0,1.0,0.8,0.8,0.2,0.6,0.2,1.0,0.2,0.2,0.8,0.6,0.6,0.2,0.6,0.4,0.2,0.2,0.2,0.2,0.2,0.2,96.0,29.0,178.0,34.0,28.0,32.0,19.0,29.0,24.0,26.0,20.0,24.0,21.0,30.0,44.0,1.0,2.0,,3.0,4.0,5.0,6.0,,,,,,,,,10.0,9.0,7.0,13.0,11.0,12.0,8.0,,3.0,6.0,4.0,5.0,,2.0,1.0,9.0,10.0,11.0,15.0,13.0,14.0,12.0,4.0,6.0,7.0,5.0,3.0,8.0,2.0,1.0,11.0,12.0,13.0,8.0,9.0,10.0,,3.0,5.0,7.0,4.0,6.0,,1.0,2.0,12.0,11.0,10.0,9.0,24.0,25.0,8.0,7.0,3.0,4.0,5.0,2.0,1.0,6.0,,4.0,5.0,7.0,6.0,,,,,,,,8.0,3.0,2.0,1.0,1.0,2.0,3.0,5.0,6.0,7.0,4.0,,10.0,11.0,12.0,9.0,8.0,,,1.0,2.0,3.0,4.0,5.0,6.0,13.0,9.0,7.0,8.0,12.0,10.0,11.0,,,145.92,28.0,187.0,175.0,35.0,157.0,102.0,0.31,9.0,0.38,0.0,0.0,[0.0],[nan],[0.0],[nan],"['No', 'Unsure']","[nan, nan]",[-0.5],[-0.5],"['No', 'Unsure']","[nan, nan]",[0.25],['The furniture/fixtures/objects in the room'],"[1.0, 0.5, 0.8, 0.8, nan, 1.0, nan, 'Visualising the room layout']",[nan],['Visualising the room layout'],['Yes'],"['Yes, visual imagery']",[nan]
A028,1,1.0,1.0,1.0,1.0,1.0,1.0,1.0,1.0,1.0,1.0,1.0,1.0,1.0,1.0,0.0,1.0,1.0,1.0,1.0,1.0,0.0,0.0,1.0,0.0,1.0,1.0,0.5,1.0,0.5,1.0,0.5,0.5,1.0,1.0,0.5,1.0,0.25,0.5,1.0,1.0,0.5,0.0,1.0,0.5,0.5,0.5,0.5,0.0,1.0,1.0,0.0,1.0,1.0,1.0,1.0,1.0,1.0,1.0,1.0,1.0,1.0,1.0,1.0,1.0,1.0,0.0,1.0,1.0,1.0,1.0,1.0,0.5,0.0,0.0,0.0,1.0,1.0,1.0,1.0,1.0,1.0,1.0,1.0,1.0,1.0,1.0,1.0,1.0,0.25,1.0,0.25,1.0,1.0,0.5,1.0,1.0,0.25,1.0,1.0,0.0,1.0,1.0,0.0,1.0,1.0,1.0,1.0,1.0,1.0,1.0,1.0,0.8,1.0,1.0,1.0,1.0,1.0,1.0,1.0,0.6,1.0,1.0,1.0,1.0,1.0,0.4,0.6,0.4,0.6,1.0,1.0,0.4,1.0,0.8,1.0,0.4,0.4,1.0,1.0,0.6,1.0,1.0,0.4,1.0,1.0,0.4,0.4,0.4,1.0,0.4,0.4,0.4,0.6,1.0,1.0,1.0,1.0,1.0,1.0,1.0,1.0,1.0,1.0,1.0,1.0,0.6,0.2,1.0,1.0,0.4,0.2,1.0,0.2,1.0,1.0,0.4,0.2,0.4,0.6,0.2,1.0,0.4,1.0,1.0,1.0,1.0,1.0,1.0,1.0,1.0,1.0,1.0,1.0,0.4,1.0,0.4,1.0,0.4,0.4,1.0,1.0,0.4,1.0,1.0,0.4,1.0,1.0,0.4,0.4,0.4,77.0,34.0,,16.0,17.0,21.0,20.0,22.0,20.0,25.0,27.0,25.0,15.0,30.0,28.0,1.0,2.0,3.0,9.0,4.0,,5.0,6.0,,,,8.0,,,7.0,3.0,10.0,,9.0,6.0,5.0,8.0,,11.0,,,4.0,2.0,1.0,7.0,3.0,4.0,,5.0,,,9.0,6.0,8.0,,1.0,,,2.0,7.0,1.0,2.0,3.0,6.0,4.0,,8.0,,,10.0,7.0,11.0,12.0,5.0,9.0,1.0,3.0,2.0,4.0,5.0,6.0,,,,9.0,8.0,10.0,12.0,7.0,11.0,1.0,5.0,,,,,,,,,,4.0,,2.0,3.0,1.0,,2.0,3.0,,4.0,6.0,,,11.0,9.0,10.0,8.0,5.0,7.0,1.0,,2.0,3.0,,5.0,4.0,,7.0,,6.0,8.0,9.0,,10.0,1.0,37.0,221.0,259.0,84.0,145.0,61.0,0.29,7.0,0.33,0.5,0.5,[1.0],"['1 cup coffee, 2 cigarettes']",[0.0],[nan],"['No', nan]","[nan, nan]",[0.5],[nan],"['No', nan]","[nan, nan]",[nan],['The location of furniture/fixtures/objects'],"[1.0, 1.0, 1.0, 1.0, nan, nan, nan, 'Creating a mental story or narrative']",[nan],['Creating a mental story or narrative'],['No'],"['No, I did not apply any mnemonic techniques']",[nan]
A028,2,1.0,1.0,1.0,1.0,1.0,1.0,1.0,1.0,1.0,0.0,0.0,1.0,1.0,0.0,1.0,1.0,1.0,1.0,1.0,1.0,0.0,1.0,0.0,0.0,1.0,0.5,1.0,1.0,0.5,0.25,1.0,1.0,0.0,0.5,0.5,0.0,1.0,0.0,1.0,0.5,1.0,0.0,1.0,1.0,1.0,1.0,0.5,0.5,1.0,1.0,1.0,1.0,0.0,1.0,1.0,0.5,1.0,0.5,0.5,0.5,1.0,1.0,0.0,0.0,1.0,0.0,1.0,1.0,0.0,0.0,0.5,0.0,0.0,0.0,0.5,1.0,0.0,1.0,0.0,0.0,1.0,1.0,1.0,1.0,1.0,1.0,1.0,1.0,1.0,0.5,0.5,1.0,1.0,1.0,0.0,0.0,0.5,0.0,1.0,0.5,0.0,0.0,0.5,0.0,0.0,1.0,1.0,1.0,1.0,1.0,1.0,1.0,1.0,1.0,0.2,0.6,0.4,1.0,1.0,1.0,0.6,1.0,1.0,1.0,1.0,0.6,0.6,0.2,0.2,1.0,1.0,1.0,0.4,0.4,0.4,0.2,1.0,0.4,1.0,1.0,0.4,0.2,1.0,0.6,0.4,0.4,0.4,0.2,0.2,0.2,0.6,0.6,1.0,1.0,1.0,1.0,1.0,0.6,1.0,1.0,1.0,1.0,1.0,0.4,0.6,1.0,1.0,0.4,0.4,0.4,0.8,1.0,0.4,0.2,0.2,0.2,0.4,0.4,0.4,0.4,1.0,0.4,1.0,0.4,0.6,1.0,1.0,1.0,1.0,1.0,1.0,1.0,0.4,1.0,1.0,0.6,0.4,1.0,1.0,0.4,0.6,0.4,0.6,1.0,0.4,0.2,0.2,0.4,0.4,0.4,77.0,34.0,,16.0,17.0,21.0,20.0,22.0,20.0,25.0,27.0,25.0,15.0,30.0,28.0,1.0,2.0,3.0,9.0,4.0,,5.0,6.0,,,,8.0,,,7.0,3.0,10.0,,9.0,6.0,5.0,8.0,,11.0,,,4.0,2.0,1.0,7.0,3.0,4.0,,5.0,,,9.0,6.0,8.0,,1.0,,,2.0,7.0,1.0,2.0,3.0,6.0,4.0,,8.0,,,10.0,7.0,11.0,12.0,5.0,9.0,1.0,3.0,2.0,4.0,5.0,6.0,,,,9.0,8.0,10.0,12.0,7.0,11.0,1.0,5.0,,,,,,,,,,4.0,,2.0,3.0,1.0,,2.0,3.0,,4.0,6.0,,,11.0,9.0,10.0,8.0,5.0,7.0,1.0,,2.0,3.0,,5.0,4.0,,7.0,,6.0,8.0,9.0,,10.0,22.82,28.0,217.0,1220.0,34.0,181.0,97.0,0.22,7.0,0.35,1.0,0.0,[1.0],"['1 cup coffee, 3 cigarettes']",[0.0],[nan],"['No', 'Yes']","[nan, 'helped me make note of the layout I had internally']",[-0.5],[-1.0],"['No', 'Yes']","[nan, 'helped me make note of the layout I had internally']",[0.25],"['The location of furniture/fixtures/objects, Where you picked up and put down items']","[1.0, 1.0, 1.0, 1.0, nan, nan, nan, 'Visualising the room layout, Creating a mental story or narrative']",[nan],"['Visualising the room layout, Creating a mental story or narrative']",['No'],"['No, I did not apply any mnemonic techniques']",[nan]
A028,3,1.0,1.0,0.0,0.0,1.0,0.0,1.0,0.0,0.0,0.0,0.0,0.0,1.0,1.0,1.0,0.0,1.0,1.0,0.5,0.5,1.0,1.0,1.0,1.0,1.0,0.25,1.0,1.0,0.0,1.0,1.0,0.0,0.0,0.5,1.0,0.5,0.0,0.5,0.0,0.5,0.0,1.0,0.0,0.5,1.0,0.5,0.5,0.0,1.0,1.0,1.0,1.0,1.0,1.0,1.0,0.0,1.0,1.0,0.0,1.0,1.0,1.0,0.0,1.0,0.0,1.0,0.0,1.0,0.5,0.5,1.0,0.0,0.5,0.0,0.0,0.0,1.0,1.0,0.5,1.0,1.0,1.0,1.0,1.0,1.0,1.0,1.0,1.0,0.25,1.0,0.0,1.0,1.0,0.0,0.0,1.0,0.0,0.25,1.0,0.0,1.0,1.0,1.0,1.0,0.0,1.0,0.8,0.4,0.2,1.0,0.6,0.4,1.0,0.2,0.4,0.2,0.2,1.0,1.0,0.4,0.6,0.6,1.0,0.6,0.2,0.4,0.4,0.4,0.4,1.0,1.0,1.0,0.4,0.2,0.2,0.2,0.4,0.4,1.0,1.0,0.2,0.2,0.2,0.4,0.4,0.2,0.2,0.2,0.4,0.4,0.4,0.4,0.4,1.0,1.0,1.0,1.0,1.0,1.0,1.0,0.4,0.4,0.8,0.4,0.4,1.0,0.6,0.4,0.4,0.4,0.2,0.4,0.2,0.4,0.2,0.4,0.2,0.2,0.2,0.2,0.6,0.4,1.0,0.2,1.0,1.0,1.0,1.0,1.0,1.0,1.0,1.0,1.0,0.4,0.8,0.4,0.6,1.0,0.2,0.4,0.4,0.4,0.4,0.4,0.2,0.2,0.4,0.2,0.4,0.2,77.0,34.0,,16.0,17.0,21.0,20.0,22.0,20.0,25.0,27.0,25.0,15.0,30.0,28.0,1.0,2.0,3.0,9.0,4.0,,5.0,6.0,,,,8.0,,,7.0,3.0,10.0,,9.0,6.0,5.0,8.0,,11.0,,,4.0,2.0,1.0,7.0,3.0,4.0,,5.0,,,9.0,6.0,8.0,,1.0,,,2.0,7.0,1.0,2.0,3.0,6.0,4.0,,8.0,,,10.0,7.0,11.0,12.0,5.0,9.0,1.0,3.0,2.0,4.0,5.0,6.0,,,,9.0,8.0,10.0,12.0,7.0,11.0,1.0,5.0,,,,,,,,,,4.0,,2.0,3.0,1.0,,2.0,3.0,,4.0,6.0,,,11.0,9.0,10.0,8.0,5.0,7.0,1.0,,2.0,3.0,,5.0,4.0,,7.0,,6.0,8.0,9.0,,10.0,72.26,34.0,251.0,404.0,37.0,156.0,126.0,0.23,7.0,0.4,0.0,-1.0,[1.0],"['1 coffee, 3 cigarettes']",[0.0],[nan],"['No', 'Unsure']","[nan, 'remembered how seeing things made me feel in context']",[-1.0],[-1.0],"['No', 'Unsure']","[nan, 'remembered how seeing things made me feel in context']",[0.5],['The location of furniture/fixtures/objects'],"[1.0, 1.0, 1.0, 0.6, nan, nan, nan, 'Creating a mental story or narrative']",[nan],['Creating a mental story or narrative'],['No'],"['No, I did not apply any mnemonic techniques']",[nan]
A028,4,1.0,1.0,1.0,1.0,0.0,1.0,1.0,1.0,0.0,1.0,1.0,0.0,0.0,1.0,1.0,1.0,1.0,1.0,1.0,1.0,0.0,0.0,0.0,0.0,0.5,0.5,0.25,1.0,0.0,0.0,0.5,1.0,0.0,1.0,1.0,0.0,1.0,0.0,0.0,1.0,0.5,1.0,0.5,0.0,1.0,0.5,0.5,1.0,1.0,1.0,1.0,1.0,1.0,1.0,1.0,0.25,1.0,0.25,0.0,0.0,0.25,1.0,0.0,1.0,1.0,0.5,0.0,0.0,0.0,1.0,1.0,0.0,0.5,0.0,0.5,1.0,0.0,1.0,0.0,1.0,1.0,1.0,1.0,1.0,1.0,1.0,1.0,0.25,0.5,0.25,0.0,0.0,1.0,1.0,0.5,0.0,1.0,0.25,0.0,0.0,1.0,0.5,1.0,0.5,0.0,1.0,0.8,1.0,0.8,1.0,0.6,0.6,0.6,1.0,0.6,0.6,0.2,0.2,0.8,1.0,1.0,1.0,1.0,1.0,1.0,0.4,0.4,0.4,0.4,1.0,0.2,0.4,0.4,0.4,0.2,0.2,0.8,0.6,0.4,0.4,0.2,0.2,0.2,0.2,0.2,0.2,0.2,0.2,0.4,0.4,0.4,0.6,0.6,1.0,1.0,1.0,1.0,1.0,1.0,1.0,0.4,0.6,0.4,0.4,0.4,0.4,0.8,0.4,0.4,0.4,0.4,0.4,0.2,0.2,0.4,0.4,0.2,0.2,0.4,0.4,0.6,0.4,1.0,0.4,0.8,0.4,1.0,1.0,1.0,1.0,0.6,1.0,0.4,0.4,0.4,0.4,0.4,0.4,0.4,0.4,0.2,1.0,0.4,0.4,0.4,0.4,0.4,0.4,0.4,0.4,77.0,34.0,,16.0,17.0,21.0,20.0,22.0,20.0,25.0,27.0,25.0,15.0,30.0,28.0,1.0,2.0,3.0,9.0,4.0,,5.0,6.0,,,,8.0,,,7.0,3.0,10.0,,9.0,6.0,5.0,8.0,,11.0,,,4.0,2.0,1.0,7.0,3.0,4.0,,5.0,,,9.0,6.0,8.0,,1.0,,,2.0,7.0,1.0,2.0,3.0,6.0,4.0,,8.0,,,10.0,7.0,11.0,12.0,5.0,9.0,1.0,3.0,2.0,4.0,5.0,6.0,,,,9.0,8.0,10.0,12.0,7.0,11.0,1.0,5.0,,,,,,,,,,4.0,,2.0,3.0,1.0,,2.0,3.0,,4.0,6.0,,,11.0,9.0,10.0,8.0,5.0,7.0,1.0,,2.0,3.0,,5.0,4.0,,7.0,,6.0,8.0,9.0,,10.0,138.91,22.0,308.0,494.0,42.0,160.0,102.0,0.05,8.0,0.35,0.5,0.0,[0.0],[nan],[0.0],[nan],"['No', 'Unsure']","[nan, 'Tried to remember what I felt during the test']",[0.0],[0.5],"['No', 'Unsure']","[nan, 'Tried to remember what I felt during the test']",[0.5],"['The furniture/fixtures/objects in the room, The location of furniture/fixtures/objects']","[1.0, 1.0, 1.0, 1.0, nan, nan, nan, 'Creating a mental story or narrative']",[nan],['Creating a mental story or narrative'],['No'],['Unsure'],"[""I would think music would help build a scene, maybe in future it'd be worthwhile incorporating songs with a memory task""]"
A029,1,1.0,1.0,1.0,1.0,0.0,0.0,0.0,1.0,1.0,1.0,1.0,1.0,1.0,1.0,0.0,1.0,1.0,1.0,1.0,1.0,1.0,0.5,1.0,0.0,1.0,1.0,1.0,1.0,1.0,1.0,1.0,1.0,1.0,1.0,0.5,0.0,1.0,0.0,0.5,1.0,0.0,0.5,1.0,0.0,0.0,0.5,0.5,0.0,1.0,1.0,1.0,1.0,1.0,1.0,1.0,1.0,1.0,1.0,1.0,1.0,1.0,1.0,1.0,1.0,0.5,0.0,1.0,0.0,0.5,1.0,0.0,0.0,0.0,0.0,1.0,1.0,1.0,1.0,1.0,1.0,1.0,1.0,1.0,1.0,0.0,1.0,1.0,1.0,1.0,1.0,1.0,1.0,1.0,1.0,1.0,1.0,0.5,0.0,1.0,0.5,0.5,1.0,0.0,0.0,0.5,1.0,1.0,1.0,1.0,1.0,0.6,0.6,1.0,1.0,1.0,1.0,1.0,1.0,1.0,1.0,1.0,1.0,1.0,1.0,1.0,0.4,1.0,0.4,0.4,1.0,1.0,1.0,1.0,1.0,1.0,1.0,1.0,0.6,1.0,1.0,0.4,0.4,0.4,0.4,0.4,0.4,0.4,0.4,0.8,0.6,0.6,0.6,0.6,1.0,1.0,1.0,1.0,1.0,1.0,1.0,1.0,1.0,1.0,1.0,1.0,1.0,1.0,1.0,0.6,0.6,1.0,1.0,0.6,0.6,0.6,0.6,0.6,0.6,0.6,0.6,1.0,0.6,1.0,1.0,1.0,1.0,1.0,1.0,1.0,1.0,1.0,1.0,1.0,1.0,1.0,1.0,1.0,1.0,1.0,1.0,0.8,1.0,0.8,1.0,0.6,0.4,0.6,0.6,0.4,0.4,141.0,30.0,290.0,22.0,26.0,20.0,24.0,38.0,38.0,34.0,45.0,53.0,34.0,43.0,61.0,,4.0,8.0,,2.0,1.0,,7.0,,,3.0,9.0,,5.0,6.0,3.0,5.0,4.0,10.0,8.0,7.0,13.0,12.0,11.0,,6.0,9.0,,1.0,2.0,1.0,3.0,2.0,4.0,,5.0,10.0,,8.0,7.0,,11.0,,6.0,9.0,1.0,3.0,2.0,8.0,5.0,4.0,13.0,11.0,9.0,14.0,10.0,6.0,7.0,,12.0,1.0,2.0,3.0,11.0,6.0,4.0,9.0,8.0,15.0,5.0,14.0,13.0,10.0,7.0,12.0,8.0,,,10.0,9.0,3.0,5.0,6.0,4.0,,,7.0,,1.0,2.0,1.0,3.0,2.0,7.0,15.0,4.0,9.0,6.0,13.0,5.0,12.0,11.0,8.0,14.0,10.0,1.0,2.0,3.0,,9.0,4.0,,6.0,8.0,5.0,7.0,12.0,11.0,,10.0,1.0,43.0,427.0,448.0,85.0,207.0,138.0,0.28,7.0,0.33,0.0,0.5,[0.0],[nan],[0.0],[nan],"['No', nan]","[nan, nan]",[0.0],[nan],"['No', nan]","[nan, nan]",[nan],['The furniture/fixtures/objects in the room'],"[1.0, 1.0, 1.0, 1.0, nan, nan, nan, 'Visualising the room layout']",[nan],['Visualising the room layout'],['No'],"['No, I did not apply any mnemonic techniques']",[nan]
A029,2,1.0,1.0,1.0,1.0,1.0,1.0,0.0,0.0,1.0,0.0,0.0,1.0,1.0,0.0,1.0,0.0,1.0,1.0,1.0,1.0,1.0,0.0,1.0,0.0,1.0,1.0,1.0,0.5,0.5,0.0,1.0,1.0,0.0,0.5,0.25,0.0,1.0,0.0,0.5,0.5,0.0,0.0,0.0,0.0,0.0,0.5,0.0,0.5,1.0,1.0,1.0,1.0,1.0,1.0,0.0,1.0,1.0,0.0,1.0,1.0,1.0,1.0,0.0,0.0,1.0,1.0,1.0,0.0,0.5,0.5,1.0,1.0,0.5,1.0,1.0,0.0,0.0,1.0,0.5,1.0,1.0,1.0,1.0,1.0,1.0,1.0,1.0,0.25,1.0,0.0,1.0,1.0,1.0,1.0,0.0,0.0,1.0,1.0,1.0,0.5,0.5,0.5,1.0,1.0,0.5,1.0,1.0,1.0,1.0,0.4,0.6,0.4,1.0,0.6,1.0,0.6,1.0,1.0,0.6,1.0,1.0,1.0,1.0,1.0,1.0,0.8,0.6,0.6,0.4,0.4,0.4,1.0,1.0,1.0,1.0,0.6,0.4,0.6,0.6,0.8,0.4,0.6,0.4,1.0,0.4,0.4,0.4,0.6,0.8,0.8,0.8,0.8,0.8,1.0,1.0,1.0,1.0,1.0,1.0,1.0,0.6,1.0,1.0,1.0,1.0,1.0,0.6,0.4,0.4,1.0,0.4,0.8,0.6,0.4,0.4,1.0,0.4,0.6,1.0,1.0,0.6,0.6,0.6,0.4,1.0,1.0,1.0,1.0,1.0,1.0,1.0,1.0,1.0,1.0,1.0,1.0,1.0,1.0,0.4,0.4,0.4,1.0,0.6,1.0,0.4,0.4,0.4,1.0,0.4,0.4,141.0,30.0,290.0,22.0,26.0,20.0,24.0,38.0,38.0,34.0,45.0,53.0,34.0,43.0,61.0,,4.0,8.0,,2.0,1.0,,7.0,,,3.0,9.0,,5.0,6.0,3.0,5.0,4.0,10.0,8.0,7.0,13.0,12.0,11.0,,6.0,9.0,,1.0,2.0,1.0,3.0,2.0,4.0,,5.0,10.0,,8.0,7.0,,11.0,,6.0,9.0,1.0,3.0,2.0,8.0,5.0,4.0,13.0,11.0,9.0,14.0,10.0,6.0,7.0,,12.0,1.0,2.0,3.0,11.0,6.0,4.0,9.0,8.0,15.0,5.0,14.0,13.0,10.0,7.0,12.0,8.0,,,10.0,9.0,3.0,5.0,6.0,4.0,,,7.0,,1.0,2.0,1.0,3.0,2.0,7.0,15.0,4.0,9.0,6.0,13.0,5.0,12.0,11.0,8.0,14.0,10.0,1.0,2.0,3.0,,9.0,4.0,,6.0,8.0,5.0,7.0,12.0,11.0,,10.0,28.43,36.0,287.5,997.0,266.0,276.0,119.0,0.57,7.0,0.23,0.0,-0.5,[0.0],[nan],[0.0],[nan],"['No', 'Unsure']","[nan, 'I know what questions are coming up']",[-0.5],[-0.5],"['No', 'Unsure']","[nan, 'I know what questions are coming up']",[0.0],['The items you picked up'],"[1.0, 1.0, 1.0, 1.0, nan, nan, nan, 'No specific strategy']",[nan],['Visualising the room layout'],['No'],"['No, I did not apply any mnemonic techniques']",[nan]
A029,3,1.0,1.0,1.0,1.0,1.0,1.0,1.0,0.0,1.0,1.0,1.0,1.0,1.0,1.0,0.0,0.0,1.0,1.0,1.0,1.0,0.0,0.0,1.0,1.0,1.0,0.0,1.0,1.0,1.0,1.0,1.0,0.0,0.5,1.0,1.0,0.0,0.0,1.0,0.5,0.5,0.0,1.0,0.0,1.0,0.0,0.0,0.5,0.0,1.0,1.0,1.0,1.0,1.0,1.0,1.0,1.0,1.0,1.0,1.0,1.0,1.0,0.5,1.0,1.0,1.0,0.0,0.0,0.0,0.5,0.5,0.0,1.0,0.0,0.0,0.0,0.0,1.0,1.0,1.0,1.0,1.0,1.0,1.0,1.0,1.0,1.0,1.0,1.0,1.0,1.0,1.0,1.0,1.0,0.5,1.0,1.0,1.0,0.0,0.0,1.0,0.5,0.5,0.0,1.0,0.0,1.0,0.8,0.6,0.6,1.0,0.6,0.6,0.4,1.0,1.0,1.0,1.0,0.4,0.8,0.6,0.6,1.0,1.0,1.0,1.0,0.6,0.6,0.4,0.4,1.0,0.4,1.0,1.0,1.0,0.4,0.2,1.0,0.4,0.4,0.4,0.2,0.2,0.4,0.4,0.4,0.8,0.4,0.4,0.6,0.6,0.8,0.6,0.6,1.0,1.0,1.0,1.0,1.0,1.0,1.0,1.0,1.0,0.8,1.0,1.0,1.0,0.4,0.4,1.0,0.4,0.4,0.4,0.4,0.4,0.8,0.4,0.6,0.4,0.6,0.6,0.6,0.6,0.6,0.6,0.6,1.0,1.0,1.0,1.0,1.0,1.0,1.0,0.8,1.0,0.8,1.0,1.0,1.0,0.4,0.6,1.0,0.4,0.6,0.4,0.4,0.4,0.4,0.4,0.4,0.4,141.0,30.0,290.0,22.0,26.0,20.0,24.0,38.0,38.0,34.0,45.0,53.0,34.0,43.0,61.0,,4.0,8.0,,2.0,1.0,,7.0,,,3.0,9.0,,5.0,6.0,3.0,5.0,4.0,10.0,8.0,7.0,13.0,12.0,11.0,,6.0,9.0,,1.0,2.0,1.0,3.0,2.0,4.0,,5.0,10.0,,8.0,7.0,,11.0,,6.0,9.0,1.0,3.0,2.0,8.0,5.0,4.0,13.0,11.0,9.0,14.0,10.0,6.0,7.0,,12.0,1.0,2.0,3.0,11.0,6.0,4.0,9.0,8.0,15.0,5.0,14.0,13.0,10.0,7.0,12.0,8.0,,,10.0,9.0,3.0,5.0,6.0,4.0,,,7.0,,1.0,2.0,1.0,3.0,2.0,7.0,15.0,4.0,9.0,6.0,13.0,5.0,12.0,11.0,8.0,14.0,10.0,1.0,2.0,3.0,,9.0,4.0,,6.0,8.0,5.0,7.0,12.0,11.0,,10.0,93.26,33.0,287.5,722.5,124.0,163.0,71.0,0.1,8.0,0.4,0.0,0.0,[0.0],[nan],[0.0],[nan],"['No', 'Unsure']","[nan, 'I know what questions are coming up']",[-0.5],[0.0],"['No', 'Unsure']","[nan, 'I know what questions are coming up']",[0.0],['The items you picked up'],"[1.0, 1.0, 1.0, 1.0, nan, nan, nan, 'No specific strategy']",[nan],['No specific strategy'],['Unsure'],"['No, I did not apply any mnemonic techniques']",[nan]
A029,4,1.0,1.0,1.0,1.0,1.0,1.0,1.0,1.0,1.0,1.0,1.0,1.0,0.0,1.0,1.0,1.0,1.0,1.0,1.0,1.0,1.0,1.0,1.0,1.0,1.0,1.0,0.5,1.0,1.0,1.0,0.5,0.25,1.0,0.0,0.0,1.0,0.25,0.5,0.5,1.0,0.5,0.5,0.0,0.5,0.0,0.5,1.0,0.0,1.0,1.0,1.0,1.0,1.0,1.0,1.0,1.0,0.5,1.0,1.0,0.5,0.5,0.25,1.0,0.0,0.0,1.0,1.0,0.5,0.0,1.0,0.5,1.0,0.0,0.5,0.0,1.0,1.0,1.0,1.0,1.0,1.0,1.0,1.0,1.0,1.0,0.0,1.0,1.0,0.5,1.0,1.0,0.5,0.5,1.0,1.0,0.0,0.0,1.0,1.0,1.0,0.0,1.0,0.5,1.0,0.0,1.0,1.0,1.0,1.0,1.0,1.0,1.0,1.0,0.4,1.0,1.0,1.0,0.2,1.0,0.6,0.6,1.0,1.0,1.0,1.0,1.0,0.8,0.8,0.8,1.0,1.0,0.2,1.0,0.8,0.4,0.2,0.2,0.6,0.4,0.6,1.0,0.6,0.4,0.2,0.4,0.4,0.2,0.2,0.8,0.8,0.8,0.8,0.6,1.0,1.0,1.0,1.0,1.0,1.0,1.0,1.0,0.4,1.0,1.0,0.4,0.4,0.4,0.8,0.6,0.8,1.0,0.8,0.4,0.4,0.6,0.6,0.4,0.4,0.6,0.6,0.6,0.6,1.0,0.8,1.0,1.0,1.0,1.0,1.0,1.0,0.6,0.8,1.0,0.4,1.0,1.0,0.4,0.4,0.4,0.8,0.6,0.6,1.0,0.4,0.4,0.4,1.0,0.4,0.4,0.4,141.0,30.0,290.0,22.0,26.0,20.0,24.0,38.0,38.0,34.0,45.0,53.0,34.0,43.0,61.0,,4.0,8.0,,2.0,1.0,,7.0,,,3.0,9.0,,5.0,6.0,3.0,5.0,4.0,10.0,8.0,7.0,13.0,12.0,11.0,,6.0,9.0,,1.0,2.0,1.0,3.0,2.0,4.0,,5.0,10.0,,8.0,7.0,,11.0,,6.0,9.0,1.0,3.0,2.0,8.0,5.0,4.0,13.0,11.0,9.0,14.0,10.0,6.0,7.0,,12.0,1.0,2.0,3.0,11.0,6.0,4.0,9.0,8.0,15.0,5.0,14.0,13.0,10.0,7.0,12.0,8.0,,,10.0,9.0,3.0,5.0,6.0,4.0,,,7.0,,1.0,2.0,1.0,3.0,2.0,7.0,15.0,4.0,9.0,6.0,13.0,5.0,12.0,11.0,8.0,14.0,10.0,1.0,2.0,3.0,,9.0,4.0,,6.0,8.0,5.0,7.0,12.0,11.0,,10.0,143.14,42.0,148.0,722.5,39.0,177.0,122.0,0.12,9.0,0.46,0.0,0.5,[0.0],[nan],[0.0],[nan],"['No', 'Unsure']","[nan, 'I know what questions are coming up']",[-1.0],[-0.5],"['No', 'Unsure']","[nan, 'I know what questions are coming up']",[0.0],"['The furniture/fixtures/objects in the room, The items you picked up']","[1.0, 1.0, 1.0, 1.0, nan, nan, nan, 'No specific strategy']",[nan],"['No specific strategy, Visualising the room layout']",['Unsure'],"['No, I did not apply any mnemonic techniques, Unsure']",[nan]
A030,1,1.0,1.0,1.0,1.0,0.0,1.0,1.0,0.0,0.0,0.0,1.0,1.0,0.0,1.0,0.0,1.0,1.0,1.0,1.0,1.0,0.0,1.0,1.0,1.0,0.5,1.0,1.0,0.5,1.0,1.0,0.0,1.0,0.25,0.5,0.0,0.5,0.25,0.5,0.0,0.5,0.0,1.0,1.0,0.0,0.0,0.0,0.0,1.0,1.0,1.0,0.0,1.0,1.0,1.0,1.0,1.0,0.0,1.0,1.0,1.0,1.0,1.0,0.0,0.25,0.5,0.0,0.0,0.0,1.0,0.5,1.0,1.0,0.0,0.0,0.5,0.0,1.0,1.0,1.0,0.0,1.0,1.0,1.0,1.0,1.0,1.0,1.0,1.0,1.0,1.0,1.0,1.0,1.0,0.5,0.5,0.5,0.0,1.0,0.0,0.0,0.5,0.0,0.5,1.0,0.0,1.0,1.0,0.8,1.0,0.8,0.4,1.0,0.2,0.2,0.2,1.0,1.0,0.2,0.6,0.4,0.4,1.0,1.0,1.0,1.0,0.4,0.6,0.4,0.6,1.0,1.0,1.0,0.2,0.2,0.2,0.2,0.4,0.2,0.2,0.2,0.2,0.2,0.8,0.2,0.2,0.2,0.2,0.2,0.6,0.6,0.6,0.6,1.0,1.0,0.8,0.4,1.0,1.0,1.0,1.0,0.6,0.6,1.0,1.0,1.0,1.0,0.6,0.6,0.2,0.4,0.4,0.4,0.4,0.4,0.4,0.4,0.8,0.4,0.6,0.6,1.0,0.6,1.0,0.6,0.8,1.0,0.6,1.0,1.0,1.0,1.0,1.0,0.6,1.0,0.6,1.0,1.0,0.8,0.4,0.6,0.6,0.6,0.4,0.6,0.2,0.4,0.4,0.4,0.8,0.6,117.0,25.0,158.0,31.0,24.0,18.0,20.0,12.0,29.0,37.0,38.0,46.0,32.0,95.0,53.0,3.0,,,,,,,,,4.0,,5.0,,1.0,2.0,7.0,,,6.0,5.0,,,8.0,,4.0,,1.0,,2.0,3.0,7.0,10.0,9.0,8.0,5.0,6.0,,,,,,4.0,1.0,2.0,3.0,5.0,6.0,10.0,7.0,8.0,9.0,,,,,1.0,,2.0,3.0,4.0,9.0,8.0,10.0,,6.0,7.0,4.0,11.0,12.0,,1.0,3.0,2.0,,5.0,6.0,4.0,,,,,,,,,,5.0,1.0,2.0,3.0,,1.0,2.0,8.0,4.0,3.0,5.0,,6.0,7.0,,,,,9.0,,1.0,7.0,3.0,6.0,5.0,9.0,10.0,4.0,2.0,,,,,8.0,1.0,57.0,336.0,615.0,52.0,240.0,100.0,0.25,9.0,0.38,0.5,1.0,[1.0],['half a cup of instant coffee'],[0.0],[nan],"['No', nan]","[nan, nan]",[-0.5],[nan],"['No', nan]","[nan, nan]",[nan],"['The furniture/fixtures/objects in the room, The location of furniture/fixtures/objects, The items you picked up']","[1.0, 1.0, 1.0, 1.0, nan, nan, nan, 'Visualising the room layout']",[nan],['Visualising the room layout'],['Unsure'],"['Yes, visual imagery']",[nan]
A030,2,1.0,1.0,1.0,1.0,1.0,1.0,1.0,1.0,1.0,0.0,1.0,0.0,1.0,1.0,1.0,0.0,1.0,1.0,1.0,1.0,0.0,0.0,1.0,0.0,1.0,1.0,1.0,1.0,1.0,0.5,1.0,0.0,0.0,1.0,1.0,0.25,1.0,0.5,1.0,0.0,1.0,0.0,0.0,0.5,1.0,0.0,0.0,0.0,1.0,1.0,1.0,1.0,1.0,1.0,1.0,1.0,1.0,1.0,1.0,1.0,1.0,0.5,0.0,1.0,0.0,1.0,1.0,0.5,0.5,0.0,1.0,0.5,0.0,1.0,0.0,1.0,0.0,1.0,1.0,1.0,1.0,1.0,1.0,1.0,1.0,1.0,1.0,1.0,1.0,1.0,1.0,0.5,1.0,0.0,0.0,1.0,0.5,1.0,1.0,0.5,1.0,0.0,1.0,0.0,0.0,0.8,0.8,0.8,0.8,1.0,0.8,0.8,1.0,0.6,0.4,1.0,0.6,1.0,1.0,0.6,0.6,1.0,1.0,1.0,1.0,0.4,0.4,1.0,0.4,1.0,1.0,1.0,1.0,1.0,1.0,0.4,0.4,0.2,0.6,0.6,0.6,0.6,0.4,1.0,0.2,0.2,0.2,0.2,0.6,1.0,0.6,0.6,0.6,1.0,1.0,1.0,1.0,1.0,0.4,1.0,1.0,0.6,1.0,1.0,0.4,1.0,0.4,0.6,0.6,0.2,0.4,0.8,0.2,0.2,0.6,1.0,0.2,1.0,0.6,0.8,0.8,0.8,0.6,0.6,0.8,1.0,1.0,1.0,1.0,1.0,1.0,1.0,1.0,1.0,1.0,1.0,0.6,1.0,0.2,0.8,0.6,0.6,0.6,1.0,0.2,0.2,0.8,1.0,0.2,0.4,117.0,25.0,158.0,31.0,24.0,18.0,20.0,12.0,29.0,37.0,38.0,46.0,32.0,95.0,53.0,3.0,,,,,,,,,4.0,,5.0,,1.0,2.0,7.0,,,6.0,5.0,,,8.0,,4.0,,1.0,,2.0,3.0,7.0,10.0,9.0,8.0,5.0,6.0,,,,,,4.0,1.0,2.0,3.0,5.0,6.0,10.0,7.0,8.0,9.0,,,,,1.0,,2.0,3.0,4.0,9.0,8.0,10.0,,6.0,7.0,4.0,11.0,12.0,,1.0,3.0,2.0,,5.0,6.0,4.0,,,,,,,,,,5.0,1.0,2.0,3.0,,1.0,2.0,8.0,4.0,3.0,5.0,,6.0,7.0,,,,,9.0,,1.0,7.0,3.0,6.0,5.0,9.0,10.0,4.0,2.0,,,,,8.0,32.95,62.0,510.5,545.0,46.0,226.0,99.0,0.62,11.0,0.38,0.5,0.0,[1.0],['1 regular cup of iced latte.'],[0.0],[nan],"['No', 'Yes']","[nan, ""Previous test questions made me think about what I've done in other rooms, in this case, the bedroom when I was on my way to work or not doing anything.""]",[-0.5],[0.5],"['No', 'Yes']","[nan, ""Previous test questions made me think about what I've done in other rooms, in this case, the bedroom when I was on my way to work or not doing anything.""]",[0.5],"['The furniture/fixtures/objects in the room, The location of furniture/fixtures/objects, The items you picked up']","[1.0, 1.0, 0.8, 1.0, nan, nan, nan, 'Visualising the room layout']",[nan],['Visualising the room layout'],['Unsure'],"['Yes, visual imagery']",[nan]
A030,3,1.0,0.0,1.0,1.0,1.0,0.0,0.0,1.0,0.0,1.0,0.0,0.0,0.0,0.0,0.0,0.0,1.0,1.0,1.0,1.0,1.0,0.5,0.0,1.0,1.0,1.0,0.0,1.0,0.5,1.0,0.5,0.0,0.0,0.5,0.0,0.0,0.5,0.0,1.0,0.5,1.0,1.0,0.0,0.5,1.0,0.0,0.5,0.0,1.0,1.0,0.0,1.0,1.0,1.0,1.0,1.0,0.5,1.0,1.0,1.0,0.25,0.0,1.0,0.5,0.0,1.0,1.0,0.0,0.0,0.0,0.5,1.0,0.0,0.5,0.5,0.0,0.0,1.0,0.0,1.0,1.0,1.0,1.0,1.0,1.0,1.0,1.0,1.0,1.0,1.0,1.0,0.5,1.0,0.25,1.0,1.0,0.0,1.0,0.5,0.0,0.0,0.5,0.5,1.0,0.0,1.0,0.6,1.0,1.0,1.0,0.4,0.4,1.0,0.2,1.0,0.2,0.2,0.2,0.8,0.4,0.4,1.0,1.0,1.0,1.0,0.6,0.4,0.4,0.4,1.0,1.0,0.2,1.0,0.6,0.2,0.4,0.4,0.2,0.4,1.0,0.2,1.0,0.6,0.2,0.2,0.2,0.2,0.2,0.6,0.4,0.4,0.6,0.8,1.0,1.0,0.4,1.0,1.0,0.6,1.0,1.0,0.2,1.0,0.8,0.4,0.6,0.4,0.2,0.4,0.4,0.8,0.4,0.8,0.2,0.2,0.2,0.2,0.2,0.6,0.4,0.4,0.4,0.6,0.2,0.8,1.0,1.0,1.0,1.0,1.0,1.0,1.0,1.0,0.6,0.8,0.6,0.4,0.6,0.4,0.6,0.4,0.4,0.8,0.4,0.6,0.2,0.6,0.2,0.2,0.2,117.0,25.0,158.0,31.0,24.0,18.0,20.0,12.0,29.0,37.0,38.0,46.0,32.0,95.0,53.0,3.0,,,,,,,,,4.0,,5.0,,1.0,2.0,7.0,,,6.0,5.0,,,8.0,,4.0,,1.0,,2.0,3.0,7.0,10.0,9.0,8.0,5.0,6.0,,,,,,4.0,1.0,2.0,3.0,5.0,6.0,10.0,7.0,8.0,9.0,,,,,1.0,,2.0,3.0,4.0,9.0,8.0,10.0,,6.0,7.0,4.0,11.0,12.0,,1.0,3.0,2.0,,5.0,6.0,4.0,,,,,,,,,,5.0,1.0,2.0,3.0,,1.0,2.0,8.0,4.0,3.0,5.0,,6.0,7.0,,,,,9.0,,1.0,7.0,3.0,6.0,5.0,9.0,10.0,4.0,2.0,,,,,8.0,71.93,36.0,685.0,1360.0,35.0,281.0,126.0,0.25,9.0,0.38,0.0,1.0,[0.0],[nan],[0.0],[nan],"['No', 'Yes']","[nan, 'I can eliminate things that has been picked up from other tests.']",[-1.0],[-1.0],"['No', 'Yes']","[nan, 'I can eliminate things that has been picked up from other tests.']",[0.25],"['The furniture/fixtures/objects in the room, The location of furniture/fixtures/objects']","[1.0, 1.0, 1.0, 1.0, nan, nan, nan, 'Visualising the room layout']",[nan],['Visualising the room layout'],['No'],"['Yes, visual imagery']",[nan]
A030,4,1.0,1.0,1.0,1.0,0.0,0.0,0.0,0.0,1.0,1.0,0.0,0.0,1.0,1.0,0.0,1.0,1.0,1.0,1.0,1.0,1.0,1.0,0.0,1.0,0.5,0.0,1.0,1.0,1.0,1.0,1.0,0.5,1.0,0.5,0.5,0.0,0.0,0.0,0.0,0.5,0.0,0.0,0.5,0.0,0.0,0.5,0.0,0.5,1.0,1.0,1.0,1.0,0.0,1.0,1.0,1.0,1.0,1.0,1.0,1.0,1.0,0.25,0.0,1.0,0.5,0.0,0.5,0.5,0.0,0.5,0.0,1.0,1.0,0.0,0.0,1.0,0.0,1.0,1.0,1.0,1.0,1.0,1.0,1.0,1.0,1.0,1.0,1.0,1.0,1.0,1.0,1.0,1.0,1.0,0.5,1.0,1.0,0.0,0.0,0.5,0.0,0.0,0.0,0.0,0.5,0.8,0.4,1.0,0.6,0.4,0.2,0.4,0.6,1.0,1.0,0.2,0.4,0.4,0.6,0.4,0.4,1.0,1.0,1.0,1.0,0.8,0.8,0.4,0.4,0.4,1.0,1.0,1.0,1.0,0.8,0.2,0.4,0.4,0.2,0.2,0.4,0.6,0.2,0.2,0.2,0.2,0.2,0.2,0.6,0.6,0.6,0.6,0.6,1.0,1.0,1.0,1.0,0.6,1.0,1.0,1.0,1.0,1.0,0.6,1.0,1.0,0.4,0.4,0.4,0.4,0.4,0.2,0.2,0.4,0.2,0.2,0.2,0.2,0.6,0.4,0.4,0.4,0.6,0.6,0.8,0.2,1.0,1.0,0.6,1.0,1.0,0.8,1.0,1.0,1.0,0.4,1.0,1.0,0.2,0.4,0.6,0.4,0.4,0.4,0.2,0.4,0.4,0.4,0.6,0.4,117.0,25.0,158.0,31.0,24.0,18.0,20.0,12.0,29.0,37.0,38.0,46.0,32.0,95.0,53.0,3.0,,,,,,,,,4.0,,5.0,,1.0,2.0,7.0,,,6.0,5.0,,,8.0,,4.0,,1.0,,2.0,3.0,7.0,10.0,9.0,8.0,5.0,6.0,,,,,,4.0,1.0,2.0,3.0,5.0,6.0,10.0,7.0,8.0,9.0,,,,,1.0,,2.0,3.0,4.0,9.0,8.0,10.0,,6.0,7.0,4.0,11.0,12.0,,1.0,3.0,2.0,,5.0,6.0,4.0,,,,,,,,,,5.0,1.0,2.0,3.0,,1.0,2.0,8.0,4.0,3.0,5.0,,6.0,7.0,,,,,9.0,,1.0,7.0,3.0,6.0,5.0,9.0,10.0,4.0,2.0,,,,,8.0,150.46,32.0,510.5,678.0,35.0,229.0,97.0,0.6,7.0,0.29,0.0,-0.5,[0.0],[nan],[0.0],[nan],"['No', 'Yes']","[nan, ""I had some items in mind that would've appeared in previous tests, so I can eliminate the choice for the kitchen test.""]",[-0.5],[-0.5],"['No', 'Yes']","[nan, ""I had some items in mind that would've appeared in previous tests, so I can eliminate the choice for the kitchen test.""]",[0.25],"['The furniture/fixtures/objects in the room, The location of furniture/fixtures/objects']","[1.0, 1.0, 0.8, 1.0, nan, nan, nan, 'Visualising the room layout']",[nan],['Visualising the room layout'],['No'],"['Yes, visual imagery']","[""Thank you very much for having me as a participant. I'm more than happy to help out in more of the research if needed. All the best!""]"
A031,1,1.0,1.0,1.0,1.0,1.0,1.0,1.0,1.0,1.0,1.0,1.0,1.0,1.0,1.0,0.0,1.0,1.0,1.0,1.0,1.0,1.0,1.0,1.0,1.0,1.0,1.0,1.0,0.25,1.0,1.0,1.0,0.5,1.0,0.25,1.0,1.0,0.25,0.5,1.0,1.0,0.0,0.5,1.0,0.0,1.0,0.0,0.0,0.0,1.0,1.0,1.0,1.0,1.0,1.0,1.0,1.0,1.0,0.25,1.0,1.0,1.0,0.5,1.0,0.25,1.0,1.0,1.0,0.5,1.0,1.0,0.0,0.0,1.0,0.5,1.0,1.0,1.0,1.0,1.0,1.0,1.0,1.0,1.0,1.0,1.0,0.0,1.0,1.0,1.0,1.0,1.0,1.0,1.0,0.5,1.0,1.0,1.0,1.0,1.0,0.5,1.0,1.0,0.0,0.0,1.0,1.0,1.0,1.0,1.0,1.0,1.0,1.0,1.0,1.0,1.0,1.0,1.0,1.0,1.0,1.0,1.0,1.0,1.0,1.0,1.0,1.0,1.0,0.6,0.6,1.0,1.0,1.0,1.0,1.0,1.0,0.6,1.0,1.0,1.0,1.0,1.0,1.0,0.6,1.0,1.0,0.6,0.4,0.8,0.6,1.0,0.6,0.8,0.8,1.0,1.0,1.0,1.0,1.0,1.0,1.0,1.0,0.8,1.0,1.0,1.0,0.8,0.6,1.0,1.0,1.0,1.0,1.0,0.4,0.6,1.0,0.8,0.4,0.4,1.0,1.0,1.0,0.8,1.0,0.8,1.0,1.0,1.0,1.0,1.0,1.0,0.8,1.0,1.0,1.0,0.8,1.0,1.0,0.8,0.6,1.0,1.0,1.0,1.0,1.0,0.6,0.6,0.8,0.6,0.6,0.6,73.0,26.0,300.0,50.0,37.0,25.0,20.0,21.0,32.0,26.0,47.0,41.0,20.0,28.0,40.0,4.0,,,,5.0,,,,,3.0,6.0,,,2.0,1.0,8.0,9.0,,6.0,,,,7.0,4.0,5.0,3.0,2.0,,1.0,,8.0,11.0,12.0,10.0,5.0,6.0,9.0,,7.0,4.0,,3.0,,2.0,1.0,6.0,8.0,,7.0,4.0,,9.0,5.0,10.0,11.0,12.0,3.0,,1.0,2.0,9.0,10.0,7.0,,8.0,,11.0,3.0,2.0,,4.0,5.0,1.0,,6.0,5.0,4.0,2.0,,,,,3.0,,,,,,,1.0,3.0,4.0,1.0,6.0,2.0,,,7.0,5.0,,,,,8.0,,1.0,2.0,3.0,7.0,4.0,,,9.0,6.0,5.0,,,,8.0,,1.0,64.0,214.0,484.0,84.0,293.0,60.0,0.11,9.0,0.38,1.0,0.5,[0.0],[nan],[0.0],[nan],"['No', 'Yes']","[nan, 'know what to pay attention for']",[0.0],[0.5],"['No', 'Yes']","[nan, 'know what to pay attention for']",[0.25],['The items you picked up'],"[1.0, 1.0, 1.0, 1.0, nan, nan, nan, 'Associating items with personal experiences']",[nan],['Associating items with their surroundings'],['No'],"['No, I did not apply any mnemonic techniques']",[nan]
A031,2,1.0,1.0,1.0,1.0,1.0,1.0,1.0,1.0,1.0,0.0,0.0,0.0,0.0,1.0,0.0,0.0,1.0,1.0,1.0,1.0,1.0,0.0,0.0,1.0,1.0,0.5,1.0,0.5,1.0,0.0,0.0,1.0,0.5,0.25,1.0,1.0,0.5,0.0,0.0,0.5,0.0,0.0,0.0,0.5,1.0,1.0,1.0,0.5,1.0,1.0,1.0,1.0,1.0,1.0,1.0,1.0,1.0,1.0,1.0,0.25,1.0,1.0,0.25,0.0,1.0,0.0,0.0,0.0,0.0,1.0,0.5,0.0,0.0,1.0,0.0,0.0,1.0,0.0,0.0,1.0,1.0,1.0,1.0,1.0,1.0,1.0,1.0,1.0,1.0,1.0,1.0,0.25,1.0,1.0,0.25,0.0,1.0,0.0,0.0,0.0,0.0,1.0,0.0,0.0,0.0,1.0,1.0,1.0,0.6,1.0,1.0,1.0,1.0,0.2,1.0,1.0,0.2,0.2,1.0,0.6,0.8,0.8,1.0,1.0,1.0,1.0,0.6,0.4,0.4,1.0,0.2,0.2,1.0,1.0,0.2,0.2,1.0,0.2,1.0,1.0,0.2,0.2,0.2,0.2,0.4,0.4,0.2,0.2,0.6,1.0,0.6,0.6,0.6,1.0,1.0,1.0,1.0,1.0,1.0,1.0,0.4,1.0,1.0,1.0,1.0,1.0,1.0,0.2,0.2,1.0,0.2,1.0,0.2,0.2,0.2,0.2,0.2,0.4,0.8,0.2,0.6,0.2,1.0,0.6,1.0,1.0,1.0,1.0,1.0,1.0,1.0,1.0,0.4,1.0,0.8,1.0,1.0,1.0,1.0,0.2,0.2,1.0,0.2,0.8,0.2,0.2,0.2,0.4,0.2,1.0,73.0,26.0,300.0,50.0,37.0,25.0,20.0,21.0,32.0,26.0,47.0,41.0,20.0,28.0,40.0,4.0,,,,5.0,,,,,3.0,6.0,,,2.0,1.0,8.0,9.0,,6.0,,,,7.0,4.0,5.0,3.0,2.0,,1.0,,8.0,11.0,12.0,10.0,5.0,6.0,9.0,,7.0,4.0,,3.0,,2.0,1.0,6.0,8.0,,7.0,4.0,,9.0,5.0,10.0,11.0,12.0,3.0,,1.0,2.0,9.0,10.0,7.0,,8.0,,11.0,3.0,2.0,,4.0,5.0,1.0,,6.0,5.0,4.0,2.0,,,,,3.0,,,,,,,1.0,3.0,4.0,1.0,6.0,2.0,,,7.0,5.0,,,,,8.0,,1.0,2.0,3.0,7.0,4.0,,,9.0,6.0,5.0,,,,8.0,,32.41,31.0,349.0,1073.0,58.0,301.0,245.0,0.54,8.0,0.29,0.0,-0.5,[0.0],[nan],[0.0],[nan],"['No', 'Yes']","[nan, 'Hola']",[-0.5],[-0.5],"['No', 'Yes']","[nan, 'Hola']",[0.0],['The order you completed items and tasks'],"[1.0, 1.0, 1.0, 0.8, nan, nan, nan, 'Visualising the room layout']",[nan],['Visualising the room layout'],['No'],"['No, I did not apply any mnemonic techniques']",[nan]
A031,3,1.0,1.0,1.0,1.0,1.0,1.0,1.0,0.0,1.0,1.0,1.0,0.0,0.0,1.0,1.0,0.0,1.0,1.0,1.0,1.0,1.0,1.0,1.0,0.0,1.0,1.0,1.0,0.0,1.0,0.25,0.5,0.5,0.0,0.0,0.5,0.5,0.0,0.0,0.5,0.0,0.5,0.0,0.0,0.0,1.0,0.5,0.0,0.5,1.0,1.0,1.0,1.0,1.0,0.0,1.0,1.0,1.0,0.0,1.0,0.0,1.0,1.0,0.0,0.0,0.5,0.0,1.0,1.0,0.5,0.0,0.5,1.0,0.5,1.0,1.0,0.0,0.0,1.0,0.0,1.0,1.0,1.0,1.0,1.0,1.0,1.0,1.0,1.0,1.0,0.0,1.0,0.0,1.0,1.0,0.0,0.0,0.5,0.5,0.0,1.0,0.5,0.0,0.0,0.5,0.0,0.8,0.8,1.0,1.0,0.2,0.8,1.0,0.6,1.0,1.0,1.0,0.2,0.8,0.4,0.4,0.4,0.8,0.8,0.8,1.0,0.8,0.8,0.4,0.4,0.8,1.0,0.6,0.2,0.4,0.6,0.4,0.2,0.2,0.2,0.4,0.2,0.8,0.8,0.2,0.2,0.2,0.2,0.2,0.6,1.0,1.0,0.6,0.8,1.0,0.6,1.0,1.0,1.0,0.6,0.4,0.6,1.0,0.8,0.6,0.2,0.2,0.4,0.2,0.8,0.4,0.2,0.2,0.2,0.8,0.4,0.4,0.2,0.2,0.6,0.6,0.6,0.2,0.6,0.2,0.8,0.8,1.0,1.0,1.0,1.0,1.0,1.0,0.8,1.0,1.0,0.8,0.2,0.2,0.8,0.2,1.0,0.4,0.2,0.2,0.2,0.8,0.4,0.2,0.2,0.2,73.0,26.0,300.0,50.0,37.0,25.0,20.0,21.0,32.0,26.0,47.0,41.0,20.0,28.0,40.0,4.0,,,,5.0,,,,,3.0,6.0,,,2.0,1.0,8.0,9.0,,6.0,,,,7.0,4.0,5.0,3.0,2.0,,1.0,,8.0,11.0,12.0,10.0,5.0,6.0,9.0,,7.0,4.0,,3.0,,2.0,1.0,6.0,8.0,,7.0,4.0,,9.0,5.0,10.0,11.0,12.0,3.0,,1.0,2.0,9.0,10.0,7.0,,8.0,,11.0,3.0,2.0,,4.0,5.0,1.0,,6.0,5.0,4.0,2.0,,,,,3.0,,,,,,,1.0,3.0,4.0,1.0,6.0,2.0,,,7.0,5.0,,,,,8.0,,1.0,2.0,3.0,7.0,4.0,,,9.0,6.0,5.0,,,,8.0,,71.56,16.0,510.0,951.0,46.0,346.0,164.0,0.17,8.0,0.29,0.0,0.0,[0.0],[nan],[0.0],[nan],"['No', 'No']","[nan, 'My brain is kaput']",[-1.0],[-0.5],"['No', 'No']","[nan, 'My brain is kaput']",[0.0],['The items you picked up'],"[1.0, 1.0, 0.8, 0.8, nan, nan, nan, 'No specific strategy']",[nan],['No specific strategy'],['No'],"['No, I did not apply any mnemonic techniques']",[nan]
A031,4,1.0,1.0,1.0,1.0,1.0,1.0,1.0,0.0,1.0,0.0,1.0,0.0,0.0,1.0,0.0,1.0,1.0,1.0,1.0,1.0,0.0,0.0,1.0,0.0,1.0,0.0,0.25,0.5,1.0,1.0,1.0,0.5,0.0,0.0,0.5,0.5,1.0,1.0,0.0,0.0,0.0,0.5,0.5,0.0,1.0,0.0,0.5,0.0,1.0,1.0,1.0,0.0,1.0,1.0,0.0,0.0,0.5,0.25,1.0,0.0,0.0,0.5,0.0,1.0,0.5,0.0,0.5,0.5,0.0,1.0,0.0,0.5,0.0,0.0,0.0,0.0,0.0,1.0,1.0,1.0,1.0,1.0,1.0,1.0,1.0,1.0,1.0,1.0,0.5,1.0,1.0,0.0,0.0,0.5,0.0,0.5,1.0,0.0,0.25,0.5,0.0,0.5,1.0,0.0,0.5,0.8,0.6,0.8,0.8,0.4,1.0,0.4,0.4,0.8,0.2,0.6,0.2,0.2,1.0,0.4,0.8,1.0,1.0,1.0,1.0,0.4,0.4,0.2,0.2,0.6,0.2,0.2,0.2,0.6,0.2,0.2,0.4,0.2,0.2,0.2,0.2,0.2,0.2,0.2,0.2,0.2,0.2,0.2,0.8,1.0,0.8,0.8,0.8,1.0,0.4,0.8,0.6,0.8,0.6,0.2,0.4,0.4,0.2,0.8,0.4,0.2,0.4,0.6,0.2,0.2,0.4,0.2,0.2,0.2,0.2,0.2,0.8,0.2,0.4,0.4,0.6,0.2,1.0,0.4,0.8,0.6,0.8,1.0,1.0,1.0,0.8,0.6,0.4,0.4,1.0,1.0,0.6,0.2,1.0,0.6,1.0,0.4,0.2,0.2,0.2,0.2,0.2,0.2,0.2,0.2,73.0,26.0,300.0,50.0,37.0,25.0,20.0,21.0,32.0,26.0,47.0,41.0,20.0,28.0,40.0,4.0,,,,5.0,,,,,3.0,6.0,,,2.0,1.0,8.0,9.0,,6.0,,,,7.0,4.0,5.0,3.0,2.0,,1.0,,8.0,11.0,12.0,10.0,5.0,6.0,9.0,,7.0,4.0,,3.0,,2.0,1.0,6.0,8.0,,7.0,4.0,,9.0,5.0,10.0,11.0,12.0,3.0,,1.0,2.0,9.0,10.0,7.0,,8.0,,11.0,3.0,2.0,,4.0,5.0,1.0,,6.0,5.0,4.0,2.0,,,,,3.0,,,,,,,1.0,3.0,4.0,1.0,6.0,2.0,,,7.0,5.0,,,,,8.0,,1.0,2.0,3.0,7.0,4.0,,,9.0,6.0,5.0,,,,8.0,,143.85,25.0,248.0,428.0,55.0,323.0,69.0,0.14,8.0,0.33,0.0,0.0,[0.0],[nan],[0.0],[nan],"['No', 'No']","[nan, 'No help.']",[-1.0],[-1.0],"['No', 'No']","[nan, 'No help.']",[0.25],"['The furniture/fixtures/objects in the room, The location of furniture/fixtures/objects']","[1.0, 1.0, 0.8, 1.0, nan, nan, nan, 'No specific strategy']",[nan],['No specific strategy'],['No'],"['No, I did not apply any mnemonic techniques']",[nan]
A032,1,1.0,1.0,1.0,1.0,0.0,1.0,0.5,1.0,1.0,0.0,1.0,0.0,1.0,1.0,1.0,1.0,1.0,1.0,1.0,1.0,1.0,1.0,1.0,0.0,1.0,1.0,1.0,0.0,1.0,1.0,1.0,0.5,0.0,0.0,1.0,0.5,0.0,1.0,0.5,0.0,0.5,0.0,0.0,0.0,0.0,0.5,0.0,0.0,1.0,1.0,1.0,1.0,1.0,1.0,1.0,1.0,1.0,1.0,0.5,1.0,1.0,0.5,0.0,0.5,1.0,0.0,0.0,1.0,0.0,0.0,0.5,0.5,1.0,0.0,0.5,1.0,1.0,1.0,1.0,1.0,1.0,1.0,1.0,1.0,0.0,1.0,1.0,1.0,1.0,1.0,1.0,1.0,1.0,0.5,0.0,0.5,1.0,0.0,0.0,1.0,0.0,0.5,0.5,0.5,0.5,0.8,0.8,0.8,0.8,0.8,1.0,0.2,0.4,1.0,0.2,1.0,0.2,0.4,0.8,0.6,0.6,1.0,1.0,0.8,1.0,0.4,0.2,1.0,0.2,0.8,1.0,0.6,1.0,1.0,1.0,0.2,1.0,1.0,0.6,0.2,0.2,0.2,0.4,0.2,0.2,0.2,0.2,0.2,0.8,0.6,0.6,0.8,0.6,1.0,1.0,1.0,1.0,1.0,0.4,1.0,1.0,1.0,1.0,0.2,1.0,1.0,1.0,0.2,0.6,0.6,0.2,0.4,1.0,0.2,0.4,0.2,0.2,0.2,0.6,1.0,0.4,0.4,1.0,1.0,1.0,1.0,1.0,1.0,1.0,1.0,1.0,1.0,1.0,1.0,1.0,0.4,1.0,1.0,1.0,0.2,1.0,1.0,0.2,0.2,1.0,0.2,0.4,0.2,0.2,0.2,87.0,30.0,710.0,61.0,34.0,41.0,25.0,56.0,58.0,65.0,62.0,58.0,33.0,63.0,67.0,7.0,,,,6.0,5.0,4.0,,,1.0,,,,2.0,3.0,,3.0,,6.0,,7.0,4.0,,8.0,5.0,9.0,,,1.0,2.0,8.0,6.0,7.0,9.0,12.0,10.0,5.0,,,,11.0,1.0,4.0,2.0,3.0,7.0,8.0,12.0,9.0,11.0,10.0,6.0,,4.0,,5.0,13.0,3.0,1.0,2.0,,9.0,10.0,12.0,11.0,13.0,5.0,8.0,6.0,7.0,14.0,1.0,4.0,2.0,3.0,,6.0,,,,,,,5.0,7.0,,4.0,1.0,2.0,3.0,,2.0,3.0,4.0,5.0,6.0,1.0,7.0,10.0,8.0,9.0,13.0,11.0,14.0,12.0,15.0,2.0,3.0,4.0,5.0,6.0,1.0,7.0,11.0,8.0,12.0,9.0,14.0,13.0,10.0,1.0,39.0,578.0,817.0,89.0,317.0,169.0,0.29,7.0,0.33,0.0,0.0,[0.0],[nan],[0.0],[nan],"['No', nan]","[nan, nan]",[-0.5],[nan],"['No', nan]","[nan, nan]",[nan],"['The furniture/fixtures/objects in the room, The location of furniture/fixtures/objects, The items you picked up']","[1.0, 1.0, 0.8, 1.0, nan, nan, nan, 'Visualising the room layout, Associating items with personal experiences']",[nan],['Visualising the room layout'],['No'],"['No, I did not apply any mnemonic techniques']",[nan]
A032,2,1.0,1.0,1.0,1.0,1.0,0.0,1.0,1.0,1.0,1.0,1.0,0.0,0.0,1.0,0.0,1.0,1.0,1.0,1.0,1.0,0.0,0.0,0.0,1.0,1.0,0.0,1.0,0.5,1.0,0.0,0.0,0.5,0.5,1.0,0.0,0.5,0.0,0.0,0.5,0.0,0.0,0.0,0.0,0.5,1.0,0.0,1.0,0.0,1.0,1.0,1.0,1.0,1.0,0.0,1.0,0.0,1.0,1.0,1.0,0.25,1.0,0.25,0.5,1.0,0.0,0.0,0.0,0.0,0.0,1.0,0.5,0.0,0.0,0.0,1.0,1.0,1.0,1.0,1.0,0.0,1.0,1.0,1.0,0.0,1.0,1.0,1.0,0.0,1.0,1.0,1.0,0.25,0.5,0.0,0.5,1.0,0.0,0.0,0.0,0.0,0.0,1.0,0.5,0.0,0.0,1.0,1.0,0.4,1.0,1.0,1.0,0.6,0.4,1.0,1.0,1.0,0.2,0.2,0.6,0.6,1.0,1.0,1.0,0.6,1.0,0.6,1.0,1.0,0.6,1.0,0.2,1.0,1.0,0.2,1.0,0.2,1.0,0.2,0.2,0.2,0.2,0.2,0.2,0.2,0.2,0.2,0.2,0.2,1.0,0.2,0.4,0.4,0.6,1.0,0.6,1.0,1.0,0.2,0.2,1.0,0.2,1.0,0.2,1.0,0.2,0.2,0.2,0.2,1.0,0.2,0.2,0.2,0.2,0.2,0.2,0.2,0.2,0.2,0.2,0.6,0.8,0.8,1.0,0.8,0.6,1.0,1.0,1.0,0.6,1.0,0.4,1.0,0.2,1.0,0.2,1.0,1.0,0.2,0.2,0.2,1.0,0.2,0.2,0.2,0.2,0.2,0.2,0.2,0.2,0.2,87.0,30.0,710.0,61.0,34.0,41.0,25.0,56.0,58.0,65.0,62.0,58.0,33.0,63.0,67.0,7.0,,,,6.0,5.0,4.0,,,1.0,,,,2.0,3.0,,3.0,,6.0,,7.0,4.0,,8.0,5.0,9.0,,,1.0,2.0,8.0,6.0,7.0,9.0,12.0,10.0,5.0,,,,11.0,1.0,4.0,2.0,3.0,7.0,8.0,12.0,9.0,11.0,10.0,6.0,,4.0,,5.0,13.0,3.0,1.0,2.0,,9.0,10.0,12.0,11.0,13.0,5.0,8.0,6.0,7.0,14.0,1.0,4.0,2.0,3.0,,6.0,,,,,,,5.0,7.0,,4.0,1.0,2.0,3.0,,2.0,3.0,4.0,5.0,6.0,1.0,7.0,10.0,8.0,9.0,13.0,11.0,14.0,12.0,15.0,2.0,3.0,4.0,5.0,6.0,1.0,7.0,11.0,8.0,12.0,9.0,14.0,13.0,10.0,57.18,27.0,499.0,632.0,53.0,253.0,155.0,0.63,7.0,0.38,0.0,0.5,[0.0],[nan],[0.0],[nan],"['No', 'Yes']","[nan, 'structure, type of questions']",[-0.5],[-0.5],"['No', 'Yes']","[nan, 'structure, type of questions']",[0.25],['The items you picked up'],"[1.0, 1.0, 1.0, 1.0, nan, nan, nan, 'Visualising the room layout']",[nan],['No specific strategy'],['No'],"['No, I did not apply any mnemonic techniques']",[nan]
A032,3,1.0,1.0,1.0,1.0,0.0,1.0,1.0,1.0,0.0,1.0,1.0,0.0,1.0,1.0,1.0,0.0,1.0,1.0,1.0,1.0,0.0,0.0,1.0,1.0,1.0,1.0,0.0,1.0,1.0,0.25,1.0,1.0,0.0,1.0,0.5,0.5,1.0,0.5,1.0,0.5,1.0,1.0,0.0,0.0,0.5,0.0,1.0,0.5,1.0,1.0,1.0,1.0,1.0,1.0,1.0,1.0,0.0,1.0,1.0,0.0,1.0,0.0,0.5,0.5,0.5,0.0,1.0,1.0,0.5,0.5,1.0,1.0,0.5,0.0,0.0,1.0,1.0,1.0,1.0,1.0,1.0,1.0,1.0,1.0,1.0,1.0,1.0,1.0,0.0,1.0,1.0,0.0,1.0,1.0,0.0,1.0,0.5,0.0,1.0,1.0,0.5,0.0,1.0,0.0,0.5,1.0,1.0,1.0,0.6,1.0,1.0,0.4,0.2,0.2,0.6,1.0,0.2,1.0,1.0,1.0,0.2,1.0,1.0,0.2,0.2,0.2,0.6,1.0,0.2,1.0,1.0,1.0,0.2,1.0,0.2,0.2,0.4,1.0,0.2,0.2,0.2,0.2,1.0,0.2,0.2,0.2,0.2,0.2,0.6,0.6,0.4,0.4,1.0,1.0,1.0,0.6,1.0,1.0,0.6,1.0,1.0,0.2,1.0,1.0,0.2,1.0,0.2,0.2,0.2,0.2,0.4,1.0,0.2,0.2,0.2,1.0,0.2,0.2,0.2,0.2,0.2,0.2,1.0,1.0,1.0,1.0,1.0,1.0,1.0,1.0,0.6,1.0,0.6,0.2,1.0,1.0,0.4,1.0,0.2,0.2,0.4,0.4,0.4,1.0,0.2,0.2,0.2,1.0,0.2,0.2,87.0,30.0,710.0,61.0,34.0,41.0,25.0,56.0,58.0,65.0,62.0,58.0,33.0,63.0,67.0,7.0,,,,6.0,5.0,4.0,,,1.0,,,,2.0,3.0,,3.0,,6.0,,7.0,4.0,,8.0,5.0,9.0,,,1.0,2.0,8.0,6.0,7.0,9.0,12.0,10.0,5.0,,,,11.0,1.0,4.0,2.0,3.0,7.0,8.0,12.0,9.0,11.0,10.0,6.0,,4.0,,5.0,13.0,3.0,1.0,2.0,,9.0,10.0,12.0,11.0,13.0,5.0,8.0,6.0,7.0,14.0,1.0,4.0,2.0,3.0,,6.0,,,,,,,5.0,7.0,,4.0,1.0,2.0,3.0,,2.0,3.0,4.0,5.0,6.0,1.0,7.0,10.0,8.0,9.0,13.0,11.0,14.0,12.0,15.0,2.0,3.0,4.0,5.0,6.0,1.0,7.0,11.0,8.0,12.0,9.0,14.0,13.0,10.0,80.16,18.0,257.0,360.0,47.0,342.0,128.0,0.67,8.0,0.29,0.0,-0.5,[0.0],[nan],[0.0],[nan],"['No', 'Yes']","[nan, 'structure of questions']",[-0.5],[0.0],"['No', 'Yes']","[nan, 'structure of questions']",[0.25],"['The furniture/fixtures/objects in the room, The location of furniture/fixtures/objects, The items you picked up']","[1.0, 1.0, 1.0, 1.0, nan, nan, nan, 'Visualising the room layout']",[nan],"['Visualising the room layout, Associating items with personal experiences']",['No'],"['No, I did not apply any mnemonic techniques']",[nan]
A032,4,1.0,1.0,1.0,1.0,1.0,1.0,1.0,1.0,0.0,1.0,1.0,1.0,1.0,1.0,0.0,1.0,1.0,1.0,1.0,1.0,0.0,0.5,1.0,1.0,1.0,1.0,1.0,1.0,0.0,1.0,1.0,0.5,1.0,1.0,0.5,0.0,0.25,0.0,0.5,1.0,0.0,0.5,0.5,1.0,1.0,0.0,0.0,1.0,1.0,1.0,1.0,1.0,1.0,1.0,1.0,1.0,1.0,1.0,0.25,1.0,1.0,1.0,1.0,1.0,0.0,0.0,1.0,0.0,0.5,1.0,0.0,0.5,0.5,0.5,0.5,1.0,1.0,1.0,1.0,1.0,1.0,1.0,1.0,1.0,1.0,1.0,1.0,1.0,1.0,1.0,0.0,1.0,1.0,1.0,0.25,1.0,0.5,0.0,1.0,0.0,1.0,1.0,0.0,0.5,1.0,1.0,1.0,0.2,1.0,1.0,1.0,0.2,1.0,0.2,1.0,0.2,0.6,1.0,1.0,0.6,0.2,1.0,1.0,0.8,1.0,0.2,0.4,0.6,1.0,1.0,1.0,0.2,1.0,0.2,0.6,0.2,0.2,0.2,1.0,0.2,0.2,1.0,0.2,0.2,1.0,0.2,0.2,0.2,1.0,0.6,0.4,0.6,0.6,1.0,1.0,0.4,1.0,0.6,1.0,1.0,1.0,0.2,1.0,0.4,1.0,0.4,0.4,0.2,1.0,0.4,0.4,1.0,0.4,0.2,1.0,0.2,0.2,0.4,0.4,0.6,0.6,0.8,1.0,1.0,1.0,1.0,1.0,0.6,1.0,0.8,0.6,1.0,1.0,0.4,1.0,0.8,0.6,1.0,0.4,0.6,1.0,0.8,0.4,1.0,0.4,0.4,1.0,0.4,0.4,0.4,87.0,30.0,710.0,61.0,34.0,41.0,25.0,56.0,58.0,65.0,62.0,58.0,33.0,63.0,67.0,7.0,,,,6.0,5.0,4.0,,,1.0,,,,2.0,3.0,,3.0,,6.0,,7.0,4.0,,8.0,5.0,9.0,,,1.0,2.0,8.0,6.0,7.0,9.0,12.0,10.0,5.0,,,,11.0,1.0,4.0,2.0,3.0,7.0,8.0,12.0,9.0,11.0,10.0,6.0,,4.0,,5.0,13.0,3.0,1.0,2.0,,9.0,10.0,12.0,11.0,13.0,5.0,8.0,6.0,7.0,14.0,1.0,4.0,2.0,3.0,,6.0,,,,,,,5.0,7.0,,4.0,1.0,2.0,3.0,,2.0,3.0,4.0,5.0,6.0,1.0,7.0,10.0,8.0,9.0,13.0,11.0,14.0,12.0,15.0,2.0,3.0,4.0,5.0,6.0,1.0,7.0,11.0,8.0,12.0,9.0,14.0,13.0,10.0,144.51,28.0,205.0,603.0,118.0,304.0,150.67,0.35,8.0,0.29,0.0,-0.5,[1.0],['1 cup of coffee'],[0.0],[nan],"['No', 'Unsure']","[nan, 'structure, type and order of questions']",[0.0],[0.0],"['No', 'Unsure']","[nan, 'structure, type and order of questions']",[0.25],"['The furniture/fixtures/objects in the room, The location of furniture/fixtures/objects, The items you picked up']","[1.0, 1.0, 1.0, 1.0, nan, nan, nan, 'Visualising the room layout, Associating items with personal experiences']",[nan],"['Visualising the room layout, Associating items with personal experiences']",['No'],"['Yes, visual imagery']",[nan]
A033,1,1.0,1.0,1.0,1.0,1.0,1.0,1.0,0.0,1.0,1.0,0.0,1.0,0.0,1.0,1.0,1.0,1.0,0.5,0.5,1.0,1.0,1.0,1.0,1.0,1.0,1.0,1.0,0.0,0.0,1.0,0.5,1.0,0.5,0.5,0.0,1.0,0.25,0.0,0.0,0.5,1.0,1.0,0.0,1.0,1.0,0.5,0.5,1.0,1.0,1.0,1.0,1.0,1.0,1.0,1.0,0.5,1.0,0.5,1.0,1.0,1.0,0.5,0.5,0.0,1.0,0.0,0.0,0.0,0.0,0.5,1.0,1.0,0.5,1.0,1.0,1.0,1.0,1.0,1.0,0.0,1.0,1.0,1.0,1.0,1.0,1.0,1.0,0.5,1.0,1.0,1.0,1.0,0.25,0.5,0.5,0.0,1.0,0.0,0.25,0.0,0.0,0.0,0.0,1.0,0.0,1.0,1.0,1.0,1.0,1.0,1.0,1.0,0.4,1.0,1.0,0.2,1.0,0.2,1.0,1.0,0.8,1.0,1.0,1.0,1.0,1.0,1.0,1.0,0.4,1.0,1.0,1.0,1.0,0.2,0.2,0.2,0.4,0.8,0.2,0.2,0.2,0.2,1.0,0.2,0.2,0.2,0.2,0.2,0.4,0.4,0.4,0.6,1.0,1.0,1.0,1.0,1.0,1.0,1.0,1.0,0.4,1.0,0.6,1.0,1.0,1.0,0.2,0.2,0.2,1.0,0.4,0.6,0.2,1.0,0.2,0.2,1.0,0.4,1.0,1.0,0.6,1.0,1.0,1.0,1.0,1.0,1.0,1.0,1.0,1.0,1.0,1.0,0.6,1.0,0.4,1.0,1.0,0.6,0.2,0.6,0.4,1.0,0.6,0.2,0.2,0.6,0.4,0.6,1.0,0.2,73.0,34.0,197.0,47.0,56.0,35.0,23.0,21.0,22.0,31.0,40.0,33.0,18.0,34.0,32.0,1.0,2.0,,,3.0,,,,7.0,4.0,,,6.0,,5.0,1.0,2.0,3.0,,4.0,5.0,9.0,8.0,7.0,6.0,,,11.0,,10.0,1.0,2.0,3.0,12.0,4.0,5.0,10.0,9.0,8.0,6.0,,7.0,11.0,13.0,,1.0,2.0,3.0,,4.0,11.0,10.0,,6.0,5.0,7.0,,,8.0,9.0,1.0,2.0,3.0,,4.0,,8.0,7.0,5.0,6.0,11.0,,10.0,,9.0,1.0,,,,,,,,,,,,2.0,3.0,4.0,1.0,12.0,2.0,,3.0,11.0,6.0,,4.0,5.0,9.0,10.0,8.0,,7.0,1.0,2.0,3.0,,4.0,12.0,9.0,6.0,7.0,5.0,11.0,,10.0,,8.0,1.0,35.0,321.0,905.0,77.0,262.0,81.0,0.16,6.0,0.29,0.0,0.0,[1.0],[nan],[0.0],[nan],"['No', nan]","[nan, nan]",[0.0],[nan],"['No', nan]","[nan, nan]",[nan],['The location of furniture/fixtures/objects'],"[1.0, 1.0, 1.0, 1.0, nan, nan, nan, 'Visualising the room layout']",[nan],['Visualising the room layout'],['Yes'],"['No, I did not apply any mnemonic techniques']",[nan]
A033,2,1.0,1.0,1.0,1.0,1.0,1.0,1.0,0.0,0.0,1.0,0.0,0.0,0.0,1.0,1.0,0.0,1.0,1.0,1.0,1.0,0.0,1.0,1.0,0.0,1.0,0.0,1.0,1.0,1.0,0.5,0.0,1.0,0.5,1.0,0.0,1.0,1.0,0.5,0.0,0.0,0.0,0.0,0.5,0.5,1.0,1.0,0.0,0.5,1.0,1.0,1.0,1.0,1.0,1.0,1.0,0.0,1.0,1.0,1.0,1.0,1.0,1.0,0.0,1.0,0.25,0.5,0.0,0.0,1.0,0.0,1.0,1.0,1.0,1.0,1.0,1.0,0.5,1.0,1.0,0.0,1.0,1.0,1.0,1.0,1.0,1.0,1.0,0.0,1.0,1.0,1.0,1.0,1.0,1.0,0.0,0.5,0.25,0.5,0.0,0.0,0.0,0.5,1.0,1.0,1.0,1.0,1.0,1.0,1.0,1.0,1.0,1.0,0.6,0.4,0.8,0.6,0.8,1.0,1.0,1.0,1.0,1.0,1.0,1.0,1.0,0.6,1.0,1.0,1.0,1.0,0.8,0.4,0.8,0.2,0.2,0.4,0.2,0.2,0.2,0.2,0.2,0.4,0.4,0.2,0.2,0.2,0.2,0.4,0.2,0.2,0.8,0.8,0.6,1.0,1.0,0.8,1.0,1.0,1.0,0.2,0.6,1.0,0.8,1.0,1.0,0.2,0.6,0.4,0.4,1.0,0.2,0.2,0.4,0.2,0.2,1.0,0.6,0.2,0.8,0.8,1.0,0.2,1.0,1.0,0.8,1.0,1.0,1.0,1.0,1.0,1.0,1.0,1.0,0.8,1.0,1.0,1.0,0.4,0.4,0.4,0.6,0.4,0.2,0.2,0.4,0.2,0.2,1.0,0.6,0.2,73.0,34.0,197.0,47.0,56.0,35.0,23.0,21.0,22.0,31.0,40.0,33.0,18.0,34.0,32.0,1.0,2.0,,,3.0,,,,7.0,4.0,,,6.0,,5.0,1.0,2.0,3.0,,4.0,5.0,9.0,8.0,7.0,6.0,,,11.0,,10.0,1.0,2.0,3.0,12.0,4.0,5.0,10.0,9.0,8.0,6.0,,7.0,11.0,13.0,,1.0,2.0,3.0,,4.0,11.0,10.0,,6.0,5.0,7.0,,,8.0,9.0,1.0,2.0,3.0,,4.0,,8.0,7.0,5.0,6.0,11.0,,10.0,,9.0,1.0,,,,,,,,,,,,2.0,3.0,4.0,1.0,12.0,2.0,,3.0,11.0,6.0,,4.0,5.0,9.0,10.0,8.0,,7.0,1.0,2.0,3.0,,4.0,12.0,9.0,6.0,7.0,5.0,11.0,,10.0,,8.0,29.16,26.0,306.0,519.0,101.0,291.0,102.0,0.37,5.0,0.29,-0.5,-0.5,[0.0],[nan],[0.0],[nan],"['No', 'Yes']","[nan, 'They gave me an idea of the format of questions and what i might have to try to recall']",[-0.5],[-0.5],"['No', 'Yes']","[nan, 'They gave me an idea of the format of questions and what i might have to try to recall']",[0.25],"['The location of furniture/fixtures/objects, The items you picked up']","[1.0, 1.0, 1.0, 1.0, nan, nan, nan, 'Visualising the room layout']",[nan],['Visualising the room layout'],['Yes'],"['No, I did not apply any mnemonic techniques']",[nan]
A033,3,1.0,1.0,1.0,1.0,1.0,1.0,1.0,1.0,1.0,1.0,1.0,1.0,0.0,1.0,1.0,1.0,1.0,1.0,1.0,1.0,0.0,0.5,1.0,1.0,1.0,1.0,1.0,1.0,0.5,0.0,0.5,0.0,1.0,0.0,0.0,1.0,0.0,0.0,0.0,1.0,0.0,0.5,0.0,1.0,1.0,0.5,1.0,0.0,1.0,1.0,1.0,1.0,1.0,1.0,1.0,1.0,1.0,1.0,1.0,1.0,1.0,0.0,1.0,0.0,0.0,0.0,0.0,0.0,0.0,1.0,0.0,0.5,1.0,0.5,0.0,1.0,0.0,1.0,1.0,1.0,1.0,1.0,1.0,0.0,1.0,1.0,0.0,1.0,1.0,1.0,1.0,1.0,1.0,0.0,1.0,0.0,0.0,1.0,0.0,0.5,0.0,1.0,0.0,0.5,1.0,1.0,1.0,1.0,1.0,1.0,0.8,0.6,1.0,1.0,1.0,0.4,1.0,0.4,1.0,0.6,0.8,1.0,1.0,1.0,1.0,0.4,0.6,0.4,0.4,1.0,1.0,1.0,0.8,0.4,0.6,1.0,0.2,0.8,0.2,0.4,1.0,0.2,0.2,0.2,1.0,0.2,0.4,0.2,0.6,0.2,0.2,0.2,0.4,1.0,1.0,1.0,1.0,1.0,1.0,1.0,1.0,1.0,1.0,1.0,0.6,0.2,0.2,1.0,0.2,0.4,0.4,0.2,0.2,0.4,1.0,0.2,0.2,0.2,0.2,0.4,0.8,0.2,1.0,0.4,0.6,1.0,1.0,1.0,1.0,1.0,1.0,0.6,1.0,1.0,1.0,1.0,1.0,0.8,0.2,1.0,0.4,0.2,1.0,0.2,0.6,0.4,1.0,0.6,0.8,0.4,73.0,34.0,197.0,47.0,56.0,35.0,23.0,21.0,22.0,31.0,40.0,33.0,18.0,34.0,32.0,1.0,2.0,,,3.0,,,,7.0,4.0,,,6.0,,5.0,1.0,2.0,3.0,,4.0,5.0,9.0,8.0,7.0,6.0,,,11.0,,10.0,1.0,2.0,3.0,12.0,4.0,5.0,10.0,9.0,8.0,6.0,,7.0,11.0,13.0,,1.0,2.0,3.0,,4.0,11.0,10.0,,6.0,5.0,7.0,,,8.0,9.0,1.0,2.0,3.0,,4.0,,8.0,7.0,5.0,6.0,11.0,,10.0,,9.0,1.0,,,,,,,,,,,,2.0,3.0,4.0,1.0,12.0,2.0,,3.0,11.0,6.0,,4.0,5.0,9.0,10.0,8.0,,7.0,1.0,2.0,3.0,,4.0,12.0,9.0,6.0,7.0,5.0,11.0,,10.0,,8.0,72.6,43.0,241.0,351.0,61.0,199.0,118.0,0.16,7.0,0.31,0.5,0.0,[1.0],['1 cup of coffee'],[0.0],[nan],"['No', 'Yes']","[nan, 'Definitely getting used to the format of question and what information is needed to be recalled. Though not sure if it is exactly the right information hahah']",[-0.5],[0.0],"['No', 'Yes']","[nan, 'Definitely getting used to the format of question and what information is needed to be recalled. Though not sure if it is exactly the right information hahah']",[0.5],"['The location of furniture/fixtures/objects, The items you picked up']","[1.0, 1.0, 1.0, 1.0, nan, nan, nan, 'Visualising the room layout']",[nan],['Visualising the room layout'],['Yes'],"['No, I did not apply any mnemonic techniques']",[nan]
A033,4,1.0,1.0,0.0,1.0,1.0,1.0,1.0,0.0,1.0,1.0,0.0,1.0,1.0,1.0,1.0,0.0,1.0,1.0,1.0,1.0,1.0,0.0,0.0,0.0,0.5,0.5,1.0,0.25,1.0,0.5,1.0,0.0,0.0,0.5,0.5,0.5,0.0,0.0,1.0,1.0,0.0,0.5,0.0,0.0,1.0,0.5,0.0,0.5,1.0,1.0,1.0,1.0,1.0,1.0,1.0,0.5,1.0,0.0,1.0,0.25,1.0,0.5,0.0,0.0,0.5,0.25,0.0,1.0,1.0,1.0,1.0,1.0,0.5,1.0,1.0,0.0,0.0,1.0,0.0,1.0,0.5,1.0,1.0,1.0,1.0,1.0,1.0,1.0,1.0,1.0,1.0,0.25,1.0,0.25,0.0,0.25,0.5,0.25,0.0,1.0,1.0,1.0,0.5,1.0,1.0,0.6,1.0,0.2,0.6,0.4,0.8,0.8,0.2,1.0,0.4,0.2,0.4,1.0,1.0,0.6,0.6,1.0,0.6,0.6,0.2,0.8,0.8,0.4,0.4,0.2,1.0,1.0,0.2,0.2,0.6,0.2,0.2,0.4,0.2,0.2,0.6,0.2,0.2,0.4,0.2,0.2,0.4,0.2,0.4,0.4,0.4,0.4,0.6,1.0,0.8,1.0,1.0,1.0,1.0,1.0,0.4,1.0,0.4,0.4,1.0,1.0,0.4,0.2,0.2,0.2,0.2,0.2,0.2,0.2,0.4,0.2,0.2,0.2,0.2,0.2,0.6,0.2,0.8,0.4,1.0,0.2,1.0,1.0,0.6,1.0,1.0,1.0,0.2,1.0,0.6,0.2,1.0,1.0,0.2,0.2,0.4,0.2,0.2,0.2,0.2,0.6,0.2,0.2,0.2,0.2,73.0,34.0,197.0,47.0,56.0,35.0,23.0,21.0,22.0,31.0,40.0,33.0,18.0,34.0,32.0,1.0,2.0,,,3.0,,,,7.0,4.0,,,6.0,,5.0,1.0,2.0,3.0,,4.0,5.0,9.0,8.0,7.0,6.0,,,11.0,,10.0,1.0,2.0,3.0,12.0,4.0,5.0,10.0,9.0,8.0,6.0,,7.0,11.0,13.0,,1.0,2.0,3.0,,4.0,11.0,10.0,,6.0,5.0,7.0,,,8.0,9.0,1.0,2.0,3.0,,4.0,,8.0,7.0,5.0,6.0,11.0,,10.0,,9.0,1.0,,,,,,,,,,,,2.0,3.0,4.0,1.0,12.0,2.0,,3.0,11.0,6.0,,4.0,5.0,9.0,10.0,8.0,,7.0,1.0,2.0,3.0,,4.0,12.0,9.0,6.0,7.0,5.0,11.0,,10.0,,8.0,168.33,28.0,310.0,276.0,37.0,217.0,92.0,0.19,7.0,0.27,0.0,-0.5,[1.0],['1 cup of coffee'],[0.0],[nan],"['No', 'No']","[nan, 'they didnt really this time, seems like so long ago']",[-1.0],[-1.0],"['No', 'No']","[nan, 'they didnt really this time, seems like so long ago']",[0.25],"['The furniture/fixtures/objects in the room, The items you picked up']","[1.0, 1.0, 0.6, 1.0, nan, nan, nan, 'No specific strategy']",[nan],['No specific strategy'],['Yes'],"['No, I did not apply any mnemonic techniques']",[nan]
A034,1,1.0,1.0,1.0,1.0,1.0,1.0,0.0,1.0,1.0,1.0,1.0,0.0,1.0,1.0,1.0,1.0,1.0,1.0,1.0,1.0,1.0,1.0,1.0,0.0,1.0,1.0,1.0,0.25,1.0,1.0,1.0,1.0,0.0,1.0,1.0,0.5,1.0,1.0,1.0,0.5,1.0,1.0,0.5,1.0,1.0,0.0,1.0,0.0,1.0,1.0,1.0,1.0,1.0,1.0,0.0,1.0,1.0,1.0,1.0,1.0,1.0,1.0,0.0,1.0,1.0,0.25,1.0,1.0,1.0,0.5,1.0,1.0,0.5,1.0,1.0,1.0,0.0,1.0,1.0,1.0,1.0,1.0,1.0,1.0,1.0,1.0,1.0,1.0,1.0,1.0,1.0,1.0,1.0,1.0,0.0,1.0,1.0,1.0,1.0,1.0,0.0,0.5,1.0,0.5,0.5,1.0,1.0,1.0,1.0,1.0,1.0,0.6,1.0,1.0,1.0,1.0,0.2,1.0,1.0,1.0,0.8,1.0,1.0,1.0,1.0,1.0,1.0,1.0,0.8,1.0,1.0,1.0,1.0,1.0,0.6,0.2,0.6,1.0,1.0,0.6,0.6,0.2,1.0,0.6,0.8,0.6,0.6,0.2,0.8,0.8,0.8,0.8,0.8,1.0,1.0,1.0,1.0,1.0,1.0,1.0,1.0,1.0,1.0,1.0,1.0,1.0,1.0,0.6,0.6,1.0,1.0,1.0,0.6,0.8,0.6,1.0,0.8,0.8,1.0,1.0,1.0,0.6,1.0,1.0,1.0,1.0,1.0,1.0,1.0,1.0,1.0,1.0,1.0,1.0,1.0,1.0,1.0,1.0,1.0,0.6,1.0,1.0,0.8,1.0,0.6,0.6,0.6,1.0,0.6,0.8,83.0,31.0,252.0,39.0,32.0,35.0,25.0,29.0,36.0,40.0,30.0,49.0,23.0,48.0,34.0,1.0,2.0,8.0,,,7.0,6.0,4.0,9.0,,,5.0,,3.0,,1.0,2.0,3.0,4.0,5.0,13.0,10.0,6.0,,9.0,12.0,,8.0,7.0,11.0,1.0,2.0,3.0,4.0,5.0,7.0,12.0,6.0,9.0,14.0,10.0,11.0,8.0,13.0,15.0,1.0,2.0,3.0,4.0,5.0,6.0,7.0,8.0,12.0,13.0,11.0,14.0,9.0,10.0,15.0,1.0,4.0,2.0,3.0,11.0,5.0,6.0,7.0,,12.0,9.0,,,8.0,10.0,1.0,2.0,3.0,,,,,,,,,5.0,4.0,,,,11.0,2.0,1.0,3.0,4.0,8.0,,,6.0,10.0,,7.0,9.0,5.0,,7.0,6.0,1.0,2.0,3.0,5.0,4.0,13.0,8.0,11.0,,12.0,10.0,9.0,1.0,48.0,280.0,428.0,76.0,212.0,94.0,0.17,6.0,0.29,0.0,-0.5,[0.0],[nan],[0.0],[nan],"['No', nan]","[nan, nan]",[0.5],[nan],"['No', nan]","[nan, nan]",[nan],['The furniture/fixtures/objects in the room'],"[1.0, 1.0, 1.0, 1.0, nan, nan, nan, 'Visualising the room layout']",[nan],['Visualising the room layout'],['Yes'],"['Yes, visual imagery']",[nan]
A034,2,1.0,1.0,1.0,1.0,1.0,0.0,0.0,1.0,1.0,1.0,1.0,1.0,0.0,0.0,1.0,1.0,1.0,1.0,1.0,1.0,1.0,0.5,0.0,0.0,1.0,1.0,1.0,1.0,1.0,1.0,0.0,0.5,1.0,0.0,0.0,1.0,0.0,0.0,0.5,1.0,1.0,0.5,1.0,0.0,1.0,1.0,1.0,0.0,1.0,1.0,0.0,1.0,1.0,1.0,1.0,1.0,1.0,1.0,1.0,1.0,1.0,0.25,1.0,0.0,0.0,1.0,1.0,1.0,0.0,1.0,0.0,0.5,0.0,0.5,0.5,0.0,0.0,1.0,1.0,1.0,1.0,1.0,1.0,1.0,1.0,1.0,1.0,1.0,1.0,1.0,1.0,1.0,0.5,0.25,1.0,0.0,0.0,1.0,1.0,0.5,0.0,1.0,0.5,1.0,0.0,1.0,1.0,1.0,1.0,1.0,0.6,0.8,0.8,0.8,1.0,0.8,0.8,0.8,1.0,1.0,1.0,1.0,1.0,1.0,1.0,0.8,0.8,0.4,0.6,1.0,1.0,0.8,1.0,0.8,1.0,0.2,0.4,1.0,0.8,1.0,1.0,0.2,0.6,0.6,1.0,0.6,0.6,0.2,1.0,1.0,1.0,1.0,1.0,1.0,1.0,1.0,1.0,1.0,1.0,1.0,1.0,1.0,1.0,1.0,1.0,1.0,0.8,1.0,0.8,1.0,1.0,1.0,0.6,0.8,1.0,0.8,0.6,1.0,0.8,0.8,0.8,0.6,1.0,1.0,0.8,1.0,1.0,1.0,1.0,1.0,1.0,1.0,1.0,1.0,1.0,1.0,1.0,1.0,0.6,0.8,0.6,1.0,1.0,1.0,0.6,0.6,1.0,0.6,0.8,0.6,83.0,31.0,252.0,39.0,32.0,35.0,25.0,29.0,36.0,40.0,30.0,49.0,23.0,48.0,34.0,1.0,2.0,8.0,,,7.0,6.0,4.0,9.0,,,5.0,,3.0,,1.0,2.0,3.0,4.0,5.0,13.0,10.0,6.0,,9.0,12.0,,8.0,7.0,11.0,1.0,2.0,3.0,4.0,5.0,7.0,12.0,6.0,9.0,14.0,10.0,11.0,8.0,13.0,15.0,1.0,2.0,3.0,4.0,5.0,6.0,7.0,8.0,12.0,13.0,11.0,14.0,9.0,10.0,15.0,1.0,4.0,2.0,3.0,11.0,5.0,6.0,7.0,,12.0,9.0,,,8.0,10.0,1.0,2.0,3.0,,,,,,,,,5.0,4.0,,,,11.0,2.0,1.0,3.0,4.0,8.0,,,6.0,10.0,,7.0,9.0,5.0,,7.0,6.0,1.0,2.0,3.0,5.0,4.0,13.0,8.0,11.0,,12.0,10.0,9.0,26.08,37.33,414.0,467.0,36.0,186.0,127.0,0.23,8.0,0.31,0.0,-0.5,[0.0],[nan],[0.0],[nan],"['No', 'Yes']","[nan, 'I could recall the items picked , comparing with last session']",[0.0],[-0.5],"['No', 'Yes']","[nan, 'I could recall the items picked , comparing with last session']",[0.25],"['The furniture/fixtures/objects in the room, The location of furniture/fixtures/objects']","[1.0, 1.0, 1.0, 1.0, nan, nan, nan, 'Visualising the room layout']",[nan],['Visualising the room layout'],['Yes'],"['Yes, visual imagery']",[nan]
A034,3,1.0,1.0,1.0,1.0,0.0,1.0,0.0,0.0,1.0,0.0,1.0,1.0,1.0,0.0,1.0,1.0,1.0,1.0,1.0,1.0,0.0,0.5,1.0,0.0,0.5,0.5,1.0,0.0,1.0,1.0,1.0,1.0,0.0,0.0,1.0,0.0,0.0,0.0,0.0,0.0,1.0,0.0,0.0,0.0,1.0,1.0,0.0,1.0,1.0,1.0,1.0,0.0,1.0,1.0,1.0,0.0,1.0,1.0,1.0,1.0,1.0,0.0,0.0,0.25,1.0,0.0,0.0,1.0,0.0,0.5,0.5,0.5,1.0,0.0,0.5,1.0,0.0,1.0,1.0,1.0,0.5,1.0,1.0,1.0,1.0,1.0,1.0,0.0,1.0,1.0,1.0,1.0,1.0,0.0,0.0,0.25,1.0,0.0,0.0,1.0,0.0,0.5,0.5,0.5,1.0,1.0,1.0,1.0,1.0,0.6,0.8,0.8,0.4,0.6,0.2,0.8,0.8,0.6,1.0,0.6,0.6,1.0,1.0,1.0,1.0,0.8,0.8,0.6,0.6,0.6,1.0,0.6,1.0,0.2,0.4,0.2,0.8,0.6,0.8,0.2,0.4,0.2,0.6,0.6,0.6,0.2,0.2,0.2,1.0,0.6,0.6,0.6,0.6,1.0,1.0,1.0,1.0,1.0,1.0,1.0,1.0,1.0,1.0,1.0,1.0,1.0,0.8,0.8,0.8,1.0,0.6,0.6,0.6,1.0,0.6,0.6,0.6,0.6,1.0,1.0,1.0,0.4,1.0,1.0,1.0,1.0,1.0,1.0,1.0,1.0,1.0,1.0,1.0,1.0,1.0,1.0,1.0,1.0,0.8,0.8,0.8,1.0,0.6,0.8,1.0,1.0,0.6,1.0,0.6,0.8,83.0,31.0,252.0,39.0,32.0,35.0,25.0,29.0,36.0,40.0,30.0,49.0,23.0,48.0,34.0,1.0,2.0,8.0,,,7.0,6.0,4.0,9.0,,,5.0,,3.0,,1.0,2.0,3.0,4.0,5.0,13.0,10.0,6.0,,9.0,12.0,,8.0,7.0,11.0,1.0,2.0,3.0,4.0,5.0,7.0,12.0,6.0,9.0,14.0,10.0,11.0,8.0,13.0,15.0,1.0,2.0,3.0,4.0,5.0,6.0,7.0,8.0,12.0,13.0,11.0,14.0,9.0,10.0,15.0,1.0,4.0,2.0,3.0,11.0,5.0,6.0,7.0,,12.0,9.0,,,8.0,10.0,1.0,2.0,3.0,,,,,,,,,5.0,4.0,,,,11.0,2.0,1.0,3.0,4.0,8.0,,,6.0,10.0,,7.0,9.0,5.0,,7.0,6.0,1.0,2.0,3.0,5.0,4.0,13.0,8.0,11.0,,12.0,10.0,9.0,74.28,35.0,311.0,446.0,29.0,155.0,83.0,0.2,7.0,0.35,0.5,0.5,[0.0],[nan],[0.0],[nan],"['No', 'Yes']","[nan, 'Compare the items']",[-0.5],[-0.5],"['No', 'Yes']","[nan, 'Compare the items']",[0.25],"['The furniture/fixtures/objects in the room, The location of furniture/fixtures/objects']","[1.0, 1.0, 1.0, 1.0, nan, nan, nan, 'Visualising the room layout']",[nan],['Visualising the room layout'],['Yes'],"['Yes, visual imagery']",[nan]
A034,4,1.0,1.0,1.0,1.0,0.0,1.0,0.0,0.0,1.0,0.0,1.0,1.0,0.0,1.0,1.0,1.0,1.0,1.0,1.0,1.0,0.0,1.0,0.0,1.0,0.25,0.0,1.0,0.0,1.0,0.5,0.0,0.25,0.5,1.0,0.0,0.0,0.0,0.5,0.0,0.5,0.0,0.0,1.0,0.5,1.0,1.0,1.0,0.5,1.0,1.0,1.0,1.0,1.0,1.0,1.0,1.0,1.0,1.0,1.0,0.5,1.0,0.5,0.0,0.5,0.0,0.0,0.0,0.0,0.0,1.0,0.5,0.0,0.0,0.0,0.5,0.0,1.0,1.0,0.0,1.0,1.0,1.0,1.0,1.0,1.0,1.0,1.0,1.0,1.0,1.0,1.0,1.0,1.0,0.5,0.5,0.5,0.0,0.0,0.0,0.0,0.0,1.0,0.5,0.0,0.0,1.0,0.8,0.8,0.8,0.8,1.0,1.0,0.2,0.8,0.2,1.0,0.2,0.4,1.0,0.8,1.0,0.8,0.8,0.8,0.8,1.0,1.0,0.8,1.0,0.8,0.8,0.6,0.6,0.2,0.2,0.2,0.8,0.4,0.6,0.2,0.2,0.2,0.6,0.4,0.4,0.2,0.2,0.2,1.0,0.8,0.6,0.6,0.8,1.0,0.8,0.8,0.8,1.0,0.8,1.0,0.8,1.0,0.6,1.0,0.8,1.0,0.8,0.8,0.8,0.6,0.4,0.6,0.6,0.6,0.6,0.6,0.4,0.6,1.0,1.0,0.8,0.6,1.0,0.6,1.0,1.0,1.0,1.0,1.0,1.0,1.0,0.8,1.0,1.0,1.0,1.0,1.0,1.0,0.6,0.6,1.0,0.8,0.6,0.8,0.6,0.6,0.6,0.6,0.6,0.6,83.0,31.0,252.0,39.0,32.0,35.0,25.0,29.0,36.0,40.0,30.0,49.0,23.0,48.0,34.0,1.0,2.0,8.0,,,7.0,6.0,4.0,9.0,,,5.0,,3.0,,1.0,2.0,3.0,4.0,5.0,13.0,10.0,6.0,,9.0,12.0,,8.0,7.0,11.0,1.0,2.0,3.0,4.0,5.0,7.0,12.0,6.0,9.0,14.0,10.0,11.0,8.0,13.0,15.0,1.0,2.0,3.0,4.0,5.0,6.0,7.0,8.0,12.0,13.0,11.0,14.0,9.0,10.0,15.0,1.0,4.0,2.0,3.0,11.0,5.0,6.0,7.0,,12.0,9.0,,,8.0,10.0,1.0,2.0,3.0,,,,,,,,,5.0,4.0,,,,11.0,2.0,1.0,3.0,4.0,8.0,,,6.0,10.0,,7.0,9.0,5.0,,7.0,6.0,1.0,2.0,3.0,5.0,4.0,13.0,8.0,11.0,,12.0,10.0,9.0,145.38,29.0,863.0,447.0,67.0,167.0,70.0,0.16,8.0,0.35,0.5,0.0,[0.0],[nan],[0.0],[nan],"['No', 'Unsure']","[nan, 'Comparing objects and layout of other rooms']",[-0.5],[-0.5],"['No', 'Unsure']","[nan, 'Comparing objects and layout of other rooms']",[0.25],"['The furniture/fixtures/objects in the room, The location of furniture/fixtures/objects']","[1.0, 1.0, 1.0, 0.8, nan, nan, nan, 'Visualising the room layout']",[nan],['Visualising the room layout'],['Yes'],"['Yes, visual imagery']",[nan]
A035,1,1.0,1.0,1.0,1.0,1.0,1.0,1.0,0.0,0.0,1.0,0.0,0.0,1.0,1.0,1.0,1.0,1.0,1.0,1.0,1.0,1.0,1.0,1.0,1.0,1.0,0.0,1.0,0.0,0.5,0.0,0.0,1.0,0.0,0.0,0.25,1.0,1.0,1.0,0.5,0.5,1.0,0.0,0.5,1.0,1.0,0.5,0.5,1.0,1.0,1.0,1.0,1.0,1.0,1.0,1.0,0.0,1.0,0.0,1.0,1.0,0.0,0.0,0.25,0.0,0.0,0.0,1.0,0.0,0.5,0.5,0.5,1.0,0.5,1.0,1.0,1.0,1.0,0.0,1.0,1.0,1.0,1.0,1.0,1.0,1.0,1.0,1.0,0.0,1.0,0.0,1.0,1.0,0.0,0.0,0.25,0.0,0.0,0.0,1.0,0.0,0.5,0.5,1.0,1.0,1.0,0.8,1.0,0.6,1.0,1.0,1.0,1.0,0.2,0.2,0.6,0.2,0.4,0.6,1.0,1.0,0.6,1.0,1.0,1.0,1.0,0.6,1.0,1.0,1.0,1.0,0.4,0.8,0.2,1.0,0.2,0.2,1.0,0.6,0.2,0.6,0.2,0.2,0.8,0.4,0.2,0.4,0.2,0.2,0.6,0.8,0.6,0.6,0.6,1.0,1.0,1.0,1.0,0.8,1.0,1.0,0.4,1.0,0.6,1.0,0.6,0.6,0.6,0.8,1.0,0.6,0.8,1.0,0.4,0.6,0.4,0.4,1.0,0.8,0.8,1.0,1.0,1.0,0.8,1.0,1.0,1.0,1.0,1.0,1.0,1.0,1.0,1.0,0.6,1.0,0.8,1.0,1.0,0.6,0.4,1.0,0.8,0.4,0.6,0.8,0.4,0.4,0.4,0.4,0.8,0.4,67.0,45.0,273.0,45.0,48.0,36.0,44.0,37.0,22.0,27.0,45.0,35.0,25.0,46.0,60.0,5.0,,,,,4.0,,,,,,6.0,1.0,2.0,3.0,,,,8.0,7.0,6.0,,,,5.0,,4.0,1.0,2.0,3.0,10.0,,11.0,9.0,8.0,7.0,,,5.0,6.0,4.0,,1.0,2.0,3.0,6.0,,5.0,3.0,8.0,7.0,4.0,11.0,12.0,2.0,1.0,12.0,9.0,,10.0,5.0,4.0,6.0,10.0,11.0,7.0,14.0,12.0,7.0,8.0,13.0,15.0,1.0,2.0,3.0,,6.0,,,,,,,,,1.0,2.0,3.0,4.0,5.0,1.0,,3.0,7.0,8.0,6.0,10.0,13.0,4.0,5.0,7.0,11.0,2.0,,12.0,8.0,,9.0,3.0,4.0,2.0,10.0,5.0,7.0,6.0,,1.0,,,,1.0,55.0,225.0,446.0,111.0,253.0,79.0,0.22,7.0,0.25,-0.5,0.0,[1.0],['Dexamfetamine 40mg and one cup of green tea'],[0.0],[nan],"['No', nan]","[nan, nan]",[-1.0],[nan],"['No', nan]","[nan, nan]",[nan],['The location of furniture/fixtures/objects'],"[1.0, 1.0, 0.8, 1.0, nan, nan, nan, 'Visualising the room layout']",[nan],['No specific strategy'],['Yes'],"['No, I did not apply any mnemonic techniques']","[""There is a typo in the word deodorant in one of the multi choice questions (option for an object I'd interacted with).""]"
A035,2,1.0,0.0,1.0,1.0,1.0,1.0,1.0,1.0,0.0,1.0,0.0,1.0,0.0,1.0,1.0,1.0,1.0,1.0,1.0,1.0,1.0,0.5,1.0,1.0,1.0,1.0,0.5,1.0,0.0,1.0,0.0,1.0,1.0,0.0,0.5,0.0,0.0,0.0,0.5,0.5,0.0,0.5,0.5,1.0,1.0,0.5,1.0,0.0,1.0,1.0,1.0,1.0,1.0,1.0,1.0,1.0,1.0,1.0,1.0,1.0,0.25,1.0,1.0,0.0,0.0,0.0,0.25,0.0,0.0,1.0,0.5,0.5,1.0,0.5,0.0,1.0,0.5,1.0,1.0,1.0,1.0,1.0,1.0,1.0,1.0,1.0,1.0,1.0,1.0,1.0,1.0,1.0,0.5,1.0,1.0,1.0,0.0,0.0,0.5,0.0,0.0,1.0,1.0,0.5,0.0,1.0,0.6,1.0,1.0,1.0,0.8,0.6,1.0,0.6,1.0,0.4,1.0,0.8,0.8,0.6,0.8,1.0,1.0,1.0,1.0,0.8,0.6,0.8,0.6,1.0,1.0,1.0,1.0,0.2,1.0,0.4,0.6,0.4,0.6,0.6,0.2,0.2,0.4,0.4,0.4,0.2,0.4,0.2,0.8,0.8,0.6,0.6,0.8,1.0,1.0,1.0,1.0,1.0,1.0,1.0,1.0,1.0,0.8,0.8,1.0,0.6,0.6,1.0,0.4,0.6,0.2,0.6,0.4,0.4,0.4,0.4,0.6,0.4,0.6,0.4,0.8,0.4,1.0,0.8,1.0,1.0,1.0,1.0,0.6,1.0,1.0,1.0,1.0,1.0,1.0,0.8,1.0,0.6,0.6,0.8,0.4,1.0,0.4,0.4,0.4,0.4,0.4,0.4,0.6,0.4,67.0,45.0,273.0,45.0,48.0,36.0,44.0,37.0,22.0,27.0,45.0,35.0,25.0,46.0,60.0,5.0,,,,,4.0,,,,,,6.0,1.0,2.0,3.0,,,,8.0,7.0,6.0,,,,5.0,,4.0,1.0,2.0,3.0,10.0,,11.0,9.0,8.0,7.0,,,5.0,6.0,4.0,,1.0,2.0,3.0,6.0,,5.0,3.0,8.0,7.0,4.0,11.0,12.0,2.0,1.0,12.0,9.0,,10.0,5.0,4.0,6.0,10.0,11.0,7.0,14.0,12.0,7.0,8.0,13.0,15.0,1.0,2.0,3.0,,6.0,,,,,,,,,1.0,2.0,3.0,4.0,5.0,1.0,,3.0,7.0,8.0,6.0,10.0,13.0,4.0,5.0,7.0,11.0,2.0,,12.0,8.0,,9.0,3.0,4.0,2.0,10.0,5.0,7.0,6.0,,1.0,,,,44.76,49.0,253.0,575.0,72.0,200.0,122.0,0.1,7.0,0.23,-0.5,-0.5,[1.0],['20mg dexamfetamine'],[0.0],[nan],"['No', 'No']","[nan, ""It didn't""]",[-0.5],[-0.5],"['No', 'No']","[nan, ""It didn't""]",[0.25],['The furniture/fixtures/objects in the room'],"[1.0, 1.0, 1.0, 1.0, nan, nan, nan, 'Visualising the room layout']",[nan],['Visualising the room layout'],['Yes'],"['No, I did not apply any mnemonic techniques']",[nan]
A035,3,1.0,1.0,1.0,1.0,0.0,1.0,1.0,1.0,1.0,0.0,0.0,0.0,0.0,0.0,1.0,0.0,1.0,1.0,1.0,1.0,0.0,0.0,0.0,1.0,1.0,0.5,1.0,0.5,0.5,0.5,0.0,0.0,0.0,1.0,0.5,0.25,1.0,0.5,1.0,0.5,1.0,0.5,0.0,0.0,1.0,0.0,0.0,0.0,1.0,1.0,1.0,1.0,1.0,1.0,1.0,0.5,1.0,1.0,0.0,0.5,0.5,0.0,0.0,1.0,0.0,0.5,0.0,0.0,1.0,1.0,0.5,0.0,0.0,0.0,0.0,1.0,0.5,1.0,0.5,0.0,1.0,1.0,1.0,1.0,1.0,1.0,1.0,0.5,1.0,1.0,0.5,1.0,0.0,0.0,0.0,1.0,1.0,1.0,0.5,0.5,0.0,1.0,0.0,0.0,0.0,0.4,0.6,0.8,0.4,0.2,0.6,0.6,0.8,0.6,0.2,0.4,0.2,0.2,0.6,0.6,0.6,1.0,1.0,0.4,0.6,0.4,0.6,0.4,0.4,0.2,0.4,0.6,0.8,0.2,0.2,0.2,0.2,0.4,0.6,0.2,0.2,0.2,0.6,0.4,0.2,0.2,0.2,0.2,0.8,0.6,0.6,0.6,0.8,1.0,1.0,1.0,1.0,1.0,1.0,0.8,0.8,1.0,1.0,0.6,0.8,0.6,0.6,0.6,0.8,0.4,0.8,0.4,0.4,0.4,0.4,0.4,0.4,0.8,0.6,0.6,1.0,0.6,1.0,0.6,1.0,1.0,1.0,1.0,1.0,1.0,1.0,1.0,0.6,1.0,1.0,0.4,0.8,0.4,0.4,0.8,1.0,0.4,1.0,0.4,0.4,0.4,0.2,0.2,0.2,0.4,67.0,45.0,273.0,45.0,48.0,36.0,44.0,37.0,22.0,27.0,45.0,35.0,25.0,46.0,60.0,5.0,,,,,4.0,,,,,,6.0,1.0,2.0,3.0,,,,8.0,7.0,6.0,,,,5.0,,4.0,1.0,2.0,3.0,10.0,,11.0,9.0,8.0,7.0,,,5.0,6.0,4.0,,1.0,2.0,3.0,6.0,,5.0,3.0,8.0,7.0,4.0,11.0,12.0,2.0,1.0,12.0,9.0,,10.0,5.0,4.0,6.0,10.0,11.0,7.0,14.0,12.0,7.0,8.0,13.0,15.0,1.0,2.0,3.0,,6.0,,,,,,,,,1.0,2.0,3.0,4.0,5.0,1.0,,3.0,7.0,8.0,6.0,10.0,13.0,4.0,5.0,7.0,11.0,2.0,,12.0,8.0,,9.0,3.0,4.0,2.0,10.0,5.0,7.0,6.0,,1.0,,,,79.98,55.0,396.0,165.0,41.0,193.0,81.0,0.55,7.0,0.25,0.0,-1.0,[0.0],[nan],[0.0],[nan],"['No', 'No']","[nan, ""It didn't""]",[-1.0],[-0.5],"['No', 'No']","[nan, ""It didn't""]",[0.25],['The furniture/fixtures/objects in the room'],"[1.0, 1.0, 0.4, 1.0, nan, nan, nan, 'Visualising the room layout']",[nan],['Visualising the room layout'],['Yes'],"['No, I did not apply any mnemonic techniques']",[nan]
A035,4,1.0,1.0,0.0,0.0,1.0,1.0,0.0,0.0,0.0,0.0,0.0,0.0,1.0,1.0,0.0,1.0,1.0,1.0,0.5,0.5,1.0,0.5,1.0,1.0,0.5,1.0,0.0,0.5,1.0,0.5,1.0,0.5,0.5,0.5,0.25,0.0,0.0,0.0,1.0,0.5,0.5,1.0,0.0,0.0,1.0,1.0,0.0,1.0,1.0,1.0,1.0,1.0,1.0,1.0,1.0,0.0,0.5,1.0,0.0,0.0,1.0,0.0,0.0,1.0,0.0,0.5,0.0,0.5,0.0,0.5,0.0,0.0,0.0,1.0,0.5,1.0,0.0,1.0,0.0,1.0,1.0,1.0,1.0,1.0,1.0,1.0,1.0,0.0,1.0,0.5,0.0,0.0,1.0,0.0,0.0,0.0,0.0,0.25,0.0,0.0,0.5,1.0,0.5,0.0,0.0,0.6,0.6,0.4,0.2,0.2,0.8,0.8,0.4,0.4,0.2,0.2,0.4,0.8,0.8,0.6,0.6,0.6,0.8,0.6,0.2,0.4,0.4,0.6,0.6,0.2,0.2,0.8,0.4,0.2,0.2,0.2,0.2,0.4,0.4,0.2,0.2,0.2,0.2,0.4,0.2,0.2,0.2,0.2,0.8,1.0,0.8,0.8,1.0,1.0,1.0,1.0,0.6,1.0,1.0,1.0,0.6,0.6,0.4,0.6,0.6,1.0,0.6,0.4,0.4,0.4,0.4,0.4,0.2,0.2,0.4,0.2,0.2,0.4,0.6,0.6,1.0,0.4,1.0,0.4,0.8,0.6,0.8,1.0,0.8,1.0,1.0,0.8,0.6,0.8,0.4,0.8,0.4,1.0,0.4,0.6,0.4,0.4,0.6,0.4,0.4,0.4,0.2,0.4,0.4,0.6,67.0,45.0,273.0,45.0,48.0,36.0,44.0,37.0,22.0,27.0,45.0,35.0,25.0,46.0,60.0,5.0,,,,,4.0,,,,,,6.0,1.0,2.0,3.0,,,,8.0,7.0,6.0,,,,5.0,,4.0,1.0,2.0,3.0,10.0,,11.0,9.0,8.0,7.0,,,5.0,6.0,4.0,,1.0,2.0,3.0,6.0,,5.0,3.0,8.0,7.0,4.0,11.0,12.0,2.0,1.0,12.0,9.0,,10.0,5.0,4.0,6.0,10.0,11.0,7.0,14.0,12.0,7.0,8.0,13.0,15.0,1.0,2.0,3.0,,6.0,,,,,,,,,1.0,2.0,3.0,4.0,5.0,1.0,,3.0,7.0,8.0,6.0,10.0,13.0,4.0,5.0,7.0,11.0,2.0,,12.0,8.0,,9.0,3.0,4.0,2.0,10.0,5.0,7.0,6.0,,1.0,,,,152.47,166.0,346.0,192.0,48.0,168.0,84.0,0.57,8.0,0.25,0.0,0.0,[0.0],[nan],[0.0],[nan],"['No', 'Yes']","[nan, 'Could rule out some items that came to mind because I have already answered questions about them.']",[-1.0],[-1.0],"['No', 'Yes']","[nan, 'Could rule out some items that came to mind because I have already answered questions about them.']",[0.25],['The furniture/fixtures/objects in the room'],"[1.0, 1.0, 0.6, 0.6, nan, nan, nan, 'Visualising the room layout']",[nan],['Visualising the room layout'],['Yes'],"['No, I did not apply any mnemonic techniques']",[nan]
A036,1,1.0,1.0,0.0,1.0,1.0,1.0,1.0,1.0,1.0,1.0,1.0,1.0,0.0,1.0,1.0,1.0,1.0,1.0,0.25,1.0,1.0,1.0,1.0,0.0,1.0,1.0,0.5,0.5,1.0,0.25,0.5,1.0,0.0,1.0,0.25,1.0,1.0,0.0,1.0,1.0,1.0,0.0,0.0,0.5,0.0,0.0,1.0,0.5,1.0,1.0,1.0,1.0,1.0,1.0,1.0,1.0,1.0,1.0,1.0,0.5,1.0,1.0,0.0,1.0,1.0,0.5,1.0,0.0,0.0,0.5,1.0,0.0,0.0,1.0,1.0,1.0,1.0,1.0,1.0,1.0,1.0,1.0,1.0,1.0,1.0,1.0,1.0,1.0,1.0,1.0,1.0,1.0,1.0,1.0,0.0,1.0,1.0,0.5,1.0,0.5,0.5,0.5,1.0,1.0,0.5,0.4,0.4,0.8,0.6,0.6,0.6,0.6,0.2,0.4,0.6,0.6,0.6,0.2,0.6,0.4,0.6,0.6,0.8,0.6,0.6,0.2,0.2,0.2,0.2,0.4,0.6,0.2,0.2,0.2,0.2,0.2,0.4,0.6,0.2,0.2,0.2,0.2,0.6,0.2,0.2,0.2,0.2,0.2,0.4,0.4,0.4,0.4,0.4,0.8,0.8,0.6,0.8,0.8,0.8,0.6,0.4,0.4,0.4,0.4,0.4,0.4,0.4,0.2,0.6,0.6,0.4,0.2,0.2,0.2,0.4,0.6,0.2,0.2,0.4,0.4,0.6,0.4,0.8,0.4,0.8,0.6,1.0,1.0,1.0,1.0,1.0,1.0,0.8,0.6,0.6,0.8,0.4,0.4,0.4,0.2,0.6,0.6,0.4,0.4,0.2,0.2,0.2,0.4,0.2,0.2,80.0,43.0,317.0,44.0,57.0,61.0,58.0,30.0,38.0,36.0,34.0,36.0,21.0,29.0,39.0,,3.0,4.0,,,,,,,,,5.0,,1.0,2.0,,5.0,9.0,,6.0,7.0,,,8.0,,,1.0,2.0,3.0,4.0,,6.0,,,,,,1.0,2.0,3.0,4.0,5.0,9.0,7.0,8.0,9.0,11.0,12.0,14.0,1.0,2.0,3.0,,4.0,5.0,6.0,8.0,7.0,12.0,13.0,7.0,10.0,11.0,,,,12.0,1.0,2.0,3.0,4.0,5.0,6.0,7.0,8.0,4.0,,,,,,,,5.0,,2.0,1.0,,,3.0,7.0,9.0,8.0,,10.0,11.0,12.0,,3.0,4.0,6.0,,5.0,1.0,2.0,1.0,2.0,3.0,11.0,5.0,6.0,4.0,,7.0,8.0,,,12.0,9.0,10.0,1.0,39.0,497.0,698.0,79.0,253.0,110.0,0.24,8.0,0.38,-0.5,-0.5,[0.0],[nan],[0.0],[nan],"['No', nan]","[nan, nan]",[0.0],[nan],"['No', nan]","[nan, nan]",[nan],"['The furniture/fixtures/objects in the room, The items you picked up']","[1.0, 1.0, 0.4, 0.6, nan, nan, nan, 'Visualising the room layout, Creating a mental story or narrative']",[nan],"['Visualising the room layout, Creating a mental story or narrative']",['Yes'],"['No, I did not apply any mnemonic techniques']",[nan]
A036,2,1.0,1.0,1.0,1.0,1.0,1.0,0.0,0.0,0.0,0.0,0.0,0.0,1.0,1.0,1.0,1.0,1.0,1.0,0.25,1.0,0.0,0.5,1.0,0.0,1.0,1.0,1.0,0.0,0.5,0.5,1.0,0.5,0.5,1.0,0.0,0.0,0.0,1.0,0.5,1.0,1.0,0.5,1.0,0.5,0.0,0.0,0.0,0.0,1.0,1.0,1.0,1.0,1.0,1.0,1.0,0.5,1.0,1.0,0.5,1.0,1.0,0.5,0.0,0.0,0.5,0.0,0.0,0.5,0.0,0.5,0.0,0.0,1.0,0.0,0.5,1.0,0.0,1.0,1.0,1.0,1.0,1.0,1.0,1.0,1.0,1.0,1.0,0.5,1.0,1.0,0.5,1.0,1.0,0.5,0.0,0.25,0.5,0.0,0.0,1.0,0.0,1.0,0.5,0.0,0.5,0.4,0.2,0.2,0.2,0.6,0.4,0.2,0.2,0.2,0.2,0.2,0.4,0.6,0.8,0.6,0.6,0.4,0.4,0.4,0.2,0.2,0.2,0.4,0.2,0.4,0.2,0.2,0.2,0.2,0.2,0.6,0.2,0.2,0.2,0.2,0.2,0.2,0.2,0.2,0.2,0.2,0.2,0.2,0.4,0.4,0.4,0.4,0.4,0.8,0.4,0.6,0.6,0.6,0.6,0.6,0.4,0.6,0.4,0.4,0.4,0.4,0.4,0.2,0.2,0.2,0.2,0.4,0.2,0.2,0.2,0.2,0.2,0.6,0.2,0.2,0.4,0.2,0.6,0.4,0.8,0.6,0.8,0.8,0.6,0.4,0.8,0.8,0.4,0.6,0.6,0.4,0.4,0.8,0.4,0.2,0.2,0.2,0.4,0.2,0.4,0.2,0.2,0.2,0.2,0.4,80.0,43.0,317.0,44.0,57.0,61.0,58.0,30.0,38.0,36.0,34.0,36.0,21.0,29.0,39.0,,3.0,4.0,,,,,,,,,5.0,,1.0,2.0,,5.0,9.0,,6.0,7.0,,,8.0,,,1.0,2.0,3.0,4.0,,6.0,,,,,,1.0,2.0,3.0,4.0,5.0,9.0,7.0,8.0,9.0,11.0,12.0,14.0,1.0,2.0,3.0,,4.0,5.0,6.0,8.0,7.0,12.0,13.0,7.0,10.0,11.0,,,,12.0,1.0,2.0,3.0,4.0,5.0,6.0,7.0,8.0,4.0,,,,,,,,5.0,,2.0,1.0,,,3.0,7.0,9.0,8.0,,10.0,11.0,12.0,,3.0,4.0,6.0,,5.0,1.0,2.0,1.0,2.0,3.0,11.0,5.0,6.0,4.0,,7.0,8.0,,,12.0,9.0,10.0,21.63,26.0,766.0,372.0,38.0,270.0,149.0,0.24,7.0,0.27,-0.5,-0.5,[0.0],[nan],[0.0],[nan],"['No', 'No']","[nan, 'They did not.']",[-0.5],[-0.5],"['No', 'No']","[nan, 'They did not.']",[0.0],['The items you picked up'],"[1.0, 1.0, 0.4, 0.4, nan, nan, nan, 'Visualising the room layout, Associating items with personal experiences']",[nan],['Associating items with personal experiences'],['Yes'],"['No, I did not apply any mnemonic techniques']",[nan]
A036,3,1.0,1.0,0.5,1.0,1.0,1.0,1.0,0.0,0.0,1.0,1.0,0.0,0.0,1.0,1.0,0.0,1.0,1.0,1.0,1.0,0.0,0.5,1.0,1.0,1.0,0.25,0.0,1.0,1.0,0.0,0.5,1.0,0.0,0.5,0.25,0.0,0.0,0.0,1.0,0.0,1.0,1.0,1.0,0.5,0.0,0.5,0.5,0.5,1.0,1.0,1.0,1.0,1.0,1.0,1.0,1.0,0.25,1.0,0.5,0.0,1.0,0.25,1.0,0.5,0.0,0.5,0.5,0.5,0.0,0.0,0.0,1.0,0.0,0.0,0.5,0.0,0.0,1.0,0.5,1.0,1.0,1.0,1.0,1.0,1.0,1.0,1.0,1.0,1.0,1.0,0.5,0.0,0.5,0.0,1.0,1.0,0.0,0.0,0.5,1.0,0.0,0.0,0.0,1.0,0.0,0.4,0.4,0.4,0.2,0.8,0.6,0.4,0.2,0.2,0.8,0.6,0.2,0.2,0.8,0.4,0.4,0.6,0.6,0.6,0.6,0.2,0.2,0.4,0.4,0.6,0.2,0.2,0.6,0.4,0.2,0.2,0.2,0.2,0.4,0.2,0.2,0.2,0.2,0.2,0.2,0.2,0.2,0.2,0.2,0.2,0.2,0.2,0.2,1.0,0.6,0.6,0.8,0.8,0.4,0.6,0.4,0.4,0.6,0.4,0.2,0.4,0.2,0.2,0.4,0.6,0.2,0.4,0.2,0.2,0.2,0.2,0.2,0.2,0.2,0.2,0.4,0.2,0.8,0.4,0.6,0.6,1.0,0.8,0.8,0.8,0.4,0.8,0.8,0.4,0.6,0.4,0.2,0.4,0.4,0.2,0.2,0.2,0.2,0.4,0.2,0.2,0.2,0.2,0.2,0.2,80.0,43.0,317.0,44.0,57.0,61.0,58.0,30.0,38.0,36.0,34.0,36.0,21.0,29.0,39.0,,3.0,4.0,,,,,,,,,5.0,,1.0,2.0,,5.0,9.0,,6.0,7.0,,,8.0,,,1.0,2.0,3.0,4.0,,6.0,,,,,,1.0,2.0,3.0,4.0,5.0,9.0,7.0,8.0,9.0,11.0,12.0,14.0,1.0,2.0,3.0,,4.0,5.0,6.0,8.0,7.0,12.0,13.0,7.0,10.0,11.0,,,,12.0,1.0,2.0,3.0,4.0,5.0,6.0,7.0,8.0,4.0,,,,,,,,5.0,,2.0,1.0,,,3.0,7.0,9.0,8.0,,10.0,11.0,12.0,,3.0,4.0,6.0,,5.0,1.0,2.0,1.0,2.0,3.0,11.0,5.0,6.0,4.0,,7.0,8.0,,,12.0,9.0,10.0,71.47,54.0,276.0,751.0,53.33,321.0,121.0,0.32,7.0,0.27,0.5,0.0,[0.0],[nan],[0.0],[nan],"['No', 'No']","[nan, nan]",[-0.5],[-0.5],"['No', 'No']","[nan, nan]",[0.0],['The furniture/fixtures/objects in the room'],"[1.0, 1.0, 0.4, 0.6, nan, nan, nan, 'Creating a mental story or narrative']",[nan],['Visualising the room layout'],['Yes'],"['No, I did not apply any mnemonic techniques']",[nan]
A036,4,1.0,1.0,0.0,1.0,1.0,1.0,1.0,0.0,1.0,0.0,1.0,1.0,0.0,1.0,0.0,0.0,1.0,0.5,0.5,1.0,1.0,0.0,0.0,1.0,1.0,0.0,0.0,0.0,1.0,0.25,0.0,0.5,0.0,0.0,0.0,0.0,1.0,1.0,0.5,0.5,0.5,0.0,0.5,0.5,1.0,0.0,0.5,0.5,1.0,0.0,1.0,1.0,1.0,1.0,1.0,0.0,1.0,0.5,1.0,0.0,0.5,0.0,0.25,0.5,0.0,0.5,0.0,0.0,0.0,1.0,0.0,0.0,0.0,0.0,0.0,1.0,0.0,1.0,0.0,1.0,1.0,1.0,1.0,1.0,1.0,1.0,1.0,0.25,1.0,0.5,0.5,1.0,0.5,1.0,1.0,0.5,0.0,0.0,0.0,0.0,0.0,1.0,0.0,0.0,0.0,0.4,0.4,0.4,0.4,0.8,0.8,0.6,0.2,0.2,0.2,0.6,0.6,0.2,0.8,0.4,0.6,0.4,0.4,0.4,0.4,0.2,0.2,0.4,0.4,0.4,0.6,0.2,0.4,0.2,0.2,0.2,0.2,0.2,0.2,0.2,0.2,0.2,0.2,0.2,0.2,0.2,0.2,0.2,0.4,0.4,0.4,0.4,0.4,0.8,0.4,0.4,0.4,0.6,0.8,0.2,0.2,0.2,0.2,0.4,0.4,0.2,0.2,0.2,0.2,0.2,0.4,0.2,0.2,0.2,0.2,0.2,0.2,0.2,0.2,0.2,0.6,0.2,0.8,0.4,0.6,0.6,0.6,0.8,0.4,0.8,0.8,0.6,0.4,0.6,0.2,0.6,0.4,0.2,0.4,0.2,0.2,0.2,0.2,0.2,0.4,0.2,0.2,0.2,0.2,0.2,80.0,43.0,317.0,44.0,57.0,61.0,58.0,30.0,38.0,36.0,34.0,36.0,21.0,29.0,39.0,,3.0,4.0,,,,,,,,,5.0,,1.0,2.0,,5.0,9.0,,6.0,7.0,,,8.0,,,1.0,2.0,3.0,4.0,,6.0,,,,,,1.0,2.0,3.0,4.0,5.0,9.0,7.0,8.0,9.0,11.0,12.0,14.0,1.0,2.0,3.0,,4.0,5.0,6.0,8.0,7.0,12.0,13.0,7.0,10.0,11.0,,,,12.0,1.0,2.0,3.0,4.0,5.0,6.0,7.0,8.0,4.0,,,,,,,,5.0,,2.0,1.0,,,3.0,7.0,9.0,8.0,,10.0,11.0,12.0,,3.0,4.0,6.0,,5.0,1.0,2.0,1.0,2.0,3.0,11.0,5.0,6.0,4.0,,7.0,8.0,,,12.0,9.0,10.0,143.85,29.0,513.0,273.0,43.0,269.0,104.0,0.25,9.0,0.35,0.5,0.0,[0.0],[nan],[0.0],[nan],"['No', 'No']","[nan, nan]",[-1.0],[-1.0],"['No', 'No']","[nan, nan]",[0.25],['The furniture/fixtures/objects in the room'],"[1.0, 1.0, 0.4, 0.4, nan, nan, nan, 'Visualising the room layout']",[nan],['Visualising the room layout'],['Yes'],"['No, I did not apply any mnemonic techniques']",[nan]
A037,1,1.0,1.0,1.0,1.0,1.0,1.0,1.0,1.0,1.0,1.0,0.0,0.0,1.0,1.0,1.0,1.0,1.0,1.0,1.0,1.0,1.0,0.5,1.0,1.0,1.0,1.0,1.0,1.0,0.5,0.5,1.0,1.0,1.0,0.5,0.5,0.0,0.0,1.0,0.0,1.0,0.0,1.0,1.0,0.0,1.0,0.5,0.0,0.5,1.0,1.0,1.0,1.0,1.0,1.0,1.0,1.0,1.0,1.0,0.0,1.0,1.0,1.0,1.0,0.5,0.0,0.0,0.0,1.0,0.0,0.5,0.5,0.5,1.0,1.0,0.5,1.0,1.0,1.0,1.0,1.0,1.0,1.0,1.0,1.0,1.0,1.0,1.0,1.0,1.0,1.0,0.5,1.0,1.0,1.0,1.0,0.25,1.0,0.0,0.0,1.0,0.0,0.5,0.5,0.5,1.0,1.0,0.4,0.8,0.8,0.4,0.8,1.0,0.6,1.0,1.0,0.2,0.2,1.0,1.0,1.0,1.0,1.0,1.0,1.0,1.0,0.6,0.8,1.0,0.8,1.0,1.0,1.0,1.0,0.8,0.2,0.2,0.6,0.2,0.2,1.0,1.0,1.0,0.2,0.4,1.0,1.0,0.2,0.2,0.6,0.8,0.2,0.2,0.2,1.0,1.0,1.0,1.0,1.0,1.0,1.0,1.0,1.0,1.0,1.0,1.0,1.0,1.0,0.6,0.2,0.4,0.2,0.2,1.0,0.4,0.4,0.4,0.4,1.0,0.6,0.8,1.0,0.8,1.0,0.8,1.0,1.0,1.0,1.0,1.0,1.0,1.0,1.0,1.0,1.0,1.0,0.4,1.0,1.0,1.0,0.8,0.2,0.6,0.6,0.2,1.0,0.4,0.4,0.4,0.4,1.0,181.0,18.0,,25.0,24.0,25.0,32.0,38.0,40.0,59.0,64.0,67.0,43.0,40.0,37.0,7.0,3.0,,6.0,2.0,1.0,,5.0,,,,,,4.0,,6.0,8.0,5.0,7.0,9.0,10.0,,,,4.0,11.0,3.0,,1.0,2.0,10.0,8.0,9.0,,11.0,12.0,13.0,7.0,14.0,4.0,6.0,5.0,3.0,1.0,2.0,1.0,2.0,3.0,7.0,8.0,9.0,10.0,5.0,11.0,12.0,13.0,14.0,,4.0,6.0,1.0,2.0,3.0,4.0,13.0,14.0,8.0,6.0,9.0,,10.0,12.0,11.0,5.0,7.0,,5.0,,9.0,,10.0,8.0,,6.0,,7.0,2.0,1.0,3.0,4.0,1.0,2.0,3.0,13.0,14.0,15.0,4.0,7.0,5.0,11.0,9.0,12.0,10.0,6.0,8.0,1.0,2.0,3.0,4.0,5.0,6.0,14.0,8.0,15.0,10.0,13.0,11.0,12.0,7.0,9.0,1.0,33.0,399.0,659.0,47.0,157.0,65.0,0.21,8.0,0.42,-0.5,0.5,[0.0],[nan],[0.0],[nan],"['No', nan]","[nan, nan]",[0.0],[nan],"['No', nan]","[nan, nan]",[nan],"['The furniture/fixtures/objects in the room, The location of furniture/fixtures/objects, The items you picked up']","[1.0, 1.0, 1.0, 1.0, nan, nan, nan, 'Visualising the room layout']",[nan],['Visualising the room layout'],['Unsure'],['Unsure'],[nan]
A037,2,1.0,1.0,1.0,1.0,1.0,1.0,1.0,1.0,1.0,1.0,1.0,0.0,1.0,1.0,0.0,1.0,1.0,1.0,1.0,1.0,1.0,0.5,1.0,1.0,1.0,1.0,1.0,1.0,1.0,0.0,0.25,1.0,0.5,0.5,0.0,0.25,0.25,0.5,1.0,1.0,0.5,0.5,0.5,0.5,1.0,0.5,0.5,0.5,1.0,1.0,1.0,1.0,1.0,1.0,1.0,1.0,1.0,1.0,1.0,1.0,1.0,1.0,0.5,0.5,0.0,1.0,1.0,0.0,1.0,1.0,1.0,0.5,0.5,0.5,0.0,1.0,1.0,1.0,1.0,0.0,1.0,1.0,1.0,1.0,1.0,1.0,1.0,1.0,1.0,0.25,1.0,1.0,1.0,1.0,0.5,0.0,0.0,1.0,1.0,0.0,0.5,1.0,0.0,1.0,1.0,1.0,1.0,0.8,1.0,1.0,0.8,0.8,1.0,0.4,1.0,1.0,0.6,1.0,1.0,0.4,0.6,1.0,1.0,1.0,1.0,0.4,0.6,0.4,0.4,1.0,1.0,0.8,1.0,0.4,0.6,0.4,0.8,0.6,0.4,0.4,0.6,0.8,0.6,0.4,0.4,0.2,0.4,0.2,0.4,0.6,0.6,0.4,0.6,1.0,1.0,1.0,1.0,1.0,1.0,1.0,1.0,0.8,1.0,0.6,1.0,0.2,0.8,0.4,0.2,0.2,0.6,0.6,0.8,0.4,0.2,0.2,0.2,0.2,0.4,0.4,0.8,0.6,0.8,1.0,0.6,1.0,1.0,1.0,0.8,1.0,1.0,1.0,1.0,0.6,1.0,0.6,1.0,0.6,0.8,0.6,0.2,0.4,0.6,0.8,0.2,0.2,0.2,0.2,0.2,0.2,181.0,18.0,,25.0,24.0,25.0,32.0,38.0,40.0,59.0,64.0,67.0,43.0,40.0,37.0,7.0,3.0,,6.0,2.0,1.0,,5.0,,,,,,4.0,,6.0,8.0,5.0,7.0,9.0,10.0,,,,4.0,11.0,3.0,,1.0,2.0,10.0,8.0,9.0,,11.0,12.0,13.0,7.0,14.0,4.0,6.0,5.0,3.0,1.0,2.0,1.0,2.0,3.0,7.0,8.0,9.0,10.0,5.0,11.0,12.0,13.0,14.0,,4.0,6.0,1.0,2.0,3.0,4.0,13.0,14.0,8.0,6.0,9.0,,10.0,12.0,11.0,5.0,7.0,,5.0,,9.0,,10.0,8.0,,6.0,,7.0,2.0,1.0,3.0,4.0,1.0,2.0,3.0,13.0,14.0,15.0,4.0,7.0,5.0,11.0,9.0,12.0,10.0,6.0,8.0,1.0,2.0,3.0,4.0,5.0,6.0,14.0,8.0,15.0,10.0,13.0,11.0,12.0,7.0,9.0,23.7,24.0,282.0,821.0,63.0,179.0,112.0,0.13,9.0,0.48,0.0,0.5,[0.0],[nan],[0.0],[nan],"['No', 'No']","[nan, 'It did not.']",[-0.5],[0.0],"['No', 'No']","[nan, 'It did not.']",[0.0],"['The furniture/fixtures/objects in the room, The location of furniture/fixtures/objects, The items you picked up']","[1.0, 1.0, 1.0, 1.0, nan, nan, nan, 'Visualising the room layout']",[nan],['Visualising the room layout'],['Unsure'],['Unsure'],[nan]
A037,3,1.0,1.0,1.0,1.0,0.0,0.0,1.0,1.0,1.0,1.0,1.0,1.0,0.0,1.0,1.0,1.0,1.0,1.0,1.0,1.0,1.0,0.0,1.0,1.0,0.5,0.0,1.0,1.0,0.5,1.0,1.0,1.0,0.0,1.0,1.0,1.0,0.5,0.5,0.5,0.5,1.0,0.5,0.0,0.5,1.0,0.0,0.5,0.0,1.0,1.0,1.0,1.0,1.0,1.0,1.0,0.0,1.0,1.0,0.5,1.0,0.25,0.5,0.0,1.0,1.0,1.0,0.0,0.5,0.5,0.5,1.0,0.0,0.0,0.0,0.0,1.0,1.0,1.0,1.0,1.0,1.0,1.0,1.0,1.0,1.0,1.0,1.0,0.0,1.0,1.0,0.25,1.0,0.0,0.5,0.0,1.0,1.0,1.0,0.5,0.5,0.5,0.5,1.0,0.5,1.0,1.0,1.0,1.0,1.0,0.4,0.8,0.8,0.2,0.8,0.6,1.0,0.2,0.8,0.6,1.0,0.6,1.0,1.0,1.0,1.0,0.2,0.2,0.2,0.4,0.2,0.4,0.2,0.6,0.2,0.2,0.8,1.0,0.2,0.2,0.2,0.2,0.6,0.2,0.2,0.2,0.2,0.2,0.2,0.2,0.2,0.2,0.2,0.2,1.0,1.0,1.0,1.0,1.0,0.6,0.2,0.2,1.0,0.6,0.8,0.2,0.2,0.2,1.0,0.8,1.0,0.2,0.2,0.2,0.8,0.2,0.8,0.2,0.2,0.2,0.2,0.4,0.2,0.2,0.2,1.0,0.2,1.0,1.0,1.0,1.0,0.8,0.8,0.6,1.0,0.8,0.6,0.2,0.2,0.6,1.0,0.6,1.0,0.2,0.2,0.2,0.8,0.4,0.8,0.2,0.2,181.0,18.0,,25.0,24.0,25.0,32.0,38.0,40.0,59.0,64.0,67.0,43.0,40.0,37.0,7.0,3.0,,6.0,2.0,1.0,,5.0,,,,,,4.0,,6.0,8.0,5.0,7.0,9.0,10.0,,,,4.0,11.0,3.0,,1.0,2.0,10.0,8.0,9.0,,11.0,12.0,13.0,7.0,14.0,4.0,6.0,5.0,3.0,1.0,2.0,1.0,2.0,3.0,7.0,8.0,9.0,10.0,5.0,11.0,12.0,13.0,14.0,,4.0,6.0,1.0,2.0,3.0,4.0,13.0,14.0,8.0,6.0,9.0,,10.0,12.0,11.0,5.0,7.0,,5.0,,9.0,,10.0,8.0,,6.0,,7.0,2.0,1.0,3.0,4.0,1.0,2.0,3.0,13.0,14.0,15.0,4.0,7.0,5.0,11.0,9.0,12.0,10.0,6.0,8.0,1.0,2.0,3.0,4.0,5.0,6.0,14.0,8.0,15.0,10.0,13.0,11.0,12.0,7.0,9.0,72.08,31.0,319.0,389.0,27.0,118.0,60.0,0.19,10.0,0.44,-0.5,0.5,[0.0],[nan],[0.0],[nan],"['No', 'No']","[nan, 'It did not']",[-0.5],[-0.5],"['No', 'No']","[nan, 'It did not']",[0.0],"['The furniture/fixtures/objects in the room, The location of furniture/fixtures/objects, The items you picked up']","[1.0, 1.0, 1.0, 1.0, nan, nan, nan, 'Visualising the room layout']",[nan],['Visualising the room layout'],['Unsure'],['Unsure'],[nan]
A037,4,1.0,1.0,1.0,1.0,1.0,0.0,0.0,1.0,0.0,0.0,1.0,1.0,0.0,1.0,1.0,1.0,1.0,1.0,1.0,1.0,0.0,1.0,0.0,1.0,1.0,1.0,0.5,0.5,1.0,0.5,0.0,0.5,1.0,0.25,0.0,0.25,0.0,0.0,0.5,0.5,0.0,0.5,1.0,0.5,1.0,1.0,0.5,1.0,1.0,1.0,1.0,1.0,1.0,1.0,1.0,1.0,1.0,1.0,1.0,0.5,0.5,0.5,1.0,0.25,0.0,0.5,0.0,0.0,0.5,0.0,0.0,0.0,0.0,1.0,1.0,1.0,0.0,1.0,0.0,1.0,1.0,1.0,1.0,1.0,1.0,1.0,1.0,1.0,1.0,0.5,1.0,0.5,0.5,0.5,1.0,0.5,0.0,0.25,0.0,0.0,0.0,0.0,0.0,0.5,0.0,1.0,0.8,0.2,1.0,1.0,0.4,0.4,0.4,0.2,0.2,1.0,0.8,0.8,0.6,0.8,0.8,1.0,0.8,0.8,1.0,0.2,0.8,0.6,0.2,1.0,1.0,0.2,0.2,0.2,0.2,0.2,0.2,0.2,0.2,0.2,0.2,0.2,0.2,0.2,0.2,0.2,0.2,0.2,0.2,0.2,0.2,0.2,0.6,1.0,1.0,0.6,0.6,1.0,1.0,1.0,0.2,0.8,0.4,1.0,0.2,0.2,0.2,0.2,0.4,0.2,0.4,0.2,0.4,0.2,0.2,0.2,0.2,0.2,0.2,0.4,0.4,0.2,0.4,0.2,0.8,1.0,1.0,1.0,0.8,1.0,1.0,1.0,0.2,0.4,0.2,1.0,0.2,0.2,0.2,0.2,0.4,0.2,0.4,0.4,0.4,0.2,0.2,0.2,0.2,0.2,181.0,18.0,,25.0,24.0,25.0,32.0,38.0,40.0,59.0,64.0,67.0,43.0,40.0,37.0,7.0,3.0,,6.0,2.0,1.0,,5.0,,,,,,4.0,,6.0,8.0,5.0,7.0,9.0,10.0,,,,4.0,11.0,3.0,,1.0,2.0,10.0,8.0,9.0,,11.0,12.0,13.0,7.0,14.0,4.0,6.0,5.0,3.0,1.0,2.0,1.0,2.0,3.0,7.0,8.0,9.0,10.0,5.0,11.0,12.0,13.0,14.0,,4.0,6.0,1.0,2.0,3.0,4.0,13.0,14.0,8.0,6.0,9.0,,10.0,12.0,11.0,5.0,7.0,,5.0,,9.0,,10.0,8.0,,6.0,,7.0,2.0,1.0,3.0,4.0,1.0,2.0,3.0,13.0,14.0,15.0,4.0,7.0,5.0,11.0,9.0,12.0,10.0,6.0,8.0,1.0,2.0,3.0,4.0,5.0,6.0,14.0,8.0,15.0,10.0,13.0,11.0,12.0,7.0,9.0,143.66,19.0,301.0,623.0,29.0,202.0,162.0,0.11,11.0,0.5,0.0,0.5,[0.0],[nan],[0.0],[nan],"['No', 'No']","[nan, 'It did not']",[-0.5],[-0.5],"['No', 'No']","[nan, 'It did not']",[0.0],"['The furniture/fixtures/objects in the room, The location of furniture/fixtures/objects, The items you picked up']","[1.0, 1.0, 1.0, 1.0, nan, nan, nan, 'Visualising the room layout']",[nan],['Visualising the room layout'],['Unsure'],['Unsure'],[nan]
A038,1,1.0,1.0,1.0,1.0,1.0,1.0,1.0,1.0,0.0,1.0,1.0,1.0,1.0,1.0,0.0,1.0,1.0,1.0,0.5,1.0,1.0,1.0,1.0,1.0,1.0,1.0,0.25,1.0,0.5,1.0,0.25,0.0,0.5,0.0,0.0,1.0,0.5,1.0,0.0,1.0,0.0,0.0,0.0,1.0,0.0,0.0,0.5,1.0,1.0,1.0,1.0,1.0,1.0,1.0,1.0,1.0,1.0,1.0,1.0,1.0,0.5,0.25,1.0,0.0,0.0,1.0,1.0,1.0,1.0,1.0,0.5,0.0,0.0,0.0,0.0,1.0,1.0,1.0,1.0,1.0,1.0,1.0,1.0,1.0,1.0,0.0,1.0,1.0,1.0,1.0,1.0,1.0,0.5,1.0,1.0,0.0,0.0,0.5,1.0,1.0,0.5,1.0,0.0,0.0,0.5,1.0,1.0,0.8,1.0,1.0,1.0,1.0,1.0,0.2,1.0,1.0,1.0,0.4,1.0,0.8,0.8,1.0,1.0,1.0,1.0,0.8,0.6,0.6,0.6,1.0,1.0,0.4,1.0,0.4,0.8,0.4,1.0,0.2,0.4,0.8,1.0,1.0,0.4,1.0,1.0,0.6,0.6,0.4,0.8,0.6,0.4,0.6,0.4,1.0,1.0,1.0,1.0,1.0,1.0,1.0,1.0,0.8,1.0,0.8,1.0,0.4,0.6,0.6,0.6,0.8,1.0,0.8,0.6,0.6,1.0,0.6,0.8,0.8,0.4,0.8,1.0,0.6,1.0,1.0,0.8,1.0,1.0,1.0,1.0,1.0,0.8,1.0,1.0,1.0,1.0,1.0,0.8,0.4,0.4,0.6,0.8,1.0,0.6,0.6,0.4,0.6,1.0,0.8,0.8,0.6,63.0,38.0,464.0,16.0,31.0,33.0,48.0,33.0,28.0,29.0,32.0,29.0,23.0,31.0,51.0,,,10.0,9.0,11.0,12.0,5.0,8.0,7.0,6.0,,2.0,3.0,4.0,1.0,8.0,14.0,9.0,,10.0,11.0,12.0,13.0,5.0,6.0,7.0,4.0,3.0,1.0,2.0,12.0,11.0,10.0,9.0,,,8.0,6.0,3.0,5.0,7.0,4.0,13.0,1.0,2.0,11.0,12.0,9.0,10.0,8.0,3.0,14.0,6.0,13.0,,4.0,5.0,7.0,2.0,1.0,12.0,13.0,14.0,15.0,10.0,11.0,9.0,8.0,4.0,7.0,6.0,3.0,5.0,1.0,2.0,8.0,7.0,,,,,,,6.0,,5.0,4.0,1.0,2.0,3.0,7.0,8.0,9.0,10.0,5.0,6.0,1.0,2.0,3.0,4.0,13.0,11.0,12.0,14.0,15.0,1.0,2.0,3.0,4.0,5.0,6.0,7.0,8.0,,,10.0,11.0,9.0,12.0,13.0,1.0,29.0,450.0,782.0,100.0,503.0,225.0,0.24,5.0,0.38,-1.0,-0.5,[0.0],[nan],[0.0],[nan],"['No', nan]","[nan, nan]",[-0.5],[nan],"['No', nan]","[nan, nan]",[nan],"['The furniture/fixtures/objects in the room, The location of furniture/fixtures/objects, The items you picked up, Where you picked up and put down items, The order you completed items and tasks']","[1.0, 1.0, 1.0, 1.0, nan, nan, nan, 'Visualising the room layout, Associating items with personal experiences, Creating a mental story or narrative']",[nan],"['Visualising the room layout, Creating a mental story or narrative']",['Yes'],"['Yes, visual imagery']",[nan]
A038,2,1.0,1.0,1.0,1.0,1.0,1.0,1.0,1.0,1.0,0.0,1.0,0.0,0.0,1.0,1.0,1.0,1.0,1.0,1.0,1.0,1.0,0.0,0.0,1.0,0.5,0.5,1.0,0.5,1.0,1.0,1.0,0.5,1.0,1.0,1.0,0.5,0.0,0.5,0.0,0.0,1.0,0.0,0.5,1.0,0.0,0.5,0.0,0.0,1.0,1.0,1.0,1.0,1.0,1.0,0.0,0.5,1.0,0.5,1.0,1.0,0.0,1.0,0.0,0.25,1.0,0.0,0.5,0.5,0.0,0.5,0.5,0.0,1.0,0.5,0.0,1.0,1.0,1.0,0.0,0.0,0.0,1.0,1.0,1.0,1.0,0.0,0.0,0.5,1.0,0.5,1.0,1.0,0.0,1.0,1.0,0.25,1.0,0.0,0.25,0.5,0.0,0.5,0.5,0.5,0.5,1.0,1.0,1.0,1.0,1.0,0.8,1.0,1.0,1.0,1.0,1.0,0.6,1.0,1.0,1.0,1.0,1.0,1.0,1.0,1.0,0.6,0.8,0.8,0.6,1.0,0.8,0.8,0.6,1.0,1.0,0.8,0.6,1.0,0.4,0.4,1.0,0.8,1.0,0.6,0.6,1.0,0.6,0.4,0.6,0.4,0.2,0.6,0.2,1.0,1.0,1.0,1.0,1.0,1.0,0.2,0.6,1.0,1.0,1.0,1.0,0.2,1.0,0.6,0.6,1.0,0.4,0.2,0.6,0.8,0.8,1.0,0.8,0.2,0.8,0.6,1.0,0.6,1.0,0.4,0.6,1.0,1.0,1.0,0.6,1.0,0.8,0.2,0.6,1.0,0.4,1.0,1.0,0.2,1.0,0.2,0.2,1.0,0.4,0.2,0.8,0.8,0.4,1.0,0.4,0.2,63.0,38.0,464.0,16.0,31.0,33.0,48.0,33.0,28.0,29.0,32.0,29.0,23.0,31.0,51.0,,,10.0,9.0,11.0,12.0,5.0,8.0,7.0,6.0,,2.0,3.0,4.0,1.0,8.0,14.0,9.0,,10.0,11.0,12.0,13.0,5.0,6.0,7.0,4.0,3.0,1.0,2.0,12.0,11.0,10.0,9.0,,,8.0,6.0,3.0,5.0,7.0,4.0,13.0,1.0,2.0,11.0,12.0,9.0,10.0,8.0,3.0,14.0,6.0,13.0,,4.0,5.0,7.0,2.0,1.0,12.0,13.0,14.0,15.0,10.0,11.0,9.0,8.0,4.0,7.0,6.0,3.0,5.0,1.0,2.0,8.0,7.0,,,,,,,6.0,,5.0,4.0,1.0,2.0,3.0,7.0,8.0,9.0,10.0,5.0,6.0,1.0,2.0,3.0,4.0,13.0,11.0,12.0,14.0,15.0,1.0,2.0,3.0,4.0,5.0,6.0,7.0,8.0,,,10.0,11.0,9.0,12.0,13.0,71.85,76.0,708.0,866.0,136.0,552.0,290.67,0.13,7.0,0.48,-0.5,0.0,[0.0],[nan],[0.0],[nan],"['No', 'Yes']","[nan, 'I remembered what items were not in the living room']",[-1.0],[-1.0],"['No', 'Yes']","[nan, 'I remembered what items were not in the living room']",[0.25],"['The furniture/fixtures/objects in the room, The location of furniture/fixtures/objects, The items you picked up']","[1.0, 1.0, 1.0, 1.0, nan, nan, nan, 'Visualising the room layout, Associating items with personal experiences, Creating a mental story or narrative']",[nan],['Visualising the room layout'],['Yes'],"['Yes, visual imagery']",[nan]
A038,3,1.0,1.0,1.0,1.0,0.0,1.0,1.0,1.0,1.0,0.0,1.0,0.0,1.0,1.0,1.0,1.0,1.0,1.0,1.0,1.0,1.0,1.0,1.0,1.0,0.5,1.0,1.0,1.0,1.0,1.0,1.0,1.0,0.0,0.5,1.0,0.0,1.0,0.5,1.0,0.5,1.0,1.0,1.0,0.0,0.0,0.5,0.0,0.0,1.0,1.0,1.0,1.0,0.0,1.0,1.0,1.0,1.0,1.0,0.0,1.0,1.0,1.0,0.0,0.0,0.5,0.0,1.0,0.5,1.0,0.5,0.0,1.0,1.0,0.5,1.0,1.0,0.0,1.0,0.0,1.0,1.0,1.0,1.0,1.0,0.0,1.0,1.0,1.0,1.0,1.0,1.0,1.0,1.0,1.0,0.0,0.0,1.0,0.0,1.0,0.5,1.0,0.5,1.0,1.0,1.0,1.0,1.0,1.0,1.0,1.0,1.0,1.0,1.0,1.0,1.0,1.0,0.6,1.0,1.0,1.0,1.0,1.0,1.0,1.0,1.0,0.8,1.0,0.4,0.8,0.4,1.0,1.0,0.6,0.4,0.6,0.8,0.4,0.2,1.0,1.0,1.0,0.2,0.8,1.0,0.4,0.6,0.6,0.4,0.8,0.8,0.4,0.4,0.4,1.0,1.0,1.0,1.0,0.2,0.6,1.0,0.8,1.0,0.8,0.2,1.0,1.0,0.8,0.2,0.8,0.4,0.2,1.0,0.4,0.8,0.6,0.2,0.2,1.0,0.6,0.8,1.0,0.2,1.0,0.4,1.0,1.0,1.0,1.0,1.0,1.0,1.0,1.0,0.8,1.0,1.0,0.6,0.4,1.0,1.0,0.2,1.0,1.0,0.2,0.8,0.6,0.6,0.8,1.0,0.2,0.8,63.0,38.0,464.0,16.0,31.0,33.0,48.0,33.0,28.0,29.0,32.0,29.0,23.0,31.0,51.0,,,10.0,9.0,11.0,12.0,5.0,8.0,7.0,6.0,,2.0,3.0,4.0,1.0,8.0,14.0,9.0,,10.0,11.0,12.0,13.0,5.0,6.0,7.0,4.0,3.0,1.0,2.0,12.0,11.0,10.0,9.0,,,8.0,6.0,3.0,5.0,7.0,4.0,13.0,1.0,2.0,11.0,12.0,9.0,10.0,8.0,3.0,14.0,6.0,13.0,,4.0,5.0,7.0,2.0,1.0,12.0,13.0,14.0,15.0,10.0,11.0,9.0,8.0,4.0,7.0,6.0,3.0,5.0,1.0,2.0,8.0,7.0,,,,,,,6.0,,5.0,4.0,1.0,2.0,3.0,7.0,8.0,9.0,10.0,5.0,6.0,1.0,2.0,3.0,4.0,13.0,11.0,12.0,14.0,15.0,1.0,2.0,3.0,4.0,5.0,6.0,7.0,8.0,,,10.0,11.0,9.0,12.0,13.0,72.86,21.0,495.0,698.0,154.0,547.67,455.0,0.17,7.0,0.48,-0.5,-0.5,[0.0],[nan],[0.0],[nan],"['No', 'Yes']","[nan, ""I knew which objects had appeared before and so weren't in the kitchen""]",[-0.5],[0.0],"['No', 'Yes']","[nan, ""I knew which objects had appeared before and so weren't in the kitchen""]",[0.5],"['The furniture/fixtures/objects in the room, The location of furniture/fixtures/objects, The items you picked up, Where you picked up and put down items']","[1.0, 1.0, 1.0, 1.0, nan, nan, nan, 'Visualising the room layout, Creating a mental story or narrative']",[nan],"['Visualising the room layout, Associating items with personal experiences, Creating a mental story or narrative']",['Yes'],"['Yes, method of loci, Yes, visual imagery']",[nan]
A038,4,1.0,1.0,0.0,1.0,0.0,1.0,1.0,1.0,1.0,1.0,1.0,0.0,0.0,1.0,0.0,1.0,1.0,1.0,1.0,1.0,0.0,1.0,1.0,0.0,0.5,1.0,1.0,0.25,1.0,0.0,0.0,0.0,0.0,1.0,0.0,0.0,0.5,1.0,0.0,0.0,1.0,1.0,1.0,0.5,0.0,0.0,0.5,1.0,1.0,1.0,1.0,1.0,1.0,1.0,0.0,1.0,1.0,0.25,1.0,0.0,1.0,0.0,0.0,1.0,0.0,0.0,0.5,1.0,0.0,0.0,1.0,1.0,0.5,0.0,1.0,1.0,0.0,1.0,1.0,1.0,1.0,1.0,1.0,1.0,1.0,1.0,1.0,1.0,1.0,0.25,1.0,0.0,1.0,1.0,0.0,1.0,0.0,0.0,0.5,1.0,0.0,0.0,1.0,1.0,1.0,1.0,0.6,0.2,0.4,0.2,1.0,1.0,1.0,1.0,1.0,1.0,0.2,1.0,1.0,0.8,1.0,1.0,1.0,1.0,1.0,0.4,0.4,0.2,0.2,1.0,0.6,1.0,1.0,0.2,1.0,1.0,0.4,0.4,0.4,0.2,0.2,0.2,0.8,0.6,0.4,0.2,1.0,0.2,0.6,0.6,1.0,0.4,0.2,1.0,1.0,1.0,1.0,1.0,0.6,0.2,1.0,1.0,0.8,1.0,0.8,0.2,0.8,0.8,1.0,0.4,0.2,0.2,0.8,0.6,0.6,1.0,0.4,0.2,0.6,0.6,1.0,0.2,1.0,0.6,0.2,1.0,1.0,1.0,1.0,1.0,1.0,1.0,1.0,1.0,0.8,1.0,1.0,1.0,0.4,0.8,0.8,1.0,0.8,0.2,0.6,1.0,0.8,1.0,0.6,0.2,63.0,38.0,464.0,16.0,31.0,33.0,48.0,33.0,28.0,29.0,32.0,29.0,23.0,31.0,51.0,,,10.0,9.0,11.0,12.0,5.0,8.0,7.0,6.0,,2.0,3.0,4.0,1.0,8.0,14.0,9.0,,10.0,11.0,12.0,13.0,5.0,6.0,7.0,4.0,3.0,1.0,2.0,12.0,11.0,10.0,9.0,,,8.0,6.0,3.0,5.0,7.0,4.0,13.0,1.0,2.0,11.0,12.0,9.0,10.0,8.0,3.0,14.0,6.0,13.0,,4.0,5.0,7.0,2.0,1.0,12.0,13.0,14.0,15.0,10.0,11.0,9.0,8.0,4.0,7.0,6.0,3.0,5.0,1.0,2.0,8.0,7.0,,,,,,,6.0,,5.0,4.0,1.0,2.0,3.0,7.0,8.0,9.0,10.0,5.0,6.0,1.0,2.0,3.0,4.0,13.0,11.0,12.0,14.0,15.0,1.0,2.0,3.0,4.0,5.0,6.0,7.0,8.0,,,10.0,11.0,9.0,12.0,13.0,152.89,88.0,811.0,782.0,130.0,588.0,192.0,0.36,10.0,0.62,0.5,0.0,[1.0],['2 cups of coffee'],[0.0],[nan],"['No', 'Yes']","[nan, ""Rule out strange items that didn't belong from previous rooms, same for all picked up objects""]",[-1.0],[-1.0],"['No', 'Yes']","[nan, ""Rule out strange items that didn't belong from previous rooms, same for all picked up objects""]",[0.25],"['The furniture/fixtures/objects in the room, The location of furniture/fixtures/objects, The order you completed items and tasks']","[1.0, 1.0, 1.0, 1.0, nan, nan, nan, 'Visualising the room layout, Associating items with personal experiences, Creating a mental story or narrative']",[nan],"['Visualising the room layout, Associating items with personal experiences, Creating a mental story or narrative']",['Yes'],"['Yes, visual imagery']",[nan]
A039,1,1.0,1.0,1.0,1.0,1.0,1.0,1.0,1.0,1.0,1.0,1.0,1.0,1.0,1.0,1.0,0.0,1.0,1.0,1.0,1.0,0.0,0.5,1.0,1.0,1.0,1.0,1.0,1.0,1.0,1.0,1.0,1.0,0.0,1.0,1.0,1.0,1.0,1.0,1.0,1.0,0.5,0.5,1.0,0.0,0.0,0.5,1.0,0.0,1.0,1.0,1.0,1.0,1.0,1.0,1.0,1.0,1.0,1.0,1.0,1.0,1.0,1.0,0.0,1.0,1.0,1.0,1.0,1.0,0.0,0.5,0.5,0.5,1.0,0.0,0.5,1.0,1.0,1.0,1.0,1.0,1.0,1.0,1.0,0.0,1.0,1.0,1.0,1.0,1.0,1.0,1.0,1.0,1.0,1.0,0.0,0.25,1.0,1.0,1.0,1.0,0.0,0.0,0.0,0.5,1.0,1.0,1.0,1.0,1.0,1.0,1.0,1.0,1.0,1.0,1.0,1.0,1.0,1.0,1.0,1.0,1.0,1.0,1.0,1.0,1.0,0.6,1.0,1.0,1.0,1.0,1.0,1.0,1.0,1.0,1.0,1.0,1.0,0.4,0.6,1.0,0.8,1.0,0.8,0.8,0.6,0.8,0.8,0.8,0.6,0.6,0.6,0.8,0.6,1.0,1.0,1.0,1.0,1.0,1.0,1.0,1.0,1.0,1.0,1.0,1.0,1.0,1.0,0.6,0.6,1.0,0.8,1.0,0.8,0.6,0.6,0.6,0.6,1.0,0.8,1.0,1.0,1.0,1.0,1.0,1.0,1.0,1.0,1.0,1.0,1.0,1.0,1.0,1.0,1.0,1.0,1.0,1.0,1.0,1.0,0.6,0.6,1.0,0.8,1.0,0.8,0.6,0.6,0.6,0.6,0.6,180.0,30.0,528.0,62.0,33.0,31.0,41.0,61.0,52.0,46.0,41.0,48.0,44.0,71.0,100.0,8.0,,,,9.0,,1.0,7.0,5.0,6.0,,2.0,,3.0,4.0,9.0,8.0,,10.0,4.0,,5.0,11.0,7.0,6.0,,3.0,,2.0,1.0,9.0,10.0,7.0,8.0,6.0,,12.0,11.0,,5.0,,4.0,3.0,2.0,1.0,8.0,9.0,11.0,10.0,6.0,,,7.0,,,5.0,1.0,2.0,3.0,4.0,10.0,11.0,13.0,12.0,14.0,,9.0,8.0,1.0,2.0,4.0,3.0,1.0,5.0,6.0,,,5.0,,,4.0,,,,,,3.0,,2.0,1.0,1.0,2.0,3.0,4.0,5.0,,10.0,9.0,,8.0,6.0,,7.0,,,1.0,2.0,3.0,4.0,5.0,8.0,6.0,7.0,,9.0,,,10.0,,11.0,1.0,61.0,342.0,540.0,177.0,469.0,119.0,0.34,8.0,0.27,0.0,0.5,[1.0],[1.0],[0.0],[nan],"['No', nan]","[nan, nan]",[0.5],[nan],"['No', nan]","[nan, nan]",[nan],"['The furniture/fixtures/objects in the room, The location of furniture/fixtures/objects, The items you picked up, Where you picked up and put down items, The order you completed items and tasks']","[1.0, 1.0, 1.0, 1.0, nan, nan, nan, 'Visualising the room layout, Creating a mental story or narrative']",[nan],['Visualising the room layout'],['Unsure'],['Unsure'],"['Good effort in the design and building of the test, interesting concept and research. Would be interested in future comparisons and where my results lie on the spectrum.']"
A039,2,1.0,1.0,1.0,1.0,1.0,1.0,1.0,1.0,1.0,1.0,1.0,0.0,0.0,1.0,1.0,1.0,1.0,1.0,1.0,1.0,0.0,1.0,1.0,1.0,1.0,1.0,1.0,1.0,1.0,0.0,0.5,1.0,1.0,1.0,1.0,1.0,0.5,0.5,0.0,0.5,0.5,1.0,0.5,1.0,1.0,1.0,0.0,0.0,1.0,1.0,1.0,1.0,1.0,1.0,1.0,1.0,1.0,0.25,1.0,1.0,1.0,1.0,1.0,1.0,1.0,0.5,0.5,0.5,0.5,0.5,1.0,1.0,1.0,0.0,0.5,1.0,1.0,1.0,1.0,1.0,1.0,1.0,1.0,1.0,1.0,1.0,1.0,0.5,1.0,0.25,1.0,1.0,1.0,1.0,1.0,1.0,1.0,1.0,1.0,0.0,0.5,0.5,1.0,1.0,0.5,1.0,1.0,0.8,1.0,1.0,1.0,0.8,1.0,1.0,1.0,1.0,0.4,1.0,1.0,1.0,0.8,1.0,1.0,1.0,1.0,0.6,0.6,0.6,1.0,1.0,0.8,0.6,1.0,1.0,1.0,1.0,1.0,1.0,1.0,1.0,1.0,0.4,0.4,0.8,0.4,0.6,0.6,0.4,0.8,0.6,0.6,0.8,0.6,1.0,1.0,1.0,1.0,1.0,1.0,1.0,1.0,1.0,0.8,1.0,1.0,1.0,1.0,1.0,1.0,1.0,1.0,0.6,0.4,0.6,0.4,0.6,0.8,0.8,0.8,0.8,1.0,0.6,1.0,1.0,1.0,1.0,1.0,1.0,1.0,1.0,1.0,1.0,1.0,1.0,0.6,1.0,1.0,1.0,1.0,1.0,1.0,1.0,1.0,0.6,0.4,0.6,0.6,0.6,0.8,0.4,180.0,30.0,528.0,62.0,33.0,31.0,41.0,61.0,52.0,46.0,41.0,48.0,44.0,71.0,100.0,8.0,,,,9.0,,1.0,7.0,5.0,6.0,,2.0,,3.0,4.0,9.0,8.0,,10.0,4.0,,5.0,11.0,7.0,6.0,,3.0,,2.0,1.0,9.0,10.0,7.0,8.0,6.0,,12.0,11.0,,5.0,,4.0,3.0,2.0,1.0,8.0,9.0,11.0,10.0,6.0,,,7.0,,,5.0,1.0,2.0,3.0,4.0,10.0,11.0,13.0,12.0,14.0,,9.0,8.0,1.0,2.0,4.0,3.0,1.0,5.0,6.0,,,5.0,,,4.0,,,,,,3.0,,2.0,1.0,1.0,2.0,3.0,4.0,5.0,,10.0,9.0,,8.0,6.0,,7.0,,,1.0,2.0,3.0,4.0,5.0,8.0,6.0,7.0,,9.0,,,10.0,,11.0,28.65,47.0,779.0,830.0,154.0,459.0,194.0,0.52,8.0,0.29,0.5,0.5,[1.0],['1 tea'],[0.0],[nan],"['No', 'Yes']","[nan, 'layout of questions, latter questions jog lost memory']",[0.0],[-0.5],"['No', 'Yes']","[nan, 'layout of questions, latter questions jog lost memory']",[0.25],"['The furniture/fixtures/objects in the room, The location of furniture/fixtures/objects, The items you picked up, Where you picked up and put down items, The order you completed items and tasks']","[1.0, 1.0, 1.0, 1.0, nan, nan, nan, 'Visualising the room layout, Associating items with personal experiences, Creating a mental story or narrative']","['how i placed the items or the result of their placement - e.g. my lamp fell over, in the middle of the couch, the drill fell to the second shelf even though i placed on the top shelf']","['Visualising the room layout, Associating items with personal experiences, Creating a mental story or narrative, Other (please specify)']",['Yes'],"['Yes, visual imagery']","[""the version one of Rememvr incidences of placement of objects actually allowed me to remember situations, however, as you will see, I couldn't remember it was a drill until prompted.""]"
A039,3,1.0,1.0,1.0,1.0,0.0,1.0,0.0,1.0,0.0,0.0,0.0,1.0,1.0,1.0,1.0,1.0,1.0,1.0,1.0,1.0,1.0,0.5,1.0,0.0,0.5,1.0,1.0,0.0,1.0,1.0,0.5,0.0,0.0,1.0,1.0,1.0,0.25,1.0,1.0,1.0,0.0,0.0,0.5,1.0,1.0,0.5,1.0,0.0,1.0,1.0,1.0,1.0,1.0,1.0,1.0,1.0,1.0,1.0,1.0,1.0,0.25,0.0,0.0,0.0,0.5,1.0,1.0,0.0,0.0,0.0,1.0,0.5,1.0,0.5,0.0,0.0,1.0,1.0,1.0,1.0,1.0,1.0,1.0,1.0,1.0,1.0,1.0,1.0,1.0,1.0,1.0,1.0,0.5,0.0,0.0,0.0,0.5,1.0,1.0,0.5,0.0,0.0,0.5,0.5,1.0,1.0,1.0,0.8,0.8,1.0,0.6,0.6,1.0,0.2,0.2,0.2,1.0,1.0,1.0,0.8,0.6,1.0,1.0,1.0,1.0,0.6,0.6,0.6,0.6,1.0,1.0,0.2,0.4,1.0,1.0,0.6,0.8,0.2,1.0,0.2,1.0,0.8,0.6,0.2,0.8,0.2,0.6,0.4,0.8,0.4,0.6,0.4,0.6,1.0,1.0,1.0,1.0,1.0,1.0,1.0,1.0,1.0,1.0,1.0,1.0,0.8,1.0,0.6,0.6,0.4,1.0,1.0,0.4,0.4,0.4,0.4,0.4,0.4,0.6,0.6,0.8,0.6,1.0,0.6,1.0,1.0,1.0,1.0,1.0,1.0,1.0,1.0,1.0,0.8,1.0,0.8,1.0,0.8,0.8,0.6,0.6,0.4,1.0,1.0,0.6,0.6,0.6,0.6,0.6,0.6,180.0,30.0,528.0,62.0,33.0,31.0,41.0,61.0,52.0,46.0,41.0,48.0,44.0,71.0,100.0,8.0,,,,9.0,,1.0,7.0,5.0,6.0,,2.0,,3.0,4.0,9.0,8.0,,10.0,4.0,,5.0,11.0,7.0,6.0,,3.0,,2.0,1.0,9.0,10.0,7.0,8.0,6.0,,12.0,11.0,,5.0,,4.0,3.0,2.0,1.0,8.0,9.0,11.0,10.0,6.0,,,7.0,,,5.0,1.0,2.0,3.0,4.0,10.0,11.0,13.0,12.0,14.0,,9.0,8.0,1.0,2.0,4.0,3.0,1.0,5.0,6.0,,,5.0,,,4.0,,,,,,3.0,,2.0,1.0,1.0,2.0,3.0,4.0,5.0,,10.0,9.0,,8.0,6.0,,7.0,,,1.0,2.0,3.0,4.0,5.0,8.0,6.0,7.0,,9.0,,,10.0,,11.0,98.84,49.0,441.0,637.0,78.0,327.0,156.5,0.4,6.0,0.33,-0.5,0.0,[0.0],[nan],[0.0],[nan],"['No', 'Yes']","[nan, 'layout of questions, latter questions jog lost memory']",[0.0],[-0.5],"['No', 'Yes']","[nan, 'layout of questions, latter questions jog lost memory']",[0.25],"['The furniture/fixtures/objects in the room, The location of furniture/fixtures/objects, The items you picked up, Where you picked up and put down items, The order you completed items and tasks']","[1.0, 1.0, 1.0, 1.0, nan, nan, nan, 'Visualising the room layout, Associating items with personal experiences, Creating a mental story or narrative']",[nan],"['Visualising the room layout, Associating items with personal experiences, Creating a mental story or narrative']",['No'],['Unsure'],[nan]
A039,4,1.0,1.0,1.0,1.0,1.0,1.0,0.0,1.0,0.0,0.0,1.0,1.0,0.0,1.0,0.0,1.0,1.0,1.0,1.0,1.0,1.0,0.0,1.0,1.0,1.0,1.0,0.5,1.0,1.0,1.0,1.0,0.0,0.5,0.25,0.0,1.0,0.25,1.0,0.5,0.5,0.0,0.0,0.5,0.0,1.0,0.0,0.5,0.0,1.0,1.0,1.0,1.0,1.0,1.0,1.0,0.0,1.0,1.0,1.0,1.0,1.0,0.5,0.0,1.0,0.5,1.0,1.0,0.5,0.0,0.5,0.0,0.0,0.5,1.0,0.0,0.0,0.5,1.0,1.0,1.0,1.0,1.0,1.0,1.0,1.0,1.0,1.0,0.0,1.0,1.0,1.0,1.0,1.0,0.5,0.5,1.0,0.25,1.0,1.0,1.0,0.0,0.5,0.0,0.0,0.0,0.8,0.8,0.4,0.8,1.0,0.8,1.0,1.0,0.2,0.2,1.0,1.0,0.2,1.0,0.6,0.4,1.0,1.0,1.0,0.8,0.6,0.6,0.6,0.6,1.0,1.0,0.6,0.8,0.2,0.2,0.2,0.2,0.6,1.0,1.0,0.2,0.2,0.6,0.6,0.6,0.4,0.2,0.2,0.8,0.6,0.6,0.6,0.6,1.0,1.0,0.8,1.0,1.0,1.0,1.0,0.4,0.8,0.8,1.0,0.8,1.0,0.8,0.4,0.8,0.2,1.0,0.8,0.4,0.4,0.6,0.2,0.6,0.4,0.6,0.6,0.8,0.4,1.0,0.6,1.0,1.0,1.0,1.0,1.0,1.0,1.0,1.0,0.6,1.0,0.8,1.0,0.8,1.0,1.0,0.4,0.6,0.4,1.0,0.8,0.4,0.4,0.4,0.4,0.2,0.4,180.0,30.0,528.0,62.0,33.0,31.0,41.0,61.0,52.0,46.0,41.0,48.0,44.0,71.0,100.0,8.0,,,,9.0,,1.0,7.0,5.0,6.0,,2.0,,3.0,4.0,9.0,8.0,,10.0,4.0,,5.0,11.0,7.0,6.0,,3.0,,2.0,1.0,9.0,10.0,7.0,8.0,6.0,,12.0,11.0,,5.0,,4.0,3.0,2.0,1.0,8.0,9.0,11.0,10.0,6.0,,,7.0,,,5.0,1.0,2.0,3.0,4.0,10.0,11.0,13.0,12.0,14.0,,9.0,8.0,1.0,2.0,4.0,3.0,1.0,5.0,6.0,,,5.0,,,4.0,,,,,,3.0,,2.0,1.0,1.0,2.0,3.0,4.0,5.0,,10.0,9.0,,8.0,6.0,,7.0,,,1.0,2.0,3.0,4.0,5.0,8.0,6.0,7.0,,9.0,,,10.0,,11.0,246.24,105.0,461.0,586.0,50.0,314.0,156.5,0.56,7.0,0.31,0.0,-0.5,[0.0],[nan],[1.0],['4 pints of Guinness'],"['No', 'Yes']","[nan, 'layout of questions, latter questions jog lost memory']",[-0.5],[-0.5],"['No', 'Yes']","[nan, 'layout of questions, latter questions jog lost memory']",[0.25],"['The furniture/fixtures/objects in the room, The location of furniture/fixtures/objects, The items you picked up, Where you picked up and put down items, The order you completed items and tasks']","[1.0, 1.0, 0.8, 1.0, nan, nan, nan, 'Visualising the room layout, Associating items with personal experiences']",[nan],"['Visualising the room layout, Associating items with personal experiences']",['No'],['Unsure'],[nan]
A040,1,1.0,1.0,0.0,1.0,0.0,1.0,1.0,0.0,0.0,1.0,1.0,1.0,0.0,1.0,1.0,1.0,1.0,1.0,1.0,1.0,1.0,1.0,0.0,0.0,0.5,0.5,0.0,1.0,1.0,1.0,0.25,0.5,0.5,0.5,1.0,0.0,0.0,0.5,0.5,0.5,0.5,1.0,1.0,0.5,1.0,0.0,0.5,0.0,1.0,1.0,0.0,1.0,1.0,1.0,1.0,0.5,0.25,0.5,1.0,1.0,1.0,0.5,0.0,1.0,1.0,0.0,0.5,0.0,0.0,0.5,0.5,1.0,0.0,0.0,1.0,1.0,0.0,1.0,1.0,1.0,1.0,0.0,1.0,0.0,1.0,1.0,1.0,0.0,0.0,0.25,1.0,1.0,1.0,0.0,0.0,0.5,1.0,0.0,0.0,0.0,1.0,0.5,0.5,1.0,0.5,1.0,0.8,0.4,0.8,1.0,0.4,0.2,0.6,0.2,1.0,1.0,1.0,0.2,1.0,1.0,1.0,1.0,1.0,1.0,1.0,0.8,0.8,0.4,0.2,1.0,1.0,0.2,0.2,1.0,0.2,0.2,0.2,0.2,0.2,1.0,0.2,0.2,1.0,0.2,0.2,0.8,0.2,0.2,1.0,1.0,1.0,1.0,1.0,1.0,0.6,1.0,1.0,1.0,1.0,1.0,0.4,1.0,0.6,1.0,1.0,1.0,0.4,1.0,0.6,1.0,0.2,0.6,0.2,1.0,0.2,1.0,1.0,0.2,0.6,0.6,0.4,0.4,0.4,0.4,0.8,1.0,0.6,0.2,0.8,1.0,1.0,1.0,0.2,0.2,0.8,1.0,1.0,0.8,0.2,0.2,0.2,1.0,0.2,0.2,0.2,0.2,0.2,1.0,1.0,0.2,93.0,15.0,211.0,24.0,26.0,25.0,31.0,12.0,16.0,15.0,20.0,18.0,20.0,33.0,40.0,2.0,,,3.0,,1.0,,4.0,,,,,,5.0,6.0,,,,3.0,,1.0,4.0,2.0,,,,6.0,,5.0,7.0,,,,7.0,,4.0,6.0,3.0,,,,,5.0,1.0,2.0,,7.0,,8.0,,5.0,4.0,3.0,,,,6.0,,1.0,2.0,7.0,8.0,,,,,4.0,3.0,,,,5.0,6.0,1.0,2.0,,,5.0,,6.0,4.0,,,,,,3.0,,1.0,2.0,,1.0,,6.0,,,4.0,2.0,,7.0,,5.0,,3.0,8.0,7.0,2.0,,6.0,,,,1.0,,3.0,,4.0,,5.0,,1.0,64.0,309.0,269.0,43.0,236.0,109.0,0.32,7.0,0.29,0.0,0.0,[0.0],[nan],[0.0],[nan],"['No', nan]","[nan, nan]",[0.0],[nan],"['No', nan]","[nan, nan]",[nan],"['The furniture/fixtures/objects in the room, The order you completed items and tasks']","[1.0, 1.0, 1.0, 1.0, nan, nan, nan, 'No specific strategy']",[nan],['No specific strategy'],['No'],"['No, I did not apply any mnemonic techniques']",[nan]
A040,2,1.0,1.0,0.0,1.0,1.0,1.0,1.0,0.0,0.0,0.0,1.0,0.0,1.0,1.0,1.0,1.0,1.0,1.0,1.0,1.0,0.0,0.0,1.0,0.0,1.0,0.0,1.0,0.5,1.0,1.0,1.0,0.0,0.0,1.0,0.0,0.25,1.0,0.0,1.0,1.0,1.0,1.0,0.0,0.0,1.0,0.0,0.0,0.0,1.0,1.0,1.0,0.0,1.0,1.0,1.0,0.5,1.0,0.5,1.0,0.0,1.0,0.0,1.0,1.0,0.0,0.5,1.0,0.5,1.0,0.5,1.0,0.0,1.0,0.0,0.0,1.0,0.5,1.0,1.0,0.0,1.0,1.0,1.0,1.0,1.0,1.0,0.0,1.0,1.0,0.25,1.0,0.0,1.0,0.0,1.0,0.0,0.5,0.5,1.0,0.5,0.0,0.0,1.0,0.0,0.0,0.6,0.6,0.6,1.0,1.0,1.0,1.0,0.2,0.6,0.6,1.0,0.2,1.0,1.0,1.0,1.0,1.0,1.0,0.6,1.0,0.6,0.6,1.0,1.0,1.0,1.0,1.0,0.2,0.2,0.2,0.2,0.6,1.0,0.2,0.2,0.2,0.2,1.0,0.8,0.2,0.2,0.6,1.0,1.0,1.0,0.4,0.4,0.4,1.0,0.6,1.0,0.6,1.0,0.4,1.0,0.2,1.0,0.2,1.0,0.4,1.0,0.2,0.4,0.2,0.4,0.2,1.0,0.2,0.2,0.2,1.0,0.2,0.2,0.6,1.0,0.6,0.6,1.0,0.2,1.0,1.0,1.0,1.0,1.0,1.0,0.4,1.0,1.0,1.0,0.2,1.0,0.6,1.0,0.2,0.2,0.2,0.2,0.2,1.0,0.2,0.2,0.2,1.0,0.2,0.6,93.0,15.0,211.0,24.0,26.0,25.0,31.0,12.0,16.0,15.0,20.0,18.0,20.0,33.0,40.0,2.0,,,3.0,,1.0,,4.0,,,,,,5.0,6.0,,,,3.0,,1.0,4.0,2.0,,,,6.0,,5.0,7.0,,,,7.0,,4.0,6.0,3.0,,,,,5.0,1.0,2.0,,7.0,,8.0,,5.0,4.0,3.0,,,,6.0,,1.0,2.0,7.0,8.0,,,,,4.0,3.0,,,,5.0,6.0,1.0,2.0,,,5.0,,6.0,4.0,,,,,,3.0,,1.0,2.0,,1.0,,6.0,,,4.0,2.0,,7.0,,5.0,,3.0,8.0,7.0,2.0,,6.0,,,,1.0,,3.0,,4.0,,5.0,,26.26,47.0,621.0,257.0,63.0,841.0,311.0,0.37,7.0,0.33,0.0,0.0,[0.0],[nan],[0.0],[nan],"['No', 'Yes']","[nan, 'I get familiarr with the question style.']",[-0.5],[-0.5],"['No', 'Yes']","[nan, 'I get familiarr with the question style.']",[0.25],"['The location of furniture/fixtures/objects, The order you completed items and tasks']","[1.0, 1.0, 0.6, 1.0, nan, nan, nan, 'No specific strategy']",[nan],['No specific strategy'],['No'],"['No, I did not apply any mnemonic techniques']",[nan]
A040,3,1.0,0.0,1.0,1.0,0.0,0.0,0.0,0.0,0.0,1.0,0.0,0.0,0.0,1.0,1.0,1.0,1.0,1.0,1.0,1.0,0.0,0.5,0.0,0.0,0.5,0.0,0.0,0.5,0.0,0.25,0.5,0.5,0.0,0.0,1.0,0.5,1.0,0.5,1.0,0.5,1.0,1.0,1.0,0.0,1.0,1.0,0.0,0.5,1.0,1.0,1.0,1.0,0.0,1.0,0.0,0.5,1.0,0.25,0.0,0.0,0.0,0.0,0.0,0.0,0.0,0.0,0.25,1.0,0.0,0.5,0.5,0.5,1.0,0.0,0.5,0.0,0.0,0.0,0.0,1.0,1.0,1.0,1.0,1.0,1.0,1.0,0.0,0.5,1.0,0.5,1.0,0.0,0.5,0.0,0.0,1.0,0.0,0.5,0.0,1.0,0.0,1.0,1.0,0.5,1.0,0.4,0.2,0.4,1.0,0.2,0.4,0.4,1.0,0.2,1.0,0.6,0.2,0.2,0.6,0.4,0.4,1.0,1.0,1.0,1.0,0.2,0.2,0.4,0.4,0.2,0.4,0.2,1.0,0.2,0.2,0.2,1.0,0.2,0.2,0.2,0.2,0.2,1.0,0.2,0.2,0.2,0.2,0.2,0.4,1.0,0.4,0.4,0.4,1.0,0.2,1.0,1.0,0.2,0.2,1.0,0.2,1.0,0.2,0.2,1.0,0.2,0.2,0.2,1.0,0.2,0.2,0.2,0.2,0.2,0.2,0.2,0.2,0.2,0.2,0.2,0.4,0.2,0.2,0.2,1.0,0.2,1.0,1.0,0.6,1.0,1.0,0.4,0.2,1.0,0.2,0.2,0.2,0.2,0.2,0.2,0.2,0.2,0.2,0.2,0.2,0.6,0.2,0.2,0.2,0.2,93.0,15.0,211.0,24.0,26.0,25.0,31.0,12.0,16.0,15.0,20.0,18.0,20.0,33.0,40.0,2.0,,,3.0,,1.0,,4.0,,,,,,5.0,6.0,,,,3.0,,1.0,4.0,2.0,,,,6.0,,5.0,7.0,,,,7.0,,4.0,6.0,3.0,,,,,5.0,1.0,2.0,,7.0,,8.0,,5.0,4.0,3.0,,,,6.0,,1.0,2.0,7.0,8.0,,,,,4.0,3.0,,,,5.0,6.0,1.0,2.0,,,5.0,,6.0,4.0,,,,,,3.0,,1.0,2.0,,1.0,,6.0,,,4.0,2.0,,7.0,,5.0,,3.0,8.0,7.0,2.0,,6.0,,,,1.0,,3.0,,4.0,,5.0,,71.28,13.0,200.0,150.0,42.0,155.0,67.0,0.27,7.0,0.31,0.0,0.0,[0.0],[nan],[0.0],[nan],"['No', 'Yes']","[nan, 'It helps me a bit with the questions I am expected to answer, so I know briefly what are going to be asked.']",[-0.5],[-0.5],"['No', 'Yes']","[nan, 'It helps me a bit with the questions I am expected to answer, so I know briefly what are going to be asked.']",[0.25],['The location of furniture/fixtures/objects'],"[1.0, 1.0, 0.4, 1.0, nan, nan, nan, 'No specific strategy']",[nan],['No specific strategy'],['No'],"['No, I did not apply any mnemonic techniques']",[nan]
A040,4,1.0,1.0,1.0,1.0,0.0,0.0,0.0,1.0,0.0,1.0,0.0,1.0,0.0,1.0,0.0,0.0,1.0,1.0,1.0,1.0,1.0,0.5,0.0,0.0,0.5,1.0,0.0,1.0,1.0,0.0,0.0,0.0,1.0,0.5,1.0,0.0,0.0,0.0,0.5,1.0,0.5,0.0,0.0,0.0,1.0,1.0,1.0,0.0,1.0,0.0,0.0,1.0,0.0,0.0,0.0,0.0,0.5,0.0,0.5,0.0,0.0,1.0,0.5,0.25,0.0,0.0,0.25,0.0,0.0,1.0,0.5,1.0,0.0,0.0,0.5,0.0,0.0,0.0,1.0,0.0,0.5,1.0,1.0,0.0,1.0,0.0,1.0,1.0,0.5,1.0,0.0,0.5,0.5,1.0,0.0,0.0,0.25,0.0,0.0,0.0,0.0,0.0,0.0,1.0,0.5,0.4,0.4,0.4,0.4,0.4,0.4,0.2,1.0,0.2,1.0,0.2,0.2,0.2,0.6,0.2,0.2,1.0,1.0,1.0,1.0,0.2,0.2,0.2,0.2,0.2,1.0,0.2,1.0,0.2,0.2,0.2,0.2,0.2,0.2,0.2,0.2,0.2,0.2,0.2,0.2,0.2,0.2,0.2,0.2,0.2,0.2,0.2,0.2,1.0,0.2,0.2,1.0,0.2,0.2,0.2,0.2,0.2,0.2,0.2,0.2,0.2,0.2,0.2,1.0,0.2,0.2,0.2,0.2,0.2,0.2,0.2,0.2,0.2,0.2,0.2,0.2,0.2,0.2,0.2,0.2,0.2,1.0,0.2,0.2,1.0,0.2,1.0,1.0,0.2,1.0,0.2,0.2,0.2,0.2,0.2,0.2,0.2,0.2,0.2,0.2,0.2,0.2,0.2,0.2,0.2,93.0,15.0,211.0,24.0,26.0,25.0,31.0,12.0,16.0,15.0,20.0,18.0,20.0,33.0,40.0,2.0,,,3.0,,1.0,,4.0,,,,,,5.0,6.0,,,,3.0,,1.0,4.0,2.0,,,,6.0,,5.0,7.0,,,,7.0,,4.0,6.0,3.0,,,,,5.0,1.0,2.0,,7.0,,8.0,,5.0,4.0,3.0,,,,6.0,,1.0,2.0,7.0,8.0,,,,,4.0,3.0,,,,5.0,6.0,1.0,2.0,,,5.0,,6.0,4.0,,,,,,3.0,,1.0,2.0,,1.0,,6.0,,,4.0,2.0,,7.0,,5.0,,3.0,8.0,7.0,2.0,,6.0,,,,1.0,,3.0,,4.0,,5.0,,143.53,22.0,190.0,160.0,32.0,73.0,41.0,0.32,6.0,0.27,-0.5,-0.5,[0.0],[nan],[0.0],[nan],"['No', 'Yes']","[nan, 'I know what the questions would look like']",[-1.0],[-1.0],"['No', 'Yes']","[nan, 'I know what the questions would look like']",[0.25],['The location of furniture/fixtures/objects'],"[1.0, 1.0, 0.4, 1.0, nan, nan, nan, 'No specific strategy']",[nan],['No specific strategy'],['No'],"['No, I did not apply any mnemonic techniques']","[""It's a lot difficult to remember anything now after a few days have passed and I had a busy day at the office yesterday.""]"
A041,1,1.0,1.0,1.0,1.0,1.0,1.0,1.0,1.0,1.0,1.0,1.0,1.0,0.0,1.0,0.0,0.0,1.0,1.0,1.0,1.0,1.0,0.0,1.0,1.0,1.0,1.0,0.25,1.0,0.5,1.0,1.0,0.5,1.0,1.0,0.0,0.5,0.0,1.0,0.5,1.0,0.5,0.0,0.0,0.5,0.0,0.0,1.0,0.0,1.0,1.0,0.0,1.0,1.0,1.0,1.0,1.0,1.0,1.0,0.5,1.0,1.0,1.0,1.0,1.0,0.0,0.5,0.0,0.5,0.5,1.0,1.0,0.0,0.0,0.5,0.5,1.0,1.0,1.0,1.0,1.0,1.0,1.0,1.0,1.0,1.0,1.0,1.0,1.0,1.0,1.0,0.5,1.0,1.0,1.0,0.0,1.0,0.0,0.5,0.0,1.0,0.5,1.0,1.0,0.0,0.0,1.0,1.0,1.0,1.0,1.0,1.0,1.0,1.0,1.0,1.0,1.0,1.0,0.2,1.0,0.6,1.0,1.0,1.0,1.0,1.0,0.6,0.6,1.0,1.0,1.0,1.0,1.0,1.0,1.0,1.0,0.2,0.4,0.8,1.0,0.6,1.0,0.2,0.4,0.4,1.0,0.4,0.4,0.2,0.6,0.6,0.6,0.6,1.0,1.0,1.0,1.0,1.0,1.0,1.0,1.0,1.0,1.0,1.0,1.0,1.0,1.0,1.0,1.0,1.0,0.2,0.8,0.2,0.2,0.2,1.0,0.2,0.2,0.2,0.6,0.4,1.0,1.0,1.0,1.0,1.0,1.0,1.0,1.0,1.0,1.0,1.0,1.0,1.0,1.0,1.0,0.6,1.0,1.0,0.6,0.2,0.6,0.6,1.0,0.2,0.2,0.2,1.0,0.2,0.2,0.2,,,420.0,33.0,19.0,22.0,30.0,18.0,30.0,29.0,24.0,42.0,19.0,33.0,35.0,,,,,,,,,,,,,,,,,,,,,,,,,,,,,,,,,,,,,,,,,,,,,,,,,,,,,,,,,,,,,,,,,,,,,,,,,,,,,,,,,,,,,,,,,,,,,,,,,,,,,,,,,,,,,,,,,,,,,,,,,1.0,51.0,476.0,253.0,112.0,287.0,110.0,0.29,8.0,0.31,0.0,0.5,[0.0],[nan],[0.0],[nan],"['No', 'Unsure']","[nan, nan]",[-0.5],[0.0],"['No', 'Unsure']","[nan, nan]",[0.25],['The items you picked up'],"[1.0, 1.0, 1.0, 1.0, nan, nan, nan, 'No specific strategy']",[nan],['No specific strategy'],['No'],"['No, I did not apply any mnemonic techniques']",['It was difficult to remember what was the order of the pills at the beginning']
A041,2,1.0,1.0,1.0,1.0,1.0,0.0,1.0,0.0,0.0,0.0,1.0,1.0,0.0,1.0,0.0,0.0,1.0,1.0,1.0,1.0,0.0,1.0,0.0,0.0,1.0,0.5,0.5,0.5,1.0,0.25,0.5,0.5,0.0,0.5,0.0,0.25,0.0,1.0,0.5,1.0,0.5,1.0,0.0,1.0,0.0,1.0,0.0,1.0,1.0,1.0,1.0,0.0,1.0,1.0,1.0,0.5,1.0,0.0,1.0,0.25,0.5,0.25,0.25,0.0,0.0,1.0,0.5,0.0,0.0,1.0,0.0,0.0,0.0,0.0,0.0,0.0,0.0,0.0,0.0,1.0,0.0,1.0,1.0,1.0,1.0,1.0,1.0,0.5,1.0,0.25,1.0,1.0,0.5,0.25,0.25,0.5,0.5,1.0,0.0,0.5,0.5,0.0,0.0,0.5,0.5,1.0,1.0,0.6,1.0,1.0,1.0,1.0,0.2,1.0,0.2,1.0,1.0,1.0,1.0,0.4,1.0,1.0,1.0,1.0,1.0,0.2,0.2,0.2,0.2,1.0,1.0,1.0,0.2,1.0,0.2,1.0,0.4,0.2,0.2,0.2,0.2,0.2,0.2,0.2,0.2,0.2,0.2,0.2,1.0,0.6,0.6,0.6,1.0,1.0,1.0,1.0,1.0,1.0,1.0,1.0,0.2,1.0,1.0,1.0,1.0,0.2,0.4,0.2,0.2,0.2,0.2,0.2,0.2,0.2,0.2,0.2,0.2,0.2,0.4,0.2,1.0,0.4,1.0,0.2,1.0,1.0,1.0,1.0,1.0,1.0,1.0,1.0,0.2,1.0,0.2,1.0,0.2,0.2,0.2,0.2,0.2,0.2,0.2,0.2,0.2,0.2,0.2,0.2,0.2,0.2,,,420.0,33.0,19.0,22.0,30.0,18.0,30.0,29.0,24.0,42.0,19.0,33.0,35.0,,,,,,,,,,,,,,,,,,,,,,,,,,,,,,,,,,,,,,,,,,,,,,,,,,,,,,,,,,,,,,,,,,,,,,,,,,,,,,,,,,,,,,,,,,,,,,,,,,,,,,,,,,,,,,,,,,,,,,,,,31.78,44.0,568.0,715.0,66.0,334.0,160.0,0.65,8.0,0.27,0.0,0.0,[0.0],[nan],[0.0],[nan],"['No', 'Unsure']","[nan, nan]",[-1.0],[-1.0],"['No', 'Unsure']","[nan, nan]",[0.5],['The items you picked up'],"[1.0, 1.0, 1.0, 1.0, nan, nan, nan, 'No specific strategy']",[nan],['No specific strategy'],['No'],"['No, I did not apply any mnemonic techniques']",[nan]
A041,3,1.0,1.0,1.0,1.0,0.0,1.0,1.0,1.0,0.0,1.0,1.0,0.0,1.0,1.0,1.0,0.0,1.0,1.0,1.0,1.0,1.0,0.0,1.0,1.0,0.5,0.0,0.0,1.0,1.0,0.5,1.0,0.0,0.0,1.0,1.0,1.0,1.0,0.0,0.0,0.5,0.0,0.5,0.0,0.5,0.0,0.0,0.0,0.0,1.0,0.0,1.0,1.0,1.0,1.0,1.0,0.0,0.5,1.0,1.0,0.0,1.0,1.0,0.0,1.0,1.0,0.5,1.0,0.0,0.5,0.5,1.0,0.0,0.5,1.0,0.0,1.0,0.5,1.0,1.0,1.0,1.0,1.0,1.0,1.0,1.0,1.0,0.0,1.0,0.5,1.0,1.0,1.0,0.5,1.0,1.0,1.0,1.0,1.0,0.5,0.5,0.0,1.0,1.0,0.5,0.0,1.0,1.0,1.0,1.0,0.6,1.0,1.0,0.6,0.6,1.0,1.0,0.8,1.0,1.0,1.0,1.0,1.0,1.0,1.0,1.0,0.6,0.6,1.0,0.6,0.6,0.6,0.6,1.0,1.0,0.6,0.2,0.6,0.2,0.2,0.2,0.6,0.2,0.4,0.2,0.2,0.2,0.2,0.2,0.6,0.6,0.6,0.6,1.0,1.0,1.0,1.0,1.0,1.0,1.0,1.0,0.6,0.6,1.0,1.0,1.0,0.6,0.6,0.2,1.0,1.0,0.2,0.6,0.2,0.2,0.2,0.6,0.2,0.2,0.6,0.6,1.0,0.6,1.0,1.0,1.0,1.0,1.0,1.0,1.0,1.0,1.0,1.0,0.6,0.2,1.0,1.0,1.0,0.6,0.6,0.2,0.6,1.0,1.0,0.2,0.2,0.2,0.4,1.0,0.2,0.2,,,420.0,33.0,19.0,22.0,30.0,18.0,30.0,29.0,24.0,42.0,19.0,33.0,35.0,,,,,,,,,,,,,,,,,,,,,,,,,,,,,,,,,,,,,,,,,,,,,,,,,,,,,,,,,,,,,,,,,,,,,,,,,,,,,,,,,,,,,,,,,,,,,,,,,,,,,,,,,,,,,,,,,,,,,,,,,75.74,54.0,384.0,387.0,61.0,500.0,205.0,0.38,8.0,0.38,0.0,0.5,[0.0],[nan],[0.0],[nan],"['No', 'Unsure']","[nan, nan]",[-0.5],[-0.5],"['No', 'Unsure']","[nan, nan]",[0.75],"['The furniture/fixtures/objects in the room, Where you picked up and put down items']","[1.0, 1.0, 1.0, 1.0, nan, nan, nan, 'No specific strategy']",[nan],['No specific strategy'],['No'],"['No, I did not apply any mnemonic techniques']",[nan]
A041,4,1.0,1.0,1.0,0.0,0.0,1.0,1.0,0.0,1.0,1.0,0.0,1.0,1.0,1.0,0.0,0.0,1.0,1.0,1.0,1.0,0.0,0.0,1.0,0.0,1.0,0.5,1.0,1.0,1.0,1.0,1.0,0.0,0.0,0.0,0.5,0.5,0.5,0.0,0.0,0.0,0.0,0.5,0.0,0.0,0.0,0.0,0.0,0.5,1.0,1.0,1.0,1.0,1.0,1.0,1.0,1.0,1.0,1.0,0.0,1.0,1.0,0.5,0.0,0.0,0.0,0.0,0.5,0.0,0.0,0.0,0.5,0.0,0.0,0.5,0.0,0.0,0.0,1.0,0.0,1.0,1.0,1.0,1.0,0.0,0.0,1.0,1.0,1.0,1.0,1.0,0.5,1.0,1.0,0.5,0.0,0.0,0.0,0.5,1.0,0.0,0.0,0.0,0.0,0.5,0.0,1.0,1.0,1.0,1.0,1.0,0.6,1.0,0.2,1.0,1.0,0.2,1.0,1.0,1.0,0.6,1.0,1.0,1.0,1.0,1.0,0.6,0.6,0.6,1.0,1.0,1.0,1.0,1.0,0.2,1.0,0.2,0.2,0.6,0.2,0.2,0.2,0.2,0.2,0.2,0.2,0.2,0.2,0.2,1.0,0.6,0.6,0.6,1.0,1.0,1.0,1.0,1.0,1.0,1.0,1.0,0.4,1.0,1.0,0.6,1.0,1.0,0.6,0.2,1.0,0.2,0.4,0.2,0.2,1.0,0.2,0.2,0.2,0.2,0.2,0.2,1.0,0.2,0.6,1.0,1.0,0.2,1.0,1.0,0.2,0.2,1.0,0.6,1.0,1.0,1.0,0.2,1.0,1.0,0.6,0.2,0.2,0.2,0.2,0.6,0.2,0.2,0.2,0.2,0.2,0.6,,,420.0,33.0,19.0,22.0,30.0,18.0,30.0,29.0,24.0,42.0,19.0,33.0,35.0,,,,,,,,,,,,,,,,,,,,,,,,,,,,,,,,,,,,,,,,,,,,,,,,,,,,,,,,,,,,,,,,,,,,,,,,,,,,,,,,,,,,,,,,,,,,,,,,,,,,,,,,,,,,,,,,,,,,,,,,,141.84,67.0,476.0,349.0,43.0,199.0,166.0,0.22,7.0,0.29,0.0,0.5,[0.0],[nan],[0.0],[nan],"['No', 'Unsure']","[nan, nan]",[-1.0],[-1.0],"['No', 'Unsure']","[nan, nan]",[0.25],['The furniture/fixtures/objects in the room'],"[1.0, 1.0, 1.0, 1.0, nan, nan, nan, 'No specific strategy']",[nan],['No specific strategy'],['No'],"['No, I did not apply any mnemonic techniques']",['supeeeeer haaaaaaaaarddddddddd!']
A042,1,1.0,1.0,0.0,0.0,0.0,1.0,1.0,0.0,0.0,0.0,0.0,0.0,0.0,1.0,1.0,0.0,0.5,1.0,0.25,0.5,1.0,0.5,1.0,1.0,0.5,0.5,0.0,0.0,0.5,1.0,0.0,0.0,0.0,0.5,0.0,0.25,0.0,1.0,0.0,0.5,0.0,0.0,0.0,0.0,1.0,0.5,0.0,1.0,1.0,1.0,1.0,1.0,1.0,1.0,1.0,1.0,0.0,1.0,0.5,0.0,1.0,0.0,0.5,1.0,0.5,0.5,0.0,0.5,0.5,0.5,1.0,0.0,0.0,1.0,1.0,1.0,1.0,1.0,1.0,1.0,0.5,1.0,1.0,1.0,0.0,1.0,1.0,1.0,1.0,0.5,0.5,0.0,1.0,0.25,0.0,0.5,0.5,0.5,0.5,0.0,0.0,0.5,0.5,0.0,0.5,0.2,0.2,0.2,0.2,0.2,1.0,1.0,0.2,0.2,0.2,0.2,0.2,0.2,0.8,1.0,1.0,0.6,1.0,0.2,0.2,1.0,1.0,1.0,0.6,0.2,0.2,0.2,0.2,0.2,0.2,0.2,0.2,0.2,0.2,0.2,0.2,0.2,0.2,0.2,0.2,0.2,0.2,0.2,0.6,0.4,0.4,0.4,0.4,1.0,1.0,1.0,1.0,1.0,1.0,1.0,0.4,0.4,0.8,0.6,0.4,1.0,0.2,0.4,0.4,0.6,0.4,0.4,0.4,0.4,0.4,0.6,0.4,0.4,0.8,1.0,1.0,0.6,1.0,0.8,1.0,0.4,1.0,1.0,1.0,1.0,1.0,1.0,0.4,0.4,0.8,0.6,0.4,1.0,0.4,0.4,0.4,0.4,0.2,0.2,0.4,0.4,0.6,0.4,0.4,0.4,62.0,35.0,238.0,19.0,36.0,33.0,29.0,20.0,32.0,32.0,28.0,22.0,11.0,29.0,48.0,7.0,8.0,,,,6.0,,4.0,1.0,,3.0,2.0,,,5.0,1.0,2.0,,7.0,6.0,5.0,,,,,3.0,,8.0,,4.0,9.0,10.0,6.0,4.0,,7.0,8.0,,,5.0,11.0,3.0,,1.0,2.0,6.0,7.0,10.0,,9.0,8.0,11.0,,12.0,,1.0,2.0,3.0,4.0,5.0,9.0,10.0,11.0,15.0,12.0,13.0,14.0,8.0,5.0,6.0,4.0,7.0,1.0,2.0,3.0,6.0,,,7.0,,,,,,1.0,2.0,3.0,,4.0,5.0,1.0,2.0,3.0,5.0,4.0,,9.0,12.0,7.0,6.0,8.0,10.0,,,11.0,1.0,,2.0,4.0,3.0,5.0,6.0,,8.0,7.0,11.0,9.0,,,10.0,1.0,30.0,405.0,156.0,96.0,463.0,109.0,0.22,5.0,0.23,-0.5,0.5,[0.0],[nan],[0.0],[nan],"['No', nan]","[nan, nan]",[-1.0],[nan],"['No', nan]","[nan, nan]",[nan],"['The furniture/fixtures/objects in the room, The location of furniture/fixtures/objects, The items you picked up, Where you picked up and put down items']","[1.0, 0.5, 0.2, 0.6, nan, 1.0, nan, 'Visualising the room layout']",[nan],['Visualising the room layout'],['No'],"['No, I did not apply any mnemonic techniques']",[nan]
A042,2,1.0,1.0,1.0,1.0,1.0,1.0,1.0,1.0,0.0,0.0,1.0,0.0,0.0,1.0,0.0,0.0,0.5,1.0,1.0,1.0,0.0,0.0,1.0,0.0,0.25,0.25,0.0,1.0,0.5,0.0,1.0,0.25,0.25,0.25,0.5,1.0,0.0,0.0,1.0,1.0,0.0,0.0,1.0,0.0,1.0,0.0,0.5,0.0,1.0,1.0,1.0,1.0,1.0,1.0,1.0,0.5,1.0,1.0,0.0,0.25,0.5,1.0,0.5,0.5,1.0,1.0,0.0,0.0,0.0,1.0,0.5,0.0,0.0,0.0,0.0,1.0,1.0,1.0,0.0,1.0,0.0,1.0,1.0,1.0,1.0,1.0,1.0,0.25,0.0,0.5,0.5,0.0,0.5,0.5,0.0,0.0,0.0,1.0,0.5,0.0,0.0,0.5,1.0,0.0,0.0,0.6,0.8,0.6,0.6,0.6,1.0,1.0,0.4,0.4,0.4,0.4,0.4,0.4,0.8,0.6,0.6,1.0,1.0,0.6,1.0,0.4,0.4,0.6,0.4,0.6,0.4,0.4,0.4,0.2,0.4,0.2,0.6,0.2,0.4,0.2,0.2,0.2,0.2,0.2,0.4,0.4,0.2,0.2,0.2,0.2,0.2,0.2,0.2,1.0,1.0,0.8,1.0,0.6,0.8,1.0,0.4,0.8,0.4,0.2,0.2,0.2,0.4,0.2,0.2,0.4,0.2,0.2,0.4,0.2,0.2,0.2,0.2,0.2,0.4,0.4,0.6,0.4,1.0,0.2,1.0,0.6,0.8,1.0,1.0,1.0,1.0,0.8,0.4,0.2,0.4,0.4,0.2,0.4,0.4,0.2,0.2,0.4,0.4,0.2,0.2,0.4,0.4,0.4,0.4,0.2,62.0,35.0,238.0,19.0,36.0,33.0,29.0,20.0,32.0,32.0,28.0,22.0,11.0,29.0,48.0,7.0,8.0,,,,6.0,,4.0,1.0,,3.0,2.0,,,5.0,1.0,2.0,,7.0,6.0,5.0,,,,,3.0,,8.0,,4.0,9.0,10.0,6.0,4.0,,7.0,8.0,,,5.0,11.0,3.0,,1.0,2.0,6.0,7.0,10.0,,9.0,8.0,11.0,,12.0,,1.0,2.0,3.0,4.0,5.0,9.0,10.0,11.0,15.0,12.0,13.0,14.0,8.0,5.0,6.0,4.0,7.0,1.0,2.0,3.0,6.0,,,7.0,,,,,,1.0,2.0,3.0,,4.0,5.0,1.0,2.0,3.0,5.0,4.0,,9.0,12.0,7.0,6.0,8.0,10.0,,,11.0,1.0,,2.0,4.0,3.0,5.0,6.0,,8.0,7.0,11.0,9.0,,,10.0,28.93,30.0,627.0,559.0,123.0,341.0,214.0,0.32,5.0,0.33,0.0,-0.5,[0.0],[nan],[0.0],[nan],"['No', 'No']","[nan, 'They didn’t']",[-1.0],[0.0],"['No', 'No']","[nan, 'They didn’t']",[0.25],"['The furniture/fixtures/objects in the room, The location of furniture/fixtures/objects, The items you picked up, Where you picked up and put down items']","[1.0, 0.5, 0.6, 1.0, nan, 1.0, nan, 'Visualising the room layout']",[nan],['Visualising the room layout'],['No'],"['No, I did not apply any mnemonic techniques']",[nan]
A042,3,1.0,0.0,1.0,1.0,1.0,1.0,1.0,1.0,1.0,0.0,0.0,0.0,0.0,1.0,1.0,0.0,1.0,1.0,1.0,1.0,0.0,0.0,1.0,1.0,1.0,0.0,0.5,0.0,1.0,0.5,1.0,0.0,1.0,1.0,0.0,0.25,0.25,0.0,0.5,0.0,0.5,0.5,0.0,0.0,0.0,0.0,0.5,0.0,1.0,1.0,1.0,1.0,1.0,1.0,1.0,0.0,1.0,0.0,1.0,0.0,0.5,0.0,0.25,0.25,0.0,0.5,1.0,0.0,0.0,0.0,0.5,1.0,0.0,0.0,0.0,1.0,0.0,1.0,1.0,1.0,1.0,1.0,1.0,1.0,1.0,1.0,1.0,0.0,1.0,0.0,1.0,1.0,1.0,0.0,1.0,0.5,0.0,1.0,0.5,0.0,0.0,0.0,0.5,1.0,0.0,1.0,0.2,0.2,0.6,1.0,1.0,0.6,0.8,0.2,0.4,0.6,0.2,0.2,1.0,0.6,0.4,1.0,0.2,0.2,0.6,0.2,0.4,0.6,0.2,1.0,0.2,0.2,0.2,0.4,0.2,0.2,0.2,0.2,0.4,0.4,0.2,0.4,0.2,0.2,0.2,0.4,0.2,0.2,0.2,0.2,0.2,0.2,0.2,1.0,1.0,1.0,1.0,1.0,0.6,0.8,0.4,0.4,0.4,0.4,0.2,0.2,0.4,0.4,0.8,0.4,0.6,0.4,0.2,0.4,0.4,0.2,0.2,0.2,0.4,0.6,1.0,0.2,1.0,1.0,0.8,1.0,1.0,1.0,1.0,1.0,1.0,1.0,0.4,0.4,0.4,0.4,0.4,0.2,0.4,0.4,0.4,0.4,0.8,0.4,0.2,0.4,0.4,0.2,0.2,0.2,62.0,35.0,238.0,19.0,36.0,33.0,29.0,20.0,32.0,32.0,28.0,22.0,11.0,29.0,48.0,7.0,8.0,,,,6.0,,4.0,1.0,,3.0,2.0,,,5.0,1.0,2.0,,7.0,6.0,5.0,,,,,3.0,,8.0,,4.0,9.0,10.0,6.0,4.0,,7.0,8.0,,,5.0,11.0,3.0,,1.0,2.0,6.0,7.0,10.0,,9.0,8.0,11.0,,12.0,,1.0,2.0,3.0,4.0,5.0,9.0,10.0,11.0,15.0,12.0,13.0,14.0,8.0,5.0,6.0,4.0,7.0,1.0,2.0,3.0,6.0,,,7.0,,,,,,1.0,2.0,3.0,,4.0,5.0,1.0,2.0,3.0,5.0,4.0,,9.0,12.0,7.0,6.0,8.0,10.0,,,11.0,1.0,,2.0,4.0,3.0,5.0,6.0,,8.0,7.0,11.0,9.0,,,10.0,72.17,34.0,337.0,309.0,102.0,274.0,132.0,0.12,7.0,0.33,0.0,0.0,[0.0],[nan],[0.0],[nan],"['No', 'No']","[nan, 'Didn’t help']",[-1.0],[0.0],"['No', 'No']","[nan, 'Didn’t help']",[0.25],"['The furniture/fixtures/objects in the room, The location of furniture/fixtures/objects, The items you picked up, Where you picked up and put down items']","[1.0, 1.0, 1.0, 1.0, nan, nan, nan, 'Visualising the room layout']",[nan],['Visualising the room layout'],['No'],"['No, I did not apply any mnemonic techniques']",[nan]
A042,4,0.0,1.0,1.0,1.0,0.0,1.0,0.0,1.0,1.0,0.0,0.0,0.0,0.0,1.0,0.0,0.0,0.25,1.0,1.0,1.0,1.0,1.0,1.0,0.0,0.5,0.5,1.0,0.5,0.0,1.0,0.5,0.0,0.0,1.0,1.0,0.5,0.5,1.0,0.0,0.0,0.0,0.0,1.0,0.5,0.0,0.0,1.0,0.5,1.0,0.0,1.0,1.0,1.0,1.0,1.0,0.0,0.25,0.5,0.0,0.5,0.0,1.0,0.0,0.25,0.0,0.25,0.5,0.5,0.0,1.0,0.0,1.0,0.0,0.0,0.0,0.0,0.0,1.0,0.5,1.0,1.0,1.0,1.0,1.0,1.0,1.0,1.0,0.0,1.0,0.25,0.0,0.25,0.0,1.0,0.0,1.0,0.0,0.5,0.5,0.5,0.0,1.0,0.0,0.5,0.0,0.2,0.8,0.4,0.8,0.4,1.0,0.2,0.2,0.4,0.2,0.4,0.2,0.2,1.0,0.8,0.8,0.6,0.4,0.2,0.8,0.4,0.4,0.8,0.4,0.4,0.4,0.2,0.2,0.2,0.2,0.2,0.4,0.2,1.0,1.0,1.0,0.2,0.4,0.2,0.2,0.2,0.2,0.2,0.2,0.2,0.2,0.2,0.2,1.0,0.4,1.0,0.4,0.6,0.6,0.4,0.2,0.4,0.4,0.4,0.2,0.2,0.2,0.4,0.4,0.4,0.2,0.2,0.4,0.2,0.2,0.2,0.4,0.2,0.4,0.4,0.6,0.2,1.0,0.8,0.6,0.8,0.8,1.0,0.8,0.4,1.0,0.8,0.4,0.6,0.4,0.4,0.4,0.2,0.4,0.6,0.6,0.6,0.2,0.8,0.2,0.2,0.2,0.2,0.2,0.2,62.0,35.0,238.0,19.0,36.0,33.0,29.0,20.0,32.0,32.0,28.0,22.0,11.0,29.0,48.0,7.0,8.0,,,,6.0,,4.0,1.0,,3.0,2.0,,,5.0,1.0,2.0,,7.0,6.0,5.0,,,,,3.0,,8.0,,4.0,9.0,10.0,6.0,4.0,,7.0,8.0,,,5.0,11.0,3.0,,1.0,2.0,6.0,7.0,10.0,,9.0,8.0,11.0,,12.0,,1.0,2.0,3.0,4.0,5.0,9.0,10.0,11.0,15.0,12.0,13.0,14.0,8.0,5.0,6.0,4.0,7.0,1.0,2.0,3.0,6.0,,,7.0,,,,,,1.0,2.0,3.0,,4.0,5.0,1.0,2.0,3.0,5.0,4.0,,9.0,12.0,7.0,6.0,8.0,10.0,,,11.0,1.0,,2.0,4.0,3.0,5.0,6.0,,8.0,7.0,11.0,9.0,,,10.0,146.02,33.0,348.0,449.0,80.0,348.0,137.0,0.18,5.0,0.35,-0.5,-0.5,[0.0],[nan],[0.0],[nan],"['No', 'No']","[nan, 'Didn’t help']",[-1.0],[0.0],"['No', 'No']","[nan, 'Didn’t help']",[0.25],"['The furniture/fixtures/objects in the room, The location of furniture/fixtures/objects, The items you picked up, Where you picked up and put down items']","[0.0, 0.25, 0.2, 0.6, nan, 1.0, 40.0, 'Visualising the room layout']",[nan],['Visualising the room layout'],['No'],"['No, I did not apply any mnemonic techniques']",[nan]
A043,1,1.0,1.0,1.0,1.0,0.0,1.0,1.0,1.0,1.0,1.0,0.0,1.0,0.0,1.0,0.0,0.0,1.0,1.0,1.0,1.0,1.0,1.0,1.0,1.0,0.25,1.0,1.0,0.5,1.0,1.0,0.0,1.0,0.0,1.0,1.0,1.0,0.0,0.0,0.0,0.5,0.5,1.0,0.0,0.0,1.0,0.5,0.5,1.0,1.0,1.0,1.0,1.0,1.0,1.0,1.0,1.0,1.0,0.5,1.0,1.0,1.0,1.0,0.0,1.0,1.0,0.25,0.5,0.0,0.0,0.5,0.5,1.0,0.5,1.0,1.0,1.0,1.0,1.0,1.0,1.0,1.0,1.0,1.0,1.0,1.0,1.0,1.0,1.0,1.0,0.5,1.0,1.0,1.0,1.0,0.5,1.0,1.0,1.0,0.5,0.5,0.0,0.5,0.0,1.0,0.0,1.0,0.8,0.8,0.8,1.0,1.0,0.4,1.0,1.0,1.0,0.2,1.0,1.0,1.0,1.0,1.0,1.0,1.0,1.0,1.0,0.6,1.0,1.0,1.0,1.0,1.0,1.0,1.0,0.8,1.0,1.0,1.0,1.0,1.0,1.0,1.0,1.0,1.0,0.6,0.6,0.6,0.6,0.8,0.8,1.0,0.8,0.8,1.0,1.0,0.8,1.0,1.0,1.0,1.0,1.0,0.8,1.0,1.0,1.0,1.0,1.0,0.8,1.0,1.0,1.0,1.0,0.6,1.0,0.8,0.8,0.6,1.0,0.6,1.0,1.0,1.0,1.0,1.0,1.0,1.0,1.0,1.0,1.0,1.0,1.0,1.0,1.0,1.0,1.0,1.0,1.0,1.0,1.0,1.0,0.6,1.0,1.0,1.0,0.6,0.6,0.6,1.0,1.0,1.0,0.6,118.0,27.0,322.0,60.0,54.0,41.0,29.0,22.0,45.0,50.0,31.0,46.0,19.0,39.0,37.0,,,4.0,5.0,3.0,,,,,6.0,,,2.0,1.0,,1.0,2.0,7.0,6.0,8.0,,5.0,9.0,,4.0,,,10.0,3.0,,8.0,7.0,6.0,9.0,,10.0,11.0,,12.0,5.0,3.0,2.0,4.0,,1.0,1.0,,2.0,3.0,,8.0,4.0,,5.0,9.0,,,7.0,,6.0,7.0,8.0,,9.0,5.0,6.0,4.0,10.0,11.0,,,3.0,,2.0,1.0,4.0,,,,,,,,,,,,3.0,2.0,1.0,2.0,1.0,,11.0,4.0,8.0,9.0,3.0,7.0,,,,10.0,6.0,5.0,1.0,12.0,3.0,2.0,10.0,11.0,9.0,7.0,8.0,,,,5.0,6.0,4.0,1.0,59.0,492.0,619.0,88.0,362.0,142.0,0.4,7.0,0.21,0.0,-0.5,[0.0],[nan],[0.0],[nan],"['No', nan]","[nan, nan]",[0.0],[nan],"['No', nan]","[nan, nan]",[nan],"['The furniture/fixtures/objects in the room, The location of furniture/fixtures/objects, The items you picked up, Where you picked up and put down items, The order you completed items and tasks']","[1.0, 1.0, 1.0, 1.0, nan, nan, nan, 'No specific strategy, Visualising the room layout, Creating a mental story or narrative']",[nan],"['No specific strategy, Visualising the room layout, Creating a mental story or narrative']",['No'],"['No, I did not apply any mnemonic techniques']",['very interesting experience']
A043,2,1.0,1.0,1.0,1.0,0.0,1.0,1.0,0.0,1.0,1.0,1.0,0.0,1.0,1.0,1.0,0.0,1.0,1.0,1.0,1.0,0.0,1.0,1.0,1.0,0.5,0.0,1.0,1.0,1.0,0.0,1.0,0.5,0.0,0.5,0.5,0.0,1.0,1.0,1.0,0.5,1.0,1.0,0.5,0.0,0.0,0.5,0.0,0.5,1.0,1.0,1.0,1.0,1.0,1.0,0.0,1.0,1.0,1.0,1.0,0.5,1.0,1.0,0.0,0.5,0.5,0.0,1.0,0.5,0.5,0.0,1.0,1.0,0.0,1.0,1.0,1.0,1.0,1.0,1.0,1.0,1.0,1.0,1.0,1.0,1.0,1.0,1.0,1.0,1.0,1.0,1.0,0.5,1.0,1.0,0.0,0.5,0.5,0.0,1.0,0.5,0.5,0.0,1.0,0.0,0.0,1.0,1.0,1.0,1.0,1.0,1.0,0.8,0.6,0.6,1.0,1.0,1.0,1.0,1.0,1.0,1.0,1.0,1.0,1.0,1.0,0.6,0.8,0.8,0.8,1.0,1.0,1.0,1.0,1.0,0.8,1.0,0.4,1.0,1.0,1.0,0.8,0.4,0.4,0.6,0.6,0.8,0.6,1.0,0.6,0.6,0.6,0.6,0.6,1.0,1.0,1.0,1.0,1.0,1.0,1.0,1.0,1.0,1.0,1.0,1.0,1.0,1.0,1.0,1.0,0.6,1.0,1.0,0.4,0.6,0.8,1.0,0.4,0.8,1.0,1.0,1.0,1.0,1.0,1.0,0.8,0.8,1.0,1.0,1.0,1.0,1.0,1.0,1.0,1.0,1.0,1.0,0.6,1.0,1.0,1.0,1.0,1.0,0.6,1.0,0.6,0.8,1.0,0.6,0.6,1.0,118.0,27.0,322.0,60.0,54.0,41.0,29.0,22.0,45.0,50.0,31.0,46.0,19.0,39.0,37.0,,,4.0,5.0,3.0,,,,,6.0,,,2.0,1.0,,1.0,2.0,7.0,6.0,8.0,,5.0,9.0,,4.0,,,10.0,3.0,,8.0,7.0,6.0,9.0,,10.0,11.0,,12.0,5.0,3.0,2.0,4.0,,1.0,1.0,,2.0,3.0,,8.0,4.0,,5.0,9.0,,,7.0,,6.0,7.0,8.0,,9.0,5.0,6.0,4.0,10.0,11.0,,,3.0,,2.0,1.0,4.0,,,,,,,,,,,,3.0,2.0,1.0,2.0,1.0,,11.0,4.0,8.0,9.0,3.0,7.0,,,,10.0,6.0,5.0,1.0,12.0,3.0,2.0,10.0,11.0,9.0,7.0,8.0,,,,5.0,6.0,4.0,25.62,39.0,328.0,692.0,129.0,368.0,184.0,0.4,7.0,0.27,-0.5,-0.5,[0.0],[nan],[0.0],[nan],"['No', 'Yes']","[nan, 'It helped with knowing what questions were going to be asked.']",[0.0],[0.0],"['No', 'Yes']","[nan, 'It helped with knowing what questions were going to be asked.']",[0.25],['The items you picked up'],"[1.0, 1.0, 1.0, 1.0, nan, nan, nan, 'No specific strategy, Creating a mental story or narrative']",[nan],"['No specific strategy, Creating a mental story or narrative']",['No'],"['No, I did not apply any mnemonic techniques']","['was abit harder to remember. ive mistaken one object from one room to being in the bedroom instead, though had it in the right location had it been in the bedroom,']"
A043,3,1.0,1.0,1.0,1.0,1.0,1.0,0.0,1.0,1.0,0.0,1.0,1.0,1.0,0.0,1.0,1.0,1.0,1.0,1.0,1.0,0.0,0.0,1.0,1.0,1.0,0.5,1.0,0.0,1.0,0.0,1.0,1.0,1.0,0.25,1.0,1.0,0.0,0.0,0.5,1.0,0.0,0.0,1.0,0.5,1.0,0.5,0.0,0.5,1.0,1.0,1.0,1.0,1.0,1.0,1.0,0.5,1.0,1.0,1.0,0.0,1.0,1.0,1.0,0.0,1.0,1.0,0.0,0.0,1.0,0.5,1.0,0.0,0.0,0.0,0.0,0.0,1.0,1.0,1.0,1.0,1.0,1.0,1.0,1.0,1.0,1.0,1.0,0.5,1.0,1.0,1.0,0.0,1.0,1.0,1.0,0.0,1.0,1.0,0.0,0.0,0.5,0.5,1.0,1.0,1.0,1.0,1.0,1.0,1.0,0.8,1.0,0.6,1.0,1.0,0.6,1.0,0.4,1.0,0.8,0.8,0.6,1.0,1.0,1.0,1.0,0.6,0.6,1.0,0.6,1.0,1.0,1.0,1.0,0.6,0.6,0.4,0.6,0.6,1.0,1.0,0.4,0.4,0.6,0.6,0.6,0.6,0.4,0.4,0.6,1.0,0.6,0.6,0.8,1.0,1.0,1.0,1.0,1.0,1.0,1.0,1.0,1.0,1.0,1.0,0.8,1.0,1.0,1.0,0.6,1.0,1.0,0.6,0.6,0.6,0.6,0.6,0.4,0.6,0.8,0.6,0.8,0.8,1.0,1.0,1.0,1.0,1.0,1.0,0.8,1.0,1.0,1.0,1.0,1.0,0.8,1.0,0.6,1.0,1.0,1.0,0.8,0.8,1.0,0.8,0.6,0.6,0.6,0.6,0.6,0.8,118.0,27.0,322.0,60.0,54.0,41.0,29.0,22.0,45.0,50.0,31.0,46.0,19.0,39.0,37.0,,,4.0,5.0,3.0,,,,,6.0,,,2.0,1.0,,1.0,2.0,7.0,6.0,8.0,,5.0,9.0,,4.0,,,10.0,3.0,,8.0,7.0,6.0,9.0,,10.0,11.0,,12.0,5.0,3.0,2.0,4.0,,1.0,1.0,,2.0,3.0,,8.0,4.0,,5.0,9.0,,,7.0,,6.0,7.0,8.0,,9.0,5.0,6.0,4.0,10.0,11.0,,,3.0,,2.0,1.0,4.0,,,,,,,,,,,,3.0,2.0,1.0,2.0,1.0,,11.0,4.0,8.0,9.0,3.0,7.0,,,,10.0,6.0,5.0,1.0,12.0,3.0,2.0,10.0,11.0,9.0,7.0,8.0,,,,5.0,6.0,4.0,64.94,143.0,325.0,415.0,42.0,210.0,150.0,0.1,7.0,0.21,-0.5,-0.5,[0.0],[nan],[0.0],[nan],"['No', 'Yes']","[nan, 'knew what questions were being asked so had abit of time to think about it']",[0.0],[0.0],"['No', 'Yes']","[nan, 'knew what questions were being asked so had abit of time to think about it']",[0.25],"['The items you picked up, Where you picked up and put down items']","[1.0, 1.0, 1.0, 1.0, nan, nan, nan, 'No specific strategy, Creating a mental story or narrative']",[nan],"['No specific strategy, Visualising the room layout, Creating a mental story or narrative']",['No'],"['No, I did not apply any mnemonic techniques']",[nan]
A043,4,1.0,1.0,1.0,1.0,1.0,1.0,0.0,1.0,0.0,1.0,1.0,1.0,0.0,0.0,0.0,1.0,1.0,1.0,1.0,1.0,0.0,0.0,0.0,1.0,1.0,1.0,1.0,1.0,0.5,0.0,0.5,0.0,0.0,0.0,0.0,1.0,1.0,1.0,0.5,1.0,1.0,0.5,1.0,1.0,1.0,1.0,1.0,1.0,1.0,1.0,0.0,1.0,1.0,1.0,1.0,1.0,0.25,1.0,0.5,0.0,1.0,0.0,0.0,0.0,0.0,1.0,0.25,0.0,0.5,1.0,0.5,0.5,1.0,0.5,0.0,1.0,0.0,1.0,0.0,0.0,1.0,1.0,0.0,0.0,1.0,1.0,1.0,1.0,0.25,1.0,0.5,0.0,1.0,0.0,0.0,0.0,0.0,1.0,0.0,0.5,0.0,1.0,1.0,0.5,1.0,1.0,1.0,1.0,1.0,1.0,0.8,0.8,1.0,0.2,1.0,1.0,0.6,0.6,0.8,0.6,0.6,1.0,1.0,1.0,1.0,0.4,0.6,0.4,0.4,1.0,1.0,0.2,0.6,0.4,0.6,0.6,0.2,0.2,0.6,1.0,1.0,0.6,0.4,0.2,0.6,0.4,0.2,0.4,1.0,1.0,0.6,0.6,0.6,1.0,1.0,0.4,1.0,1.0,1.0,1.0,1.0,0.4,1.0,0.6,0.6,0.4,0.6,0.4,0.4,1.0,1.0,1.0,0.6,0.4,0.4,0.6,0.6,0.6,0.6,1.0,1.0,0.6,1.0,0.6,0.8,1.0,1.0,1.0,1.0,1.0,1.0,0.6,1.0,0.6,1.0,1.0,0.6,0.6,1.0,0.4,0.6,1.0,1.0,0.8,0.4,0.4,0.6,0.6,0.6,0.6,118.0,27.0,322.0,60.0,54.0,41.0,29.0,22.0,45.0,50.0,31.0,46.0,19.0,39.0,37.0,,,4.0,5.0,3.0,,,,,6.0,,,2.0,1.0,,1.0,2.0,7.0,6.0,8.0,,5.0,9.0,,4.0,,,10.0,3.0,,8.0,7.0,6.0,9.0,,10.0,11.0,,12.0,5.0,3.0,2.0,4.0,,1.0,1.0,,2.0,3.0,,8.0,4.0,,5.0,9.0,,,7.0,,6.0,7.0,8.0,,9.0,5.0,6.0,4.0,10.0,11.0,,,3.0,,2.0,1.0,4.0,,,,,,,,,,,,3.0,2.0,1.0,2.0,1.0,,11.0,4.0,8.0,9.0,3.0,7.0,,,,10.0,6.0,5.0,1.0,12.0,3.0,2.0,10.0,11.0,9.0,7.0,8.0,,,,5.0,6.0,4.0,149.33,107.0,384.0,551.0,54.0,208.0,214.0,0.66,7.0,0.17,-0.5,-1.0,[0.0],[nan],[0.0],[nan],"['No', 'No']","[nan, 'only knowing what questions helped']",[-0.5],[-0.5],"['No', 'No']","[nan, 'only knowing what questions helped']",[0.5],"['The furniture/fixtures/objects in the room, The items you picked up, Where you picked up and put down items']","[1.0, 1.0, 1.0, 1.0, nan, nan, nan, 'No specific strategy, Visualising the room layout, Creating a mental story or narrative']",[nan],"['No specific strategy, Visualising the room layout, Creating a mental story or narrative']",['No'],"['No, I did not apply any mnemonic techniques']","['was much harder today. have had a busy week at work, and much more tired today when completing test']"
A044,1,1.0,1.0,1.0,1.0,1.0,1.0,1.0,0.0,0.0,1.0,0.0,0.0,0.0,1.0,1.0,1.0,1.0,0.5,1.0,1.0,1.0,1.0,1.0,0.0,1.0,0.0,0.25,0.25,0.5,0.25,0.0,1.0,0.0,1.0,1.0,1.0,1.0,0.5,1.0,0.0,0.5,0.0,0.5,1.0,0.5,1.0,0.0,0.0,1.0,1.0,1.0,1.0,1.0,1.0,1.0,1.0,1.0,0.25,0.5,0.5,0.0,1.0,0.0,1.0,0.5,0.25,1.0,0.5,0.0,0.0,1.0,0.0,0.5,1.0,1.0,1.0,0.0,1.0,1.0,1.0,1.0,1.0,1.0,1.0,1.0,1.0,1.0,1.0,1.0,0.5,1.0,0.25,0.0,1.0,0.0,1.0,0.5,0.25,1.0,0.5,0.5,0.0,1.0,0.0,0.5,0.6,0.6,0.6,0.6,1.0,1.0,0.4,0.2,0.2,0.6,0.2,0.2,0.2,0.8,0.6,0.6,1.0,1.0,1.0,0.8,0.8,0.8,0.8,0.6,1.0,0.2,0.2,0.2,0.2,0.2,0.2,0.2,0.2,0.6,0.2,0.2,0.2,0.2,0.2,0.4,0.2,0.2,0.2,0.4,0.4,0.4,0.4,0.4,0.4,0.4,0.8,0.8,1.0,0.8,0.8,0.2,0.4,0.2,0.6,0.2,0.2,0.2,0.4,0.4,0.4,0.2,0.6,0.2,0.2,0.4,0.8,0.2,0.4,0.6,0.6,0.4,0.4,1.0,0.6,0.8,1.0,1.0,1.0,1.0,1.0,1.0,0.8,0.4,0.6,0.2,1.0,0.4,0.4,0.4,0.6,0.6,0.6,0.4,0.8,0.2,0.2,0.4,1.0,0.2,0.2,92.0,38.0,298.0,40.0,37.0,38.0,27.0,28.0,33.0,39.0,28.0,29.0,27.0,28.0,36.0,1.0,2.0,3.0,,9.0,,,7.0,6.0,4.0,5.0,8.0,,,,8.0,9.0,11.0,10.0,4.0,12.0,,5.0,,6.0,,7.0,1.0,2.0,3.0,12.0,11.0,10.0,7.0,4.0,6.0,,3.0,,8.0,,9.0,5.0,1.0,2.0,1.0,2.0,3.0,,4.0,5.0,6.0,12.0,7.0,9.0,8.0,10.0,,,11.0,4.0,5.0,6.0,7.0,8.0,9.0,10.0,11.0,14.0,12.0,13.0,,1.0,2.0,3.0,,5.0,,,,,,,,,6.0,1.0,3.0,2.0,4.0,1.0,2.0,3.0,4.0,5.0,6.0,7.0,8.0,,10.0,12.0,11.0,,,9.0,1.0,2.0,3.0,4.0,5.0,6.0,7.0,11.0,9.0,8.0,,10.0,,,12.0,1.0,46.0,404.0,674.0,74.0,309.0,114.0,0.16,7.0,0.29,0.0,-0.5,[1.0],['1 cup of coffee'],[0.0],[nan],"['No', nan]","[nan, nan]",[-1.0],[nan],"['No', nan]","[nan, nan]",[nan],"['The furniture/fixtures/objects in the room, The location of furniture/fixtures/objects']","[1.0, 1.0, 0.6, 1.0, nan, nan, nan, 'Visualising the room layout']",[nan],['Visualising the room layout'],['No'],"['No, I did not apply any mnemonic techniques']",[nan]
A044,2,1.0,1.0,0.0,1.0,1.0,0.0,0.0,1.0,0.0,1.0,1.0,0.0,0.0,1.0,1.0,1.0,1.0,1.0,1.0,1.0,1.0,0.5,1.0,0.0,1.0,1.0,0.25,1.0,0.0,1.0,0.25,0.5,1.0,0.0,0.25,0.0,0.5,0.0,1.0,1.0,0.0,0.5,0.5,0.5,1.0,0.5,1.0,1.0,1.0,1.0,0.0,1.0,1.0,0.0,1.0,1.0,0.25,1.0,0.0,0.0,0.0,0.5,1.0,0.0,0.25,0.5,0.0,0.5,0.0,1.0,0.0,0.5,0.0,0.5,0.0,1.0,0.0,1.0,1.0,1.0,1.0,1.0,1.0,1.0,1.0,1.0,1.0,1.0,0.5,1.0,0.0,0.0,0.5,1.0,1.0,0.0,0.5,1.0,1.0,0.0,0.0,1.0,0.0,0.0,0.0,0.8,0.8,0.4,0.4,1.0,0.2,0.2,1.0,0.2,1.0,0.2,0.4,0.2,0.6,0.4,0.4,0.8,0.8,0.6,0.8,0.4,0.4,0.4,0.4,1.0,1.0,0.2,1.0,0.2,0.2,0.2,0.2,0.2,0.2,0.2,0.2,0.4,0.2,0.2,0.6,0.2,0.2,0.2,0.2,0.2,0.2,0.2,0.2,1.0,0.8,0.6,1.0,0.4,0.4,0.8,0.6,0.2,0.8,0.6,0.4,0.4,0.2,0.2,0.2,0.2,0.4,0.4,0.2,0.2,0.6,0.2,0.4,0.2,0.6,0.6,0.4,0.4,0.8,0.4,0.8,1.0,1.0,1.0,0.6,1.0,0.6,1.0,1.0,0.4,1.0,0.6,0.4,0.4,0.2,0.6,0.2,0.2,0.8,0.4,0.4,0.2,0.8,0.2,0.2,0.2,92.0,38.0,298.0,40.0,37.0,38.0,27.0,28.0,33.0,39.0,28.0,29.0,27.0,28.0,36.0,1.0,2.0,3.0,,9.0,,,7.0,6.0,4.0,5.0,8.0,,,,8.0,9.0,11.0,10.0,4.0,12.0,,5.0,,6.0,,7.0,1.0,2.0,3.0,12.0,11.0,10.0,7.0,4.0,6.0,,3.0,,8.0,,9.0,5.0,1.0,2.0,1.0,2.0,3.0,,4.0,5.0,6.0,12.0,7.0,9.0,8.0,10.0,,,11.0,4.0,5.0,6.0,7.0,8.0,9.0,10.0,11.0,14.0,12.0,13.0,,1.0,2.0,3.0,,5.0,,,,,,,,,6.0,1.0,3.0,2.0,4.0,1.0,2.0,3.0,4.0,5.0,6.0,7.0,8.0,,10.0,12.0,11.0,,,9.0,1.0,2.0,3.0,4.0,5.0,6.0,7.0,11.0,9.0,8.0,,10.0,,,12.0,47.66,37.0,233.0,320.0,63.0,224.0,120.0,0.14,8.0,0.29,0.5,0.5,[1.0],['Double Shot coffee'],[0.0],[nan],"['No', 'Yes']","[nan, 'Helped me understand the format of what questions were coming up next']",[-1.0],[0.0],"['No', 'Yes']","[nan, 'Helped me understand the format of what questions were coming up next']",[0.0],['The furniture/fixtures/objects in the room'],"[1.0, 1.0, 0.8, 0.8, nan, nan, nan, 'Visualising the room layout']",[nan],['Visualising the room layout'],['No'],"['No, I did not apply any mnemonic techniques']",[nan]
A044,3,1.0,1.0,1.0,1.0,0.0,0.0,0.0,0.0,1.0,0.0,0.0,0.0,0.0,0.0,0.0,0.0,1.0,1.0,0.5,1.0,1.0,1.0,0.0,1.0,0.5,0.5,0.5,0.5,0.5,1.0,1.0,1.0,0.25,0.0,0.0,0.5,0.0,1.0,0.0,0.5,1.0,1.0,0.5,1.0,0.0,0.0,0.0,0.0,1.0,1.0,1.0,1.0,1.0,0.0,1.0,0.0,0.0,0.25,0.0,0.0,0.0,0.0,0.0,0.5,0.5,0.25,0.5,0.0,0.0,0.5,0.5,0.0,0.0,1.0,0.0,1.0,1.0,1.0,0.0,1.0,1.0,1.0,1.0,1.0,1.0,1.0,1.0,0.5,0.5,1.0,1.0,0.0,0.25,0.25,0.5,0.5,0.0,0.25,0.0,0.0,0.0,0.5,0.0,1.0,0.0,0.6,0.6,0.6,0.6,0.2,0.4,0.4,0.4,0.4,0.2,0.2,0.2,0.4,0.4,0.4,0.4,0.8,0.8,0.6,0.8,0.4,0.4,0.4,0.6,0.2,0.2,0.2,0.2,0.2,0.2,0.2,0.2,0.2,0.4,0.2,0.2,0.6,0.2,0.2,0.2,0.2,0.2,0.2,0.4,0.4,0.4,0.4,0.4,0.8,0.8,0.8,0.8,0.8,0.6,1.0,0.4,0.2,0.2,0.2,0.2,0.2,0.2,0.2,0.4,0.2,0.2,0.2,0.2,0.2,0.2,0.2,0.2,0.2,0.6,0.2,0.4,0.2,0.4,0.4,0.8,0.4,1.0,1.0,0.8,1.0,1.0,0.8,0.2,0.2,0.2,0.6,0.4,0.2,0.4,0.2,0.2,0.2,0.4,0.4,0.2,0.2,0.2,0.4,0.4,0.4,92.0,38.0,298.0,40.0,37.0,38.0,27.0,28.0,33.0,39.0,28.0,29.0,27.0,28.0,36.0,1.0,2.0,3.0,,9.0,,,7.0,6.0,4.0,5.0,8.0,,,,8.0,9.0,11.0,10.0,4.0,12.0,,5.0,,6.0,,7.0,1.0,2.0,3.0,12.0,11.0,10.0,7.0,4.0,6.0,,3.0,,8.0,,9.0,5.0,1.0,2.0,1.0,2.0,3.0,,4.0,5.0,6.0,12.0,7.0,9.0,8.0,10.0,,,11.0,4.0,5.0,6.0,7.0,8.0,9.0,10.0,11.0,14.0,12.0,13.0,,1.0,2.0,3.0,,5.0,,,,,,,,,6.0,1.0,3.0,2.0,4.0,1.0,2.0,3.0,4.0,5.0,6.0,7.0,8.0,,10.0,12.0,11.0,,,9.0,1.0,2.0,3.0,4.0,5.0,6.0,7.0,11.0,9.0,8.0,,10.0,,,12.0,91.63,37.0,273.0,223.0,54.0,202.0,110.0,0.91,7.0,0.35,0.0,0.0,[1.0],['1 cup coffee'],[0.0],[nan],"['No', 'Yes']","[nan, 'Ruled out items I had already listed']",[-1.0],[0.0],"['No', 'Yes']","[nan, 'Ruled out items I had already listed']",[0.0],['The location of furniture/fixtures/objects'],"[1.0, 1.0, 0.6, 0.8, nan, nan, nan, 'Visualising the room layout']",[nan],['No specific strategy'],['No'],"['No, I did not apply any mnemonic techniques']",[nan]
A044,4,1.0,0.0,1.0,1.0,0.0,0.0,0.0,0.0,0.0,0.0,0.0,0.0,0.0,0.0,0.0,0.0,1.0,0.5,0.5,1.0,0.0,0.5,0.0,0.0,0.5,0.5,0.0,1.0,1.0,1.0,0.0,0.5,1.0,0.5,0.25,0.0,0.5,1.0,0.5,1.0,0.0,0.5,1.0,1.0,0.0,0.0,0.0,0.0,1.0,1.0,1.0,1.0,1.0,1.0,1.0,0.0,0.0,0.25,1.0,0.5,0.0,0.0,0.5,0.5,0.5,0.0,0.5,1.0,0.0,0.5,0.5,1.0,0.5,0.0,0.0,0.0,0.0,0.0,0.0,1.0,0.25,1.0,1.0,1.0,1.0,1.0,1.0,1.0,1.0,0.0,0.0,0.0,0.0,0.5,0.0,0.0,0.0,0.5,0.25,1.0,0.0,0.0,0.0,0.0,0.5,0.2,0.2,0.2,0.2,0.2,0.2,0.2,0.4,0.2,0.4,0.2,0.2,0.2,0.2,0.4,0.4,0.2,0.2,0.2,0.2,0.2,0.2,0.2,0.2,0.2,0.2,0.2,0.2,0.2,0.2,0.2,0.2,0.2,0.2,0.2,0.2,0.2,0.2,0.2,0.2,0.2,0.2,0.2,0.4,0.4,0.4,0.4,0.4,0.4,0.8,0.4,0.4,0.6,0.8,0.8,0.4,0.2,0.2,0.2,0.2,0.2,0.4,0.2,0.2,0.2,0.2,0.4,0.4,0.2,0.2,0.2,0.2,0.2,0.4,0.4,0.4,0.4,0.4,0.4,0.8,0.4,1.0,0.8,0.6,0.8,0.8,0.8,0.4,0.4,0.4,0.4,0.6,0.4,0.6,0.4,0.4,0.4,0.4,0.4,0.4,0.2,0.4,0.2,0.4,0.2,92.0,38.0,298.0,40.0,37.0,38.0,27.0,28.0,33.0,39.0,28.0,29.0,27.0,28.0,36.0,1.0,2.0,3.0,,9.0,,,7.0,6.0,4.0,5.0,8.0,,,,8.0,9.0,11.0,10.0,4.0,12.0,,5.0,,6.0,,7.0,1.0,2.0,3.0,12.0,11.0,10.0,7.0,4.0,6.0,,3.0,,8.0,,9.0,5.0,1.0,2.0,1.0,2.0,3.0,,4.0,5.0,6.0,12.0,7.0,9.0,8.0,10.0,,,11.0,4.0,5.0,6.0,7.0,8.0,9.0,10.0,11.0,14.0,12.0,13.0,,1.0,2.0,3.0,,5.0,,,,,,,,,6.0,1.0,3.0,2.0,4.0,1.0,2.0,3.0,4.0,5.0,6.0,7.0,8.0,,10.0,12.0,11.0,,,9.0,1.0,2.0,3.0,4.0,5.0,6.0,7.0,11.0,9.0,8.0,,10.0,,,12.0,155.27,39.0,284.0,279.0,27.0,195.0,107.0,0.63,8.0,0.29,0.0,-0.5,[0.0],[nan],[0.0],[nan],"['No', 'No']","[nan, ""They didn't... I found myself remembering the previous objects instead of the ones from the kitchen""]",[-1.0],[-0.5],"['No', 'No']","[nan, ""They didn't... I found myself remembering the previous objects instead of the ones from the kitchen""]",[0.0],['The furniture/fixtures/objects in the room'],"[1.0, 1.0, 0.2, 0.2, nan, nan, nan, 'No specific strategy']",[nan],['No specific strategy'],['No'],"['No, I did not apply any mnemonic techniques']",[nan]
A045,1,1.0,1.0,1.0,1.0,1.0,1.0,1.0,0.0,0.0,1.0,1.0,0.0,0.0,1.0,1.0,1.0,0.5,0.5,0.5,0.5,0.0,1.0,0.0,1.0,0.5,0.5,0.0,1.0,1.0,0.0,0.0,0.5,0.0,1.0,1.0,0.25,0.5,1.0,1.0,1.0,1.0,1.0,1.0,0.5,0.5,0.5,0.5,1.0,1.0,0.0,0.0,1.0,1.0,1.0,1.0,1.0,0.0,1.0,1.0,0.0,1.0,0.5,0.0,1.0,1.0,0.25,0.0,0.0,0.0,1.0,0.5,0.0,0.0,0.0,0.5,1.0,0.0,0.0,0.0,1.0,1.0,1.0,1.0,1.0,1.0,1.0,1.0,0.5,1.0,0.5,1.0,0.0,1.0,0.5,1.0,1.0,1.0,1.0,0.0,0.0,0.0,0.5,1.0,1.0,0.0,1.0,1.0,0.8,1.0,1.0,1.0,0.2,0.2,0.4,0.2,1.0,0.2,0.2,1.0,1.0,1.0,0.8,1.0,1.0,1.0,0.2,0.6,0.4,0.4,1.0,0.2,0.2,1.0,0.2,0.2,0.2,0.2,0.2,1.0,0.2,0.2,0.2,0.2,0.2,0.4,0.2,0.2,0.2,0.4,0.4,0.6,0.4,0.6,1.0,0.2,0.2,1.0,1.0,0.4,1.0,0.2,0.2,0.2,1.0,0.2,1.0,0.2,0.2,1.0,1.0,0.2,0.6,0.2,0.2,0.2,0.2,0.2,0.2,0.4,0.4,0.8,0.4,1.0,0.6,1.0,1.0,1.0,1.0,1.0,1.0,1.0,1.0,0.6,1.0,0.6,1.0,0.6,1.0,0.6,0.6,1.0,1.0,1.0,0.6,0.2,0.2,0.2,0.6,0.6,0.8,68.0,28.0,301.0,58.0,43.0,36.0,23.0,11.0,14.0,26.0,19.0,15.0,11.0,19.0,24.0,3.0,,,2.0,,,,,,,,4.0,,,1.0,,6.0,,5.0,,,4.0,,,,,3.0,,2.0,1.0,2.0,,,6.0,3.0,4.0,5.0,,,,,7.0,,8.0,1.0,6.0,9.0,,7.0,4.0,5.0,8.0,,,,,,3.0,1.0,2.0,,6.0,4.0,9.0,10.0,7.0,8.0,,,5.0,,3.0,,2.0,1.0,,,,,,,,,,,,3.0,,2.0,1.0,2.0,3.0,10.0,7.0,5.0,6.0,8.0,,,,,4.0,,9.0,1.0,7.0,8.0,9.0,5.0,3.0,4.0,6.0,,,,,,,2.0,1.0,1.0,122.0,434.0,460.0,92.0,250.0,84.0,0.2,8.0,0.25,0.0,1.0,[1.0],['1 cup of coffe'],[0.0],[nan],"['No', nan]","[nan, nan]",[0.0],[nan],"['No', nan]","[nan, nan]",[nan],"['The furniture/fixtures/objects in the room, The location of furniture/fixtures/objects, The items you picked up, Where you picked up and put down items, The order you completed items and tasks']","[1.0, 0.5, 1.0, 0.8, nan, 1.0, nan, 'Visualising the room layout']",[nan],['Visualising the room layout'],['No'],"['No, I did not apply any mnemonic techniques']",[nan]
A045,2,1.0,1.0,1.0,1.0,1.0,1.0,0.0,1.0,0.0,1.0,1.0,0.0,0.0,1.0,1.0,1.0,0.5,0.5,0.5,0.5,1.0,0.0,0.0,0.0,0.5,1.0,1.0,1.0,0.25,0.0,0.0,0.5,1.0,0.0,0.0,1.0,0.0,0.0,0.0,1.0,1.0,1.0,1.0,0.0,1.0,0.5,0.0,0.0,1.0,1.0,1.0,1.0,1.0,1.0,0.0,1.0,0.5,0.0,0.5,0.0,0.5,0.5,1.0,0.5,0.0,0.25,0.25,0.0,0.0,0.0,1.0,0.5,0.0,0.0,0.5,0.0,0.0,1.0,0.0,1.0,1.0,1.0,1.0,1.0,1.0,1.0,1.0,1.0,1.0,0.0,0.5,0.0,0.5,0.25,1.0,0.25,0.0,0.25,0.0,0.0,0.0,0.5,1.0,1.0,0.0,0.4,1.0,1.0,1.0,1.0,0.6,0.6,1.0,0.2,1.0,1.0,0.2,0.2,1.0,1.0,1.0,1.0,0.6,0.6,1.0,0.4,0.6,0.6,0.2,1.0,1.0,0.2,0.6,0.4,0.2,0.2,0.4,0.2,0.6,1.0,0.2,0.2,0.6,0.2,0.2,0.2,0.2,0.2,0.4,0.6,0.6,0.4,0.4,1.0,1.0,0.6,1.0,1.0,0.2,0.6,1.0,0.4,0.4,0.4,0.2,0.2,0.4,0.6,1.0,1.0,0.2,0.2,0.6,0.2,0.2,0.2,0.2,0.2,0.4,0.4,0.4,0.4,1.0,0.2,0.6,1.0,1.0,1.0,1.0,1.0,1.0,1.0,1.0,0.4,0.4,0.4,0.2,0.4,0.2,0.6,1.0,0.8,0.6,0.6,0.4,0.4,0.4,0.2,0.2,0.2,68.0,28.0,301.0,58.0,43.0,36.0,23.0,11.0,14.0,26.0,19.0,15.0,11.0,19.0,24.0,3.0,,,2.0,,,,,,,,4.0,,,1.0,,6.0,,5.0,,,4.0,,,,,3.0,,2.0,1.0,2.0,,,6.0,3.0,4.0,5.0,,,,,7.0,,8.0,1.0,6.0,9.0,,7.0,4.0,5.0,8.0,,,,,,3.0,1.0,2.0,,6.0,4.0,9.0,10.0,7.0,8.0,,,5.0,,3.0,,2.0,1.0,,,,,,,,,,,,3.0,,2.0,1.0,2.0,3.0,10.0,7.0,5.0,6.0,8.0,,,,,4.0,,9.0,1.0,7.0,8.0,9.0,5.0,3.0,4.0,6.0,,,,,,,2.0,1.0,24.66,41.0,437.0,379.0,59.0,235.0,85.0,0.21,8.0,0.27,0.0,0.5,[1.0],['1 cup of coffe'],[0.0],[nan],"['No', 'Yes']","[nan, 'Now I know which are the questions']",[0.0],[-0.5],"['No', 'Yes']","[nan, 'Now I know which are the questions']",[0.25],['The items you picked up'],"[1.0, 0.5, 0.4, 1.0, nan, 1.0, nan, 'Visualising the room layout']",[nan],['Visualising the room layout'],['No'],"['No, I did not apply any mnemonic techniques']",[nan]
A045,3,1.0,1.0,1.0,1.0,1.0,1.0,0.0,1.0,0.0,1.0,0.0,1.0,0.0,1.0,0.0,1.0,0.5,0.5,0.5,0.5,0.0,0.5,0.0,0.0,0.5,1.0,0.25,0.0,1.0,0.5,0.0,0.5,0.0,0.0,1.0,0.0,1.0,0.0,1.0,1.0,0.0,1.0,0.0,1.0,1.0,1.0,1.0,1.0,1.0,1.0,1.0,1.0,0.0,1.0,1.0,1.0,1.0,0.0,0.5,0.5,0.0,0.5,0.0,0.0,1.0,0.0,0.25,1.0,0.0,0.5,0.5,0.5,1.0,0.0,0.5,0.0,0.0,1.0,0.0,1.0,1.0,1.0,1.0,1.0,0.0,1.0,1.0,1.0,0.0,0.0,0.0,1.0,1.0,0.5,0.25,0.0,0.0,0.0,0.0,1.0,0.0,0.0,0.0,0.0,0.5,1.0,0.8,0.8,1.0,1.0,1.0,0.6,0.2,0.2,1.0,1.0,0.4,0.8,0.4,0.8,0.6,0.8,1.0,1.0,1.0,0.6,1.0,0.6,1.0,1.0,0.6,0.4,0.2,0.2,0.2,1.0,0.8,0.8,0.6,0.4,0.2,1.0,0.8,0.2,0.2,0.2,0.2,0.2,0.4,0.4,0.4,0.6,0.6,1.0,1.0,1.0,1.0,0.2,1.0,0.2,1.0,1.0,0.4,0.2,0.4,0.2,0.6,0.2,0.4,0.2,1.0,0.4,0.4,0.2,0.2,0.2,0.2,0.2,0.2,0.6,0.6,0.6,0.6,0.6,1.0,1.0,1.0,1.0,1.0,0.6,1.0,0.4,1.0,1.0,0.4,0.6,1.0,0.2,1.0,1.0,1.0,0.2,0.4,0.2,0.4,0.2,0.4,0.2,0.2,0.2,68.0,28.0,301.0,58.0,43.0,36.0,23.0,11.0,14.0,26.0,19.0,15.0,11.0,19.0,24.0,3.0,,,2.0,,,,,,,,4.0,,,1.0,,6.0,,5.0,,,4.0,,,,,3.0,,2.0,1.0,2.0,,,6.0,3.0,4.0,5.0,,,,,7.0,,8.0,1.0,6.0,9.0,,7.0,4.0,5.0,8.0,,,,,,3.0,1.0,2.0,,6.0,4.0,9.0,10.0,7.0,8.0,,,5.0,,3.0,,2.0,1.0,,,,,,,,,,,,3.0,,2.0,1.0,2.0,3.0,10.0,7.0,5.0,6.0,8.0,,,,,4.0,,9.0,1.0,7.0,8.0,9.0,5.0,3.0,4.0,6.0,,,,,,,2.0,1.0,72.23,42.0,342.0,416.0,48.0,230.0,62.0,0.21,6.0,0.25,-0.5,0.0,[1.0],['1 cup of coffe'],[0.0],[nan],"['No', 'Yes']","[nan, 'I know hou about I need to remember']",[0.0],[0.5],"['No', 'Yes']","[nan, 'I know hou about I need to remember']",[0.0],['The furniture/fixtures/objects in the room'],"[1.0, 0.5, 1.0, 0.8, nan, 1.0, nan, 'No specific strategy']",[nan],['No specific strategy'],['No'],"['No, I did not apply any mnemonic techniques']",[nan]
A045,4,1.0,1.0,1.0,0.0,0.0,1.0,0.0,0.0,0.0,0.0,0.0,0.0,0.0,1.0,0.0,0.0,1.0,0.5,0.5,0.5,1.0,0.0,1.0,0.0,1.0,0.0,0.0,0.5,0.25,0.5,1.0,1.0,1.0,0.5,0.5,0.5,0.0,0.5,0.0,1.0,0.0,0.5,1.0,0.5,1.0,0.0,1.0,0.0,1.0,0.0,1.0,1.0,0.0,1.0,0.0,0.0,1.0,1.0,0.0,0.5,0.0,1.0,0.0,1.0,0.0,0.25,0.5,0.5,0.0,0.0,0.0,1.0,0.5,1.0,0.0,0.0,0.0,1.0,0.0,1.0,1.0,1.0,1.0,1.0,1.0,1.0,1.0,1.0,1.0,1.0,0.0,1.0,0.0,0.0,0.0,0.5,0.0,0.5,0.5,0.5,0.0,0.0,0.0,1.0,0.5,0.8,0.8,0.8,0.2,0.2,1.0,0.2,0.2,0.2,0.2,0.2,0.2,0.2,1.0,0.4,0.4,0.6,0.6,0.4,0.8,0.4,0.8,0.4,0.2,1.0,0.2,0.2,0.2,0.2,0.2,0.2,0.2,0.2,0.2,0.4,0.2,0.2,0.2,0.2,0.2,0.2,0.2,0.2,0.2,0.2,0.2,0.2,0.2,1.0,0.4,1.0,1.0,0.4,0.2,0.8,0.2,1.0,1.0,0.4,0.2,0.2,0.2,0.4,0.6,0.2,0.2,0.4,0.2,0.2,0.4,0.2,0.2,0.2,0.6,0.6,0.8,0.2,1.0,0.4,0.6,1.0,1.0,1.0,1.0,0.4,0.6,0.8,1.0,1.0,1.0,0.4,0.4,0.4,0.2,0.4,0.4,0.2,0.4,0.8,0.4,0.2,0.2,0.4,0.2,0.2,68.0,28.0,301.0,58.0,43.0,36.0,23.0,11.0,14.0,26.0,19.0,15.0,11.0,19.0,24.0,3.0,,,2.0,,,,,,,,4.0,,,1.0,,6.0,,5.0,,,4.0,,,,,3.0,,2.0,1.0,2.0,,,6.0,3.0,4.0,5.0,,,,,7.0,,8.0,1.0,6.0,9.0,,7.0,4.0,5.0,8.0,,,,,,3.0,1.0,2.0,,6.0,4.0,9.0,10.0,7.0,8.0,,,5.0,,3.0,,2.0,1.0,,,,,,,,,,,,3.0,,2.0,1.0,2.0,3.0,10.0,7.0,5.0,6.0,8.0,,,,,4.0,,9.0,1.0,7.0,8.0,9.0,5.0,3.0,4.0,6.0,,,,,,,2.0,1.0,151.52,77.0,713.0,263.0,29.0,216.0,82.0,0.39,9.0,0.38,-0.5,-0.5,[0.0],[nan],[0.0],[nan],"['No', 'Yes']","[nan, 'I know about what would be asked']",[-1.0],[-1.0],"['No', 'Yes']","[nan, 'I know about what would be asked']",[0.25],['The furniture/fixtures/objects in the room'],"[1.0, 1.0, 0.8, 0.6, nan, nan, nan, 'No specific strategy']",[nan],['No specific strategy'],['No'],"['No, I did not apply any mnemonic techniques']",[nan]
A046,1,1.0,1.0,0.0,1.0,1.0,0.0,0.0,0.0,0.0,1.0,1.0,0.0,1.0,1.0,1.0,0.0,1.0,1.0,0.25,1.0,0.0,0.0,0.0,0.0,1.0,0.5,0.0,0.5,1.0,0.0,1.0,0.0,0.0,0.5,1.0,1.0,0.0,0.5,0.5,0.0,1.0,0.0,0.0,0.0,0.5,0.5,0.5,0.0,1.0,1.0,0.0,0.0,1.0,1.0,1.0,0.25,0.0,0.0,1.0,0.0,1.0,0.0,0.5,0.0,0.5,0.0,0.0,0.5,0.0,1.0,1.0,0.0,0.5,1.0,0.0,1.0,0.0,1.0,1.0,1.0,1.0,1.0,1.0,1.0,1.0,1.0,1.0,1.0,1.0,0.5,1.0,1.0,1.0,0.0,0.0,0.5,0.25,0.5,0.0,1.0,0.0,1.0,1.0,0.5,0.0,1.0,1.0,1.0,1.0,1.0,0.4,1.0,0.4,0.8,0.8,1.0,0.2,0.8,1.0,0.8,0.8,1.0,1.0,1.0,1.0,0.8,0.8,0.4,0.8,1.0,1.0,0.4,0.2,0.8,0.4,0.2,0.4,0.4,0.4,0.4,0.8,0.2,1.0,0.2,0.6,0.4,0.8,0.2,0.8,0.8,0.8,0.6,0.8,1.0,0.8,0.4,0.6,1.0,0.6,0.8,0.6,0.6,0.4,0.6,0.6,0.6,0.6,0.6,0.4,0.4,0.4,0.6,0.6,0.4,0.2,1.0,0.8,0.6,0.6,0.8,0.8,0.6,1.0,1.0,1.0,1.0,1.0,1.0,1.0,1.0,1.0,1.0,1.0,1.0,0.8,1.0,0.6,1.0,0.6,0.8,0.6,0.8,0.6,0.6,0.4,0.6,0.6,1.0,0.6,1.0,79.0,24.0,268.0,40.0,34.0,28.0,28.0,13.0,22.0,25.0,29.0,22.0,20.0,17.0,26.0,1.0,,,2.0,3.0,4.0,,,,,,,,,,1.0,2.0,,3.0,,4.0,7.0,6.0,5.0,,,8.0,,,,8.0,,5.0,,9.0,6.0,,,,7.0,10.0,4.0,1.0,2.0,3.0,8.0,9.0,,11.0,7.0,4.0,,,10.0,,6.0,5.0,3.0,1.0,2.0,5.0,6.0,7.0,,9.0,8.0,13.0,12.0,11.0,,10.0,1.0,2.0,3.0,4.0,4.0,,,,,,,,5.0,,,,1.0,2.0,3.0,1.0,2.0,3.0,7.0,6.0,5.0,8.0,11.0,,4.0,9.0,13.0,,12.0,10.0,1.0,2.0,3.0,,4.0,6.0,9.0,11.0,4.0,12.0,8.0,10.0,,,7.0,1.0,41.0,244.0,328.0,61.0,259.0,74.0,0.18,7.0,0.27,0.0,-0.5,[0.0],[nan],[0.0],[nan],"['No', nan]","[nan, nan]",[0.0],[nan],"['No', nan]","[nan, nan]",[nan],"['The furniture/fixtures/objects in the room, The location of furniture/fixtures/objects, The items you picked up, Where you picked up and put down items, The order you completed items and tasks']","[1.0, 1.0, 1.0, 1.0, nan, nan, nan, 'Visualising the room layout']",[nan],['No specific strategy'],['No'],"['No, I did not apply any mnemonic techniques']",[nan]
A046,2,1.0,1.0,0.0,1.0,1.0,1.0,0.0,0.0,1.0,0.0,1.0,0.0,1.0,1.0,0.0,1.0,1.0,0.25,0.25,0.5,1.0,0.5,1.0,1.0,1.0,0.0,1.0,0.25,0.0,0.0,1.0,0.5,0.0,1.0,0.0,0.25,0.0,0.0,0.0,0.0,1.0,1.0,0.0,0.0,0.0,0.5,0.0,0.0,1.0,1.0,1.0,1.0,1.0,0.0,0.0,0.0,1.0,0.5,0.0,0.0,0.25,0.0,0.0,0.5,0.0,0.5,0.0,1.0,0.0,1.0,0.5,1.0,0.0,0.5,0.5,0.0,0.0,1.0,0.0,1.0,1.0,1.0,1.0,0.0,0.0,1.0,1.0,0.0,1.0,0.0,0.25,0.25,0.0,0.0,0.0,0.0,0.5,0.0,0.25,0.5,0.0,1.0,1.0,0.5,1.0,0.8,0.6,0.6,0.8,0.8,0.6,0.8,0.6,1.0,0.2,0.4,0.2,0.2,0.8,0.6,0.4,0.6,0.6,0.4,0.6,0.6,0.6,0.6,0.6,0.6,1.0,0.4,0.2,0.4,0.2,0.2,0.6,0.6,0.2,0.4,0.2,0.2,0.4,0.4,0.2,0.2,0.2,0.2,0.4,0.6,0.6,0.6,0.6,0.8,1.0,1.0,0.8,0.6,0.8,0.2,0.4,0.4,0.6,0.8,0.4,0.2,0.6,0.6,0.8,0.6,0.6,0.2,0.4,0.4,0.4,0.6,0.4,0.2,0.6,0.6,0.8,0.6,1.0,0.6,0.8,0.6,0.6,1.0,1.0,0.8,0.8,1.0,0.6,1.0,0.8,0.6,0.6,0.6,0.4,0.6,0.8,0.6,0.6,0.8,0.6,1.0,0.4,0.6,0.6,0.6,79.0,24.0,268.0,40.0,34.0,28.0,28.0,13.0,22.0,25.0,29.0,22.0,20.0,17.0,26.0,1.0,,,2.0,3.0,4.0,,,,,,,,,,1.0,2.0,,3.0,,4.0,7.0,6.0,5.0,,,8.0,,,,8.0,,5.0,,9.0,6.0,,,,7.0,10.0,4.0,1.0,2.0,3.0,8.0,9.0,,11.0,7.0,4.0,,,10.0,,6.0,5.0,3.0,1.0,2.0,5.0,6.0,7.0,,9.0,8.0,13.0,12.0,11.0,,10.0,1.0,2.0,3.0,4.0,4.0,,,,,,,,5.0,,,,1.0,2.0,3.0,1.0,2.0,3.0,7.0,6.0,5.0,8.0,11.0,,4.0,9.0,13.0,,12.0,10.0,1.0,2.0,3.0,,4.0,6.0,9.0,11.0,4.0,12.0,8.0,10.0,,,7.0,24.32,25.0,635.0,245.0,31.0,123.0,114.0,0.17,8.0,0.29,0.0,0.0,[0.0],[nan],[0.0],[nan],"['No', 'Unsure']","[nan, 'I can forget the items that I remember yesterday.']",[-0.5],[-0.5],"['No', 'Unsure']","[nan, 'I can forget the items that I remember yesterday.']",[0.0],"['The location of furniture/fixtures/objects, The items you picked up, Where you picked up and put down items']","[1.0, 1.0, 0.8, 0.6, nan, nan, nan, 'No specific strategy']",[nan],['No specific strategy'],['No'],"['No, I did not apply any mnemonic techniques']",[nan]
A046,3,1.0,1.0,1.0,1.0,0.0,1.0,0.0,1.0,1.0,0.0,0.0,0.0,0.0,0.0,0.0,0.0,1.0,1.0,1.0,1.0,0.0,1.0,1.0,0.0,0.25,0.25,0.5,1.0,0.0,0.5,1.0,0.5,0.5,1.0,1.0,1.0,0.0,0.0,0.5,0.5,0.0,0.0,0.0,0.5,0.0,0.0,0.5,0.0,1.0,0.0,0.0,1.0,0.0,0.0,0.0,0.5,0.5,0.0,0.0,0.5,0.0,1.0,0.5,0.0,0.5,0.0,0.5,0.0,0.0,0.0,0.5,0.0,0.0,0.0,0.0,1.0,0.0,0.0,1.0,0.0,1.0,1.0,1.0,0.0,0.0,0.0,0.0,0.5,0.5,0.0,0.5,0.5,1.0,0.25,0.5,0.0,0.0,0.0,0.0,0.0,0.0,1.0,0.0,0.0,0.0,1.0,0.4,0.6,1.0,0.2,0.6,1.0,0.6,0.8,0.6,0.2,0.4,0.4,0.8,0.8,0.6,0.6,1.0,1.0,0.4,0.6,0.6,0.4,1.0,0.2,0.6,0.6,0.2,0.4,0.4,0.4,0.6,0.6,0.2,0.4,0.4,0.4,0.6,0.4,0.2,0.4,0.4,0.4,0.2,0.6,0.6,0.6,0.6,1.0,0.4,0.4,0.6,0.6,0.6,0.6,0.2,0.4,0.4,0.8,0.6,0.8,0.4,0.2,0.6,0.6,0.4,0.6,0.4,0.2,0.4,0.2,0.4,0.4,0.8,0.6,0.8,0.6,0.8,0.6,0.6,0.6,0.6,1.0,0.6,0.6,0.6,0.6,0.6,0.4,0.6,0.6,0.4,0.8,0.4,0.4,0.6,0.4,0.6,0.8,0.4,0.4,0.4,0.4,0.6,0.4,79.0,24.0,268.0,40.0,34.0,28.0,28.0,13.0,22.0,25.0,29.0,22.0,20.0,17.0,26.0,1.0,,,2.0,3.0,4.0,,,,,,,,,,1.0,2.0,,3.0,,4.0,7.0,6.0,5.0,,,8.0,,,,8.0,,5.0,,9.0,6.0,,,,7.0,10.0,4.0,1.0,2.0,3.0,8.0,9.0,,11.0,7.0,4.0,,,10.0,,6.0,5.0,3.0,1.0,2.0,5.0,6.0,7.0,,9.0,8.0,13.0,12.0,11.0,,10.0,1.0,2.0,3.0,4.0,4.0,,,,,,,,5.0,,,,1.0,2.0,3.0,1.0,2.0,3.0,7.0,6.0,5.0,8.0,11.0,,4.0,9.0,13.0,,12.0,10.0,1.0,2.0,3.0,,4.0,6.0,9.0,11.0,4.0,12.0,8.0,10.0,,,7.0,73.05,20.0,234.0,286.0,21.0,141.0,52.0,0.22,8.0,0.27,0.5,0.0,[0.0],[nan],[0.0],[nan],"['No', 'No']","[nan, 'I can forget the items that I remember yesterday.']",[-0.5],[-0.5],"['No', 'No']","[nan, 'I can forget the items that I remember yesterday.']",[0.0],"['The furniture/fixtures/objects in the room, The location of furniture/fixtures/objects, The items you picked up, Where you picked up and put down items']","[1.0, 1.0, 1.0, 0.6, nan, nan, nan, 'No specific strategy']",[nan],['No specific strategy'],['No'],"['No, I did not apply any mnemonic techniques']",[nan]
A046,4,1.0,1.0,1.0,0.0,1.0,1.0,0.0,0.0,0.0,1.0,1.0,0.0,0.0,0.0,0.0,1.0,1.0,1.0,1.0,1.0,0.0,0.0,0.0,0.0,1.0,1.0,0.5,1.0,0.5,1.0,0.5,1.0,0.5,0.0,0.0,0.0,1.0,1.0,0.0,0.0,0.0,0.5,1.0,1.0,0.5,0.5,0.0,0.0,1.0,0.0,0.0,0.0,1.0,1.0,0.0,0.0,0.5,0.5,1.0,1.0,1.0,0.0,1.0,0.0,0.0,0.0,0.5,0.0,0.0,0.0,0.0,0.5,0.0,0.5,0.0,0.0,0.0,1.0,1.0,1.0,1.0,0.0,0.0,0.0,1.0,0.0,1.0,0.0,0.0,1.0,0.5,0.0,0.5,0.0,0.0,0.0,0.0,0.5,0.5,0.0,0.0,0.5,0.5,0.0,0.0,1.0,1.0,0.8,0.8,1.0,1.0,1.0,1.0,0.4,1.0,1.0,0.2,0.8,0.6,0.6,0.6,1.0,1.0,0.8,1.0,0.8,0.8,0.8,0.8,1.0,0.6,0.2,1.0,0.8,0.2,0.8,0.6,0.2,0.6,0.6,0.2,0.8,0.6,0.2,0.8,0.8,0.2,0.6,0.4,0.4,0.6,0.6,0.6,1.0,0.2,0.2,0.2,0.8,1.0,0.4,0.2,0.2,0.2,0.8,0.4,0.2,0.2,0.2,0.2,0.6,0.4,0.2,0.2,0.2,0.2,0.2,0.4,0.2,0.6,0.8,1.0,0.6,0.8,0.6,1.0,1.0,0.4,0.6,1.0,1.0,0.8,0.8,0.6,0.4,1.0,1.0,0.4,0.2,0.4,0.2,0.2,0.6,0.2,0.4,0.4,0.2,0.4,0.6,0.6,0.2,79.0,24.0,268.0,40.0,34.0,28.0,28.0,13.0,22.0,25.0,29.0,22.0,20.0,17.0,26.0,1.0,,,2.0,3.0,4.0,,,,,,,,,,1.0,2.0,,3.0,,4.0,7.0,6.0,5.0,,,8.0,,,,8.0,,5.0,,9.0,6.0,,,,7.0,10.0,4.0,1.0,2.0,3.0,8.0,9.0,,11.0,7.0,4.0,,,10.0,,6.0,5.0,3.0,1.0,2.0,5.0,6.0,7.0,,9.0,8.0,13.0,12.0,11.0,,10.0,1.0,2.0,3.0,4.0,4.0,,,,,,,,5.0,,,,1.0,2.0,3.0,1.0,2.0,3.0,7.0,6.0,5.0,8.0,11.0,,4.0,9.0,13.0,,12.0,10.0,1.0,2.0,3.0,,4.0,6.0,9.0,11.0,4.0,12.0,8.0,10.0,,,7.0,147.94,18.0,223.0,162.0,25.0,95.0,62.0,0.32,8.0,0.29,0.0,0.0,[0.0],[nan],[0.0],[nan],"['No', 'No']","[nan, 'Not really']",[-1.0],[-0.5],"['No', 'No']","[nan, 'Not really']",[0.0],"['The furniture/fixtures/objects in the room, The location of furniture/fixtures/objects, The items you picked up, Where you picked up and put down items']","[1.0, 1.0, 1.0, 1.0, nan, nan, nan, 'No specific strategy']",[nan],['No specific strategy'],['No'],"['No, I did not apply any mnemonic techniques']",[nan]
A047,1,1.0,1.0,1.0,1.0,1.0,0.0,1.0,0.0,1.0,0.0,1.0,0.0,0.0,0.0,1.0,0.0,0.5,0.5,1.0,0.5,0.0,0.5,0.0,0.0,1.0,0.0,1.0,1.0,0.5,0.5,0.0,1.0,0.0,0.5,0.5,0.0,0.25,1.0,0.0,0.0,0.5,1.0,1.0,0.5,1.0,0.5,0.5,0.5,1.0,1.0,1.0,1.0,1.0,1.0,1.0,1.0,1.0,0.0,0.5,0.25,1.0,1.0,0.0,0.0,1.0,0.0,0.0,0.5,0.0,0.0,0.5,0.0,0.5,0.0,0.0,1.0,0.0,1.0,0.0,1.0,1.0,1.0,1.0,1.0,1.0,1.0,1.0,1.0,1.0,0.0,0.0,1.0,1.0,1.0,0.0,0.0,0.0,0.0,0.0,0.5,0.0,0.0,0.0,0.0,0.5,0.6,0.6,0.6,0.6,0.8,0.6,0.8,0.4,0.6,0.2,0.8,0.4,0.2,0.6,0.6,0.4,0.4,0.6,0.6,0.6,0.8,0.8,0.6,0.4,0.8,0.6,0.6,0.4,0.4,0.2,0.4,0.8,0.4,0.4,0.6,0.2,0.4,0.4,0.4,0.4,0.4,0.2,0.2,0.6,0.8,0.4,0.6,0.6,1.0,1.0,1.0,1.0,1.0,1.0,1.0,0.8,0.6,0.8,0.8,0.8,0.8,0.6,0.8,0.6,0.8,0.4,0.6,0.8,0.6,0.6,0.6,0.6,0.6,0.8,0.8,0.8,0.6,1.0,0.8,1.0,0.8,1.0,1.0,1.0,1.0,1.0,1.0,0.8,1.0,0.6,0.8,0.8,1.0,0.8,0.8,0.6,0.6,0.8,0.6,0.6,0.6,0.6,0.4,0.6,0.6,69.0,18.0,233.0,33.0,32.0,30.0,18.0,13.0,12.0,15.0,15.0,22.0,10.0,14.0,14.0,1.0,2.0,,,,,,,,4.0,,,,5.0,3.0,1.0,2.0,3.0,5.0,,,,,,7.0,,4.0,,,6.0,,,7.0,6.0,,1.0,2.0,5.0,,,,4.0,,,3.0,9.0,,7.0,6.0,,,,8.0,3.0,1.0,2.0,4.0,,,5.0,7.0,,6.0,5.0,,1.0,8.0,4.0,9.0,2.0,,,,,3.0,1.0,2.0,,,,,,,,,4.0,3.0,,,5.0,2.0,,3.0,,,4.0,,5.0,,,6.0,,,,1.0,5.0,,4.0,,1.0,2.0,,,,,,,,,3.0,1.0,53.0,244.0,343.0,91.0,248.0,76.0,0.4,6.0,0.25,-0.5,-0.5,[1.0],['1 cup of coffee'],[0.0],[nan],"['No', nan]","[nan, nan]",[0.0],[nan],"['No', nan]","[nan, nan]",[nan],['The furniture/fixtures/objects in the room'],"[1.0, 0.5, 0.6, 0.4, nan, 1.0, nan, 'Visualising the room layout']",[nan],['No specific strategy'],['No'],['Unsure'],[nan]
A047,2,1.0,1.0,0.0,0.0,1.0,1.0,0.0,1.0,0.0,0.0,1.0,0.0,0.0,1.0,0.0,0.0,1.0,0.5,0.25,1.0,1.0,0.5,1.0,1.0,1.0,1.0,0.5,1.0,0.5,0.0,0.0,0.5,1.0,0.5,0.0,1.0,1.0,0.5,1.0,1.0,0.5,1.0,0.0,0.0,0.5,0.5,0.0,0.0,1.0,1.0,1.0,1.0,1.0,1.0,1.0,1.0,0.25,1.0,0.5,1.0,0.0,0.5,0.5,0.0,0.0,0.5,0.0,0.5,0.0,0.5,0.5,0.0,1.0,0.5,0.0,1.0,0.0,1.0,0.0,1.0,1.0,1.0,1.0,1.0,1.0,1.0,1.0,1.0,0.25,0.25,0.5,1.0,0.5,0.5,1.0,0.25,0.0,0.0,1.0,0.5,0.0,0.0,0.0,0.5,0.0,1.0,1.0,1.0,1.0,1.0,0.8,0.8,0.6,0.2,0.8,0.8,0.6,0.8,1.0,1.0,1.0,1.0,1.0,0.6,0.8,0.8,0.8,0.8,0.8,1.0,1.0,0.2,0.8,0.8,0.6,1.0,0.6,0.2,0.4,0.4,0.2,0.2,0.4,0.2,0.4,0.4,0.4,0.8,0.4,0.4,0.4,0.4,0.4,0.4,1.0,0.8,1.0,1.0,0.6,1.0,1.0,0.4,0.6,0.6,0.4,0.4,0.4,0.4,0.6,0.6,0.2,0.4,0.6,0.6,0.4,0.4,0.2,0.2,0.6,0.8,0.6,0.4,0.6,0.4,1.0,1.0,1.0,1.0,0.8,1.0,1.0,1.0,1.0,1.0,0.6,0.6,0.6,0.6,0.6,0.6,0.6,0.6,0.4,0.4,0.2,0.2,0.4,0.6,0.4,0.4,69.0,18.0,233.0,33.0,32.0,30.0,18.0,13.0,12.0,15.0,15.0,22.0,10.0,14.0,14.0,1.0,2.0,,,,,,,,4.0,,,,5.0,3.0,1.0,2.0,3.0,5.0,,,,,,7.0,,4.0,,,6.0,,,7.0,6.0,,1.0,2.0,5.0,,,,4.0,,,3.0,9.0,,7.0,6.0,,,,8.0,3.0,1.0,2.0,4.0,,,5.0,7.0,,6.0,5.0,,1.0,8.0,4.0,9.0,2.0,,,,,3.0,1.0,2.0,,,,,,,,,4.0,3.0,,,5.0,2.0,,3.0,,,4.0,,5.0,,,6.0,,,,1.0,5.0,,4.0,,1.0,2.0,,,,,,,,,3.0,23.46,75.0,1306.0,415.0,87.0,225.0,82.0,0.38,7.0,0.25,0.0,-1.0,[1.0],['2 cups of coffee'],[0.0],[nan],"['No', 'No']","[nan, nan]",[0.0],[0.0],"['No', 'No']","[nan, nan]",[0.25],['The furniture/fixtures/objects in the room'],"[1.0, 1.0, 1.0, 1.0, nan, nan, nan, 'No specific strategy']",[nan],['No specific strategy'],['No'],"['Yes, visual imagery']",[nan]
A047,3,1.0,1.0,1.0,1.0,0.0,1.0,0.0,0.0,0.0,0.0,1.0,0.0,0.0,0.0,0.0,0.0,1.0,1.0,1.0,1.0,0.0,0.0,0.0,1.0,0.25,0.0,0.5,1.0,1.0,1.0,0.0,0.5,0.5,1.0,1.0,0.0,0.5,0.0,0.5,0.5,0.0,1.0,0.0,0.5,0.0,0.0,0.5,0.0,1.0,1.0,0.0,1.0,1.0,0.0,1.0,0.5,0.5,0.5,1.0,0.0,0.25,0.5,1.0,1.0,1.0,0.25,0.0,0.0,0.5,0.5,1.0,0.0,0.5,0.0,0.0,0.0,0.0,0.0,0.0,1.0,1.0,1.0,1.0,1.0,1.0,1.0,1.0,0.5,0.5,0.5,1.0,0.0,0.25,0.5,0.5,0.5,1.0,1.0,0.0,0.0,1.0,0.0,0.0,0.0,0.5,0.8,0.8,0.8,0.4,0.4,0.6,0.6,0.8,0.2,0.6,0.8,0.4,0.2,0.8,0.6,0.6,0.8,0.8,0.8,0.6,0.8,0.8,0.4,0.4,0.2,0.8,0.8,0.4,0.4,0.2,0.2,0.4,0.4,0.4,0.4,0.2,0.2,0.4,0.4,0.2,0.2,0.2,0.2,0.6,0.6,0.6,0.8,0.8,0.8,0.8,0.8,0.8,0.8,0.8,0.8,0.4,0.6,0.6,0.8,0.8,0.8,0.2,0.2,0.6,0.2,0.4,0.6,0.2,0.2,0.4,0.4,0.2,0.2,0.6,0.6,0.8,0.4,0.8,0.6,0.8,0.8,0.8,1.0,1.0,0.8,1.0,1.0,0.8,0.6,0.6,0.8,0.8,0.8,0.8,0.6,0.8,0.8,0.6,0.8,0.2,0.4,0.6,0.6,0.4,0.4,69.0,18.0,233.0,33.0,32.0,30.0,18.0,13.0,12.0,15.0,15.0,22.0,10.0,14.0,14.0,1.0,2.0,,,,,,,,4.0,,,,5.0,3.0,1.0,2.0,3.0,5.0,,,,,,7.0,,4.0,,,6.0,,,7.0,6.0,,1.0,2.0,5.0,,,,4.0,,,3.0,9.0,,7.0,6.0,,,,8.0,3.0,1.0,2.0,4.0,,,5.0,7.0,,6.0,5.0,,1.0,8.0,4.0,9.0,2.0,,,,,3.0,1.0,2.0,,,,,,,,,4.0,3.0,,,5.0,2.0,,3.0,,,4.0,,5.0,,,6.0,,,,1.0,5.0,,4.0,,1.0,2.0,,,,,,,,,3.0,76.85,46.0,277.0,236.0,40.0,191.0,81.0,0.59,7.0,0.27,0.0,-1.0,[1.0],['1 cup of coffee'],[0.0],[nan],"['No', 'No']","[nan, nan]",[-1.0],[-0.5],"['No', 'No']","[nan, nan]",[0.0],['The furniture/fixtures/objects in the room'],"[1.0, 1.0, 0.8, 0.8, nan, nan, nan, 'No specific strategy']",[nan],['No specific strategy'],['No'],"['Yes, visual imagery, Unsure']",['I found I felt like I remembered the odd objects better in the rooms']
A047,4,0.0,1.0,0.0,1.0,0.0,0.0,0.0,0.0,1.0,0.0,0.0,1.0,0.0,0.0,0.0,1.0,0.5,1.0,0.5,0.5,1.0,1.0,0.0,0.0,1.0,0.0,0.0,1.0,0.5,0.5,0.5,0.25,0.0,1.0,0.0,1.0,0.0,1.0,0.0,0.0,0.0,0.5,1.0,1.0,0.0,0.0,1.0,1.0,1.0,1.0,0.0,0.0,1.0,1.0,0.0,0.0,0.0,0.0,0.5,0.0,0.0,0.5,1.0,0.5,0.0,0.5,1.0,1.0,0.0,0.5,0.0,1.0,0.0,1.0,0.5,0.0,0.0,0.0,0.0,0.0,1.0,1.0,1.0,1.0,1.0,1.0,1.0,0.0,0.0,0.5,1.0,0.5,0.0,0.25,1.0,1.0,0.25,1.0,0.5,1.0,0.0,0.5,1.0,0.0,1.0,0.4,0.6,0.2,0.6,0.2,0.4,0.6,0.4,0.2,0.4,0.2,0.2,0.2,0.6,0.6,0.4,0.2,0.8,0.2,0.4,0.6,0.6,0.6,0.4,0.2,0.4,0.4,0.2,0.2,0.2,0.2,0.4,0.4,0.2,0.2,0.6,0.2,0.2,0.2,0.2,0.2,0.2,0.2,0.6,0.6,0.4,0.6,0.8,1.0,0.6,0.4,0.2,0.4,0.8,0.4,0.4,0.2,0.2,0.2,0.4,0.2,0.4,0.2,0.2,0.2,0.4,0.2,0.4,0.4,0.4,0.2,0.4,0.2,0.6,0.4,0.6,0.2,0.2,0.2,0.8,0.2,0.8,0.8,0.6,0.6,0.8,0.6,0.6,0.2,0.6,0.6,0.6,0.6,0.6,0.2,0.6,0.4,0.8,0.6,0.6,0.2,0.4,0.4,0.6,0.4,69.0,18.0,233.0,33.0,32.0,30.0,18.0,13.0,12.0,15.0,15.0,22.0,10.0,14.0,14.0,1.0,2.0,,,,,,,,4.0,,,,5.0,3.0,1.0,2.0,3.0,5.0,,,,,,7.0,,4.0,,,6.0,,,7.0,6.0,,1.0,2.0,5.0,,,,4.0,,,3.0,9.0,,7.0,6.0,,,,8.0,3.0,1.0,2.0,4.0,,,5.0,7.0,,6.0,5.0,,1.0,8.0,4.0,9.0,2.0,,,,,3.0,1.0,2.0,,,,,,,,,4.0,3.0,,,5.0,2.0,,3.0,,,4.0,,5.0,,,6.0,,,,1.0,5.0,,4.0,,1.0,2.0,,,,,,,,,3.0,144.22,50.0,178.0,181.0,41.0,149.0,57.0,0.35,9.0,0.31,1.0,0.0,[1.0],['2 coffees 1 coke (Sugar free)'],[0.0],[nan],"['No', 'No']","[nan, nan]",[-0.5],[-0.5],"['No', 'No']","[nan, nan]",[0.25],['The furniture/fixtures/objects in the room'],"[0.0, 0.5, 0.4, 0.2, 1.0, 1.0, nan, 'Other (please specify)']",[nan],['Visualising the room layout'],['Unsure'],['Unsure'],[nan]
A048,1,1.0,1.0,1.0,1.0,1.0,1.0,1.0,1.0,1.0,1.0,1.0,1.0,0.0,1.0,1.0,1.0,1.0,1.0,1.0,1.0,1.0,0.5,1.0,0.0,1.0,1.0,0.5,1.0,0.25,1.0,0.5,0.5,1.0,1.0,0.0,1.0,0.25,1.0,0.5,1.0,1.0,0.0,0.0,1.0,1.0,0.0,0.5,0.0,1.0,1.0,1.0,1.0,1.0,1.0,1.0,1.0,1.0,1.0,1.0,1.0,0.5,0.5,1.0,1.0,0.0,1.0,1.0,1.0,0.0,1.0,0.0,0.5,0.0,0.5,0.5,1.0,0.0,1.0,0.5,1.0,1.0,1.0,1.0,1.0,1.0,1.0,1.0,1.0,1.0,1.0,0.5,1.0,1.0,0.25,1.0,1.0,0.0,0.0,1.0,0.5,0.0,1.0,0.5,1.0,0.0,1.0,1.0,0.8,0.8,1.0,1.0,0.6,1.0,0.2,1.0,1.0,1.0,0.2,0.8,1.0,0.8,1.0,1.0,1.0,1.0,0.6,0.6,0.6,0.6,1.0,1.0,0.2,1.0,0.4,1.0,0.2,0.4,0.2,1.0,0.4,0.8,0.2,0.4,0.2,1.0,0.4,0.4,0.2,0.8,0.4,0.4,0.4,0.4,1.0,1.0,0.6,1.0,1.0,1.0,0.8,1.0,0.8,1.0,0.4,1.0,0.8,0.4,0.6,1.0,0.4,1.0,0.4,0.4,0.6,1.0,0.4,0.4,0.4,0.8,0.8,1.0,0.6,1.0,0.6,1.0,1.0,1.0,1.0,1.0,1.0,1.0,1.0,1.0,0.6,1.0,0.6,1.0,1.0,0.2,0.6,1.0,0.6,0.4,0.2,0.4,0.6,1.0,0.4,0.2,0.2,68.0,34.0,244.0,32.0,16.0,14.0,15.0,24.0,40.0,42.0,33.0,34.0,28.0,47.0,41.0,1.0,2.0,3.0,6.0,4.0,5.0,,,,,,,,,7.0,7.0,8.0,9.0,1.0,2.0,3.0,5.0,4.0,,,,10.0,,,6.0,1.0,2.0,9.0,10.0,6.0,3.0,12.0,4.0,,5.0,,11.0,,7.0,8.0,7.0,8.0,9.0,,11.0,10.0,12.0,,1.0,2.0,3.0,4.0,,5.0,6.0,7.0,8.0,9.0,,10.0,,,,1.0,2.0,3.0,4.0,5.0,,6.0,1.0,2.0,3.0,,,5.0,6.0,,,,,,,7.0,4.0,1.0,2.0,3.0,,6.0,4.0,,,7.0,8.0,7.0,5.0,,,10.0,1.0,2.0,3.0,,,,,,4.0,5.0,6.0,8.0,,,7.0,1.0,30.0,317.0,648.0,142.0,217.0,107.0,0.24,8.0,0.23,0.0,0.5,[0.0],[nan],[0.0],[nan],"['No', nan]","[nan, nan]",[0.5],[nan],"['No', nan]","[nan, nan]",[nan],"['The furniture/fixtures/objects in the room, The location of furniture/fixtures/objects, The items you picked up']","[1.0, 1.0, 1.0, 1.0, nan, nan, nan, 'Visualising the room layout, Associating items with personal experiences']",[nan],"['Visualising the room layout, Associating items with personal experiences']",['Yes'],"['No, I did not apply any mnemonic techniques']","[""This is a very good and very interesting research method that I really hope will get more traction! I guess my only concern/suggestion right now is that some of the items can clip or fall beyond the VR participant's reach (e.g., I picked up car keys in the kitchen and it feel and went through the cupboard which cannot be opened or seen through). There were a few times I had to pretend I had the item on my hand which sort of breaks immersion, but I'm aware that this might be the issue of the VR system itself (i.e., not something that can be easily improved by tweaking minor things).""]"
A048,2,1.0,1.0,1.0,1.0,0.0,0.0,0.0,0.0,1.0,1.0,1.0,0.0,0.0,1.0,1.0,1.0,1.0,1.0,1.0,1.0,0.0,1.0,0.0,1.0,0.25,0.5,1.0,0.5,1.0,0.5,0.5,0.5,0.0,0.5,0.0,0.0,0.0,1.0,0.0,0.0,0.5,0.0,0.5,0.0,0.0,0.5,0.0,0.5,1.0,0.0,1.0,1.0,1.0,1.0,1.0,0.0,1.0,1.0,1.0,1.0,1.0,0.0,0.5,1.0,0.0,0.0,0.0,0.0,0.0,1.0,0.5,1.0,0.0,0.0,1.0,1.0,1.0,1.0,1.0,1.0,1.0,1.0,1.0,1.0,1.0,1.0,1.0,1.0,1.0,1.0,1.0,1.0,1.0,0.5,0.5,1.0,0.0,1.0,0.0,0.0,0.0,1.0,0.5,1.0,0.0,1.0,1.0,1.0,1.0,1.0,1.0,1.0,1.0,0.4,0.4,0.8,1.0,0.8,0.4,1.0,0.8,1.0,1.0,1.0,1.0,0.6,0.6,0.4,0.4,1.0,0.4,0.4,0.4,1.0,1.0,0.4,0.4,0.4,0.6,0.4,0.4,1.0,0.4,0.4,0.4,0.4,0.4,1.0,0.4,0.4,1.0,0.8,0.4,1.0,0.6,1.0,1.0,1.0,1.0,0.8,1.0,1.0,0.4,1.0,1.0,0.8,0.4,0.4,0.6,0.4,0.4,0.8,0.4,0.4,0.4,0.4,0.8,0.4,0.4,0.4,1.0,0.4,1.0,0.4,1.0,1.0,1.0,1.0,1.0,1.0,1.0,1.0,0.6,1.0,1.0,1.0,1.0,0.6,0.8,0.4,1.0,0.4,0.2,0.8,0.2,0.2,0.2,0.2,0.4,0.4,68.0,34.0,244.0,32.0,16.0,14.0,15.0,24.0,40.0,42.0,33.0,34.0,28.0,47.0,41.0,1.0,2.0,3.0,6.0,4.0,5.0,,,,,,,,,7.0,7.0,8.0,9.0,1.0,2.0,3.0,5.0,4.0,,,,10.0,,,6.0,1.0,2.0,9.0,10.0,6.0,3.0,12.0,4.0,,5.0,,11.0,,7.0,8.0,7.0,8.0,9.0,,11.0,10.0,12.0,,1.0,2.0,3.0,4.0,,5.0,6.0,7.0,8.0,9.0,,10.0,,,,1.0,2.0,3.0,4.0,5.0,,6.0,1.0,2.0,3.0,,,5.0,6.0,,,,,,,7.0,4.0,1.0,2.0,3.0,,6.0,4.0,,,7.0,8.0,7.0,5.0,,,10.0,1.0,2.0,3.0,,,,,,4.0,5.0,6.0,8.0,,,7.0,23.91,24.0,162.0,1052.0,44.0,834.0,112.0,0.25,7.0,0.21,0.0,0.0,[0.0],[nan],[0.0],[nan],"['No', 'No']","[nan, 'It actually muddled my memory a bit. For example I thought in the living room I saw the painting of a man, when in fact it was the painting of a toddler.']",[0.0],[-0.5],"['No', 'No']","[nan, 'It actually muddled my memory a bit. For example I thought in the living room I saw the painting of a man, when in fact it was the painting of a toddler.']",[0.25],"['The furniture/fixtures/objects in the room, The location of furniture/fixtures/objects, The items you picked up']","[1.0, 1.0, 1.0, 1.0, nan, nan, nan, 'Visualising the room layout, Associating items with personal experiences']",[nan],"['Visualising the room layout, Associating items with personal experiences']",['Yes'],"['No, I did not apply any mnemonic techniques']",[nan]
A048,3,1.0,1.0,1.0,0.0,1.0,1.0,1.0,1.0,1.0,0.0,1.0,1.0,0.0,1.0,0.0,0.0,1.0,1.0,1.0,1.0,0.0,1.0,1.0,0.0,1.0,1.0,1.0,1.0,1.0,0.5,0.0,0.0,0.0,1.0,0.5,1.0,1.0,0.0,0.5,0.5,1.0,1.0,0.5,0.5,1.0,0.0,0.5,0.5,1.0,0.0,1.0,1.0,1.0,1.0,1.0,0.0,1.0,1.0,0.0,0.25,0.0,0.5,0.0,1.0,0.0,1.0,0.25,0.5,0.0,1.0,1.0,1.0,1.0,0.5,0.5,1.0,0.0,1.0,1.0,1.0,1.0,1.0,1.0,1.0,1.0,1.0,1.0,1.0,1.0,1.0,1.0,1.0,0.5,1.0,0.0,1.0,0.5,1.0,0.0,0.0,0.0,0.0,1.0,1.0,0.5,1.0,0.8,0.6,0.6,1.0,1.0,1.0,0.6,0.2,0.4,1.0,1.0,0.6,0.8,0.4,0.6,1.0,1.0,1.0,0.6,0.2,0.4,0.4,0.4,1.0,1.0,0.4,0.4,0.2,0.6,0.2,0.4,0.2,0.4,0.2,0.2,1.0,0.8,0.2,0.2,0.2,0.2,1.0,0.4,0.4,0.4,0.4,0.4,1.0,0.4,1.0,1.0,1.0,1.0,0.8,0.2,1.0,1.0,0.4,0.4,0.4,0.2,0.4,0.2,1.0,1.0,0.2,0.2,0.4,0.2,1.0,1.0,0.2,0.2,0.2,1.0,0.2,1.0,0.8,0.6,1.0,1.0,1.0,1.0,1.0,1.0,0.6,0.4,0.8,1.0,1.0,0.8,0.2,1.0,0.4,0.4,0.4,1.0,0.2,0.4,0.4,0.4,1.0,1.0,0.2,68.0,34.0,244.0,32.0,16.0,14.0,15.0,24.0,40.0,42.0,33.0,34.0,28.0,47.0,41.0,1.0,2.0,3.0,6.0,4.0,5.0,,,,,,,,,7.0,7.0,8.0,9.0,1.0,2.0,3.0,5.0,4.0,,,,10.0,,,6.0,1.0,2.0,9.0,10.0,6.0,3.0,12.0,4.0,,5.0,,11.0,,7.0,8.0,7.0,8.0,9.0,,11.0,10.0,12.0,,1.0,2.0,3.0,4.0,,5.0,6.0,7.0,8.0,9.0,,10.0,,,,1.0,2.0,3.0,4.0,5.0,,6.0,1.0,2.0,3.0,,,5.0,6.0,,,,,,,7.0,4.0,1.0,2.0,3.0,,6.0,4.0,,,7.0,8.0,7.0,5.0,,,10.0,1.0,2.0,3.0,,,,,,4.0,5.0,6.0,8.0,,,7.0,81.15,21.0,179.0,376.0,70.0,418.67,166.0,0.62,7.0,0.23,0.0,0.0,[0.0],[nan],[0.0],[nan],"['No', 'Yes']","[nan, 'Thinking back, now I remember the pattern of the questions better than when I did the previous test.']",[0.0],[0.0],"['No', 'Yes']","[nan, 'Thinking back, now I remember the pattern of the questions better than when I did the previous test.']",[0.25],"['The location of furniture/fixtures/objects, The items you picked up, Where you picked up and put down items']","[1.0, 1.0, 1.0, 1.0, nan, nan, nan, 'Visualising the room layout']",[nan],['Visualising the room layout'],['Yes'],"['No, I did not apply any mnemonic techniques']","[""I am curious about how you control the presence of other, more important events going on in a participant's life during this study that will inadvertently make this VR-memory-test experience more forgettable.\nFor example, in the last few days I have had life events that, while not particularly life changing, were much more significant and emotional enough to be (unconsciously) stored in my brain. I remember them more (e.g., the outfit I wore during the event, where I was etc.) in comparison to the bedroom items for this VR test. The only method of controlling such variables that I can think about is ethically and logistically impossible (i.e., keep the participants in a holding area for as long as the study lasts so they don't expose themselves to real life events). Anyway, this is just a comment/question rather than a suggestion.""]"
A048,4,1.0,1.0,1.0,1.0,0.0,1.0,1.0,1.0,1.0,1.0,1.0,1.0,0.0,1.0,1.0,1.0,1.0,0.5,0.5,1.0,0.0,0.5,1.0,0.0,0.5,0.0,1.0,0.0,0.25,1.0,0.0,0.0,1.0,0.0,1.0,0.0,0.5,0.0,0.5,1.0,0.0,0.5,0.5,0.0,0.5,0.0,0.0,1.0,1.0,1.0,1.0,1.0,1.0,1.0,1.0,1.0,1.0,0.0,1.0,1.0,0.0,0.5,1.0,0.0,1.0,0.0,0.25,1.0,0.5,1.0,1.0,1.0,0.5,0.0,0.0,1.0,0.0,1.0,1.0,1.0,1.0,1.0,1.0,1.0,1.0,1.0,1.0,0.5,1.0,0.0,1.0,1.0,0.0,1.0,1.0,0.0,1.0,0.0,1.0,1.0,0.5,0.0,0.5,0.5,0.5,0.6,0.6,0.6,0.6,0.2,1.0,0.6,0.2,1.0,0.8,0.8,1.0,0.2,1.0,0.4,0.8,1.0,1.0,0.4,0.2,0.2,0.4,0.2,0.2,0.2,0.4,0.4,1.0,0.2,0.2,1.0,1.0,0.4,0.2,0.2,0.2,0.2,0.2,0.2,0.2,0.2,0.2,0.8,0.4,0.4,0.4,0.4,0.4,1.0,0.8,1.0,1.0,1.0,1.0,1.0,0.2,1.0,0.4,0.2,1.0,0.4,0.4,0.4,0.4,1.0,0.4,1.0,0.2,1.0,0.4,0.2,0.2,0.2,0.4,0.2,1.0,0.2,1.0,0.2,1.0,1.0,0.6,1.0,0.8,1.0,1.0,0.8,0.2,1.0,0.6,0.8,0.8,0.6,0.4,0.4,0.4,1.0,0.2,0.4,0.2,0.8,0.2,0.2,0.2,0.2,68.0,34.0,244.0,32.0,16.0,14.0,15.0,24.0,40.0,42.0,33.0,34.0,28.0,47.0,41.0,1.0,2.0,3.0,6.0,4.0,5.0,,,,,,,,,7.0,7.0,8.0,9.0,1.0,2.0,3.0,5.0,4.0,,,,10.0,,,6.0,1.0,2.0,9.0,10.0,6.0,3.0,12.0,4.0,,5.0,,11.0,,7.0,8.0,7.0,8.0,9.0,,11.0,10.0,12.0,,1.0,2.0,3.0,4.0,,5.0,6.0,7.0,8.0,9.0,,10.0,,,,1.0,2.0,3.0,4.0,5.0,,6.0,1.0,2.0,3.0,,,5.0,6.0,,,,,,,7.0,4.0,1.0,2.0,3.0,,6.0,4.0,,,7.0,8.0,7.0,5.0,,,10.0,1.0,2.0,3.0,,,,,,4.0,5.0,6.0,8.0,,,7.0,146.3,22.0,411.0,332.0,56.0,205.0,107.0,0.31,8.0,0.25,0.0,0.0,[0.0],[nan],[0.0],[nan],"['No', 'Yes']","[nan, 'I was able to anticipate the question format, but the memory of doing it all is very hazy.']",[-0.5],[-0.5],"['No', 'Yes']","[nan, 'I was able to anticipate the question format, but the memory of doing it all is very hazy.']",[0.25],"['The furniture/fixtures/objects in the room, The location of furniture/fixtures/objects']","[1.0, 1.0, 0.6, 1.0, nan, nan, nan, 'Visualising the room layout, Associating items with personal experiences']",[nan],"['Visualising the room layout, Associating items with personal experiences']",['Yes'],"['No, I did not apply any mnemonic techniques']","[""This has been such an interesting experience and I am actually glad to have been a part of it. I was wondering if there's any way to be kept up to date with the result? All the best with the project!""]"
A049,1,1.0,1.0,1.0,1.0,1.0,1.0,1.0,1.0,1.0,1.0,1.0,0.0,1.0,1.0,1.0,1.0,1.0,1.0,1.0,0.5,1.0,0.5,1.0,1.0,1.0,1.0,1.0,1.0,1.0,1.0,1.0,1.0,1.0,1.0,1.0,0.0,0.0,1.0,0.0,1.0,0.5,0.0,0.5,0.0,1.0,0.5,0.0,0.5,1.0,1.0,1.0,1.0,1.0,1.0,1.0,1.0,1.0,1.0,1.0,1.0,1.0,1.0,1.0,1.0,1.0,0.0,0.0,1.0,0.0,1.0,1.0,0.5,1.0,1.0,0.5,1.0,1.0,1.0,1.0,1.0,1.0,1.0,1.0,1.0,1.0,1.0,1.0,1.0,1.0,1.0,1.0,1.0,1.0,1.0,1.0,1.0,1.0,0.0,0.0,1.0,0.0,1.0,0.5,0.5,1.0,1.0,1.0,1.0,1.0,1.0,0.6,0.6,1.0,1.0,1.0,0.8,0.2,1.0,1.0,0.6,1.0,1.0,1.0,1.0,1.0,1.0,1.0,0.6,0.6,1.0,1.0,1.0,1.0,1.0,1.0,0.2,0.4,1.0,0.4,1.0,0.6,0.6,1.0,0.8,0.4,1.0,0.2,0.2,0.4,0.6,0.4,0.4,0.6,1.0,1.0,1.0,1.0,1.0,1.0,1.0,1.0,1.0,1.0,1.0,1.0,1.0,1.0,1.0,0.6,0.6,0.6,0.4,1.0,1.0,0.8,0.6,0.4,0.6,1.0,1.0,0.8,0.6,1.0,1.0,1.0,1.0,1.0,1.0,1.0,1.0,1.0,1.0,1.0,1.0,1.0,0.8,1.0,1.0,1.0,1.0,0.6,0.8,0.6,0.6,1.0,0.4,1.0,0.4,0.4,0.8,85.0,28.0,460.0,32.0,48.0,39.0,35.0,33.0,24.0,28.0,31.0,28.0,20.0,32.0,57.0,,1.0,2.0,,5.0,6.0,,,,,,,7.0,3.0,4.0,3.0,,1.0,,4.0,2.0,,,,,,7.0,5.0,,6.0,1.0,2.0,8.0,9.0,4.0,3.0,,,,,,6.0,5.0,,7.0,3.0,,,7.0,6.0,9.0,,,,8.0,,4.0,5.0,1.0,2.0,7.0,8.0,3.0,,4.0,7.0,,,1.0,2.0,5.0,,9.0,10.0,6.0,,,,,,,,,,,,2.0,1.0,3.0,4.0,,2.0,3.0,,5.0,1.0,,,,9.0,4.0,,6.0,8.0,7.0,,,2.0,,5.0,6.0,,,,1.0,3.0,9.0,7.0,8.0,4.0,1.0,59.0,506.0,1218.0,46.0,496.0,148.0,0.42,6.0,0.25,-0.5,-0.5,[0.0],[nan],[0.0],[nan],"['No', nan]","[nan, nan]",[0.0],[nan],"['No', nan]","[nan, nan]",[nan],"['The furniture/fixtures/objects in the room, The location of furniture/fixtures/objects, The items you picked up, Where you picked up and put down items, The order you completed items and tasks']","[1.0, 1.0, 1.0, 1.0, nan, nan, nan, 'Visualising the room layout, Creating a mental story or narrative']","['When placing down an item, picking the same spot as another item was/is.']","['Visualising the room layout, Creating a mental story or narrative, Other (please specify)']",['Yes'],"['Yes, visual imagery']",[nan]
A049,2,1.0,1.0,1.0,1.0,1.0,0.0,1.0,1.0,0.0,1.0,1.0,1.0,0.0,1.0,0.0,1.0,1.0,1.0,1.0,1.0,0.0,1.0,0.0,1.0,1.0,1.0,0.0,0.5,1.0,0.5,0.5,0.5,0.0,1.0,0.0,0.0,0.0,0.0,0.0,0.5,1.0,0.0,1.0,1.0,0.5,0.5,0.0,1.0,1.0,1.0,1.0,1.0,1.0,1.0,1.0,0.5,1.0,0.5,1.0,0.25,0.5,0.5,0.5,1.0,0.0,0.25,0.0,0.0,0.0,1.0,0.5,0.0,0.0,0.0,0.5,1.0,0.0,1.0,0.0,1.0,1.0,1.0,1.0,1.0,1.0,1.0,1.0,0.5,1.0,0.25,0.5,0.0,1.0,0.5,0.5,1.0,0.0,0.5,0.0,0.0,0.5,0.0,0.5,0.0,0.0,1.0,1.0,0.4,1.0,1.0,0.4,0.6,1.0,0.2,0.2,1.0,0.4,0.2,0.8,0.6,0.6,1.0,1.0,1.0,1.0,0.4,1.0,0.4,0.4,1.0,1.0,0.2,1.0,0.2,0.2,0.2,0.2,0.2,0.2,0.2,0.2,0.2,0.2,0.2,0.2,0.2,0.2,0.2,0.4,0.2,0.2,0.2,0.6,1.0,1.0,1.0,1.0,1.0,1.0,1.0,0.6,1.0,0.6,1.0,0.2,0.6,0.2,0.2,0.6,0.4,0.2,0.2,0.4,0.2,0.2,0.4,0.2,0.2,0.4,1.0,0.8,0.2,0.6,0.6,1.0,1.0,1.0,1.0,1.0,1.0,1.0,1.0,0.6,1.0,0.6,1.0,0.4,1.0,0.4,0.2,0.6,0.4,0.4,0.4,0.2,0.2,0.2,0.6,0.2,0.2,85.0,28.0,460.0,32.0,48.0,39.0,35.0,33.0,24.0,28.0,31.0,28.0,20.0,32.0,57.0,,1.0,2.0,,5.0,6.0,,,,,,,7.0,3.0,4.0,3.0,,1.0,,4.0,2.0,,,,,,7.0,5.0,,6.0,1.0,2.0,8.0,9.0,4.0,3.0,,,,,,6.0,5.0,,7.0,3.0,,,7.0,6.0,9.0,,,,8.0,,4.0,5.0,1.0,2.0,7.0,8.0,3.0,,4.0,7.0,,,1.0,2.0,5.0,,9.0,10.0,6.0,,,,,,,,,,,,2.0,1.0,3.0,4.0,,2.0,3.0,,5.0,1.0,,,,9.0,4.0,,6.0,8.0,7.0,,,2.0,,5.0,6.0,,,,1.0,3.0,9.0,7.0,8.0,4.0,27.12,42.0,904.0,568.0,55.0,235.0,106.0,0.51,4.0,0.29,-1.0,-0.5,[0.0],[nan],[1.0],['6 beers'],"['No', 'No']","[nan, nan]",[-0.5],[-0.5],"['No', 'No']","[nan, nan]",[0.25],"['The location of furniture/fixtures/objects, The items you picked up']","[1.0, 1.0, 1.0, 1.0, nan, nan, nan, 'Visualising the room layout']",[nan],['Visualising the room layout'],['Unsure'],"['Yes, visual imagery']",[nan]
A049,3,1.0,1.0,1.0,1.0,1.0,1.0,1.0,1.0,0.0,1.0,1.0,0.0,1.0,1.0,1.0,1.0,1.0,1.0,1.0,0.5,0.0,0.0,1.0,1.0,1.0,1.0,1.0,1.0,1.0,0.5,0.0,0.0,0.5,0.5,0.25,0.25,1.0,1.0,1.0,0.5,0.0,1.0,0.0,1.0,1.0,0.0,1.0,0.0,1.0,1.0,1.0,1.0,1.0,1.0,1.0,1.0,1.0,1.0,1.0,1.0,0.0,0.0,0.0,0.5,0.25,0.25,1.0,1.0,0.5,0.0,0.0,0.0,0.0,0.0,0.0,0.0,0.0,0.0,1.0,0.0,1.0,1.0,1.0,1.0,1.0,1.0,1.0,1.0,1.0,1.0,1.0,1.0,0.0,0.0,0.0,0.5,0.5,1.0,1.0,0.5,0.5,1.0,0.0,0.0,0.0,1.0,1.0,1.0,1.0,0.6,0.6,0.4,1.0,0.2,0.6,1.0,0.6,1.0,1.0,0.6,0.6,1.0,1.0,1.0,1.0,0.2,0.2,0.2,0.2,0.6,0.2,0.2,1.0,1.0,1.0,0.2,1.0,0.2,0.2,0.4,0.4,0.2,0.2,0.2,0.2,0.2,0.2,0.2,0.2,0.2,0.2,0.4,0.6,1.0,1.0,1.0,1.0,1.0,1.0,1.0,1.0,1.0,1.0,1.0,0.6,0.4,0.2,0.2,0.4,0.4,0.2,1.0,0.2,0.2,0.2,0.2,0.2,0.2,0.4,0.4,0.8,0.4,0.6,0.6,1.0,1.0,1.0,1.0,1.0,1.0,1.0,1.0,1.0,1.0,1.0,1.0,0.6,0.4,0.4,0.2,0.4,0.2,0.4,1.0,0.2,0.2,0.2,0.2,0.2,0.2,85.0,28.0,460.0,32.0,48.0,39.0,35.0,33.0,24.0,28.0,31.0,28.0,20.0,32.0,57.0,,1.0,2.0,,5.0,6.0,,,,,,,7.0,3.0,4.0,3.0,,1.0,,4.0,2.0,,,,,,7.0,5.0,,6.0,1.0,2.0,8.0,9.0,4.0,3.0,,,,,,6.0,5.0,,7.0,3.0,,,7.0,6.0,9.0,,,,8.0,,4.0,5.0,1.0,2.0,7.0,8.0,3.0,,4.0,7.0,,,1.0,2.0,5.0,,9.0,10.0,6.0,,,,,,,,,,,,2.0,1.0,3.0,4.0,,2.0,3.0,,5.0,1.0,,,,9.0,4.0,,6.0,8.0,7.0,,,2.0,,5.0,6.0,,,,1.0,3.0,9.0,7.0,8.0,4.0,111.38,83.0,1017.0,416.0,42.0,247.0,152.0,0.02,7.0,0.29,0.5,0.0,[0.0],[nan],[0.0],[nan],"['No', 'Yes']","[nan, 'Knowing what to try and remember.']",[-0.5],[-0.5],"['No', 'Yes']","[nan, 'Knowing what to try and remember.']",[0.25],"['The furniture/fixtures/objects in the room, The location of furniture/fixtures/objects, The items you picked up, Where you picked up and put down items']","[1.0, 1.0, 1.0, 1.0, nan, nan, nan, 'Visualising the room layout']",[nan],['Visualising the room layout'],['Yes'],"['Yes, visual imagery']",[nan]
A049,4,1.0,1.0,1.0,1.0,1.0,1.0,0.0,1.0,0.0,1.0,0.0,0.0,1.0,1.0,0.0,0.0,1.0,1.0,1.0,1.0,0.0,0.5,1.0,0.0,1.0,1.0,0.5,1.0,1.0,0.0,1.0,1.0,1.0,1.0,0.0,1.0,0.25,0.5,1.0,1.0,0.5,0.5,0.0,0.5,1.0,0.0,0.5,0.0,1.0,1.0,0.0,1.0,1.0,0.0,1.0,1.0,0.5,1.0,0.5,0.0,0.5,0.25,1.0,1.0,0.0,1.0,1.0,0.5,1.0,1.0,1.0,0.5,1.0,0.5,0.0,0.0,0.0,1.0,0.0,1.0,1.0,1.0,0.0,1.0,1.0,1.0,1.0,1.0,0.5,1.0,1.0,0.0,1.0,0.5,1.0,0.0,0.0,1.0,1.0,0.5,0.0,1.0,0.5,0.5,1.0,1.0,1.0,1.0,1.0,1.0,1.0,0.4,1.0,0.2,1.0,0.2,0.2,1.0,1.0,1.0,1.0,1.0,1.0,1.0,1.0,0.2,0.6,0.6,0.6,1.0,1.0,0.2,1.0,0.2,0.2,0.2,0.4,0.2,0.4,0.2,0.2,0.6,0.2,0.2,0.8,0.2,0.2,0.2,0.2,0.2,0.2,0.4,1.0,1.0,1.0,1.0,1.0,1.0,0.2,1.0,1.0,0.2,1.0,0.6,0.2,0.2,0.2,0.2,0.2,0.6,0.2,1.0,0.2,0.2,0.6,0.2,0.2,0.4,0.2,0.4,1.0,0.2,1.0,0.2,1.0,1.0,1.0,1.0,1.0,1.0,1.0,1.0,1.0,0.2,1.0,0.4,0.2,0.2,0.4,0.2,0.2,0.4,0.4,1.0,0.2,0.2,1.0,0.4,0.2,0.2,85.0,28.0,460.0,32.0,48.0,39.0,35.0,33.0,24.0,28.0,31.0,28.0,20.0,32.0,57.0,,1.0,2.0,,5.0,6.0,,,,,,,7.0,3.0,4.0,3.0,,1.0,,4.0,2.0,,,,,,7.0,5.0,,6.0,1.0,2.0,8.0,9.0,4.0,3.0,,,,,,6.0,5.0,,7.0,3.0,,,7.0,6.0,9.0,,,,8.0,,4.0,5.0,1.0,2.0,7.0,8.0,3.0,,4.0,7.0,,,1.0,2.0,5.0,,9.0,10.0,6.0,,,,,,,,,,,,2.0,1.0,3.0,4.0,,2.0,3.0,,5.0,1.0,,,,9.0,4.0,,6.0,8.0,7.0,,,2.0,,5.0,6.0,,,,1.0,3.0,9.0,7.0,8.0,4.0,168.86,32.0,207.0,532.0,41.0,167.0,64.0,0.37,7.0,0.33,0.0,0.5,[0.0],[nan],[0.0],[nan],"['No', 'No']","[nan, nan]",[-0.5],[-0.5],"['No', 'No']","[nan, nan]",[0.25],"['The furniture/fixtures/objects in the room, The items you picked up']","[1.0, 1.0, 1.0, 1.0, nan, nan, nan, 'Visualising the room layout']",[nan],['Visualising the room layout'],['No'],"['Yes, visual imagery']",[nan]
A050,1,1.0,1.0,1.0,1.0,0.0,0.0,0.0,1.0,1.0,1.0,0.0,1.0,0.0,1.0,1.0,1.0,1.0,1.0,1.0,1.0,0.0,0.0,1.0,0.0,0.5,0.0,1.0,0.5,0.0,1.0,0.5,0.25,0.5,0.25,0.25,0.0,0.0,0.0,0.0,0.5,1.0,1.0,0.5,0.0,0.0,0.0,1.0,0.0,1.0,0.0,1.0,1.0,1.0,1.0,1.0,0.0,1.0,0.5,1.0,1.0,1.0,0.0,1.0,0.5,0.0,0.0,0.0,0.0,0.5,1.0,0.5,1.0,0.0,0.0,0.0,0.0,0.0,1.0,1.0,1.0,1.0,1.0,1.0,1.0,1.0,1.0,1.0,1.0,1.0,0.5,1.0,1.0,1.0,1.0,0.5,0.5,0.0,0.0,0.0,0.0,0.5,1.0,0.5,1.0,0.0,1.0,1.0,0.6,1.0,0.4,1.0,0.6,0.6,1.0,1.0,0.4,1.0,0.2,1.0,0.8,1.0,1.0,1.0,1.0,1.0,0.6,0.6,0.4,0.4,1.0,1.0,0.6,0.4,0.2,0.2,1.0,0.2,0.4,0.4,0.2,0.2,0.2,1.0,0.2,0.2,0.2,0.2,0.2,0.6,0.6,1.0,0.6,0.6,1.0,1.0,1.0,1.0,1.0,1.0,1.0,1.0,1.0,0.2,1.0,1.0,1.0,0.2,0.4,0.2,1.0,1.0,0.2,0.2,0.2,0.2,0.2,1.0,0.2,0.0,0.0,0.0,0.0,0.0,0.0,0.0,0.0,1.0,1.0,1.0,1.0,1.0,1.0,0.4,1.0,0.4,1.0,1.0,1.0,0.4,0.4,0.4,0.6,1.0,0.6,0.2,0.2,0.2,0.2,1.0,0.2,73.0,32.0,,48.0,43.0,27.0,26.0,22.0,31.0,54.0,50.0,44.0,22.0,48.0,48.0,,,,,,3.0,1.0,,,,,2.0,,,,6.0,7.0,,,,5.0,,,,3.0,,4.0,,2.0,1.0,,,1.0,2.0,,3.0,4.0,,,6.0,9.0,5.0,,8.0,7.0,,,8.0,,10.0,4.0,5.0,,9.0,7.0,11.0,6.0,3.0,2.0,1.0,11.0,8.0,5.0,9.0,6.0,10.0,,,,4.0,7.0,3.0,,2.0,1.0,,3.0,,4.0,,,,,,,,5.0,2.0,,1.0,7.0,4.0,3.0,6.0,5.0,1.0,2.0,,,9.0,11.0,10.0,,12.0,8.0,1.0,3.0,2.0,4.0,6.0,5.0,,8.0,,7.0,11.0,9.0,,12.0,10.0,1.0,104.0,918.0,408.0,132.0,555.0,290.0,0.25,7.0,0.35,0.0,0.0,[1.0],['2 long coffees'],[0.0],[nan],"['No', nan]","[nan, nan]",[-0.5],[nan],"['No', nan]","[nan, nan]",[nan],['The location of furniture/fixtures/objects'],"[1.0, 1.0, 1.0, 1.0, nan, nan, nan, 'Visualising the room layout, Associating items with personal experiences, Creating a mental story or narrative']",[nan],"['Visualising the room layout, Associating items with personal experiences, Creating a mental story or narrative']",['Yes'],"['Yes, visual imagery']",[nan]
A050,2,0.0,1.0,1.0,1.0,0.0,0.0,0.0,1.0,0.0,1.0,0.0,0.0,1.0,0.0,1.0,1.0,0.5,0.5,0.5,0.5,0.0,0.0,1.0,1.0,1.0,0.5,0.5,0.5,1.0,1.0,1.0,1.0,0.0,1.0,0.5,0.0,0.0,1.0,0.5,0.5,0.5,1.0,0.5,0.5,0.0,0.0,0.0,0.0,1.0,1.0,1.0,1.0,0.0,1.0,1.0,0.5,0.0,1.0,0.0,0.0,1.0,1.0,0.5,1.0,0.0,0.5,0.0,1.0,0.0,0.5,0.5,0.5,1.0,0.0,0.0,0.0,1.0,1.0,1.0,1.0,1.0,1.0,1.0,1.0,1.0,1.0,0.0,0.25,1.0,1.0,0.0,0.0,1.0,1.0,0.0,0.5,0.0,0.25,1.0,1.0,0.0,0.5,0.0,1.0,0.5,0.2,1.0,1.0,1.0,0.2,0.2,0.2,0.2,0.2,1.0,1.0,0.2,0.2,0.6,0.8,0.6,1.0,1.0,1.0,0.2,0.4,0.4,0.2,0.2,0.4,0.2,1.0,1.0,0.2,1.0,0.2,0.6,1.0,0.2,0.2,0.2,0.2,0.2,0.2,0.2,0.2,0.2,0.2,1.0,1.0,1.0,1.0,1.0,1.0,1.0,1.0,1.0,0.2,1.0,1.0,1.0,0.4,1.0,0.2,1.0,1.0,1.0,0.2,0.2,0.2,0.2,0.2,0.2,0.2,0.2,0.2,0.2,0.2,0.2,0.2,0.2,0.2,0.4,0.6,1.0,1.0,1.0,1.0,1.0,1.0,1.0,1.0,0.6,1.0,1.0,0.2,1.0,1.0,1.0,0.2,0.2,0.2,0.2,1.0,0.2,0.2,0.2,0.2,0.2,0.2,73.0,32.0,,48.0,43.0,27.0,26.0,22.0,31.0,54.0,50.0,44.0,22.0,48.0,48.0,,,,,,3.0,1.0,,,,,2.0,,,,6.0,7.0,,,,5.0,,,,3.0,,4.0,,2.0,1.0,,,1.0,2.0,,3.0,4.0,,,6.0,9.0,5.0,,8.0,7.0,,,8.0,,10.0,4.0,5.0,,9.0,7.0,11.0,6.0,3.0,2.0,1.0,11.0,8.0,5.0,9.0,6.0,10.0,,,,4.0,7.0,3.0,,2.0,1.0,,3.0,,4.0,,,,,,,,5.0,2.0,,1.0,7.0,4.0,3.0,6.0,5.0,1.0,2.0,,,9.0,11.0,10.0,,12.0,8.0,1.0,3.0,2.0,4.0,6.0,5.0,,8.0,,7.0,11.0,9.0,,12.0,10.0,24.73,41.0,800.0,482.0,46.0,256.0,192.0,0.3,7.0,0.33,0.0,0.0,[1.0],['2 cup of coffee'],[0.0],[nan],"['No', 'Unsure']","[nan, 'same kind of questions so dont need to read so thoroughy']",[-0.5],[-0.5],"['No', 'Unsure']","[nan, 'same kind of questions so dont need to read so thoroughy']",[0.25],['The items you picked up'],"[0.0, 0.5, 0.2, 1.0, 1.0, 1.0, nan, 'Associating items with personal experiences']",[nan],['No specific strategy'],['Yes'],['Unsure'],[nan]
A050,3,1.0,0.0,1.0,1.0,1.0,0.0,0.0,0.0,0.0,0.0,0.0,1.0,0.0,0.0,1.0,1.0,1.0,1.0,1.0,1.0,0.0,0.5,1.0,0.0,1.0,1.0,1.0,0.5,0.0,0.0,1.0,0.5,0.0,0.0,0.25,0.0,0.5,0.5,0.5,1.0,0.5,0.5,0.0,0.0,0.0,0.5,0.5,0.5,1.0,0.0,1.0,1.0,0.0,1.0,1.0,0.0,1.0,0.25,0.25,0.5,0.25,0.0,1.0,0.0,0.5,0.0,0.5,0.0,0.0,0.0,0.5,1.0,0.0,1.0,0.5,1.0,0.0,1.0,0.0,1.0,1.0,1.0,1.0,1.0,1.0,1.0,1.0,0.0,1.0,1.0,0.5,0.5,0.25,0.0,1.0,0.0,0.0,0.0,1.0,0.0,0.0,0.0,0.5,1.0,0.0,1.0,0.4,0.4,0.4,1.0,0.4,0.4,0.2,0.2,0.2,0.2,0.2,0.2,1.0,1.0,1.0,1.0,0.2,0.4,1.0,0.2,0.2,0.2,0.4,1.0,0.2,0.2,0.2,0.2,0.2,0.2,0.2,0.2,0.2,0.2,0.2,0.2,0.2,0.2,0.2,0.2,0.2,0.2,1.0,1.0,1.0,1.0,1.0,1.0,0.2,1.0,1.0,0.2,1.0,1.0,0.2,0.2,0.2,0.2,0.2,0.2,0.4,0.4,0.2,0.2,0.2,1.0,0.2,0.2,0.2,0.2,0.2,0.2,0.2,0.2,0.4,0.2,1.0,0.4,0.8,1.0,0.2,1.0,0.6,1.0,1.0,1.0,0.2,0.2,0.2,0.2,0.2,0.2,0.2,0.2,0.2,0.2,0.2,0.2,0.2,0.2,0.2,0.2,0.2,0.2,73.0,32.0,,48.0,43.0,27.0,26.0,22.0,31.0,54.0,50.0,44.0,22.0,48.0,48.0,,,,,,3.0,1.0,,,,,2.0,,,,6.0,7.0,,,,5.0,,,,3.0,,4.0,,2.0,1.0,,,1.0,2.0,,3.0,4.0,,,6.0,9.0,5.0,,8.0,7.0,,,8.0,,10.0,4.0,5.0,,9.0,7.0,11.0,6.0,3.0,2.0,1.0,11.0,8.0,5.0,9.0,6.0,10.0,,,,4.0,7.0,3.0,,2.0,1.0,,3.0,,4.0,,,,,,,,5.0,2.0,,1.0,7.0,4.0,3.0,6.0,5.0,1.0,2.0,,,9.0,11.0,10.0,,12.0,8.0,1.0,3.0,2.0,4.0,6.0,5.0,,8.0,,7.0,11.0,9.0,,12.0,10.0,93.39,46.0,368.0,487.0,67.0,429.0,154.0,0.12,7.0,0.38,-0.5,-0.5,[1.0],['2 cups of coffee'],[0.0],[nan],"['No', 'No']","[nan, nan]",[-1.0],[-1.0],"['No', 'No']","[nan, nan]",[0.0],['The items you picked up'],"[1.0, 1.0, 1.0, 1.0, nan, nan, nan, 'No specific strategy']",[nan],['No specific strategy'],['Yes'],['Unsure'],"['really hard today, seems like I totally blacked out the layout of the room']"
A050,4,1.0,1.0,0.0,0.0,1.0,1.0,1.0,0.0,0.0,1.0,0.0,0.0,0.0,1.0,1.0,0.0,0.5,0.25,0.5,0.5,0.0,1.0,1.0,1.0,0.5,0.0,0.0,0.0,0.5,0.5,1.0,0.5,1.0,0.0,1.0,1.0,0.0,0.5,1.0,1.0,0.5,1.0,1.0,1.0,0.0,0.5,0.0,0.5,1.0,0.0,1.0,1.0,1.0,1.0,0.0,1.0,0.25,1.0,0.5,1.0,0.0,0.0,0.0,0.0,0.5,1.0,1.0,0.5,0.0,1.0,0.0,0.5,0.0,1.0,0.0,1.0,0.0,1.0,0.0,1.0,0.5,1.0,1.0,1.0,1.0,1.0,0.0,1.0,0.0,0.5,0.0,1.0,0.0,0.0,1.0,0.5,0.0,1.0,1.0,0.5,0.0,1.0,0.0,0.5,0.0,1.0,1.0,0.2,0.2,1.0,1.0,1.0,0.2,0.2,0.2,1.0,0.2,0.2,1.0,0.4,0.4,0.2,1.0,0.2,0.2,0.2,0.2,0.2,0.2,1.0,0.2,0.2,0.2,0.2,0.2,0.2,0.2,0.2,0.2,0.2,0.2,0.2,0.2,0.2,0.2,0.2,0.2,0.2,1.0,1.0,1.0,1.0,1.0,1.0,0.2,0.2,0.2,1.0,0.2,0.2,0.2,0.2,0.2,0.2,0.2,0.2,0.2,0.2,0.2,0.2,0.2,0.2,0.2,0.2,0.2,0.2,0.2,0.2,0.2,0.2,1.0,0.2,1.0,0.2,1.0,0.2,1.0,1.0,1.0,1.0,1.0,0.6,1.0,0.2,0.2,0.2,0.2,0.2,0.2,0.2,0.2,0.2,0.2,0.2,0.2,0.2,0.2,0.2,0.2,0.2,73.0,32.0,,48.0,43.0,27.0,26.0,22.0,31.0,54.0,50.0,44.0,22.0,48.0,48.0,,,,,,3.0,1.0,,,,,2.0,,,,6.0,7.0,,,,5.0,,,,3.0,,4.0,,2.0,1.0,,,1.0,2.0,,3.0,4.0,,,6.0,9.0,5.0,,8.0,7.0,,,8.0,,10.0,4.0,5.0,,9.0,7.0,11.0,6.0,3.0,2.0,1.0,11.0,8.0,5.0,9.0,6.0,10.0,,,,4.0,7.0,3.0,,2.0,1.0,,3.0,,4.0,,,,,,,,5.0,2.0,,1.0,7.0,4.0,3.0,6.0,5.0,1.0,2.0,,,9.0,11.0,10.0,,12.0,8.0,1.0,3.0,2.0,4.0,6.0,5.0,,8.0,,7.0,11.0,9.0,,12.0,10.0,148.69,27.0,385.0,255.0,31.0,266.0,126.0,0.46,8.0,0.33,0.0,-0.5,[0.0],[nan],[0.0],[nan],"['No', 'Yes']","[nan, 'same question make it faster to answer, but so much to remember']",[-1.0],[-1.0],"['No', 'Yes']","[nan, 'same question make it faster to answer, but so much to remember']",[0.0],['The items you picked up'],"[1.0, 0.5, 1.0, 0.2, nan, 1.0, nan, 'Associating items with personal experiences']",[nan],['Associating items with personal experiences'],['Yes'],['Unsure'],[nan]
A051,1,1.0,1.0,1.0,1.0,1.0,1.0,1.0,0.0,1.0,1.0,1.0,1.0,0.0,1.0,0.0,1.0,1.0,1.0,1.0,1.0,1.0,1.0,1.0,0.0,1.0,0.0,0.25,1.0,1.0,1.0,0.25,0.0,1.0,1.0,0.0,1.0,0.25,0.5,0.0,1.0,0.0,1.0,1.0,1.0,0.0,0.5,0.5,0.5,1.0,1.0,1.0,1.0,1.0,1.0,1.0,1.0,1.0,1.0,1.0,1.0,1.0,1.0,1.0,1.0,0.0,0.25,1.0,0.0,0.5,1.0,1.0,1.0,1.0,0.5,1.0,1.0,0.0,1.0,1.0,1.0,1.0,1.0,1.0,1.0,1.0,1.0,1.0,1.0,1.0,1.0,1.0,1.0,1.0,1.0,1.0,1.0,0.0,1.0,1.0,0.0,0.0,1.0,0.0,0.0,0.0,1.0,1.0,1.0,1.0,1.0,1.0,1.0,0.2,0.2,1.0,1.0,1.0,0.2,1.0,1.0,0.8,1.0,1.0,1.0,1.0,0.8,1.0,1.0,1.0,1.0,0.4,0.2,1.0,0.8,1.0,0.2,0.6,0.8,0.4,0.6,1.0,0.8,0.8,0.8,1.0,0.4,0.8,0.8,0.8,0.8,0.8,0.8,0.6,1.0,1.0,1.0,1.0,1.0,1.0,1.0,1.0,1.0,1.0,1.0,1.0,1.0,1.0,1.0,1.0,0.6,1.0,1.0,0.8,0.8,1.0,0.4,0.6,0.4,0.6,1.0,1.0,0.6,1.0,0.8,1.0,1.0,1.0,1.0,1.0,1.0,1.0,1.0,1.0,0.8,1.0,0.8,1.0,0.6,1.0,1.0,1.0,0.2,1.0,1.0,0.8,0.8,1.0,0.2,0.8,0.4,130.0,25.0,453.0,27.0,29.0,35.0,31.0,14.0,10.0,16.0,27.0,34.0,17.0,25.0,35.0,1.0,3.0,2.0,,,6.0,,,,,5.0,7.0,,,4.0,4.0,,5.0,,,,,,,,,1.0,,2.0,3.0,6.0,8.0,7.0,9.0,,10.0,1.0,2.0,,5.0,4.0,3.0,,,,6.0,7.0,8.0,9.0,11.0,10.0,4.0,3.0,,5.0,,,,1.0,2.0,1.0,2.0,3.0,5.0,4.0,,7.0,6.0,,9.0,,8.0,12.0,,11.0,,,,,,,,,,,,,,1.0,2.0,1.0,2.0,,3.0,4.0,5.0,6.0,7.0,,8.0,10.0,11.0,9.0,,,1.0,3.0,2.0,4.0,5.0,6.0,7.0,8.0,,9.0,,11.0,12.0,,10.0,1.0,55.0,465.0,639.0,130.0,429.0,216.0,0.4,8.0,0.25,0.0,0.5,[0.0],[nan],[0.0],[nan],"['No', nan]","[nan, nan]",[0.0],[nan],"['No', nan]","[nan, nan]",[nan],"['The furniture/fixtures/objects in the room, The location of furniture/fixtures/objects, The items you picked up, Where you picked up and put down items, The order you completed items and tasks']","[1.0, 1.0, 1.0, 1.0, nan, nan, nan, 'Visualising the room layout, Creating a mental story or narrative']",[nan],"['Visualising the room layout, Creating a mental story or narrative']",['Yes'],"['Yes, method of loci, Yes, visual imagery']",['very interesting experience and left me feeling energized']
A051,2,1.0,1.0,1.0,1.0,1.0,0.0,0.0,1.0,1.0,0.0,0.0,0.0,0.0,0.0,0.0,0.0,1.0,1.0,1.0,1.0,1.0,1.0,0.0,1.0,1.0,0.5,0.0,0.5,1.0,1.0,1.0,1.0,1.0,0.5,1.0,0.0,0.5,0.0,0.5,0.5,1.0,0.5,0.0,0.5,1.0,0.5,0.0,0.5,1.0,1.0,1.0,1.0,1.0,1.0,1.0,0.0,0.0,1.0,0.5,1.0,1.0,1.0,1.0,1.0,0.5,0.0,0.0,0.0,0.5,0.0,0.0,0.0,1.0,1.0,1.0,0.0,0.0,0.0,0.0,1.0,1.0,1.0,1.0,1.0,1.0,1.0,1.0,0.5,0.0,1.0,0.5,1.0,1.0,1.0,1.0,1.0,0.5,0.0,0.0,0.0,0.5,0.0,0.5,0.5,0.0,1.0,1.0,1.0,1.0,1.0,1.0,0.6,1.0,1.0,0.4,0.2,1.0,1.0,0.8,0.8,0.8,1.0,1.0,1.0,1.0,1.0,1.0,0.8,0.8,1.0,1.0,0.4,1.0,0.6,1.0,0.2,1.0,0.8,0.6,1.0,0.8,0.2,1.0,0.6,0.6,0.6,0.4,0.2,0.8,0.8,0.8,0.8,0.8,1.0,0.6,1.0,1.0,1.0,1.0,1.0,0.6,1.0,1.0,0.8,1.0,1.0,1.0,1.0,0.6,0.6,0.6,1.0,0.6,0.8,0.6,0.6,0.6,0.8,0.8,0.8,0.6,0.6,1.0,0.6,1.0,1.0,1.0,1.0,1.0,1.0,1.0,1.0,1.0,1.0,1.0,0.6,1.0,1.0,1.0,1.0,0.8,0.6,0.4,0.8,0.6,1.0,0.8,0.6,0.6,0.4,130.0,25.0,453.0,27.0,29.0,35.0,31.0,14.0,10.0,16.0,27.0,34.0,17.0,25.0,35.0,1.0,3.0,2.0,,,6.0,,,,,5.0,7.0,,,4.0,4.0,,5.0,,,,,,,,,1.0,,2.0,3.0,6.0,8.0,7.0,9.0,,10.0,1.0,2.0,,5.0,4.0,3.0,,,,6.0,7.0,8.0,9.0,11.0,10.0,4.0,3.0,,5.0,,,,1.0,2.0,1.0,2.0,3.0,5.0,4.0,,7.0,6.0,,9.0,,8.0,12.0,,11.0,,,,,,,,,,,,,,1.0,2.0,1.0,2.0,,3.0,4.0,5.0,6.0,7.0,,8.0,10.0,11.0,9.0,,,1.0,3.0,2.0,4.0,5.0,6.0,7.0,8.0,,9.0,,11.0,12.0,,10.0,17.16,36.0,946.0,1011.0,144.0,429.0,231.0,0.05,8.0,0.31,0.0,0.0,[0.0],[nan],[0.0],[nan],"['No', 'Yes']","[nan, 'It reminded me of familiar item that I only recalled after seeing the picture in the previous test']",[0.0],[-0.5],"['No', 'Yes']","[nan, 'It reminded me of familiar item that I only recalled after seeing the picture in the previous test']",[0.25],"['The furniture/fixtures/objects in the room, The location of furniture/fixtures/objects, The items you picked up, Where you picked up and put down items']","[1.0, 1.0, 1.0, 1.0, nan, nan, nan, 'Visualising the room layout, Creating a mental story or narrative']",[nan],"['Visualising the room layout, Creating a mental story or narrative']",['Yes'],"['Yes, method of loci, Yes, visual imagery']","['It was interesting to remember so items only after being cued, some item I recalled in the kitchen may have been in other rooms. I just associated them with the kitchen.']"
A051,3,1.0,1.0,1.0,1.0,0.0,0.0,0.0,0.0,0.0,1.0,0.0,0.0,0.0,0.0,0.0,0.0,1.0,1.0,1.0,1.0,0.0,1.0,1.0,0.0,0.25,1.0,1.0,0.5,0.0,0.0,0.0,1.0,1.0,1.0,1.0,1.0,0.5,1.0,0.0,0.0,0.0,0.0,0.5,1.0,0.5,0.0,1.0,0.0,1.0,1.0,1.0,1.0,1.0,1.0,1.0,0.5,1.0,0.5,1.0,0.0,1.0,0.5,0.25,1.0,0.0,0.5,0.0,0.0,1.0,0.0,0.0,0.0,0.0,0.0,0.0,1.0,0.0,1.0,0.0,1.0,1.0,1.0,1.0,1.0,1.0,1.0,1.0,0.0,1.0,0.5,1.0,0.0,1.0,0.0,1.0,1.0,1.0,0.5,0.0,0.0,0.5,0.0,1.0,0.0,0.0,1.0,1.0,1.0,1.0,0.8,0.8,0.8,0.2,0.2,1.0,0.2,0.2,0.2,1.0,0.8,0.8,1.0,1.0,1.0,1.0,0.4,0.6,0.2,0.8,0.6,0.6,0.2,0.2,0.2,0.2,0.2,1.0,0.2,0.8,0.6,0.2,0.2,0.6,0.2,0.4,0.2,0.2,0.2,0.8,0.8,0.8,0.8,0.8,0.8,0.4,1.0,1.0,1.0,1.0,1.0,0.2,1.0,0.6,1.0,0.4,1.0,0.2,0.4,1.0,0.4,0.6,1.0,0.2,0.4,0.6,0.4,0.4,0.8,0.6,0.8,0.6,0.4,0.8,0.8,1.0,1.0,1.0,1.0,1.0,1.0,1.0,1.0,0.4,0.8,0.6,1.0,0.4,1.0,0.4,0.2,1.0,0.4,0.6,0.4,0.4,0.2,0.8,0.4,0.4,0.6,130.0,25.0,453.0,27.0,29.0,35.0,31.0,14.0,10.0,16.0,27.0,34.0,17.0,25.0,35.0,1.0,3.0,2.0,,,6.0,,,,,5.0,7.0,,,4.0,4.0,,5.0,,,,,,,,,1.0,,2.0,3.0,6.0,8.0,7.0,9.0,,10.0,1.0,2.0,,5.0,4.0,3.0,,,,6.0,7.0,8.0,9.0,11.0,10.0,4.0,3.0,,5.0,,,,1.0,2.0,1.0,2.0,3.0,5.0,4.0,,7.0,6.0,,9.0,,8.0,12.0,,11.0,,,,,,,,,,,,,,1.0,2.0,1.0,2.0,,3.0,4.0,5.0,6.0,7.0,,8.0,10.0,11.0,9.0,,,1.0,3.0,2.0,4.0,5.0,6.0,7.0,8.0,,9.0,,11.0,12.0,,10.0,65.63,32.0,412.0,514.0,122.0,364.0,316.0,0.09,9.0,0.29,0.5,0.5,[0.0],[nan],[0.0],[nan],"['No', 'Yes']","[nan, 'as I visualized the sections from the room I stood up in similar pose to VR experience, and it helps me to see in my mind what object was in my hand in some areas.']",[-0.5],[-0.5],"['No', 'Yes']","[nan, 'as I visualized the sections from the room I stood up in similar pose to VR experience, and it helps me to see in my mind what object was in my hand in some areas.']",[0.25],['The items you picked up'],"[1.0, 1.0, 1.0, 1.0, nan, nan, nan, 'Visualising the room layout, Creating a mental story or narrative']",[nan],"['Visualising the room layout, Creating a mental story or narrative']",['Yes'],"['Yes, method of loci']","['As I became more relaxed in each experience, the rush or enthusiasm became less, which I feel led to less emphasis on the objects and sections of the rooms I was in, as experiences 1 and 2 I sensed a rush of enthusiasm and increased interest in each objects position and features. It has been almost 3 days since the VR experience, and recall is no as easy as previous 2 attempt, though, I can clearly recall decrease in interest from the initial feeling.']"
A051,4,1.0,1.0,0.0,1.0,0.0,0.0,0.0,1.0,0.0,0.0,0.0,0.0,0.0,0.0,0.0,0.0,1.0,1.0,0.25,1.0,0.0,0.0,0.0,0.0,0.25,0.0,1.0,1.0,1.0,0.5,1.0,1.0,0.0,0.25,1.0,1.0,0.0,0.5,1.0,0.0,1.0,0.0,0.5,0.0,0.5,0.5,0.0,0.5,1.0,1.0,1.0,1.0,1.0,1.0,1.0,0.0,1.0,1.0,0.25,0.5,1.0,1.0,0.0,1.0,0.5,1.0,0.0,0.5,0.0,0.0,0.0,0.5,0.0,1.0,0.0,1.0,0.5,1.0,0.0,1.0,1.0,1.0,1.0,1.0,1.0,1.0,1.0,1.0,1.0,1.0,0.5,0.5,1.0,1.0,0.0,1.0,0.5,0.5,0.0,0.5,0.0,0.0,0.0,0.5,0.0,1.0,1.0,0.8,0.8,0.2,0.6,0.4,1.0,0.2,0.2,0.2,0.2,0.2,0.8,0.6,0.8,1.0,1.0,1.0,1.0,0.2,0.2,0.6,0.4,0.2,0.4,0.4,0.2,0.2,0.2,0.2,1.0,0.8,0.2,0.2,0.2,0.2,0.4,0.2,0.2,0.2,0.2,0.2,0.8,0.8,0.8,0.8,0.8,1.0,1.0,1.0,1.0,1.0,0.8,1.0,0.6,1.0,0.8,0.6,0.4,0.6,1.0,0.4,0.8,0.4,0.2,0.6,0.6,0.2,0.6,0.4,0.2,0.4,0.6,0.6,0.6,0.4,0.8,0.6,1.0,1.0,1.0,1.0,1.0,1.0,1.0,1.0,1.0,1.0,1.0,0.8,0.4,0.8,1.0,0.6,0.6,0.4,0.6,0.4,0.4,0.4,0.6,0.6,0.8,0.4,130.0,25.0,453.0,27.0,29.0,35.0,31.0,14.0,10.0,16.0,27.0,34.0,17.0,25.0,35.0,1.0,3.0,2.0,,,6.0,,,,,5.0,7.0,,,4.0,4.0,,5.0,,,,,,,,,1.0,,2.0,3.0,6.0,8.0,7.0,9.0,,10.0,1.0,2.0,,5.0,4.0,3.0,,,,6.0,7.0,8.0,9.0,11.0,10.0,4.0,3.0,,5.0,,,,1.0,2.0,1.0,2.0,3.0,5.0,4.0,,7.0,6.0,,9.0,,8.0,12.0,,11.0,,,,,,,,,,,,,,1.0,2.0,1.0,2.0,,3.0,4.0,5.0,6.0,7.0,,8.0,10.0,11.0,9.0,,,1.0,3.0,2.0,4.0,5.0,6.0,7.0,8.0,,9.0,,11.0,12.0,,10.0,146.99,44.0,416.0,670.0,65.0,252.0,126.0,0.5,6.0,0.27,-0.5,0.0,[0.0],[nan],[0.0],[nan],"['No', 'Unsure']","[nan, 'less able to visualise room of objects, though could see something in certain parts of the room']",[-0.5],[-0.5],"['No', 'Unsure']","[nan, 'less able to visualise room of objects, though could see something in certain parts of the room']",[0.25],"['The furniture/fixtures/objects in the room, The location of furniture/fixtures/objects']","[1.0, 1.0, 1.0, 1.0, nan, nan, nan, 'Visualising the room layout, Creating a mental story or narrative']",[nan],"['Visualising the room layout, Creating a mental story or narrative']",['Yes'],"['Yes, method of loci, Yes, visual imagery']","['much more of a challenge, as very few times did I recall the bedroom of fixtures/objects']"
A052,1,1.0,1.0,1.0,1.0,1.0,1.0,1.0,1.0,1.0,1.0,0.0,1.0,1.0,1.0,1.0,1.0,0.5,0.5,0.5,0.5,1.0,1.0,1.0,1.0,0.5,0.5,1.0,1.0,0.25,0.5,1.0,1.0,0.0,0.5,0.0,1.0,0.0,1.0,0.5,1.0,0.5,0.5,0.5,0.0,0.5,0.0,0.0,1.0,1.0,1.0,1.0,1.0,1.0,1.0,1.0,1.0,1.0,1.0,1.0,1.0,1.0,1.0,0.0,0.5,0.5,0.5,0.0,1.0,0.5,1.0,1.0,1.0,0.5,1.0,1.0,1.0,1.0,1.0,1.0,1.0,1.0,1.0,1.0,1.0,1.0,1.0,0.0,1.0,1.0,1.0,0.0,1.0,1.0,1.0,0.0,0.5,0.0,0.0,0.0,1.0,0.5,1.0,1.0,0.5,0.5,0.6,0.6,1.0,1.0,1.0,1.0,1.0,1.0,1.0,1.0,0.2,0.6,0.8,1.0,1.0,0.8,1.0,1.0,1.0,1.0,1.0,0.8,1.0,1.0,1.0,1.0,1.0,0.6,1.0,0.2,0.2,0.4,0.6,0.8,0.4,0.2,0.2,0.4,0.8,1.0,0.4,0.2,0.2,0.6,0.4,0.4,0.6,0.6,1.0,1.0,1.0,1.0,1.0,1.0,1.0,0.6,1.0,1.0,0.8,0.8,1.0,0.8,0.6,0.6,0.4,0.4,0.4,0.6,0.6,0.8,0.8,0.4,0.6,0.8,0.6,1.0,0.8,1.0,0.6,1.0,1.0,1.0,1.0,1.0,1.0,1.0,0.6,0.8,1.0,1.0,0.2,1.0,1.0,0.8,0.8,0.6,0.8,0.6,0.6,1.0,0.6,0.8,0.4,0.6,0.6,108.0,29.0,191.0,47.0,52.0,58.0,26.0,24.0,23.0,37.0,46.0,37.0,23.0,43.0,35.0,,6.0,,,2.0,3.0,,7.0,4.0,,,5.0,,,,8.0,10.0,,5.0,6.0,7.0,,3.0,4.0,,11.0,9.0,12.0,1.0,2.0,8.0,9.0,13.0,,12.0,11.0,7.0,4.0,5.0,6.0,10.0,3.0,,2.0,1.0,9.0,11.0,8.0,7.0,4.0,3.0,5.0,10.0,6.0,,13.0,12.0,,2.0,1.0,6.0,5.0,11.0,,4.0,7.0,8.0,13.0,10.0,,9.0,12.0,3.0,2.0,1.0,,4.0,6.0,,,,,,,7.0,,5.0,3.0,2.0,1.0,7.0,8.0,5.0,,2.0,1.0,4.0,3.0,6.0,,9.0,11.0,10.0,,12.0,7.0,6.0,,,2.0,3.0,1.0,,4.0,,5.0,9.0,8.0,,10.0,1.0,56.0,403.0,588.0,65.0,277.0,99.0,0.26,9.0,0.27,-0.5,0.0,[1.0],['1 cup of coffee'],[0.0],[nan],"['No', nan]","[nan, nan]",[-0.5],[nan],"['No', nan]","[nan, nan]",[nan],"['The items you picked up, Where you picked up and put down items']","[1.0, 0.5, 0.6, 1.0, nan, 1.0, nan, 'Visualising the room layout']",[nan],['Visualising the room layout'],['Yes'],"['No, I did not apply any mnemonic techniques']",[nan]
A052,2,1.0,1.0,1.0,1.0,1.0,1.0,0.0,1.0,1.0,0.0,1.0,1.0,1.0,1.0,0.0,1.0,0.5,0.5,0.5,0.5,1.0,1.0,1.0,1.0,0.5,0.0,1.0,1.0,1.0,1.0,1.0,0.5,0.0,1.0,1.0,1.0,1.0,1.0,0.5,0.0,0.0,0.0,0.0,0.0,1.0,0.0,0.5,0.0,1.0,1.0,1.0,0.0,1.0,1.0,1.0,0.0,1.0,0.0,1.0,1.0,1.0,0.0,0.0,0.0,0.25,1.0,1.0,0.0,1.0,1.0,1.0,0.0,1.0,1.0,1.0,1.0,1.0,1.0,1.0,1.0,1.0,1.0,1.0,1.0,1.0,1.0,1.0,0.0,1.0,0.0,1.0,0.5,1.0,0.5,0.0,0.0,1.0,1.0,1.0,0.5,1.0,0.5,1.0,0.0,0.5,1.0,0.8,0.8,0.8,0.8,0.8,0.6,0.6,0.6,0.6,1.0,1.0,1.0,0.8,0.6,1.0,1.0,1.0,1.0,1.0,0.8,0.8,1.0,0.2,0.8,0.6,0.8,1.0,0.2,0.4,1.0,1.0,0.2,0.8,0.4,0.6,0.2,0.2,0.2,0.2,0.2,0.2,0.2,0.4,0.4,0.2,0.2,0.2,1.0,1.0,1.0,0.6,1.0,1.0,1.0,0.4,0.8,0.2,0.6,0.8,1.0,0.2,0.8,0.2,0.2,1.0,0.8,0.2,0.6,0.2,0.4,0.4,0.4,0.6,0.8,0.8,0.6,1.0,0.8,1.0,1.0,1.0,1.0,1.0,1.0,1.0,1.0,0.8,0.8,0.2,0.8,0.8,1.0,0.4,0.8,0.2,0.4,1.0,0.8,0.2,0.2,0.2,0.8,0.2,0.2,108.0,29.0,191.0,47.0,52.0,58.0,26.0,24.0,23.0,37.0,46.0,37.0,23.0,43.0,35.0,,6.0,,,2.0,3.0,,7.0,4.0,,,5.0,,,,8.0,10.0,,5.0,6.0,7.0,,3.0,4.0,,11.0,9.0,12.0,1.0,2.0,8.0,9.0,13.0,,12.0,11.0,7.0,4.0,5.0,6.0,10.0,3.0,,2.0,1.0,9.0,11.0,8.0,7.0,4.0,3.0,5.0,10.0,6.0,,13.0,12.0,,2.0,1.0,6.0,5.0,11.0,,4.0,7.0,8.0,13.0,10.0,,9.0,12.0,3.0,2.0,1.0,,4.0,6.0,,,,,,,7.0,,5.0,3.0,2.0,1.0,7.0,8.0,5.0,,2.0,1.0,4.0,3.0,6.0,,9.0,11.0,10.0,,12.0,7.0,6.0,,,2.0,3.0,1.0,,4.0,,5.0,9.0,8.0,,10.0,31.76,56.0,432.0,1242.0,110.0,332.0,148.0,0.58,6.0,0.27,-1.0,-0.5,[0.0],[nan],[0.0],[nan],"['No', 'No']","[nan, 'This time I knew which questions to expect']",[-1.0],[-0.5],"['No', 'No']","[nan, 'This time I knew which questions to expect']",[0.0],"['The location of furniture/fixtures/objects, The items you picked up']","[1.0, 0.5, 1.0, 1.0, nan, 1.0, nan, 'Visualising the room layout']",[nan],['Visualising the room layout'],['No'],"['No, I did not apply any mnemonic techniques']",[nan]
A052,3,1.0,1.0,1.0,1.0,1.0,1.0,1.0,0.0,0.0,1.0,1.0,1.0,1.0,1.0,1.0,1.0,0.5,0.5,0.5,0.5,0.0,1.0,1.0,0.0,0.5,0.25,0.5,0.0,1.0,1.0,1.0,0.25,1.0,0.25,0.0,0.0,0.0,0.0,0.5,0.0,1.0,1.0,1.0,0.5,0.5,0.5,0.0,0.5,1.0,1.0,0.0,1.0,1.0,1.0,1.0,1.0,0.25,0.0,1.0,1.0,1.0,1.0,0.25,1.0,0.0,0.0,0.0,0.0,0.0,0.0,0.0,0.0,0.0,0.0,1.0,1.0,0.0,1.0,1.0,1.0,1.0,1.0,1.0,1.0,1.0,1.0,1.0,1.0,1.0,1.0,1.0,1.0,1.0,0.5,0.5,1.0,0.0,0.0,0.0,0.0,0.5,0.0,0.0,0.0,0.0,1.0,0.8,0.8,0.8,1.0,1.0,1.0,0.8,0.4,0.2,1.0,0.8,0.6,1.0,0.8,0.8,1.0,0.8,1.0,1.0,0.6,0.8,0.4,0.4,1.0,1.0,0.4,0.8,0.8,0.2,0.2,0.6,0.8,0.2,0.4,0.2,0.2,0.4,0.2,0.2,0.2,0.2,0.2,0.8,0.4,0.4,0.4,0.6,0.8,0.6,0.2,0.8,1.0,1.0,1.0,0.6,0.6,0.4,1.0,1.0,0.8,0.4,0.2,0.6,0.4,0.6,0.6,0.2,0.2,0.2,0.2,0.2,0.2,0.6,0.6,0.8,0.2,0.8,0.2,0.6,1.0,1.0,1.0,0.8,1.0,1.0,1.0,0.8,0.4,0.4,1.0,1.0,0.8,0.4,0.2,0.2,0.4,0.4,0.4,0.2,0.2,0.2,0.4,0.4,0.2,108.0,29.0,191.0,47.0,52.0,58.0,26.0,24.0,23.0,37.0,46.0,37.0,23.0,43.0,35.0,,6.0,,,2.0,3.0,,7.0,4.0,,,5.0,,,,8.0,10.0,,5.0,6.0,7.0,,3.0,4.0,,11.0,9.0,12.0,1.0,2.0,8.0,9.0,13.0,,12.0,11.0,7.0,4.0,5.0,6.0,10.0,3.0,,2.0,1.0,9.0,11.0,8.0,7.0,4.0,3.0,5.0,10.0,6.0,,13.0,12.0,,2.0,1.0,6.0,5.0,11.0,,4.0,7.0,8.0,13.0,10.0,,9.0,12.0,3.0,2.0,1.0,,4.0,6.0,,,,,,,7.0,,5.0,3.0,2.0,1.0,7.0,8.0,5.0,,2.0,1.0,4.0,3.0,6.0,,9.0,11.0,10.0,,12.0,7.0,6.0,,,2.0,3.0,1.0,,4.0,,5.0,9.0,8.0,,10.0,80.98,44.0,526.0,596.0,99.0,293.0,165.0,0.61,9.0,0.29,0.5,-1.0,[0.0],[nan],[0.0],[nan],"['No', 'No']","[nan, 'it did not']",[-1.0],[-0.5],"['No', 'No']","[nan, 'it did not']",[0.0],['The furniture/fixtures/objects in the room'],"[1.0, 0.5, 1.0, 1.0, nan, 1.0, nan, 'No specific strategy']",[nan],['No specific strategy'],['No'],"['No, I did not apply any mnemonic techniques']",[nan]
A052,4,1.0,1.0,1.0,1.0,1.0,1.0,1.0,1.0,1.0,1.0,0.0,0.0,0.0,1.0,0.0,1.0,0.5,0.5,0.5,0.5,1.0,0.5,1.0,1.0,0.5,0.5,0.5,1.0,1.0,0.0,1.0,1.0,1.0,1.0,0.25,1.0,0.5,0.5,0.0,0.0,0.0,0.5,0.0,1.0,0.0,1.0,1.0,0.0,1.0,1.0,1.0,0.0,0.0,1.0,0.0,1.0,0.5,0.0,0.0,0.0,0.25,0.5,0.5,0.0,0.25,1.0,0.0,0.5,0.0,0.0,0.0,0.0,0.0,0.5,0.0,1.0,0.5,1.0,1.0,1.0,1.0,1.0,1.0,1.0,1.0,0.0,1.0,1.0,0.5,1.0,0.0,0.0,0.0,0.5,1.0,1.0,0.25,0.25,0.0,0.5,0.0,0.5,0.5,0.0,0.0,1.0,1.0,0.8,0.8,1.0,1.0,1.0,1.0,1.0,1.0,0.2,0.2,0.2,0.8,0.8,0.8,1.0,1.0,1.0,1.0,1.0,0.8,1.0,0.6,1.0,1.0,0.4,0.2,0.2,0.2,0.2,0.2,1.0,1.0,0.2,0.4,0.2,0.2,0.4,0.6,0.2,0.2,0.2,0.6,0.2,0.4,0.2,0.2,1.0,1.0,1.0,0.4,0.6,0.6,0.4,1.0,0.8,0.2,0.4,0.2,0.2,0.4,1.0,0.2,0.2,0.2,0.2,0.2,0.4,0.2,0.2,0.2,0.2,0.8,0.8,0.8,0.6,1.0,1.0,0.8,1.0,1.0,1.0,0.8,1.0,0.8,1.0,1.0,1.0,0.8,0.6,0.2,0.6,0.2,1.0,1.0,0.6,0.4,0.2,0.6,0.4,0.6,0.6,0.2,0.2,108.0,29.0,191.0,47.0,52.0,58.0,26.0,24.0,23.0,37.0,46.0,37.0,23.0,43.0,35.0,,6.0,,,2.0,3.0,,7.0,4.0,,,5.0,,,,8.0,10.0,,5.0,6.0,7.0,,3.0,4.0,,11.0,9.0,12.0,1.0,2.0,8.0,9.0,13.0,,12.0,11.0,7.0,4.0,5.0,6.0,10.0,3.0,,2.0,1.0,9.0,11.0,8.0,7.0,4.0,3.0,5.0,10.0,6.0,,13.0,12.0,,2.0,1.0,6.0,5.0,11.0,,4.0,7.0,8.0,13.0,10.0,,9.0,12.0,3.0,2.0,1.0,,4.0,6.0,,,,,,,7.0,,5.0,3.0,2.0,1.0,7.0,8.0,5.0,,2.0,1.0,4.0,3.0,6.0,,9.0,11.0,10.0,,12.0,7.0,6.0,,,2.0,3.0,1.0,,4.0,,5.0,9.0,8.0,,10.0,153.27,42.0,283.0,693.0,79.0,342.0,97.0,0.65,8.0,0.27,0.0,-1.0,[0.0],[nan],[0.0],[nan],"['No', 'No']","[nan, ""they didn't""]",[-1.0],[-0.5],"['No', 'No']","[nan, ""they didn't""]",[0.0],['The items you picked up'],"[1.0, 0.5, 1.0, 1.0, nan, 1.0, nan, 'No specific strategy']",[nan],['Visualising the room layout'],['No'],"['No, I did not apply any mnemonic techniques']",[nan]
A053,1,1.0,1.0,1.0,1.0,1.0,1.0,1.0,1.0,1.0,1.0,0.0,1.0,1.0,1.0,0.0,0.0,1.0,1.0,1.0,0.5,1.0,0.5,1.0,1.0,1.0,1.0,1.0,1.0,1.0,1.0,0.25,0.25,1.0,0.0,0.0,0.5,0.5,0.5,1.0,1.0,0.5,0.0,0.0,0.0,0.5,0.5,0.0,0.0,1.0,1.0,1.0,1.0,1.0,1.0,1.0,1.0,1.0,1.0,1.0,1.0,0.25,0.5,1.0,0.0,0.0,1.0,1.0,0.0,1.0,1.0,1.0,1.0,0.0,0.5,0.0,1.0,1.0,1.0,1.0,1.0,1.0,1.0,1.0,1.0,1.0,0.0,1.0,1.0,1.0,1.0,1.0,1.0,0.25,0.0,1.0,1.0,0.0,1.0,0.5,0.0,1.0,1.0,0.0,0.0,0.0,1.0,1.0,0.8,0.8,1.0,1.0,1.0,1.0,1.0,1.0,0.2,0.6,0.8,1.0,0.2,0.8,1.0,1.0,0.8,0.8,0.4,0.4,1.0,1.0,1.0,1.0,0.2,1.0,0.6,0.8,0.2,0.2,0.8,0.2,0.2,0.6,1.0,0.2,0.6,1.0,0.2,0.2,0.2,0.2,0.4,0.4,0.6,0.4,1.0,1.0,1.0,1.0,1.0,1.0,1.0,1.0,1.0,1.0,1.0,1.0,0.6,0.2,0.8,0.4,0.6,0.6,0.2,0.4,0.6,1.0,0.2,0.4,0.4,1.0,0.8,1.0,0.8,1.0,1.0,1.0,1.0,1.0,1.0,1.0,1.0,1.0,1.0,1.0,1.0,1.0,0.6,1.0,0.6,0.2,0.6,0.4,0.4,0.8,0.8,0.4,0.6,1.0,0.4,0.4,0.4,75.0,37.0,408.0,45.0,55.0,42.0,31.0,16.0,22.0,15.0,25.0,21.0,21.0,15.0,18.0,,,,4.0,6.0,,7.0,,,,,5.0,3.0,2.0,1.0,1.0,2.0,10.0,3.0,9.0,,4.0,5.0,,6.0,,8.0,,7.0,,9.0,13.0,8.0,10.0,12.0,11.0,6.0,7.0,4.0,3.0,,,,2.0,1.0,10.0,,11.0,9.0,8.0,7.0,,,1.0,2.0,4.0,3.0,5.0,12.0,6.0,,10.0,8.0,9.0,6.0,7.0,11.0,,,4.0,5.0,3.0,12.0,1.0,2.0,,4.0,7.0,,,,6.0,,5.0,,,,3.0,2.0,1.0,9.0,,8.0,10.0,2.0,1.0,6.0,7.0,,3.0,4.0,5.0,11.0,12.0,,6.0,,5.0,7.0,8.0,9.0,,,,2.0,1.0,,3.0,4.0,10.0,1.0,42.0,218.0,435.0,74.0,293.0,77.0,0.17,8.0,0.27,0.5,0.5,[1.0],['one cup of tea'],[0.0],[nan],"['No', nan]","[nan, nan]",[0.0],[nan],"['No', nan]","[nan, nan]",[nan],"['The location of furniture/fixtures/objects, The items you picked up']","[1.0, 1.0, 1.0, 1.0, nan, nan, nan, 'Visualising the room layout, Associating items with personal experiences']",[nan],"['Visualising the room layout, Associating items with personal experiences']",['Yes'],"['Yes, visual imagery']",[nan]
A053,2,1.0,1.0,1.0,1.0,1.0,1.0,1.0,1.0,0.0,0.0,1.0,0.0,0.0,1.0,1.0,0.0,1.0,1.0,1.0,1.0,1.0,1.0,1.0,1.0,1.0,1.0,0.5,0.5,1.0,1.0,0.5,1.0,0.0,0.5,1.0,1.0,1.0,0.5,0.5,0.5,1.0,0.0,0.0,0.0,0.5,0.0,1.0,0.5,1.0,1.0,1.0,1.0,1.0,1.0,1.0,1.0,1.0,1.0,1.0,1.0,1.0,1.0,0.0,1.0,0.25,1.0,0.0,1.0,0.0,0.5,1.0,0.5,0.5,1.0,1.0,1.0,1.0,1.0,0.5,1.0,1.0,1.0,1.0,1.0,1.0,1.0,1.0,1.0,1.0,1.0,1.0,1.0,0.0,1.0,0.0,1.0,0.25,0.5,0.5,0.5,0.0,0.5,1.0,0.5,0.0,0.8,0.6,0.8,0.8,1.0,0.4,0.4,0.2,0.4,0.4,1.0,0.2,0.2,1.0,1.0,1.0,0.6,0.6,0.6,0.8,0.6,0.8,0.4,0.4,0.8,0.4,0.4,0.4,0.2,0.2,0.2,0.6,0.4,0.4,0.2,0.2,0.2,0.4,0.4,0.6,0.2,0.2,0.2,0.6,0.4,0.4,0.4,0.6,1.0,0.4,0.4,0.4,0.6,0.4,0.4,0.4,0.4,0.6,0.4,0.6,0.4,0.4,0.4,0.4,0.4,0.4,0.6,0.6,0.4,0.6,0.4,0.6,0.4,0.6,0.4,0.6,0.4,1.0,0.4,1.0,1.0,1.0,1.0,1.0,1.0,1.0,1.0,0.4,0.4,0.4,0.4,0.4,0.4,0.4,0.4,0.4,0.4,0.4,0.4,0.6,0.4,0.4,0.4,0.4,0.4,75.0,37.0,408.0,45.0,55.0,42.0,31.0,16.0,22.0,15.0,25.0,21.0,21.0,15.0,18.0,,,,4.0,6.0,,7.0,,,,,5.0,3.0,2.0,1.0,1.0,2.0,10.0,3.0,9.0,,4.0,5.0,,6.0,,8.0,,7.0,,9.0,13.0,8.0,10.0,12.0,11.0,6.0,7.0,4.0,3.0,,,,2.0,1.0,10.0,,11.0,9.0,8.0,7.0,,,1.0,2.0,4.0,3.0,5.0,12.0,6.0,,10.0,8.0,9.0,6.0,7.0,11.0,,,4.0,5.0,3.0,12.0,1.0,2.0,,4.0,7.0,,,,6.0,,5.0,,,,3.0,2.0,1.0,9.0,,8.0,10.0,2.0,1.0,6.0,7.0,,3.0,4.0,5.0,11.0,12.0,,6.0,,5.0,7.0,8.0,9.0,,,,2.0,1.0,,3.0,4.0,10.0,32.71,44.0,345.0,300.0,58.0,272.0,104.0,0.54,8.0,0.27,0.0,-0.5,[1.0],['Can of Pepsi max'],[0.0],[nan],"['No', 'Unsure']","[nan, nan]",[-0.5],[0.0],"['No', 'Unsure']","[nan, nan]",[0.5],"['The furniture/fixtures/objects in the room, The location of furniture/fixtures/objects, The items you picked up, Where you picked up and put down items, The order you completed items and tasks']","[1.0, 1.0, 0.8, 0.6, nan, nan, nan, 'Visualising the room layout, Associating items with personal experiences']",[nan],['Visualising the room layout'],['Yes'],"['Yes, visual imagery']",[nan]
A053,3,1.0,1.0,1.0,1.0,0.0,0.0,1.0,0.0,0.0,0.0,1.0,0.0,0.0,1.0,1.0,1.0,1.0,1.0,1.0,1.0,0.0,1.0,1.0,0.0,0.5,1.0,0.5,1.0,1.0,0.5,0.5,0.5,0.5,0.25,0.0,0.0,0.0,0.5,0.0,1.0,0.0,1.0,0.0,0.0,0.0,0.5,0.0,0.5,1.0,1.0,1.0,1.0,1.0,1.0,1.0,1.0,0.0,1.0,1.0,0.0,0.5,1.0,0.0,1.0,0.0,0.5,0.0,0.0,0.5,0.0,0.5,0.0,1.0,0.0,1.0,1.0,1.0,1.0,1.0,1.0,1.0,1.0,1.0,1.0,1.0,1.0,1.0,0.25,0.0,0.5,1.0,0.0,0.5,1.0,0.0,1.0,0.0,1.0,0.0,0.0,0.0,1.0,1.0,0.0,0.0,0.8,0.8,0.8,0.8,0.4,0.4,0.4,0.4,0.4,0.4,0.4,0.4,0.4,1.0,1.0,1.0,0.8,0.8,0.8,0.8,0.4,0.4,0.4,0.4,0.4,0.4,0.4,0.4,0.6,0.4,0.4,0.4,0.4,0.4,0.4,0.4,0.4,0.4,0.4,0.4,0.4,0.4,0.4,0.4,0.4,0.4,0.4,0.4,0.4,0.4,0.4,0.4,0.4,0.4,0.4,0.4,0.4,0.4,0.4,0.4,0.4,0.4,0.4,0.4,0.4,0.4,0.4,0.4,0.4,0.4,0.4,0.4,0.4,0.4,0.4,1.0,0.4,1.0,0.4,0.8,0.8,1.0,1.0,1.0,1.0,1.0,1.0,0.4,0.4,0.4,0.4,0.4,0.4,0.4,0.4,0.4,0.4,0.4,0.4,0.4,0.4,0.4,0.4,0.4,0.4,75.0,37.0,408.0,45.0,55.0,42.0,31.0,16.0,22.0,15.0,25.0,21.0,21.0,15.0,18.0,,,,4.0,6.0,,7.0,,,,,5.0,3.0,2.0,1.0,1.0,2.0,10.0,3.0,9.0,,4.0,5.0,,6.0,,8.0,,7.0,,9.0,13.0,8.0,10.0,12.0,11.0,6.0,7.0,4.0,3.0,,,,2.0,1.0,10.0,,11.0,9.0,8.0,7.0,,,1.0,2.0,4.0,3.0,5.0,12.0,6.0,,10.0,8.0,9.0,6.0,7.0,11.0,,,4.0,5.0,3.0,12.0,1.0,2.0,,4.0,7.0,,,,6.0,,5.0,,,,3.0,2.0,1.0,9.0,,8.0,10.0,2.0,1.0,6.0,7.0,,3.0,4.0,5.0,11.0,12.0,,6.0,,5.0,7.0,8.0,9.0,,,,2.0,1.0,,3.0,4.0,10.0,78.28,28.0,316.0,309.0,29.0,196.0,90.0,0.43,8.0,0.27,0.5,-0.5,[1.0],['Can of Pepsi max'],[0.0],[nan],"['No', 'No']","[nan, nan]",[-0.5],[-0.5],"['No', 'No']","[nan, nan]",[0.75],"['The furniture/fixtures/objects in the room, The location of furniture/fixtures/objects']","[1.0, 1.0, 0.8, 0.8, nan, nan, nan, 'Visualising the room layout']",[nan],['Visualising the room layout'],['Yes'],"['Yes, visual imagery']",[nan]
A053,4,1.0,1.0,1.0,1.0,1.0,1.0,1.0,0.0,1.0,0.0,1.0,1.0,1.0,1.0,0.0,0.0,1.0,1.0,1.0,0.5,1.0,0.5,1.0,1.0,1.0,0.5,0.0,0.0,0.0,1.0,1.0,1.0,1.0,0.0,1.0,0.0,0.0,0.0,0.0,1.0,0.0,0.5,1.0,0.5,0.5,1.0,0.5,0.5,1.0,1.0,1.0,1.0,1.0,1.0,1.0,0.5,0.0,0.0,0.0,1.0,1.0,0.5,1.0,0.0,0.0,0.0,0.0,1.0,0.0,0.5,0.0,0.0,1.0,0.0,0.0,1.0,0.0,1.0,1.0,1.0,1.0,1.0,1.0,1.0,1.0,1.0,1.0,0.5,0.0,0.5,0.0,1.0,1.0,1.0,1.0,1.0,0.0,0.0,0.0,1.0,0.0,0.5,0.5,0.5,1.0,0.6,0.6,0.4,0.6,0.6,0.4,0.4,0.4,0.6,0.4,0.4,0.4,0.4,1.0,0.4,0.6,0.6,0.6,0.4,0.4,0.4,0.4,0.4,0.4,0.4,0.6,0.4,0.4,0.4,0.4,0.4,0.4,0.4,0.4,0.4,0.4,0.4,0.4,0.4,0.4,0.4,0.4,0.4,0.4,0.4,0.4,0.6,0.4,0.6,0.4,0.4,0.4,0.6,0.8,0.4,0.4,0.4,0.4,0.4,0.4,0.4,0.4,0.4,0.4,0.4,0.4,0.4,0.4,0.4,0.4,0.4,0.4,0.4,0.6,0.6,1.0,0.6,1.0,0.4,1.0,0.8,1.0,1.0,1.0,0.6,1.0,1.0,0.4,0.4,0.6,0.4,0.4,0.8,0.4,0.4,0.4,0.4,0.4,0.4,0.4,0.4,0.4,0.4,0.4,0.4,75.0,37.0,408.0,45.0,55.0,42.0,31.0,16.0,22.0,15.0,25.0,21.0,21.0,15.0,18.0,,,,4.0,6.0,,7.0,,,,,5.0,3.0,2.0,1.0,1.0,2.0,10.0,3.0,9.0,,4.0,5.0,,6.0,,8.0,,7.0,,9.0,13.0,8.0,10.0,12.0,11.0,6.0,7.0,4.0,3.0,,,,2.0,1.0,10.0,,11.0,9.0,8.0,7.0,,,1.0,2.0,4.0,3.0,5.0,12.0,6.0,,10.0,8.0,9.0,6.0,7.0,11.0,,,4.0,5.0,3.0,12.0,1.0,2.0,,4.0,7.0,,,,6.0,,5.0,,,,3.0,2.0,1.0,9.0,,8.0,10.0,2.0,1.0,6.0,7.0,,3.0,4.0,5.0,11.0,12.0,,6.0,,5.0,7.0,8.0,9.0,,,,2.0,1.0,,3.0,4.0,10.0,148.9,28.0,248.0,222.0,35.0,156.0,80.0,0.36,8.0,0.29,0.0,-1.0,[1.0],['Can of Pepsi max'],[0.0],[nan],"['No', 'No']","[nan, nan]",[-0.5],[-0.5],"['No', 'No']","[nan, nan]",[0.5],['The location of furniture/fixtures/objects'],"[1.0, 1.0, 0.6, 0.6, nan, nan, nan, 'Visualising the room layout']",[nan],['Visualising the room layout'],['Yes'],"['Yes, visual imagery']",[nan]
A054,1,1.0,1.0,1.0,1.0,1.0,1.0,0.0,1.0,1.0,0.0,1.0,0.0,1.0,1.0,0.0,0.0,0.5,1.0,1.0,0.5,0.0,1.0,1.0,1.0,1.0,0.5,0.0,0.5,1.0,0.25,1.0,0.0,0.0,0.5,1.0,0.0,1.0,0.5,0.0,0.5,1.0,1.0,0.0,0.5,0.0,1.0,0.0,0.5,1.0,1.0,1.0,1.0,1.0,1.0,1.0,1.0,1.0,1.0,1.0,0.5,1.0,0.0,0.0,1.0,1.0,0.0,1.0,0.5,0.0,0.5,1.0,0.0,1.0,1.0,1.0,0.0,1.0,1.0,1.0,1.0,1.0,1.0,1.0,1.0,1.0,1.0,1.0,1.0,1.0,1.0,1.0,0.5,1.0,0.0,0.0,0.5,1.0,0.25,1.0,1.0,0.5,0.5,1.0,0.5,0.0,1.0,1.0,1.0,1.0,1.0,1.0,0.4,1.0,1.0,1.0,1.0,1.0,1.0,1.0,0.4,0.8,1.0,1.0,1.0,1.0,0.4,0.8,1.0,0.8,1.0,1.0,1.0,1.0,1.0,1.0,0.8,1.0,1.0,1.0,0.8,1.0,0.8,0.2,0.4,1.0,0.4,0.4,0.4,0.6,0.8,1.0,0.6,0.6,1.0,1.0,1.0,1.0,1.0,1.0,1.0,0.8,1.0,1.0,1.0,1.0,1.0,0.4,1.0,1.0,0.8,0.2,1.0,0.4,0.4,0.6,1.0,0.2,0.6,1.0,0.8,0.4,0.6,1.0,1.0,1.0,1.0,1.0,1.0,1.0,1.0,1.0,1.0,1.0,1.0,1.0,1.0,1.0,1.0,0.6,1.0,0.8,1.0,0.6,1.0,0.6,0.4,0.6,1.0,0.4,0.8,140.0,27.0,240.0,48.0,34.0,34.0,21.0,25.0,17.0,25.0,36.0,26.0,16.0,18.0,25.0,5.0,3.0,4.0,,,,,,,,,,,2.0,1.0,4.0,,3.0,7.0,5.0,6.0,8.0,9.0,,10.0,,11.0,,2.0,1.0,11.0,,10.0,,7.0,8.0,,6.0,9.0,5.0,12.0,3.0,4.0,1.0,2.0,1.0,2.0,3.0,13.0,5.0,6.0,7.0,9.0,4.0,8.0,11.0,12.0,,,10.0,1.0,2.0,3.0,4.0,5.0,6.0,7.0,9.0,,8.0,,12.0,13.0,10.0,11.0,4.0,5.0,,,,6.0,,,,,,,3.0,2.0,1.0,1.0,2.0,3.0,13.0,4.0,5.0,6.0,9.0,7.0,8.0,,10.0,14.0,12.0,11.0,1.0,2.0,3.0,10.0,4.0,5.0,6.0,9.0,8.0,7.0,,13.0,14.0,11.0,12.0,1.0,50.0,413.0,515.0,126.0,375.0,139.0,0.42,8.0,0.23,0.0,0.5,[0.0],[nan],[0.0],[nan],"['No', nan]","[nan, nan]",[0.5],[nan],"['No', nan]","[nan, nan]",[nan],"['The furniture/fixtures/objects in the room, The location of furniture/fixtures/objects, The items you picked up, Where you picked up and put down items, The order you completed items and tasks']","[1.0, 0.5, 1.0, 1.0, nan, 1.0, nan, 'Visualising the room layout']",[nan],['Visualising the room layout'],['No'],"['No, I did not apply any mnemonic techniques']",[nan]
A054,2,1.0,1.0,1.0,1.0,1.0,1.0,0.0,1.0,1.0,0.0,1.0,0.0,0.0,1.0,1.0,1.0,1.0,1.0,1.0,1.0,1.0,1.0,1.0,0.0,1.0,1.0,1.0,1.0,1.0,0.25,1.0,0.5,1.0,1.0,1.0,0.0,0.25,0.5,0.0,1.0,0.5,1.0,0.0,1.0,0.0,0.0,0.0,0.0,1.0,1.0,1.0,1.0,1.0,1.0,1.0,1.0,1.0,1.0,1.0,1.0,1.0,0.25,1.0,0.25,0.0,0.0,0.0,0.5,0.5,0.5,0.5,1.0,0.0,1.0,1.0,1.0,1.0,1.0,1.0,1.0,1.0,1.0,1.0,1.0,1.0,1.0,1.0,1.0,1.0,1.0,1.0,1.0,0.5,0.5,1.0,0.25,0.0,0.0,0.0,0.0,0.5,1.0,0.0,1.0,0.5,1.0,1.0,0.2,1.0,1.0,0.6,0.8,0.8,1.0,1.0,1.0,0.2,0.2,1.0,1.0,1.0,1.0,1.0,1.0,1.0,0.6,0.8,0.4,0.4,1.0,1.0,0.6,1.0,0.6,0.2,0.2,0.4,1.0,0.8,0.4,0.2,0.2,0.4,0.4,0.4,0.4,0.2,0.2,0.6,0.6,0.6,0.4,0.4,1.0,1.0,1.0,1.0,1.0,1.0,1.0,1.0,1.0,1.0,1.0,1.0,1.0,0.6,0.8,0.8,0.8,0.2,0.6,0.4,0.4,0.6,0.4,0.8,0.2,0.6,1.0,1.0,0.6,0.8,0.4,0.8,1.0,1.0,1.0,1.0,1.0,1.0,1.0,1.0,1.0,1.0,1.0,1.0,1.0,0.6,0.8,0.4,0.6,0.6,1.0,0.2,0.4,0.4,0.4,1.0,0.2,140.0,27.0,240.0,48.0,34.0,34.0,21.0,25.0,17.0,25.0,36.0,26.0,16.0,18.0,25.0,5.0,3.0,4.0,,,,,,,,,,,2.0,1.0,4.0,,3.0,7.0,5.0,6.0,8.0,9.0,,10.0,,11.0,,2.0,1.0,11.0,,10.0,,7.0,8.0,,6.0,9.0,5.0,12.0,3.0,4.0,1.0,2.0,1.0,2.0,3.0,13.0,5.0,6.0,7.0,9.0,4.0,8.0,11.0,12.0,,,10.0,1.0,2.0,3.0,4.0,5.0,6.0,7.0,9.0,,8.0,,12.0,13.0,10.0,11.0,4.0,5.0,,,,6.0,,,,,,,3.0,2.0,1.0,1.0,2.0,3.0,13.0,4.0,5.0,6.0,9.0,7.0,8.0,,10.0,14.0,12.0,11.0,1.0,2.0,3.0,10.0,4.0,5.0,6.0,9.0,8.0,7.0,,13.0,14.0,11.0,12.0,16.9,57.0,707.0,569.0,71.0,208.0,259.0,0.1,8.0,0.25,0.0,0.5,[0.0],[nan],[0.0],[nan],"['No', 'No']","[nan, nan]",[0.0],[-0.5],"['No', 'No']","[nan, nan]",[0.75],"['The furniture/fixtures/objects in the room, The location of furniture/fixtures/objects, The items you picked up, Where you picked up and put down items']","[1.0, 1.0, 1.0, 1.0, nan, nan, nan, 'Visualising the room layout']",[nan],['Visualising the room layout'],['No'],"['No, I did not apply any mnemonic techniques']",[nan]
A054,3,1.0,1.0,1.0,1.0,1.0,1.0,1.0,0.0,1.0,1.0,1.0,1.0,1.0,0.0,1.0,0.0,1.0,1.0,1.0,1.0,1.0,1.0,1.0,1.0,1.0,0.0,1.0,1.0,1.0,1.0,1.0,0.0,0.0,0.5,0.5,1.0,0.0,0.0,0.0,0.5,0.5,0.5,0.0,0.0,0.5,0.5,0.0,0.5,1.0,1.0,1.0,1.0,1.0,1.0,1.0,1.0,1.0,1.0,1.0,1.0,1.0,1.0,0.0,0.5,0.5,0.0,0.0,0.0,0.0,1.0,1.0,1.0,0.5,1.0,1.0,0.0,1.0,1.0,1.0,1.0,1.0,1.0,1.0,1.0,0.0,1.0,1.0,1.0,1.0,1.0,1.0,1.0,1.0,0.5,0.0,1.0,0.5,0.0,0.0,0.0,0.0,1.0,0.0,0.0,0.0,1.0,1.0,1.0,1.0,1.0,1.0,0.4,0.2,1.0,1.0,1.0,0.6,1.0,1.0,1.0,1.0,1.0,1.0,1.0,1.0,0.8,0.8,1.0,0.6,1.0,1.0,1.0,1.0,1.0,1.0,0.2,0.6,0.4,0.4,0.6,0.2,0.2,0.4,0.4,0.4,0.2,0.2,0.2,0.6,0.6,0.6,0.4,0.6,1.0,1.0,1.0,1.0,1.0,1.0,1.0,1.0,1.0,1.0,1.0,1.0,1.0,0.6,0.6,0.6,0.6,0.2,0.4,0.2,0.6,0.4,0.2,0.2,0.2,0.6,0.8,0.6,0.8,1.0,1.0,1.0,1.0,1.0,1.0,1.0,0.8,1.0,1.0,1.0,1.0,1.0,1.0,1.0,1.0,0.6,0.8,0.6,0.6,0.2,0.6,0.2,1.0,0.6,0.4,0.2,0.2,140.0,27.0,240.0,48.0,34.0,34.0,21.0,25.0,17.0,25.0,36.0,26.0,16.0,18.0,25.0,5.0,3.0,4.0,,,,,,,,,,,2.0,1.0,4.0,,3.0,7.0,5.0,6.0,8.0,9.0,,10.0,,11.0,,2.0,1.0,11.0,,10.0,,7.0,8.0,,6.0,9.0,5.0,12.0,3.0,4.0,1.0,2.0,1.0,2.0,3.0,13.0,5.0,6.0,7.0,9.0,4.0,8.0,11.0,12.0,,,10.0,1.0,2.0,3.0,4.0,5.0,6.0,7.0,9.0,,8.0,,12.0,13.0,10.0,11.0,4.0,5.0,,,,6.0,,,,,,,3.0,2.0,1.0,1.0,2.0,3.0,13.0,4.0,5.0,6.0,9.0,7.0,8.0,,10.0,14.0,12.0,11.0,1.0,2.0,3.0,10.0,4.0,5.0,6.0,9.0,8.0,7.0,,13.0,14.0,11.0,12.0,72.83,21.0,360.0,357.0,55.0,212.0,117.0,0.45,7.0,0.23,0.0,0.5,[0.0],[nan],[0.0],[nan],"['No', 'No']","[nan, nan]",[0.0],[0.0],"['No', 'No']","[nan, nan]",[0.75],"['The furniture/fixtures/objects in the room, The location of furniture/fixtures/objects, The items you picked up, Where you picked up and put down items, The order you completed items and tasks']","[1.0, 1.0, 1.0, 1.0, nan, nan, nan, 'Visualising the room layout']",[nan],['Visualising the room layout'],['No'],"['No, I did not apply any mnemonic techniques']",[nan]
A054,4,1.0,1.0,1.0,1.0,0.0,1.0,1.0,1.0,1.0,1.0,1.0,1.0,0.0,0.0,1.0,1.0,1.0,1.0,1.0,1.0,1.0,0.5,1.0,1.0,1.0,1.0,1.0,1.0,1.0,1.0,0.5,1.0,1.0,0.0,0.0,0.0,0.5,0.5,1.0,1.0,0.5,1.0,1.0,0.0,0.5,1.0,0.5,0.0,1.0,1.0,1.0,1.0,1.0,1.0,1.0,1.0,1.0,1.0,1.0,1.0,0.5,1.0,1.0,0.0,0.0,0.0,0.5,1.0,0.0,1.0,0.5,1.0,0.0,0.5,0.5,1.0,1.0,1.0,1.0,1.0,1.0,1.0,1.0,1.0,1.0,1.0,1.0,1.0,1.0,1.0,1.0,1.0,1.0,1.0,1.0,0.0,0.0,0.0,1.0,0.5,0.5,1.0,1.0,1.0,0.5,1.0,1.0,1.0,1.0,1.0,1.0,0.6,1.0,1.0,1.0,1.0,1.0,0.2,1.0,0.6,0.6,1.0,1.0,1.0,1.0,0.6,0.6,0.6,0.4,1.0,1.0,1.0,1.0,1.0,1.0,0.2,0.6,1.0,0.4,0.6,0.4,0.4,0.4,0.8,1.0,0.4,0.4,0.2,0.4,0.4,0.4,0.2,0.6,1.0,1.0,1.0,1.0,1.0,1.0,0.4,1.0,1.0,1.0,1.0,1.0,0.4,0.4,1.0,0.4,0.8,0.4,0.4,0.2,0.2,1.0,0.2,0.4,0.2,0.6,0.6,0.6,0.4,1.0,0.6,0.8,1.0,1.0,1.0,0.8,1.0,1.0,0.8,1.0,1.0,1.0,1.0,1.0,0.8,0.4,1.0,0.6,0.8,0.2,0.6,0.2,0.4,1.0,0.4,0.2,0.2,140.0,27.0,240.0,48.0,34.0,34.0,21.0,25.0,17.0,25.0,36.0,26.0,16.0,18.0,25.0,5.0,3.0,4.0,,,,,,,,,,,2.0,1.0,4.0,,3.0,7.0,5.0,6.0,8.0,9.0,,10.0,,11.0,,2.0,1.0,11.0,,10.0,,7.0,8.0,,6.0,9.0,5.0,12.0,3.0,4.0,1.0,2.0,1.0,2.0,3.0,13.0,5.0,6.0,7.0,9.0,4.0,8.0,11.0,12.0,,,10.0,1.0,2.0,3.0,4.0,5.0,6.0,7.0,9.0,,8.0,,12.0,13.0,10.0,11.0,4.0,5.0,,,,6.0,,,,,,,3.0,2.0,1.0,1.0,2.0,3.0,13.0,4.0,5.0,6.0,9.0,7.0,8.0,,10.0,14.0,12.0,11.0,1.0,2.0,3.0,10.0,4.0,5.0,6.0,9.0,8.0,7.0,,13.0,14.0,11.0,12.0,136.83,17.0,297.0,236.0,37.0,225.0,109.0,0.1,8.0,0.25,0.0,0.5,[0.0],[nan],[0.0],[nan],"['No', 'No']","[nan, nan]",[0.0],[0.0],"['No', 'No']","[nan, nan]",[0.75],"['The furniture/fixtures/objects in the room, The location of furniture/fixtures/objects, The items you picked up, Where you picked up and put down items, The order you completed items and tasks']","[1.0, 1.0, 1.0, 1.0, nan, nan, nan, 'Visualising the room layout']",[nan],['Visualising the room layout'],['No'],"['No, I did not apply any mnemonic techniques']",[nan]
A055,1,1.0,1.0,1.0,1.0,1.0,1.0,1.0,0.0,0.0,0.0,1.0,1.0,0.0,1.0,1.0,1.0,1.0,1.0,1.0,1.0,0.0,1.0,1.0,0.0,1.0,0.5,0.0,0.5,1.0,1.0,0.25,0.5,0.0,0.5,1.0,1.0,1.0,1.0,1.0,1.0,1.0,1.0,1.0,0.5,0.0,0.5,0.5,0.5,1.0,1.0,1.0,1.0,1.0,1.0,1.0,0.5,1.0,1.0,1.0,1.0,1.0,1.0,0.25,0.5,1.0,0.5,0.0,0.0,1.0,0.0,0.5,1.0,1.0,0.0,1.0,1.0,0.0,1.0,1.0,1.0,1.0,1.0,1.0,1.0,1.0,1.0,1.0,0.5,1.0,0.5,1.0,1.0,1.0,1.0,0.0,0.5,1.0,0.0,0.0,0.0,0.5,0.5,0.5,1.0,0.0,1.0,0.8,1.0,0.8,1.0,1.0,1.0,0.2,0.2,0.2,1.0,1.0,0.2,1.0,1.0,1.0,1.0,1.0,1.0,1.0,0.6,1.0,1.0,0.6,1.0,1.0,0.2,0.2,0.2,1.0,0.2,0.6,0.2,0.2,0.4,1.0,0.2,1.0,0.2,0.2,0.2,0.6,0.2,1.0,0.4,0.2,0.4,0.6,1.0,1.0,1.0,1.0,1.0,1.0,1.0,0.4,1.0,0.8,1.0,1.0,1.0,0.8,0.4,0.6,1.0,0.6,0.6,0.2,0.2,0.6,0.8,1.0,0.6,0.6,1.0,1.0,0.6,1.0,0.8,1.0,1.0,1.0,1.0,1.0,1.0,1.0,1.0,1.0,1.0,0.8,1.0,1.0,0.8,1.0,0.8,0.6,1.0,0.4,0.2,0.4,0.6,0.4,0.4,1.0,0.4,87.0,33.0,305.0,34.0,40.0,36.0,51.0,17.0,18.0,19.0,25.0,28.0,14.0,26.0,35.0,4.0,6.0,7.0,,5.0,,,,,,,3.0,,2.0,1.0,6.0,9.0,5.0,,4.0,,,,,7.0,8.0,3.0,,2.0,1.0,6.0,8.0,7.0,1.0,5.0,,,,9.0,10.0,,3.0,,2.0,4.0,7.0,,8.0,9.0,6.0,2.0,12.0,,10.0,11.0,,5.0,1.0,3.0,4.0,11.0,,10.0,8.0,12.0,9.0,13.0,7.0,4.0,6.0,5.0,3.0,14.0,2.0,1.0,4.0,5.0,7.0,,,,,,6.0,,,,3.0,2.0,1.0,1.0,3.0,2.0,,4.0,5.0,10.0,6.0,9.0,7.0,8.0,,11.0,13.0,12.0,2.0,,1.0,11.0,4.0,3.0,10.0,9.0,7.0,6.0,8.0,,,5.0,12.0,1.0,89.0,461.0,625.0,108.0,420.0,241.0,0.42,5.0,0.23,-1.0,-1.0,[1.0],['1 coffee'],[0.0],[nan],"['No', nan]","[nan, nan]",[-0.5],[nan],"['No', nan]","[nan, nan]",[nan],"['The furniture/fixtures/objects in the room, The location of furniture/fixtures/objects, The items you picked up, Where you picked up and put down items, The order you completed items and tasks']","[1.0, 1.0, 1.0, 1.0, nan, nan, nan, 'Visualising the room layout']",[nan],['Visualising the room layout'],['Yes'],"['No, I did not apply any mnemonic techniques']",[nan]
A055,2,1.0,1.0,1.0,1.0,1.0,1.0,0.0,0.0,0.0,1.0,0.0,0.0,1.0,0.0,0.0,1.0,1.0,1.0,1.0,1.0,1.0,1.0,1.0,0.0,1.0,0.5,1.0,1.0,1.0,0.25,1.0,0.25,0.0,1.0,0.5,0.0,1.0,0.5,0.5,0.5,0.0,1.0,0.0,0.0,1.0,1.0,0.0,1.0,1.0,1.0,1.0,1.0,1.0,1.0,1.0,1.0,1.0,1.0,0.5,1.0,1.0,1.0,1.0,0.25,0.5,0.0,0.0,1.0,0.0,0.5,0.5,0.0,0.0,1.0,1.0,1.0,0.0,1.0,1.0,1.0,1.0,1.0,1.0,1.0,1.0,1.0,1.0,1.0,1.0,1.0,1.0,1.0,1.0,1.0,0.0,1.0,1.0,0.0,1.0,0.5,0.0,0.5,0.0,0.0,0.0,0.8,0.8,0.8,1.0,0.8,0.8,0.8,0.2,0.2,0.2,0.2,0.2,0.4,0.8,0.8,0.8,1.0,1.0,1.0,1.0,0.6,0.6,0.6,0.8,0.8,0.6,0.2,0.2,0.2,0.2,0.2,0.6,0.2,0.2,0.2,0.2,0.2,0.4,0.2,0.2,0.2,0.2,0.2,0.2,0.2,0.2,0.2,0.2,1.0,1.0,1.0,1.0,0.8,1.0,1.0,0.8,1.0,0.6,0.4,0.8,0.8,0.6,0.4,0.4,0.2,0.4,0.2,0.2,0.2,0.2,0.2,0.6,0.6,0.4,0.4,0.6,0.4,1.0,0.4,1.0,0.6,1.0,1.0,1.0,1.0,1.0,0.8,0.6,1.0,0.6,0.2,0.8,1.0,0.4,0.4,0.2,0.4,0.4,0.4,0.4,0.4,0.2,0.2,0.8,0.2,87.0,33.0,305.0,34.0,40.0,36.0,51.0,17.0,18.0,19.0,25.0,28.0,14.0,26.0,35.0,4.0,6.0,7.0,,5.0,,,,,,,3.0,,2.0,1.0,6.0,9.0,5.0,,4.0,,,,,7.0,8.0,3.0,,2.0,1.0,6.0,8.0,7.0,1.0,5.0,,,,9.0,10.0,,3.0,,2.0,4.0,7.0,,8.0,9.0,6.0,2.0,12.0,,10.0,11.0,,5.0,1.0,3.0,4.0,11.0,,10.0,8.0,12.0,9.0,13.0,7.0,4.0,6.0,5.0,3.0,14.0,2.0,1.0,4.0,5.0,7.0,,,,,,6.0,,,,3.0,2.0,1.0,1.0,3.0,2.0,,4.0,5.0,10.0,6.0,9.0,7.0,8.0,,11.0,13.0,12.0,2.0,,1.0,11.0,4.0,3.0,10.0,9.0,7.0,6.0,8.0,,,5.0,12.0,23.24,44.0,578.0,494.0,172.0,472.0,245.0,0.36,7.0,0.25,-0.5,-0.5,[1.0],['1 coffee'],[0.0],[nan],"['No', 'Unsure']","[nan, nan]",[-0.5],[-0.5],"['No', 'Unsure']","[nan, nan]",[0.0],"['The furniture/fixtures/objects in the room, The location of furniture/fixtures/objects, The items you picked up, Where you picked up and put down items, The order you completed items and tasks']","[1.0, 1.0, 0.8, 1.0, nan, nan, nan, 'Visualising the room layout']",[nan],['Visualising the room layout'],['Yes'],"['No, I did not apply any mnemonic techniques']",[nan]
A055,3,1.0,1.0,1.0,1.0,1.0,1.0,1.0,0.0,0.0,1.0,1.0,0.0,0.0,1.0,1.0,1.0,1.0,1.0,1.0,1.0,1.0,0.0,1.0,1.0,1.0,0.25,0.0,0.25,1.0,0.0,0.5,0.0,1.0,0.5,1.0,0.0,1.0,0.5,0.0,0.5,1.0,0.0,0.5,0.5,1.0,0.0,0.0,0.0,1.0,1.0,1.0,1.0,1.0,1.0,1.0,0.0,0.0,1.0,1.0,0.5,0.0,0.25,1.0,1.0,1.0,1.0,1.0,0.5,0.0,1.0,0.0,0.5,0.0,0.0,0.0,1.0,0.5,1.0,1.0,1.0,1.0,1.0,1.0,0.0,1.0,1.0,1.0,0.0,0.0,1.0,1.0,0.5,0.0,0.5,0.0,0.5,0.5,0.5,1.0,0.5,0.0,0.5,0.5,0.0,0.5,0.6,0.6,0.6,0.6,0.4,1.0,0.4,0.2,1.0,0.4,0.8,0.2,0.2,0.6,0.4,0.4,0.8,0.8,0.6,0.6,0.2,0.2,0.6,0.4,0.4,0.2,0.6,0.2,0.2,0.6,0.2,0.2,0.2,0.2,0.2,0.2,0.4,0.2,0.2,0.2,0.2,0.4,0.2,0.4,0.2,0.2,0.2,0.4,1.0,0.6,1.0,1.0,1.0,1.0,1.0,0.2,0.4,0.6,0.8,0.2,0.2,0.4,0.4,0.4,0.4,0.4,0.4,0.2,0.2,0.2,0.2,0.2,0.2,0.4,0.4,1.0,0.4,1.0,0.8,1.0,1.0,1.0,1.0,0.6,1.0,1.0,1.0,0.2,0.4,0.4,1.0,0.4,0.4,0.6,0.4,0.4,0.4,0.4,0.6,0.2,0.4,0.4,0.4,0.2,0.2,87.0,33.0,305.0,34.0,40.0,36.0,51.0,17.0,18.0,19.0,25.0,28.0,14.0,26.0,35.0,4.0,6.0,7.0,,5.0,,,,,,,3.0,,2.0,1.0,6.0,9.0,5.0,,4.0,,,,,7.0,8.0,3.0,,2.0,1.0,6.0,8.0,7.0,1.0,5.0,,,,9.0,10.0,,3.0,,2.0,4.0,7.0,,8.0,9.0,6.0,2.0,12.0,,10.0,11.0,,5.0,1.0,3.0,4.0,11.0,,10.0,8.0,12.0,9.0,13.0,7.0,4.0,6.0,5.0,3.0,14.0,2.0,1.0,4.0,5.0,7.0,,,,,,6.0,,,,3.0,2.0,1.0,1.0,3.0,2.0,,4.0,5.0,10.0,6.0,9.0,7.0,8.0,,11.0,13.0,12.0,2.0,,1.0,11.0,4.0,3.0,10.0,9.0,7.0,6.0,8.0,,,5.0,12.0,74.48,40.0,545.0,324.0,59.0,434.0,155.0,0.5,7.0,0.25,0.0,0.0,[0.0],[nan],[0.0],[nan],"['No', 'Unsure']","[nan, 'By ruling out some objects.']",[-0.5],[0.0],"['No', 'Unsure']","[nan, 'By ruling out some objects.']",[0.25],"['The furniture/fixtures/objects in the room, The location of furniture/fixtures/objects, The items you picked up, Where you picked up and put down items, The order you completed items and tasks']","[1.0, 1.0, 0.6, 0.8, nan, nan, nan, 'No specific strategy']",[nan],['No specific strategy'],['Yes'],"['No, I did not apply any mnemonic techniques']",[nan]
A055,4,1.0,1.0,1.0,1.0,1.0,1.0,1.0,0.0,1.0,0.0,1.0,1.0,1.0,0.0,0.0,0.0,1.0,1.0,1.0,1.0,0.0,0.0,1.0,1.0,1.0,1.0,0.0,0.0,1.0,0.0,0.5,0.5,0.0,0.5,0.0,1.0,0.25,0.0,0.0,0.0,1.0,0.0,0.5,0.5,0.0,0.5,0.5,0.5,1.0,0.0,1.0,1.0,1.0,1.0,1.0,0.5,0.5,0.0,0.5,0.0,0.25,0.25,1.0,0.5,0.0,1.0,0.5,0.0,0.0,0.5,0.5,1.0,0.5,0.0,0.0,1.0,1.0,1.0,1.0,1.0,1.0,1.0,1.0,1.0,1.0,0.0,1.0,0.0,0.5,0.25,0.5,0.0,0.0,0.0,0.0,0.0,0.0,1.0,1.0,0.0,0.0,0.0,1.0,0.0,0.5,1.0,1.0,1.0,1.0,1.0,1.0,1.0,0.4,0.6,0.2,0.6,0.6,1.0,0.6,0.2,0.4,0.8,0.8,0.8,0.8,0.4,0.4,0.6,0.6,1.0,0.2,0.2,0.2,0.4,0.4,0.2,0.2,0.2,0.2,0.6,0.6,0.6,0.2,0.2,0.2,0.2,0.2,0.4,0.2,0.2,0.4,0.2,0.2,1.0,0.4,1.0,1.0,1.0,1.0,1.0,0.2,0.2,0.2,0.2,0.2,0.2,0.2,0.2,0.2,0.4,0.8,0.6,0.4,0.2,0.4,0.2,0.4,0.6,0.4,0.4,1.0,0.4,1.0,0.8,0.8,1.0,1.0,1.0,1.0,0.8,0.6,0.6,0.4,0.2,0.2,0.2,0.2,0.4,0.4,0.2,0.2,0.6,0.8,0.8,0.2,0.2,0.2,0.4,0.4,0.4,87.0,33.0,305.0,34.0,40.0,36.0,51.0,17.0,18.0,19.0,25.0,28.0,14.0,26.0,35.0,4.0,6.0,7.0,,5.0,,,,,,,3.0,,2.0,1.0,6.0,9.0,5.0,,4.0,,,,,7.0,8.0,3.0,,2.0,1.0,6.0,8.0,7.0,1.0,5.0,,,,9.0,10.0,,3.0,,2.0,4.0,7.0,,8.0,9.0,6.0,2.0,12.0,,10.0,11.0,,5.0,1.0,3.0,4.0,11.0,,10.0,8.0,12.0,9.0,13.0,7.0,4.0,6.0,5.0,3.0,14.0,2.0,1.0,4.0,5.0,7.0,,,,,,6.0,,,,3.0,2.0,1.0,1.0,3.0,2.0,,4.0,5.0,10.0,6.0,9.0,7.0,8.0,,11.0,13.0,12.0,2.0,,1.0,11.0,4.0,3.0,10.0,9.0,7.0,6.0,8.0,,,5.0,12.0,149.21,48.0,571.0,407.0,58.0,315.0,157.0,0.72,4.0,0.15,-1.0,-1.0,[0.0],[nan],[0.0],[nan],"['No', 'Yes']","[nan, 'Ruling out objects and weather conditions']",[-1.0],[-0.5],"['No', 'Yes']","[nan, 'Ruling out objects and weather conditions']",[0.25],"['The furniture/fixtures/objects in the room, The location of furniture/fixtures/objects, The items you picked up, Where you picked up and put down items, The order you completed items and tasks']","[1.0, 1.0, 1.0, 0.8, nan, nan, nan, 'Visualising the room layout']",[nan],['Visualising the room layout'],['Yes'],"['No, I did not apply any mnemonic techniques']",[nan]
A056,1,1.0,1.0,1.0,1.0,1.0,1.0,0.0,1.0,0.0,1.0,0.0,1.0,0.0,1.0,1.0,1.0,1.0,1.0,1.0,1.0,0.0,0.5,1.0,0.0,1.0,1.0,0.5,1.0,1.0,1.0,0.0,0.0,1.0,1.0,0.0,1.0,0.0,0.0,0.0,1.0,0.0,0.5,1.0,0.0,1.0,0.0,0.0,0.0,1.0,1.0,1.0,1.0,1.0,1.0,1.0,1.0,0.25,1.0,1.0,1.0,1.0,0.0,1.0,1.0,0.0,0.0,0.5,0.5,0.5,1.0,0.5,0.0,0.0,0.5,0.0,0.0,0.5,1.0,0.5,1.0,1.0,1.0,1.0,1.0,1.0,1.0,1.0,1.0,0.5,1.0,1.0,1.0,1.0,0.0,1.0,1.0,0.0,1.0,0.5,0.0,0.0,1.0,0.5,0.0,0.5,1.0,1.0,1.0,1.0,1.0,0.6,0.4,1.0,1.0,1.0,0.2,1.0,1.0,1.0,0.8,0.6,1.0,1.0,1.0,1.0,0.4,0.4,0.6,0.4,1.0,1.0,0.4,1.0,0.2,1.0,0.8,0.4,0.4,1.0,0.4,0.4,0.2,0.4,0.2,0.6,0.2,0.2,0.2,0.6,0.6,0.6,0.8,1.0,1.0,1.0,0.6,1.0,0.4,1.0,0.4,1.0,0.4,1.0,0.4,1.0,0.6,0.4,0.4,1.0,0.4,0.4,0.4,0.4,0.4,0.6,0.2,0.4,0.2,0.6,0.6,0.8,0.6,0.8,0.8,0.8,1.0,1.0,0.6,1.0,0.8,0.8,1.0,1.0,0.6,1.0,0.6,1.0,0.6,0.6,0.4,0.8,0.4,0.4,0.6,0.4,0.2,0.8,0.4,0.4,0.4,80.0,36.0,236.0,23.0,25.0,32.0,38.0,11.0,24.0,21.0,32.0,32.0,13.0,28.0,20.0,3.0,2.0,,5.0,,,,,,,,4.0,,,,2.0,,,1.0,4.0,8.0,,5.0,3.0,6.0,,,,,7.0,6.0,,7.0,,10.0,9.0,12.0,8.0,,11.0,3.0,1.0,2.0,4.0,5.0,7.0,5.0,6.0,10.0,8.0,9.0,14.0,13.0,15.0,12.0,2.0,11.0,1.0,3.0,4.0,6.0,7.0,8.0,10.0,4.0,,9.0,,12.0,5.0,13.0,11.0,1.0,2.0,3.0,4.0,,,,,,,,,,3.0,5.0,1.0,,2.0,1.0,3.0,2.0,5.0,4.0,,6.0,,9.0,8.0,10.0,7.0,,,,1.0,3.0,2.0,5.0,9.0,,10.0,,6.0,8.0,7.0,4.0,,,,1.0,41.0,432.0,593.0,49.0,272.0,88.0,0.17,8.0,0.27,0.5,0.5,[1.0],['1 cup of coffee'],[0.0],[nan],"['No', nan]","[nan, nan]",[0.0],[nan],"['No', nan]","[nan, nan]",[nan],"['The items you picked up, Where you picked up and put down items']","[1.0, 1.0, 1.0, 1.0, nan, nan, nan, 'No specific strategy']",[nan],['No specific strategy'],['No'],"['No, I did not apply any mnemonic techniques']",[nan]
A056,2,1.0,1.0,1.0,1.0,1.0,1.0,1.0,1.0,0.0,0.0,0.0,1.0,1.0,1.0,1.0,1.0,1.0,1.0,1.0,1.0,0.0,1.0,1.0,1.0,1.0,1.0,0.0,0.0,1.0,1.0,1.0,0.25,0.5,0.0,1.0,0.0,0.0,0.5,0.5,0.5,0.0,0.5,0.0,1.0,1.0,1.0,1.0,1.0,1.0,1.0,1.0,1.0,1.0,1.0,1.0,0.25,0.0,1.0,1.0,1.0,1.0,0.25,0.25,0.5,0.5,0.0,0.0,1.0,0.0,0.0,0.5,0.0,0.5,0.0,1.0,1.0,1.0,1.0,1.0,1.0,1.0,1.0,1.0,1.0,1.0,1.0,1.0,0.25,0.5,1.0,1.0,1.0,1.0,0.5,0.0,1.0,0.5,0.0,0.0,0.5,0.0,0.5,0.5,0.0,0.0,1.0,0.8,1.0,1.0,1.0,1.0,1.0,0.8,0.2,0.2,0.4,0.8,0.4,1.0,0.6,0.6,1.0,0.8,1.0,1.0,0.6,1.0,1.0,1.0,1.0,0.6,0.4,0.6,0.4,0.4,0.2,0.4,0.4,0.6,0.2,0.4,0.2,0.2,0.2,0.2,0.2,0.2,0.2,0.6,0.8,0.6,0.6,0.6,1.0,1.0,0.8,0.6,1.0,1.0,0.8,0.4,0.4,0.4,0.4,0.4,1.0,0.4,0.4,0.4,0.4,0.4,0.2,0.2,0.2,0.2,0.2,0.2,0.2,0.4,1.0,1.0,0.8,1.0,0.8,0.8,1.0,1.0,1.0,0.8,1.0,1.0,1.0,0.4,0.4,0.2,0.6,0.2,1.0,0.4,0.2,0.2,0.6,0.2,0.2,0.2,0.2,0.2,0.4,0.2,0.2,80.0,36.0,236.0,23.0,25.0,32.0,38.0,11.0,24.0,21.0,32.0,32.0,13.0,28.0,20.0,3.0,2.0,,5.0,,,,,,,,4.0,,,,2.0,,,1.0,4.0,8.0,,5.0,3.0,6.0,,,,,7.0,6.0,,7.0,,10.0,9.0,12.0,8.0,,11.0,3.0,1.0,2.0,4.0,5.0,7.0,5.0,6.0,10.0,8.0,9.0,14.0,13.0,15.0,12.0,2.0,11.0,1.0,3.0,4.0,6.0,7.0,8.0,10.0,4.0,,9.0,,12.0,5.0,13.0,11.0,1.0,2.0,3.0,4.0,,,,,,,,,,3.0,5.0,1.0,,2.0,1.0,3.0,2.0,5.0,4.0,,6.0,,9.0,8.0,10.0,7.0,,,,1.0,3.0,2.0,5.0,9.0,,10.0,,6.0,8.0,7.0,4.0,,,,33.61,35.0,177.0,435.0,46.0,277.0,145.0,0.53,9.0,0.31,1.0,-0.5,[0.0],[nan],[0.0],[nan],"['No', 'No']","[nan, nan]",[0.5],[0.5],"['No', 'No']","[nan, nan]",[0.75],['The items you picked up'],"[1.0, 1.0, 1.0, 1.0, nan, nan, nan, 'No specific strategy']",[nan],['No specific strategy'],['No'],"['No, I did not apply any mnemonic techniques']",[nan]
A056,3,1.0,1.0,1.0,1.0,1.0,0.0,0.0,0.0,0.0,1.0,0.0,0.0,0.0,1.0,1.0,1.0,1.0,1.0,1.0,1.0,0.0,0.0,0.0,0.0,1.0,0.5,1.0,0.25,0.25,0.25,0.0,1.0,0.0,0.5,0.5,0.5,1.0,0.5,1.0,1.0,0.0,1.0,1.0,0.5,1.0,0.0,1.0,0.0,1.0,1.0,1.0,1.0,1.0,1.0,1.0,1.0,1.0,1.0,0.5,1.0,0.0,1.0,0.0,0.5,0.25,0.5,0.5,1.0,0.0,0.5,0.0,1.0,1.0,0.0,1.0,1.0,1.0,0.0,0.0,1.0,1.0,1.0,1.0,1.0,1.0,1.0,1.0,1.0,1.0,1.0,0.25,1.0,1.0,1.0,0.0,0.5,0.5,0.5,0.0,1.0,0.0,0.5,0.0,1.0,0.5,1.0,1.0,0.6,0.6,1.0,0.6,0.6,1.0,0.2,1.0,0.2,0.2,0.2,1.0,0.6,0.6,1.0,1.0,1.0,0.8,0.6,0.6,0.4,0.4,1.0,0.6,0.4,0.4,0.2,0.2,0.2,0.6,1.0,0.6,0.2,0.2,0.2,0.4,0.6,0.4,0.2,0.2,0.2,0.4,0.4,0.4,0.4,0.6,1.0,1.0,0.4,1.0,1.0,1.0,1.0,0.6,0.4,0.4,0.6,0.4,0.2,0.4,0.4,1.0,0.6,0.2,0.4,0.2,0.2,0.6,0.2,0.2,0.2,0.6,1.0,0.4,0.4,0.8,0.4,1.0,1.0,1.0,1.0,1.0,1.0,1.0,1.0,0.6,0.6,0.6,0.6,0.6,0.4,0.8,0.6,0.8,0.2,0.6,0.4,0.4,0.4,0.6,0.4,0.2,0.2,80.0,36.0,236.0,23.0,25.0,32.0,38.0,11.0,24.0,21.0,32.0,32.0,13.0,28.0,20.0,3.0,2.0,,5.0,,,,,,,,4.0,,,,2.0,,,1.0,4.0,8.0,,5.0,3.0,6.0,,,,,7.0,6.0,,7.0,,10.0,9.0,12.0,8.0,,11.0,3.0,1.0,2.0,4.0,5.0,7.0,5.0,6.0,10.0,8.0,9.0,14.0,13.0,15.0,12.0,2.0,11.0,1.0,3.0,4.0,6.0,7.0,8.0,10.0,4.0,,9.0,,12.0,5.0,13.0,11.0,1.0,2.0,3.0,4.0,,,,,,,,,,3.0,5.0,1.0,,2.0,1.0,3.0,2.0,5.0,4.0,,6.0,,9.0,8.0,10.0,7.0,,,,1.0,3.0,2.0,5.0,9.0,,10.0,,6.0,8.0,7.0,4.0,,,,71.46,33.0,324.0,318.0,49.0,250.0,110.0,0.13,9.0,0.29,0.0,0.5,[1.0],['1 cup of coffee'],[0.0],[nan],"['No', 'Unsure']","[nan, nan]",[-0.5],[-0.5],"['No', 'Unsure']","[nan, nan]",[0.25],['The furniture/fixtures/objects in the room'],"[1.0, 1.0, 1.0, 1.0, nan, nan, nan, 'No specific strategy']",[nan],['No specific strategy'],['No'],"['No, I did not apply any mnemonic techniques']",[nan]
A056,4,1.0,1.0,1.0,1.0,1.0,1.0,0.0,0.0,0.0,0.0,1.0,0.0,0.0,1.0,1.0,1.0,1.0,1.0,1.0,1.0,0.0,0.0,1.0,0.0,1.0,0.5,0.5,0.5,1.0,0.0,0.5,0.25,0.0,0.5,0.5,1.0,0.0,0.5,0.0,0.0,0.0,0.0,1.0,0.0,1.0,0.5,0.0,0.5,1.0,1.0,0.0,1.0,1.0,1.0,1.0,0.25,0.25,0.5,1.0,0.5,1.0,1.0,0.0,0.25,0.5,0.0,0.0,0.0,0.5,0.5,0.0,0.0,0.0,0.0,0.0,1.0,1.0,0.0,0.0,0.0,1.0,1.0,1.0,1.0,1.0,0.0,1.0,0.25,0.0,0.5,1.0,0.5,1.0,0.25,0.0,0.25,1.0,1.0,0.0,0.0,0.0,1.0,0.0,0.0,0.5,1.0,1.0,0.6,1.0,0.6,1.0,0.6,0.2,0.4,0.2,1.0,0.2,0.2,1.0,0.6,0.6,1.0,1.0,1.0,1.0,0.6,0.6,0.6,0.6,1.0,0.6,0.6,0.2,0.2,0.2,0.2,0.6,0.4,0.2,0.2,0.2,0.2,0.4,0.2,0.2,0.2,0.2,0.2,0.4,0.4,0.4,0.6,0.6,1.0,1.0,0.6,1.0,1.0,1.0,1.0,0.2,0.4,0.4,0.6,0.4,0.4,0.2,0.4,0.4,0.6,0.4,0.2,0.4,0.2,0.2,0.4,0.2,0.2,0.4,0.6,0.6,0.4,0.8,0.6,0.8,1.0,1.0,0.8,0.8,0.6,1.0,1.0,0.2,0.2,0.6,0.8,0.2,0.6,0.2,0.2,0.4,0.4,0.2,0.4,0.2,0.2,0.2,0.2,0.2,0.2,80.0,36.0,236.0,23.0,25.0,32.0,38.0,11.0,24.0,21.0,32.0,32.0,13.0,28.0,20.0,3.0,2.0,,5.0,,,,,,,,4.0,,,,2.0,,,1.0,4.0,8.0,,5.0,3.0,6.0,,,,,7.0,6.0,,7.0,,10.0,9.0,12.0,8.0,,11.0,3.0,1.0,2.0,4.0,5.0,7.0,5.0,6.0,10.0,8.0,9.0,14.0,13.0,15.0,12.0,2.0,11.0,1.0,3.0,4.0,6.0,7.0,8.0,10.0,4.0,,9.0,,12.0,5.0,13.0,11.0,1.0,2.0,3.0,4.0,,,,,,,,,,3.0,5.0,1.0,,2.0,1.0,3.0,2.0,5.0,4.0,,6.0,,9.0,8.0,10.0,7.0,,,,1.0,3.0,2.0,5.0,9.0,,10.0,,6.0,8.0,7.0,4.0,,,,147.84,25.0,214.0,195.0,43.0,211.0,124.0,0.31,8.0,0.29,0.5,0.0,[0.0],[nan],[0.0],[nan],"['No', 'Yes']","[nan, 'I listed the toddler picture in the previous room and since that was incorrect, it had to be in this room']",[-1.0],[-0.5],"['No', 'Yes']","[nan, 'I listed the toddler picture in the previous room and since that was incorrect, it had to be in this room']",[0.25],"['The furniture/fixtures/objects in the room, The location of furniture/fixtures/objects']","[1.0, 1.0, 1.0, 1.0, nan, nan, nan, 'No specific strategy']",[nan],['No specific strategy'],['No'],"['No, I did not apply any mnemonic techniques']",['Thank you very much for an incredibly interesting and enjoyable project.']
A057,1,1.0,1.0,1.0,1.0,1.0,1.0,1.0,0.0,1.0,1.0,0.0,0.0,1.0,1.0,0.0,0.0,1.0,1.0,1.0,1.0,0.0,1.0,1.0,1.0,1.0,0.5,1.0,1.0,1.0,0.0,1.0,0.5,0.0,0.5,0.5,0.5,0.0,0.5,0.0,0.5,0.0,1.0,0.5,0.5,0.5,0.0,0.5,0.0,1.0,1.0,1.0,1.0,1.0,1.0,1.0,0.25,1.0,1.0,1.0,1.0,1.0,0.5,0.0,0.5,1.0,0.0,0.0,0.5,0.0,0.5,0.0,1.0,0.0,0.0,0.0,1.0,1.0,1.0,1.0,1.0,1.0,1.0,1.0,1.0,1.0,1.0,1.0,0.5,1.0,1.0,1.0,1.0,1.0,0.5,0.0,0.5,1.0,0.0,0.0,0.5,0.5,0.5,0.0,0.5,0.0,1.0,1.0,1.0,1.0,1.0,1.0,1.0,0.2,1.0,1.0,0.2,0.2,1.0,1.0,1.0,0.6,1.0,1.0,1.0,1.0,0.6,0.8,1.0,1.0,1.0,1.0,1.0,0.2,1.0,0.2,0.2,0.2,0.4,0.2,0.4,0.2,0.2,0.4,0.8,0.2,0.4,0.2,0.2,0.4,0.4,0.4,0.4,0.6,1.0,1.0,1.0,1.0,1.0,1.0,1.0,1.0,1.0,1.0,0.8,0.4,1.0,0.6,0.4,0.4,0.4,0.2,0.2,0.8,0.4,0.4,0.4,0.2,0.2,1.0,0.4,1.0,1.0,1.0,1.0,1.0,1.0,1.0,1.0,1.0,1.0,1.0,1.0,0.8,1.0,1.0,1.0,1.0,1.0,0.4,0.4,0.4,0.6,0.6,0.4,0.4,0.2,0.6,0.8,0.6,0.4,46.0,43.0,282.0,43.0,35.0,35.0,21.0,15.0,18.0,18.0,18.0,16.0,12.0,21.0,18.0,1.0,,,,2.0,6.0,,,,,,3.0,,4.0,5.0,7.0,,8.0,,6.0,,,,1.0,2.0,3.0,,4.0,,5.0,9.0,,8.0,,10.0,11.0,12.0,7.0,,6.0,4.0,5.0,1.0,2.0,3.0,20.0,13.0,12.0,9.0,11.0,5.0,8.0,7.0,,6.0,4.0,3.0,,1.0,2.0,12.0,10.0,11.0,9.0,14.0,13.0,4.0,8.0,,7.0,5.0,6.0,3.0,1.0,2.0,,,,,,5.0,,,,,6.0,4.0,2.0,3.0,1.0,1.0,2.0,4.0,5.0,3.0,13.0,10.0,7.0,,6.0,8.0,9.0,,12.0,11.0,1.0,10.0,,11.0,2.0,3.0,9.0,,,4.0,5.0,6.0,,8.0,7.0,1.0,51.0,212.0,536.0,71.0,263.0,96.0,0.35,10.0,0.27,0.0,0.5,[1.0],[1.0],[0.0],[nan],"['No', nan]","[nan, nan]",[0.0],[nan],"['No', nan]","[nan, nan]",[nan],"['The furniture/fixtures/objects in the room, The location of furniture/fixtures/objects, The items you picked up']","[1.0, 1.0, 1.0, 1.0, nan, nan, nan, 'Visualising the room layout']",[nan],['Visualising the room layout'],['No'],"['No, I did not apply any mnemonic techniques']","[""i was able to recall easily the more straightforward items of the second two rooms. remembering kitchen items were hard. the motor oil - couldn't place it but label was striking. finally remembered mail and loo paper and cutlery. axe was memorable""]"
A057,2,1.0,1.0,1.0,1.0,1.0,0.0,1.0,1.0,1.0,0.0,0.0,0.0,1.0,0.0,0.0,0.0,1.0,1.0,1.0,1.0,0.0,0.0,0.0,0.0,1.0,0.0,0.5,0.25,0.5,0.5,1.0,1.0,0.0,0.25,1.0,1.0,0.0,0.0,0.5,0.5,0.0,1.0,0.0,0.0,0.0,0.0,1.0,0.5,1.0,1.0,1.0,1.0,1.0,1.0,1.0,0.0,0.5,0.25,0.0,0.5,1.0,1.0,0.0,0.5,0.0,0.0,0.0,0.5,0.0,0.0,0.0,0.0,0.0,1.0,0.0,1.0,0.0,1.0,1.0,1.0,1.0,1.0,1.0,1.0,1.0,1.0,1.0,1.0,0.5,0.5,0.0,0.25,1.0,0.0,0.0,1.0,0.0,0.5,0.0,1.0,0.0,0.0,0.0,0.0,0.0,1.0,1.0,0.4,0.8,1.0,0.4,0.4,1.0,1.0,1.0,1.0,0.8,1.0,0.6,0.8,0.8,1.0,0.4,1.0,0.8,0.4,0.4,0.4,0.4,1.0,1.0,1.0,0.4,0.4,0.6,0.6,0.4,0.4,0.8,1.0,0.8,0.2,0.4,0.2,0.2,0.2,0.2,0.6,0.8,0.4,0.4,0.6,1.0,1.0,1.0,1.0,1.0,1.0,1.0,1.0,0.2,0.4,0.2,0.4,0.4,0.4,1.0,0.8,1.0,0.2,0.2,0.4,0.2,0.2,0.6,0.2,0.2,0.8,0.6,0.6,1.0,0.8,1.0,0.8,1.0,1.0,1.0,1.0,1.0,1.0,1.0,1.0,0.6,0.6,0.4,0.2,0.2,1.0,0.2,0.2,0.2,0.2,0.6,0.4,0.2,0.2,0.2,0.2,0.2,0.8,46.0,43.0,282.0,43.0,35.0,35.0,21.0,15.0,18.0,18.0,18.0,16.0,12.0,21.0,18.0,1.0,,,,2.0,6.0,,,,,,3.0,,4.0,5.0,7.0,,8.0,,6.0,,,,1.0,2.0,3.0,,4.0,,5.0,9.0,,8.0,,10.0,11.0,12.0,7.0,,6.0,4.0,5.0,1.0,2.0,3.0,20.0,13.0,12.0,9.0,11.0,5.0,8.0,7.0,,6.0,4.0,3.0,,1.0,2.0,12.0,10.0,11.0,9.0,14.0,13.0,4.0,8.0,,7.0,5.0,6.0,3.0,1.0,2.0,,,,,,5.0,,,,,6.0,4.0,2.0,3.0,1.0,1.0,2.0,4.0,5.0,3.0,13.0,10.0,7.0,,6.0,8.0,9.0,,12.0,11.0,1.0,10.0,,11.0,2.0,3.0,9.0,,,4.0,5.0,6.0,,8.0,7.0,24.78,49.0,265.0,310.0,85.0,322.0,153.0,0.38,10.0,0.27,0.0,0.0,[1.0],[1.0],[0.0],[nan],"['No', 'No']","[nan, 'I tried to remember odd objects but forgot them mostly']",[0.0],[0.0],"['No', 'No']","[nan, 'I tried to remember odd objects but forgot them mostly']",[0.25],['The furniture/fixtures/objects in the room'],"[1.0, 1.0, 1.0, 1.0, nan, nan, nan, 'Visualising the room layout']",[nan],['No specific strategy'],['No'],"['No, I did not apply any mnemonic techniques']",['I thought earlier today that the window with sun nad puffy clouda...that is fine weather but is it clear or cloudy. I think it has clouds so would say cloudy. But cloudy day would be overcast day. A fine day certainly can have clouds. So i made an error i would say']
A057,3,1.0,1.0,1.0,1.0,0.0,1.0,1.0,0.0,1.0,1.0,0.0,1.0,0.0,0.0,1.0,0.0,1.0,1.0,1.0,1.0,1.0,0.0,0.0,1.0,0.25,0.25,0.5,1.0,0.0,0.5,0.25,0.5,0.25,0.0,0.5,1.0,1.0,0.5,0.0,1.0,0.5,0.0,0.0,0.0,0.5,1.0,0.0,0.0,1.0,1.0,1.0,1.0,1.0,1.0,1.0,0.0,0.5,1.0,0.5,0.25,1.0,0.0,0.25,0.0,0.0,0.0,0.25,0.0,0.0,1.0,0.0,0.0,0.0,0.5,0.0,1.0,0.0,1.0,0.0,1.0,1.0,1.0,1.0,1.0,1.0,0.0,1.0,1.0,0.25,1.0,0.5,1.0,0.5,0.5,0.25,0.0,0.0,1.0,0.0,0.0,0.0,1.0,0.0,0.0,0.0,1.0,1.0,1.0,1.0,0.2,0.2,0.4,0.2,0.8,1.0,0.2,0.6,0.2,0.6,0.2,0.2,1.0,1.0,1.0,1.0,0.4,0.4,0.2,0.4,0.2,0.2,0.2,0.8,0.2,0.2,0.2,0.2,0.4,0.2,0.2,0.2,0.2,0.2,0.2,0.8,0.2,0.2,0.2,0.2,0.4,0.2,0.4,0.2,1.0,1.0,1.0,1.0,1.0,1.0,1.0,0.2,0.4,1.0,0.2,0.2,0.2,0.2,0.2,0.2,0.4,0.2,0.2,0.4,0.2,0.2,0.4,0.2,0.4,0.4,0.4,0.6,0.4,0.6,0.6,0.8,0.8,1.0,1.0,1.0,1.0,0.6,1.0,0.6,0.2,1.0,0.2,0.4,0.2,0.2,0.6,0.4,0.4,0.2,0.2,0.2,0.2,0.8,0.2,0.2,0.2,46.0,43.0,282.0,43.0,35.0,35.0,21.0,15.0,18.0,18.0,18.0,16.0,12.0,21.0,18.0,1.0,,,,2.0,6.0,,,,,,3.0,,4.0,5.0,7.0,,8.0,,6.0,,,,1.0,2.0,3.0,,4.0,,5.0,9.0,,8.0,,10.0,11.0,12.0,7.0,,6.0,4.0,5.0,1.0,2.0,3.0,20.0,13.0,12.0,9.0,11.0,5.0,8.0,7.0,,6.0,4.0,3.0,,1.0,2.0,12.0,10.0,11.0,9.0,14.0,13.0,4.0,8.0,,7.0,5.0,6.0,3.0,1.0,2.0,,,,,,5.0,,,,,6.0,4.0,2.0,3.0,1.0,1.0,2.0,4.0,5.0,3.0,13.0,10.0,7.0,,6.0,8.0,9.0,,12.0,11.0,1.0,10.0,,11.0,2.0,3.0,9.0,,,4.0,5.0,6.0,,8.0,7.0,73.83,40.0,212.0,199.0,60.0,240.0,121.0,0.3,11.0,0.4,0.0,-0.5,[0.0],[nan],[0.0],[nan],"['No', 'No']","[nan, nan]",[0.0],[-0.5],"['No', 'No']","[nan, nan]",[0.25],['The furniture/fixtures/objects in the room'],"[1.0, 1.0, 1.0, 1.0, nan, nan, nan, 'Visualising the room layout']",[nan],['No specific strategy'],['No'],"['No, I did not apply any mnemonic techniques']",['I recognised the items once prompted. A tyre in the shower...how did i forget?']
A057,4,1.0,1.0,1.0,1.0,1.0,1.0,1.0,0.0,0.0,0.0,1.0,0.0,0.0,0.0,1.0,1.0,1.0,1.0,1.0,1.0,0.0,0.0,1.0,0.0,1.0,0.5,0.5,0.0,1.0,1.0,0.5,0.0,1.0,1.0,0.0,0.0,0.5,1.0,1.0,1.0,0.0,0.0,0.5,0.0,0.0,0.0,1.0,0.0,1.0,0.0,0.0,1.0,1.0,1.0,1.0,0.0,0.0,0.0,1.0,0.0,0.5,0.0,0.0,0.0,0.0,0.0,1.0,1.0,0.0,0.5,0.0,0.0,0.0,0.0,0.0,0.0,0.0,1.0,0.0,1.0,1.0,1.0,1.0,1.0,1.0,0.0,1.0,0.0,0.5,0.5,0.25,0.0,0.25,0.0,1.0,0.25,0.0,0.0,0.0,0.0,0.0,1.0,0.0,0.0,0.5,0.6,0.8,0.6,1.0,1.0,0.2,0.4,0.2,0.2,1.0,1.0,0.2,0.2,0.6,0.6,0.6,1.0,1.0,1.0,1.0,0.2,0.2,0.2,0.2,1.0,0.4,0.2,0.2,0.2,0.2,0.2,0.2,0.2,0.2,0.2,0.2,0.2,0.2,0.2,0.2,0.2,0.2,0.2,0.2,0.2,0.2,0.2,1.0,1.0,0.2,0.2,0.2,1.0,0.2,0.2,0.2,0.2,0.2,0.2,0.2,0.2,0.2,0.2,0.2,0.2,0.2,0.2,0.2,0.2,0.2,0.2,0.2,0.2,0.4,0.4,0.8,0.4,0.6,0.4,0.4,0.8,0.4,0.4,0.8,0.6,0.2,1.0,0.2,0.2,0.2,0.2,0.2,0.2,0.2,0.2,0.2,0.2,0.2,0.2,0.2,0.2,0.2,0.2,0.2,0.2,46.0,43.0,282.0,43.0,35.0,35.0,21.0,15.0,18.0,18.0,18.0,16.0,12.0,21.0,18.0,1.0,,,,2.0,6.0,,,,,,3.0,,4.0,5.0,7.0,,8.0,,6.0,,,,1.0,2.0,3.0,,4.0,,5.0,9.0,,8.0,,10.0,11.0,12.0,7.0,,6.0,4.0,5.0,1.0,2.0,3.0,20.0,13.0,12.0,9.0,11.0,5.0,8.0,7.0,,6.0,4.0,3.0,,1.0,2.0,12.0,10.0,11.0,9.0,14.0,13.0,4.0,8.0,,7.0,5.0,6.0,3.0,1.0,2.0,,,,,,5.0,,,,,6.0,4.0,2.0,3.0,1.0,1.0,2.0,4.0,5.0,3.0,13.0,10.0,7.0,,6.0,8.0,9.0,,12.0,11.0,1.0,10.0,,11.0,2.0,3.0,9.0,,,4.0,5.0,6.0,,8.0,7.0,145.06,75.0,199.0,220.0,48.0,202.0,172.0,0.41,10.0,0.25,0.0,0.0,[1.0],['2 cups of coffee. All previous answers were cups of coffee'],[0.0],[nan],"['No', 'No']","[nan, 'I tried to visualise the 6 items and failed']",[-0.5],[-0.5],"['No', 'No']","[nan, 'I tried to visualise the 6 items and failed']",[0.25],"['The furniture/fixtures/objects in the room, The location of furniture/fixtures/objects, The items you picked up']","[1.0, 1.0, 0.6, 1.0, nan, nan, nan, 'Visualising the room layout']",[nan],['No specific strategy'],['No'],"['No, I did not apply any mnemonic techniques']",['The 6 items are really hard to recall']
A058,1,1.0,1.0,1.0,1.0,1.0,1.0,0.0,1.0,0.0,1.0,1.0,1.0,0.0,1.0,1.0,0.0,1.0,1.0,1.0,1.0,1.0,0.5,0.0,0.0,1.0,1.0,0.25,1.0,0.5,1.0,0.0,0.0,1.0,1.0,0.0,0.0,1.0,1.0,0.0,1.0,0.0,0.5,0.5,0.5,0.5,0.0,0.0,1.0,1.0,1.0,0.0,1.0,1.0,1.0,1.0,1.0,1.0,1.0,1.0,1.0,1.0,0.5,1.0,1.0,0.0,0.0,1.0,0.5,0.0,1.0,1.0,0.5,0.0,0.5,0.5,1.0,1.0,1.0,0.0,1.0,1.0,1.0,1.0,1.0,1.0,1.0,1.0,1.0,1.0,1.0,1.0,1.0,0.25,1.0,1.0,1.0,0.0,1.0,1.0,1.0,0.5,1.0,0.0,0.5,0.0,1.0,1.0,1.0,1.0,1.0,1.0,0.6,1.0,0.2,1.0,1.0,1.0,1.0,1.0,1.0,1.0,1.0,1.0,1.0,1.0,1.0,1.0,0.6,0.6,1.0,1.0,0.2,1.0,0.6,1.0,0.2,0.6,0.2,1.0,0.6,0.4,0.2,0.2,0.4,1.0,0.2,0.2,0.2,0.4,0.4,0.4,0.4,0.4,1.0,1.0,1.0,1.0,1.0,1.0,1.0,1.0,0.8,1.0,1.0,1.0,0.2,0.2,0.6,1.0,0.6,0.4,0.2,0.2,0.2,1.0,0.2,0.2,0.2,0.6,0.8,0.8,0.6,1.0,0.6,0.6,1.0,1.0,0.6,1.0,1.0,1.0,1.0,1.0,0.6,1.0,1.0,1.0,0.4,0.2,0.4,1.0,0.4,1.0,0.4,0.2,0.2,1.0,0.2,0.2,0.2,122.0,27.0,436.0,35.0,33.0,25.0,34.0,15.0,16.0,29.0,25.0,25.0,13.0,22.0,23.0,1.0,2.0,,3.0,,,5.0,,,,,,,4.0,,1.0,2.0,,4.0,,,5.0,,,,8.0,6.0,7.0,3.0,,1.0,2.0,4.0,,,,5.0,,,,8.0,6.0,7.0,3.0,9.0,1.0,2.0,3.0,10.0,,7.0,,8.0,,,,4.0,6.0,5.0,9.0,1.0,2.0,3.0,,5.0,6.0,,7.0,,,9.0,4.0,,10.0,8.0,,1.0,5.0,,,,,,,,,3.0,4.0,,2.0,1.0,,6.0,2.0,4.0,8.0,9.0,,,,7.0,3.0,,,5.0,1.0,,2.0,9.0,7.0,6.0,,,,,8.0,,5.0,3.0,4.0,1.0,76.0,671.0,685.0,100.0,345.0,167.0,0.32,6.0,0.35,0.0,-0.5,[1.0],['2 cup of coffee'],[0.0],[nan],"['No', nan]","[nan, nan]",[0.0],[nan],"['No', nan]","[nan, nan]",[nan],"['The furniture/fixtures/objects in the room, The location of furniture/fixtures/objects']","[1.0, 1.0, 1.0, 1.0, nan, nan, nan, 'Visualising the room layout']",[nan],['Visualising the room layout'],['No'],"['No, I did not apply any mnemonic techniques']",['Its a fun research. I never think VR can be used for memory research like a real life situation. This is very awesome.']
A058,2,1.0,1.0,1.0,1.0,0.0,1.0,1.0,0.0,0.0,0.0,1.0,0.0,0.0,1.0,0.0,1.0,1.0,1.0,1.0,1.0,0.0,1.0,1.0,1.0,0.5,0.25,1.0,0.25,0.0,0.25,0.5,0.0,0.0,1.0,0.0,1.0,0.0,0.5,0.5,1.0,0.5,0.5,1.0,0.5,1.0,0.0,0.5,0.5,1.0,1.0,1.0,1.0,1.0,1.0,1.0,0.5,1.0,1.0,0.0,0.0,0.5,0.5,0.0,0.5,0.0,1.0,0.0,1.0,0.5,0.0,1.0,1.0,0.0,0.0,0.0,1.0,0.5,1.0,0.0,1.0,1.0,0.0,1.0,1.0,1.0,1.0,1.0,0.0,1.0,1.0,0.0,1.0,0.5,0.5,0.0,0.25,0.0,1.0,0.0,0.5,0.5,0.5,1.0,0.5,0.0,1.0,0.4,0.4,0.4,0.4,0.4,0.4,0.2,1.0,1.0,1.0,1.0,0.2,0.6,1.0,1.0,1.0,0.4,0.4,0.4,0.2,0.4,0.4,0.2,0.6,0.2,0.2,0.2,0.2,0.2,0.2,0.2,0.4,1.0,0.2,0.2,0.2,0.2,0.2,0.2,0.2,0.2,0.2,0.2,0.2,0.2,0.2,0.2,1.0,1.0,0.6,1.0,1.0,1.0,1.0,0.2,0.2,1.0,0.2,0.2,0.2,0.2,0.2,0.6,0.2,1.0,0.2,0.2,0.2,0.2,0.2,0.2,0.2,0.2,0.2,0.2,0.2,1.0,0.2,1.0,1.0,0.4,1.0,1.0,1.0,1.0,1.0,0.2,0.2,1.0,0.6,0.2,0.2,0.2,0.2,1.0,0.2,1.0,0.2,0.2,0.2,0.2,0.2,0.2,0.2,122.0,27.0,436.0,35.0,33.0,25.0,34.0,15.0,16.0,29.0,25.0,25.0,13.0,22.0,23.0,1.0,2.0,,3.0,,,5.0,,,,,,,4.0,,1.0,2.0,,4.0,,,5.0,,,,8.0,6.0,7.0,3.0,,1.0,2.0,4.0,,,,5.0,,,,8.0,6.0,7.0,3.0,9.0,1.0,2.0,3.0,10.0,,7.0,,8.0,,,,4.0,6.0,5.0,9.0,1.0,2.0,3.0,,5.0,6.0,,7.0,,,9.0,4.0,,10.0,8.0,,1.0,5.0,,,,,,,,,3.0,4.0,,2.0,1.0,,6.0,2.0,4.0,8.0,9.0,,,,7.0,3.0,,,5.0,1.0,,2.0,9.0,7.0,6.0,,,,,8.0,,5.0,3.0,4.0,22.96,43.0,1423.0,680.0,61.0,532.0,129.0,0.28,8.0,0.35,0.5,0.0,[1.0],['1 cup'],[0.0],[nan],"['No', 'Yes']","[nan, 'Since I did my 1st questionnaire, I tried to recall items on the other rooms']",[-0.5],[0.0],"['No', 'Yes']","[nan, 'Since I did my 1st questionnaire, I tried to recall items on the other rooms']",[0.25],['The location of furniture/fixtures/objects'],"[1.0, 1.0, 1.0, 1.0, nan, nan, nan, 'Visualising the room layout, Associating items with personal experiences']",[nan],"['Visualising the room layout, Associating items with personal experiences']",['No'],"['No, I did not apply any mnemonic techniques']","['I never use VR before. This new technology is so amazing for me. But the problem I have, because I was so amazed with experiencing the VR tech for the first time, I totally forgot I was doing the """"memory research"""".\nI was reminded about this (that I\'m doing memory test research) when I was doing the paper test before the VR. But when I started the VR, my mind just blown up to the roof..\nI was just doing what I was told in VR. And while I was doing my task in the VR, my mind keep amazed by this great VR tech. The corner of the room, the clouds, thunderstorms, colors, patterns, furniture, how to move stuff, etc... Basically all the effort the programmer made (graphics and details) to make everything looks so real. Its really AWESOME!!\nMy suggestion, I think it\'s a good idea to remind one more time, to anyone who participate in the research what this test about before we start the VR. Especially for people who never experiencing this awesome tech and has computer background like me. So we are not focusing on the details of VR tech (the mistake I did).\nBecause, I believe I can remember better, if I my mind was not distracted by the graphics, and how this VR tech works. So I can imagine, what I was doing in the VR, is actually the real thing.']"
A058,3,1.0,1.0,1.0,1.0,1.0,1.0,1.0,0.0,1.0,0.0,0.0,0.0,1.0,1.0,0.0,0.0,1.0,1.0,1.0,1.0,0.0,0.0,0.0,1.0,1.0,1.0,1.0,0.0,0.5,1.0,1.0,1.0,1.0,0.0,1.0,0.0,1.0,1.0,0.0,0.0,0.0,1.0,0.0,0.5,0.5,0.0,0.5,0.0,1.0,0.0,1.0,0.0,1.0,1.0,0.0,0.5,1.0,1.0,1.0,1.0,1.0,0.25,1.0,0.0,0.5,0.0,1.0,1.0,0.0,0.5,0.5,0.5,1.0,0.0,0.0,1.0,0.0,1.0,0.0,1.0,1.0,0.0,1.0,1.0,1.0,1.0,1.0,0.25,1.0,0.0,0.25,1.0,1.0,1.0,1.0,0.0,1.0,0.0,1.0,0.0,0.0,0.0,0.0,1.0,0.5,1.0,0.8,0.2,0.4,0.2,0.2,0.2,0.2,1.0,0.2,0.2,0.2,1.0,1.0,0.4,0.4,1.0,1.0,1.0,0.4,0.2,0.2,0.2,0.2,0.4,1.0,1.0,0.2,0.2,0.2,0.2,0.4,1.0,0.2,0.2,0.2,0.2,0.2,0.2,0.2,0.2,0.2,0.2,0.2,0.2,0.2,0.2,0.2,1.0,0.6,1.0,1.0,0.4,0.6,0.4,0.2,1.0,0.4,0.4,0.4,1.0,0.2,0.6,0.2,0.2,0.2,1.0,0.2,0.2,0.2,0.2,0.2,0.4,0.2,0.2,1.0,0.2,0.6,0.2,1.0,1.0,0.6,1.0,1.0,1.0,1.0,1.0,0.2,1.0,0.2,0.2,0.4,1.0,0.2,1.0,0.2,0.2,0.4,1.0,0.2,0.4,0.2,0.2,0.2,0.2,122.0,27.0,436.0,35.0,33.0,25.0,34.0,15.0,16.0,29.0,25.0,25.0,13.0,22.0,23.0,1.0,2.0,,3.0,,,5.0,,,,,,,4.0,,1.0,2.0,,4.0,,,5.0,,,,8.0,6.0,7.0,3.0,,1.0,2.0,4.0,,,,5.0,,,,8.0,6.0,7.0,3.0,9.0,1.0,2.0,3.0,10.0,,7.0,,8.0,,,,4.0,6.0,5.0,9.0,1.0,2.0,3.0,,5.0,6.0,,7.0,,,9.0,4.0,,10.0,8.0,,1.0,5.0,,,,,,,,,3.0,4.0,,2.0,1.0,,6.0,2.0,4.0,8.0,9.0,,,,7.0,3.0,,,5.0,1.0,,2.0,9.0,7.0,6.0,,,,,8.0,,5.0,3.0,4.0,66.28,37.0,391.0,317.0,80.0,210.0,165.0,0.08,7.0,0.35,0.0,0.0,[0.0],[nan],[0.0],[nan],"['No', 'Yes']","[nan, 'I started to get use with the VR, so I was not too confused and excited anymore, so I could put more attention to the room. Beside that, Kitchen was the last room I had on the test day.']",[0.0],[0.5],"['No', 'Yes']","[nan, 'I started to get use with the VR, so I was not too confused and excited anymore, so I could put more attention to the room. Beside that, Kitchen was the last room I had on the test day.']",[0.25],['The furniture/fixtures/objects in the room'],"[1.0, 1.0, 1.0, 1.0, nan, nan, nan, 'No specific strategy']",[nan],['No specific strategy'],['No'],"['No, I did not apply any mnemonic techniques']","['It was a very fun test. I enjoyed myself doing the test.\nAnd Jayce, he is very nice kid. He is so polite, easy going and so friendly. It made me feel comfortable doing the test with him. I did not feel any pressure like I was having an exam (lol).']"
A058,4,1.0,1.0,1.0,1.0,0.0,0.0,1.0,1.0,0.0,0.0,0.0,0.0,0.0,1.0,1.0,0.0,1.0,1.0,0.25,1.0,0.0,0.0,1.0,0.0,0.5,0.25,0.5,1.0,0.5,0.0,0.5,1.0,0.5,0.25,1.0,0.5,0.0,0.0,0.0,1.0,0.5,0.5,0.0,0.0,0.5,0.5,0.5,1.0,1.0,1.0,1.0,1.0,0.0,1.0,1.0,0.25,1.0,0.5,0.0,1.0,1.0,1.0,0.0,0.5,0.5,0.0,0.0,0.0,0.0,1.0,0.5,0.0,0.0,0.0,0.0,1.0,0.0,1.0,0.0,0.0,0.0,1.0,1.0,1.0,1.0,1.0,1.0,0.25,1.0,1.0,0.0,0.25,1.0,1.0,0.0,0.5,0.5,0.0,0.0,0.0,0.0,1.0,0.5,0.0,0.0,0.6,0.4,0.2,0.4,0.2,0.2,0.2,1.0,0.2,0.2,0.2,0.2,0.2,1.0,0.4,0.4,0.8,0.8,0.6,1.0,0.2,0.2,0.2,0.2,0.2,0.2,0.2,0.2,0.2,0.2,0.2,1.0,0.2,0.2,0.2,0.2,0.2,0.2,0.2,0.2,0.2,0.2,0.2,0.2,0.2,0.2,0.2,0.2,1.0,0.4,0.6,0.6,0.2,0.2,0.4,0.2,0.4,0.2,0.2,0.2,0.6,0.6,0.2,0.2,0.2,0.2,0.2,0.2,0.2,0.2,0.2,0.2,0.2,0.2,0.2,0.2,0.2,1.0,0.2,0.4,0.2,1.0,1.0,1.0,1.0,1.0,1.0,0.2,0.2,0.4,0.2,0.4,1.0,0.6,0.4,0.2,0.2,0.2,0.2,0.2,0.2,0.2,0.2,0.2,0.2,122.0,27.0,436.0,35.0,33.0,25.0,34.0,15.0,16.0,29.0,25.0,25.0,13.0,22.0,23.0,1.0,2.0,,3.0,,,5.0,,,,,,,4.0,,1.0,2.0,,4.0,,,5.0,,,,8.0,6.0,7.0,3.0,,1.0,2.0,4.0,,,,5.0,,,,8.0,6.0,7.0,3.0,9.0,1.0,2.0,3.0,10.0,,7.0,,8.0,,,,4.0,6.0,5.0,9.0,1.0,2.0,3.0,,5.0,6.0,,7.0,,,9.0,4.0,,10.0,8.0,,1.0,5.0,,,,,,,,,3.0,4.0,,2.0,1.0,,6.0,2.0,4.0,8.0,9.0,,,,7.0,3.0,,,5.0,1.0,,2.0,9.0,7.0,6.0,,,,,8.0,,5.0,3.0,4.0,143.48,39.0,781.0,219.0,27.0,244.0,128.0,0.4,5.0,0.25,-0.5,-0.5,[0.0],[nan],[0.0],[nan],"['No', 'Yes']","[nan, 'I hold on to the memory that still intact for the last room']",[-0.5],[-0.5],"['No', 'Yes']","[nan, 'I hold on to the memory that still intact for the last room']",[0.25],['The location of furniture/fixtures/objects'],"[1.0, 1.0, 0.6, 0.8, nan, nan, nan, 'Visualising the room layout, Associating items with personal experiences']",[nan],['Associating items with personal experiences'],['No'],"['No, I did not apply any mnemonic techniques']",[nan]
A059,1,1.0,1.0,1.0,1.0,1.0,1.0,1.0,1.0,1.0,0.0,1.0,1.0,0.0,1.0,1.0,1.0,0.5,0.5,0.5,0.5,1.0,1.0,1.0,1.0,0.5,1.0,1.0,0.0,1.0,0.25,1.0,1.0,0.0,0.0,1.0,1.0,1.0,1.0,0.0,0.0,1.0,0.0,0.5,0.5,0.0,1.0,0.5,0.5,1.0,1.0,1.0,1.0,1.0,1.0,1.0,1.0,1.0,1.0,1.0,1.0,1.0,1.0,0.0,1.0,0.5,1.0,1.0,0.5,1.0,0.0,1.0,0.0,0.5,1.0,1.0,1.0,1.0,1.0,1.0,1.0,1.0,1.0,1.0,1.0,1.0,1.0,1.0,1.0,1.0,1.0,1.0,0.25,1.0,1.0,0.0,1.0,0.5,1.0,1.0,1.0,0.0,0.5,1.0,1.0,0.5,1.0,0.6,0.6,0.8,1.0,0.8,0.4,1.0,0.4,1.0,1.0,0.4,0.2,1.0,0.8,0.8,1.0,1.0,1.0,1.0,0.6,0.6,0.6,0.4,1.0,1.0,1.0,0.6,0.4,0.4,1.0,0.4,0.8,0.4,0.4,0.4,0.2,0.8,0.2,0.2,0.2,0.2,0.4,0.4,0.4,0.8,0.4,0.8,1.0,1.0,0.6,0.8,1.0,0.8,1.0,1.0,0.8,0.6,1.0,0.2,1.0,0.8,0.4,0.6,0.2,0.4,0.6,0.4,0.4,0.2,1.0,0.2,0.4,0.8,0.6,0.8,0.6,1.0,1.0,0.6,1.0,1.0,1.0,1.0,1.0,1.0,1.0,1.0,0.6,0.6,1.0,0.2,1.0,0.8,0.6,0.6,0.2,0.6,0.8,0.4,0.2,0.2,1.0,0.2,0.4,136.0,25.0,422.0,61.0,53.0,52.0,40.0,23.0,29.0,50.0,38.0,72.0,34.0,49.0,84.0,,1.0,2.0,,,,,3.0,,,4.0,5.0,,,,1.0,3.0,2.0,,8.0,,4.0,,7.0,,,6.0,9.0,5.0,,1.0,3.0,2.0,11.0,5.0,6.0,4.0,7.0,10.0,,13.0,8.0,,9.0,12.0,1.0,3.0,2.0,12.0,9.0,10.0,8.0,11.0,,,6.0,5.0,,4.0,7.0,4.0,6.0,5.0,7.0,8.0,9.0,10.0,11.0,13.0,12.0,14.0,15.0,1.0,2.0,3.0,3.0,,,4.0,5.0,,,,,,,,,1.0,2.0,15.0,1.0,2.0,7.0,5.0,4.0,3.0,6.0,10.0,9.0,11.0,8.0,12.0,13.0,14.0,1.0,3.0,2.0,4.0,5.0,6.0,7.0,,10.0,8.0,9.0,14.0,13.0,12.0,11.0,1.0,73.0,589.0,852.0,96.0,497.0,152.0,0.27,7.0,0.38,0.0,0.0,[0.0],[nan],[0.0],[nan],"['No', nan]","[nan, nan]",[-0.5],[nan],"['No', nan]","[nan, nan]",[nan],"['The furniture/fixtures/objects in the room, The items you picked up']","[1.0, 0.5, 1.0, 1.0, nan, 1.0, nan, 'Visualising the room layout']",[nan],['Visualising the room layout'],['No'],"['No, I did not apply any mnemonic techniques']",[nan]
A059,2,1.0,1.0,1.0,1.0,1.0,1.0,1.0,1.0,0.0,1.0,0.0,1.0,1.0,1.0,1.0,0.0,1.0,1.0,1.0,1.0,1.0,1.0,1.0,0.0,1.0,1.0,0.25,0.0,1.0,1.0,1.0,1.0,0.0,0.0,1.0,1.0,0.0,1.0,1.0,0.5,0.0,1.0,0.0,0.0,0.0,0.5,0.5,0.0,1.0,1.0,1.0,1.0,1.0,1.0,1.0,1.0,1.0,0.5,1.0,1.0,1.0,1.0,1.0,0.25,1.0,0.5,0.0,1.0,0.5,0.5,0.5,1.0,0.0,1.0,1.0,1.0,0.0,1.0,1.0,1.0,1.0,1.0,1.0,1.0,1.0,1.0,1.0,1.0,1.0,1.0,1.0,1.0,1.0,1.0,1.0,1.0,0.5,0.0,0.0,1.0,1.0,0.5,0.0,1.0,0.0,1.0,0.8,0.2,1.0,1.0,0.8,0.8,1.0,1.0,0.2,1.0,1.0,0.2,1.0,1.0,1.0,1.0,1.0,1.0,1.0,0.4,0.6,0.6,0.2,0.6,1.0,0.2,1.0,1.0,0.4,0.6,0.2,0.2,0.2,0.2,0.2,0.2,0.2,0.2,0.2,0.2,0.2,0.8,0.2,0.2,0.2,0.2,0.2,1.0,1.0,1.0,1.0,1.0,1.0,1.0,0.6,0.4,0.2,0.8,1.0,0.8,0.2,0.2,0.2,0.2,0.2,0.2,0.8,0.2,0.2,0.2,0.2,0.2,0.4,0.8,0.6,0.4,1.0,0.8,0.4,1.0,1.0,1.0,1.0,1.0,1.0,1.0,0.4,1.0,0.2,1.0,1.0,0.8,0.2,0.2,0.2,0.2,0.2,0.2,1.0,0.2,0.2,0.2,0.4,0.2,136.0,25.0,422.0,61.0,53.0,52.0,40.0,23.0,29.0,50.0,38.0,72.0,34.0,49.0,84.0,,1.0,2.0,,,,,3.0,,,4.0,5.0,,,,1.0,3.0,2.0,,8.0,,4.0,,7.0,,,6.0,9.0,5.0,,1.0,3.0,2.0,11.0,5.0,6.0,4.0,7.0,10.0,,13.0,8.0,,9.0,12.0,1.0,3.0,2.0,12.0,9.0,10.0,8.0,11.0,,,6.0,5.0,,4.0,7.0,4.0,6.0,5.0,7.0,8.0,9.0,10.0,11.0,13.0,12.0,14.0,15.0,1.0,2.0,3.0,3.0,,,4.0,5.0,,,,,,,,,1.0,2.0,15.0,1.0,2.0,7.0,5.0,4.0,3.0,6.0,10.0,9.0,11.0,8.0,12.0,13.0,14.0,1.0,3.0,2.0,4.0,5.0,6.0,7.0,,10.0,8.0,9.0,14.0,13.0,12.0,11.0,30.4,101.0,773.5,1240.0,57.0,884.0,294.0,0.51,7.0,0.4,0.0,-0.5,[0.0],[nan],[0.0],[nan],"['No', 'Yes']","[nan, 'I know what questions to expect and which details to remember']",[-0.5],[0.0],"['No', 'Yes']","[nan, 'I know what questions to expect and which details to remember']",[0.75],"['The furniture/fixtures/objects in the room, The location of furniture/fixtures/objects, The items you picked up, Where you picked up and put down items']","[1.0, 1.0, 1.0, 1.0, nan, nan, nan, 'Visualising the room layout']",[nan],['Visualising the room layout'],['No'],"['No, I did not apply any mnemonic techniques']","['Upon today reading the instructions again for Section Two - location of furniture and objects in the room, I think maybe when I completed my first questionnaire yesterday, most probably I misunderstood between """"front"""" and """"back"""". So any object\'s location which I put down as """"front"""" should be """"back"""" and vice versa (for example """"front left"""" should be """"back left""""). Sorry for the mistake :p']"
A059,3,1.0,1.0,1.0,1.0,1.0,1.0,1.0,1.0,1.0,1.0,0.0,1.0,1.0,1.0,1.0,1.0,1.0,1.0,1.0,1.0,1.0,0.0,1.0,0.0,1.0,1.0,1.0,1.0,0.0,0.0,0.25,0.5,1.0,1.0,0.25,1.0,0.25,0.5,0.0,0.5,0.0,0.5,0.0,0.0,0.0,0.5,0.0,0.0,1.0,1.0,1.0,1.0,1.0,1.0,1.0,1.0,1.0,1.0,1.0,1.0,0.25,1.0,1.0,1.0,0.0,1.0,1.0,0.5,0.0,0.5,0.0,0.5,0.0,0.5,0.0,1.0,0.0,1.0,1.0,0.0,1.0,1.0,1.0,1.0,1.0,0.0,1.0,1.0,1.0,1.0,0.5,1.0,1.0,1.0,1.0,1.0,0.0,1.0,1.0,0.5,0.0,0.5,0.0,0.5,0.0,1.0,0.6,0.6,1.0,0.8,0.8,0.8,1.0,0.4,1.0,0.2,0.2,1.0,0.6,0.6,0.6,1.0,1.0,1.0,1.0,0.4,0.4,1.0,0.2,1.0,1.0,0.4,1.0,0.2,0.2,0.2,0.2,0.2,0.2,0.2,1.0,0.6,0.4,0.2,0.2,0.2,0.4,0.2,0.2,0.2,0.2,0.2,0.2,1.0,1.0,0.8,1.0,1.0,0.6,1.0,1.0,0.6,1.0,0.2,0.2,0.2,0.2,0.2,0.2,0.2,0.2,0.8,0.4,0.2,0.2,0.2,0.2,0.2,0.2,0.2,0.8,0.2,1.0,0.8,0.4,1.0,1.0,0.8,0.4,1.0,0.2,0.4,1.0,0.6,1.0,0.2,0.2,0.4,0.2,0.2,0.2,0.2,0.2,0.8,0.2,0.2,0.2,0.2,1.0,0.2,136.0,25.0,422.0,61.0,53.0,52.0,40.0,23.0,29.0,50.0,38.0,72.0,34.0,49.0,84.0,,1.0,2.0,,,,,3.0,,,4.0,5.0,,,,1.0,3.0,2.0,,8.0,,4.0,,7.0,,,6.0,9.0,5.0,,1.0,3.0,2.0,11.0,5.0,6.0,4.0,7.0,10.0,,13.0,8.0,,9.0,12.0,1.0,3.0,2.0,12.0,9.0,10.0,8.0,11.0,,,6.0,5.0,,4.0,7.0,4.0,6.0,5.0,7.0,8.0,9.0,10.0,11.0,13.0,12.0,14.0,15.0,1.0,2.0,3.0,3.0,,,4.0,5.0,,,,,,,,,1.0,2.0,15.0,1.0,2.0,7.0,5.0,4.0,3.0,6.0,10.0,9.0,11.0,8.0,12.0,13.0,14.0,1.0,3.0,2.0,4.0,5.0,6.0,7.0,,10.0,8.0,9.0,14.0,13.0,12.0,11.0,79.78,79.0,958.0,851.0,107.0,969.0,234.0,0.59,8.0,0.38,0.0,-0.5,[0.0],[nan],[0.0],[nan],"['No', 'Yes']","[nan, 'I know what questions to expect and which details to remember, location of items etc.']",[-0.5],[-0.5],"['No', 'Yes']","[nan, 'I know what questions to expect and which details to remember, location of items etc.']",[0.5],"['The furniture/fixtures/objects in the room, The location of furniture/fixtures/objects']","[1.0, 1.0, 1.0, 1.0, nan, nan, nan, 'Visualising the room layout']",[nan],['Visualising the room layout'],['No'],"['No, I did not apply any mnemonic techniques']","[""Jayce was very nice and friendly, he patiently explained everything and spoke very clearly, all the instructions he gave was very easy to follow. This was my first time doing this kind of experiment, it was very fun and interesting. I wouldn't hesitate to do it again if there's a chance :)""]"
A059,4,1.0,1.0,1.0,1.0,1.0,1.0,1.0,0.0,1.0,1.0,1.0,1.0,0.0,1.0,1.0,0.0,1.0,1.0,0.25,0.25,0.0,1.0,1.0,0.0,1.0,1.0,1.0,1.0,1.0,1.0,0.0,0.5,0.0,0.5,1.0,0.0,0.5,0.0,0.0,0.5,0.5,0.5,1.0,1.0,0.0,0.5,0.0,0.0,1.0,1.0,1.0,1.0,1.0,1.0,0.0,1.0,1.0,1.0,1.0,1.0,0.0,0.5,0.0,0.5,0.25,0.0,0.5,0.0,0.0,0.5,0.5,0.5,1.0,0.0,0.0,1.0,1.0,1.0,0.0,1.0,1.0,1.0,1.0,1.0,1.0,1.0,1.0,1.0,1.0,1.0,1.0,1.0,1.0,0.5,0.0,0.5,1.0,0.0,0.5,0.0,0.0,0.5,0.5,0.5,1.0,1.0,0.6,1.0,0.6,0.8,0.8,0.8,0.2,0.8,1.0,1.0,1.0,0.2,1.0,0.8,0.6,1.0,1.0,1.0,1.0,0.2,0.2,0.8,0.2,0.4,1.0,0.8,1.0,0.2,0.8,0.2,0.2,0.2,0.2,1.0,0.2,0.2,0.2,0.2,0.2,0.2,0.2,0.2,0.2,0.2,0.2,0.2,0.2,1.0,0.4,1.0,1.0,1.0,1.0,0.2,0.2,1.0,1.0,1.0,1.0,0.2,0.6,0.2,0.4,0.2,0.2,0.2,0.4,0.4,0.4,0.4,0.2,0.2,0.2,0.4,1.0,0.4,1.0,0.8,0.6,0.4,0.4,0.8,0.6,0.4,1.0,0.2,0.2,1.0,1.0,1.0,1.0,0.2,0.4,0.2,0.4,0.2,0.2,0.2,0.4,0.4,0.4,0.4,0.4,0.2,136.0,25.0,422.0,61.0,53.0,52.0,40.0,23.0,29.0,50.0,38.0,72.0,34.0,49.0,84.0,,1.0,2.0,,,,,3.0,,,4.0,5.0,,,,1.0,3.0,2.0,,8.0,,4.0,,7.0,,,6.0,9.0,5.0,,1.0,3.0,2.0,11.0,5.0,6.0,4.0,7.0,10.0,,13.0,8.0,,9.0,12.0,1.0,3.0,2.0,12.0,9.0,10.0,8.0,11.0,,,6.0,5.0,,4.0,7.0,4.0,6.0,5.0,7.0,8.0,9.0,10.0,11.0,13.0,12.0,14.0,15.0,1.0,2.0,3.0,3.0,,,4.0,5.0,,,,,,,,,1.0,2.0,15.0,1.0,2.0,7.0,5.0,4.0,3.0,6.0,10.0,9.0,11.0,8.0,12.0,13.0,14.0,1.0,3.0,2.0,4.0,5.0,6.0,7.0,,10.0,8.0,9.0,14.0,13.0,12.0,11.0,151.93,151.0,773.5,981.0,54.0,924.0,256.0,0.58,8.0,0.4,0.0,-0.5,[0.0],[nan],[0.0],[nan],"['No', 'Yes']","[nan, 'I know what questions to expect and which details to remember, location of items etc. eventhough I forgot many details about this room']",[-1.0],[-0.5],"['No', 'Yes']","[nan, 'I know what questions to expect and which details to remember, location of items etc. eventhough I forgot many details about this room']",[0.5],"['The furniture/fixtures/objects in the room, The location of furniture/fixtures/objects']","[1.0, 1.0, 1.0, 1.0, nan, nan, nan, 'Visualising the room layout']",[nan],['Visualising the room layout'],['No'],"['No, I did not apply any mnemonic techniques']","['It may be useful to remind participants to bring their own water bottle, since it is the middle of summer and very hot, three hours is a long time and people can get dehydrated (although I did not feel it was that long and time went by quickly for me... hahaa~)\nI felt like there were so many details to remember in this unfamiliar room, and maybe because it was my first time experiencing VR, I was amazed by the new technology. I also feel that people who have weak visual memory may not remember many details with this method.\nAnyhow thank you for making it fun, I quite enjoyed the experience :)']"
A060,1,1.0,1.0,1.0,1.0,0.0,1.0,0.0,1.0,0.0,1.0,1.0,1.0,1.0,1.0,1.0,1.0,1.0,1.0,1.0,1.0,0.0,1.0,1.0,1.0,0.5,0.5,0.0,0.5,0.25,1.0,0.5,0.5,0.0,1.0,0.25,1.0,0.0,0.0,0.0,1.0,1.0,1.0,1.0,1.0,0.5,0.5,1.0,1.0,1.0,1.0,1.0,1.0,1.0,1.0,1.0,0.5,1.0,0.5,1.0,0.0,0.5,1.0,0.0,0.5,1.0,0.5,0.0,0.0,0.5,0.5,1.0,1.0,0.0,0.0,0.5,1.0,0.0,1.0,1.0,1.0,1.0,1.0,1.0,1.0,1.0,1.0,1.0,1.0,1.0,1.0,1.0,0.0,0.25,0.25,0.0,1.0,1.0,0.25,0.0,0.0,0.0,1.0,0.5,1.0,0.5,1.0,1.0,1.0,1.0,0.2,1.0,0.6,1.0,0.2,0.8,0.8,1.0,1.0,1.0,1.0,1.0,1.0,1.0,1.0,1.0,1.0,1.0,1.0,0.6,0.8,0.8,0.6,0.8,1.0,0.8,0.2,0.8,0.8,0.8,1.0,0.8,0.2,0.8,0.8,0.8,1.0,0.8,0.2,0.8,0.8,0.6,0.6,0.6,1.0,0.8,1.0,1.0,0.8,1.0,0.8,0.6,0.8,0.6,0.8,0.8,0.8,0.4,0.6,0.6,0.8,0.8,0.6,0.4,0.6,0.6,0.6,0.8,0.6,0.8,0.8,1.0,0.8,1.0,1.0,1.0,1.0,1.0,1.0,1.0,1.0,1.0,1.0,0.6,1.0,0.8,1.0,0.8,0.6,0.8,1.0,0.8,1.0,1.0,0.8,0.6,0.8,0.8,1.0,1.0,0.4,153.0,29.0,307.0,65.0,47.0,43.0,36.0,20.0,30.0,36.0,40.0,38.0,31.0,35.0,34.0,1.0,3.0,2.0,,4.0,5.0,,,,,,6.0,,,,6.0,8.0,7.0,9.0,10.0,11.0,,,5.0,3.0,4.0,,,2.0,,3.0,5.0,4.0,6.0,11.0,12.0,13.0,7.0,8.0,,9.0,10.0,2.0,,1.0,6.0,5.0,4.0,,7.0,8.0,,9.0,,10.0,,,3.0,2.0,1.0,3.0,5.0,4.0,,6.0,7.0,12.0,9.0,8.0,10.0,,11.0,12.0,1.0,2.0,4.0,5.0,,,,,,,,,,,2.0,3.0,1.0,1.0,2.0,3.0,12.0,4.0,5.0,11.0,6.0,8.0,7.0,9.0,10.0,13.0,,,1.0,3.0,2.0,4.0,5.0,6.0,12.0,7.0,9.0,8.0,10.0,11.0,14.0,,13.0,1.0,52.0,304.0,342.0,81.0,282.0,91.0,0.32,7.0,0.29,-0.5,-0.5,[0.0],[nan],[0.0],[nan],"['No', nan]","[nan, nan]",[-0.5],[nan],"['No', nan]","[nan, nan]",[nan],"['The furniture/fixtures/objects in the room, The location of furniture/fixtures/objects, The items you picked up, Where you picked up and put down items, The order you completed items and tasks']","[1.0, 1.0, 1.0, 1.0, nan, nan, nan, 'Visualising the room layout']",[nan],['Visualising the room layout'],['Unsure'],"['No, I did not apply any mnemonic techniques']",[nan]
A060,2,1.0,1.0,1.0,1.0,1.0,1.0,1.0,1.0,1.0,0.0,0.0,1.0,1.0,1.0,1.0,1.0,1.0,1.0,1.0,1.0,1.0,0.5,1.0,1.0,1.0,1.0,1.0,0.0,1.0,0.5,1.0,1.0,1.0,0.5,1.0,0.0,1.0,0.0,0.0,0.0,0.5,0.5,1.0,0.0,0.5,1.0,0.0,0.5,1.0,1.0,1.0,1.0,1.0,1.0,1.0,1.0,1.0,1.0,1.0,1.0,1.0,1.0,0.5,0.0,0.5,0.0,1.0,0.5,0.0,1.0,0.5,0.5,0.5,1.0,0.5,1.0,1.0,1.0,1.0,1.0,1.0,1.0,1.0,1.0,1.0,1.0,1.0,0.5,1.0,1.0,1.0,1.0,1.0,1.0,1.0,0.0,1.0,0.0,0.0,0.5,0.0,1.0,0.5,1.0,0.0,1.0,1.0,1.0,1.0,0.8,1.0,1.0,1.0,1.0,0.2,0.4,0.8,0.6,1.0,0.8,0.8,1.0,1.0,1.0,1.0,1.0,1.0,1.0,1.0,1.0,1.0,1.0,0.6,0.4,0.6,0.2,0.8,1.0,0.4,0.4,0.2,0.2,0.4,0.6,0.2,0.4,0.2,0.2,0.6,0.6,0.6,0.6,0.6,1.0,1.0,1.0,1.0,1.0,1.0,1.0,1.0,0.8,1.0,1.0,0.8,0.6,1.0,0.8,1.0,0.8,0.8,0.6,0.2,0.2,0.6,0.6,0.6,0.6,1.0,1.0,0.8,1.0,1.0,1.0,1.0,1.0,1.0,1.0,1.0,1.0,1.0,1.0,1.0,1.0,1.0,1.0,0.8,1.0,1.0,0.6,1.0,0.6,0.8,0.4,0.2,0.4,0.4,0.4,0.2,0.2,153.0,29.0,307.0,65.0,47.0,43.0,36.0,20.0,30.0,36.0,40.0,38.0,31.0,35.0,34.0,1.0,3.0,2.0,,4.0,5.0,,,,,,6.0,,,,6.0,8.0,7.0,9.0,10.0,11.0,,,5.0,3.0,4.0,,,2.0,,3.0,5.0,4.0,6.0,11.0,12.0,13.0,7.0,8.0,,9.0,10.0,2.0,,1.0,6.0,5.0,4.0,,7.0,8.0,,9.0,,10.0,,,3.0,2.0,1.0,3.0,5.0,4.0,,6.0,7.0,12.0,9.0,8.0,10.0,,11.0,12.0,1.0,2.0,4.0,5.0,,,,,,,,,,,2.0,3.0,1.0,1.0,2.0,3.0,12.0,4.0,5.0,11.0,6.0,8.0,7.0,9.0,10.0,13.0,,,1.0,3.0,2.0,4.0,5.0,6.0,12.0,7.0,9.0,8.0,10.0,11.0,14.0,,13.0,24.87,44.0,215.0,480.0,80.0,183.0,140.0,0.38,8.0,0.27,0.5,0.0,[1.0],['2 cups of coffee'],[0.0],[nan],"['No', 'Yes']","[nan, 'it helped me to visualise the room and to put a story to the portrait that was in the kitchen']",[-0.5],[-0.5],"['No', 'Yes']","[nan, 'it helped me to visualise the room and to put a story to the portrait that was in the kitchen']",[0.75],"['The furniture/fixtures/objects in the room, The location of furniture/fixtures/objects, The items you picked up']","[1.0, 1.0, 1.0, 1.0, nan, nan, nan, 'Visualising the room layout, Creating a mental story or narrative']",[nan],"['Visualising the room layout, Creating a mental story or narrative']",['Yes'],"['Yes, visual imagery']","[""i found remembering about what the items were and the order I picked them up alot harder today. i think also because I did the kitchen 3rd on my assessment day but this is only the 2nd assessment, my mind today was trying to remember my second room which was the bathroom rather than the third room so I felt confused when i started. having the visual reminders in picture form later in the quiz helped me to remember the 2 things I interacted with in the room, although didn't help me with the order of collecting them, I cant remember that at all.""]"
A060,3,1.0,1.0,0.0,1.0,1.0,1.0,0.0,0.0,1.0,1.0,1.0,0.0,0.0,1.0,1.0,0.0,0.5,1.0,0.5,0.25,0.0,0.0,1.0,0.0,0.5,0.0,0.5,1.0,1.0,0.5,0.5,1.0,0.0,0.5,0.5,0.5,0.0,0.5,0.0,1.0,0.0,1.0,1.0,0.0,0.0,0.0,1.0,0.0,1.0,1.0,1.0,1.0,1.0,1.0,1.0,0.0,1.0,1.0,1.0,1.0,0.5,1.0,0.0,0.5,0.5,0.5,0.5,0.5,0.0,0.5,0.0,0.0,0.0,0.0,0.0,1.0,0.0,1.0,1.0,0.0,1.0,1.0,1.0,1.0,1.0,1.0,1.0,0.5,1.0,1.0,1.0,0.5,0.0,1.0,0.0,1.0,0.5,1.0,1.0,1.0,0.0,0.5,0.5,0.0,1.0,1.0,1.0,0.2,1.0,0.4,1.0,0.4,0.4,1.0,1.0,1.0,0.2,0.2,1.0,1.0,0.4,1.0,1.0,1.0,1.0,1.0,1.0,1.0,0.6,1.0,1.0,1.0,0.4,0.2,0.2,1.0,1.0,1.0,0.4,0.2,0.2,1.0,0.2,0.8,0.4,0.2,0.2,0.2,0.4,0.4,0.4,0.4,1.0,1.0,0.6,1.0,1.0,1.0,1.0,1.0,0.4,1.0,0.8,1.0,0.8,0.6,0.6,1.0,0.6,0.8,0.8,1.0,0.2,0.4,0.2,1.0,0.2,0.2,1.0,1.0,0.6,0.8,1.0,1.0,1.0,1.0,0.8,1.0,1.0,1.0,1.0,1.0,0.6,1.0,1.0,1.0,1.0,0.8,0.8,0.8,1.0,1.0,0.4,1.0,0.2,0.6,0.2,0.2,0.2,0.2,153.0,29.0,307.0,65.0,47.0,43.0,36.0,20.0,30.0,36.0,40.0,38.0,31.0,35.0,34.0,1.0,3.0,2.0,,4.0,5.0,,,,,,6.0,,,,6.0,8.0,7.0,9.0,10.0,11.0,,,5.0,3.0,4.0,,,2.0,,3.0,5.0,4.0,6.0,11.0,12.0,13.0,7.0,8.0,,9.0,10.0,2.0,,1.0,6.0,5.0,4.0,,7.0,8.0,,9.0,,10.0,,,3.0,2.0,1.0,3.0,5.0,4.0,,6.0,7.0,12.0,9.0,8.0,10.0,,11.0,12.0,1.0,2.0,4.0,5.0,,,,,,,,,,,2.0,3.0,1.0,1.0,2.0,3.0,12.0,4.0,5.0,11.0,6.0,8.0,7.0,9.0,10.0,13.0,,,1.0,3.0,2.0,4.0,5.0,6.0,12.0,7.0,9.0,8.0,10.0,11.0,14.0,,13.0,94.68,33.0,239.0,279.0,40.0,186.0,122.0,0.33,8.0,0.23,-0.5,-0.5,[1.0],['1 cup'],[0.0],[nan],"['No', 'Unsure']","[nan, 'it helped me t know I would see the pictures of the things I had forgotten that I had interacted with']",[-1.0],[-1.0],"['No', 'Unsure']","[nan, 'it helped me t know I would see the pictures of the things I had forgotten that I had interacted with']",[0.0],['The furniture/fixtures/objects in the room'],"[1.0, 0.5, 1.0, 1.0, nan, 1.0, nan, 'No specific strategy']",[nan],['No specific strategy'],['Yes'],"['No, I did not apply any mnemonic techniques']",[nan]
A060,4,1.0,0.0,1.0,1.0,1.0,1.0,0.0,1.0,0.0,1.0,0.0,1.0,1.0,1.0,1.0,1.0,1.0,0.5,1.0,1.0,0.0,0.0,1.0,0.0,1.0,1.0,1.0,1.0,0.5,1.0,0.25,0.0,0.5,0.5,1.0,0.5,0.5,0.5,0.0,0.5,0.0,0.0,1.0,0.5,0.0,0.5,0.0,0.5,0.0,1.0,1.0,1.0,1.0,1.0,1.0,1.0,1.0,1.0,0.5,1.0,0.5,0.0,1.0,0.5,0.0,0.5,0.5,0.0,0.0,0.0,0.5,0.0,1.0,0.0,0.0,0.0,0.0,1.0,1.0,1.0,1.0,1.0,1.0,1.0,1.0,1.0,1.0,1.0,0.25,1.0,1.0,1.0,0.25,0.0,1.0,0.25,0.0,0.5,0.5,0.5,0.0,0.0,0.5,0.0,0.5,1.0,0.6,1.0,1.0,1.0,1.0,1.0,1.0,0.2,1.0,0.2,1.0,1.0,1.0,1.0,0.4,1.0,1.0,1.0,1.0,1.0,1.0,1.0,1.0,1.0,1.0,1.0,1.0,0.2,1.0,1.0,1.0,1.0,0.8,0.2,1.0,1.0,0.2,0.2,0.2,0.2,0.2,0.2,0.2,0.6,0.6,0.6,0.6,1.0,1.0,0.2,1.0,1.0,1.0,1.0,1.0,0.2,1.0,1.0,1.0,0.8,1.0,0.6,1.0,1.0,1.0,1.0,0.2,0.2,0.2,0.2,0.2,0.2,1.0,0.6,1.0,1.0,1.0,1.0,1.0,1.0,1.0,1.0,1.0,1.0,1.0,1.0,1.0,0.6,1.0,0.8,1.0,0.8,1.0,0.6,1.0,0.6,0.8,1.0,0.2,0.2,0.2,0.4,0.2,0.6,153.0,29.0,307.0,65.0,47.0,43.0,36.0,20.0,30.0,36.0,40.0,38.0,31.0,35.0,34.0,1.0,3.0,2.0,,4.0,5.0,,,,,,6.0,,,,6.0,8.0,7.0,9.0,10.0,11.0,,,5.0,3.0,4.0,,,2.0,,3.0,5.0,4.0,6.0,11.0,12.0,13.0,7.0,8.0,,9.0,10.0,2.0,,1.0,6.0,5.0,4.0,,7.0,8.0,,9.0,,10.0,,,3.0,2.0,1.0,3.0,5.0,4.0,,6.0,7.0,12.0,9.0,8.0,10.0,,11.0,12.0,1.0,2.0,4.0,5.0,,,,,,,,,,,2.0,3.0,1.0,1.0,2.0,3.0,12.0,4.0,5.0,11.0,6.0,8.0,7.0,9.0,10.0,13.0,,,1.0,3.0,2.0,4.0,5.0,6.0,12.0,7.0,9.0,8.0,10.0,11.0,14.0,,13.0,143.91,33.0,150.0,173.0,38.0,148.0,72.0,0.32,7.0,0.29,0.0,-0.5,[1.0],['1 coffee'],[0.0],[nan],"['No', 'Yes']","[nan, 'because I knew what kind of questions would be asked']",[-1.0],[-1.0],"['No', 'Yes']","[nan, 'because I knew what kind of questions would be asked']",[0.25],['The furniture/fixtures/objects in the room'],"[1.0, 1.0, 1.0, 1.0, nan, nan, nan, 'No specific strategy']",[nan],['Visualising the room layout'],['Yes'],"['Yes, visual imagery']",[nan]
A061,1,1.0,1.0,1.0,1.0,1.0,1.0,1.0,1.0,1.0,1.0,1.0,1.0,1.0,1.0,1.0,1.0,1.0,1.0,1.0,1.0,1.0,0.5,1.0,1.0,1.0,1.0,0.5,1.0,1.0,1.0,1.0,0.5,1.0,1.0,0.0,1.0,0.25,1.0,1.0,1.0,0.5,1.0,0.5,0.5,1.0,0.5,0.5,0.5,1.0,1.0,0.0,1.0,1.0,1.0,1.0,1.0,1.0,1.0,1.0,1.0,1.0,0.5,1.0,1.0,1.0,1.0,1.0,1.0,1.0,1.0,1.0,1.0,1.0,0.5,0.0,1.0,1.0,1.0,1.0,1.0,1.0,1.0,1.0,1.0,1.0,1.0,1.0,1.0,1.0,1.0,1.0,1.0,1.0,0.5,1.0,1.0,1.0,1.0,1.0,1.0,1.0,1.0,1.0,0.5,1.0,1.0,1.0,1.0,1.0,1.0,1.0,1.0,1.0,0.8,1.0,0.8,0.8,0.8,1.0,1.0,0.8,1.0,1.0,1.0,1.0,1.0,1.0,1.0,1.0,1.0,1.0,1.0,1.0,1.0,1.0,1.0,0.8,1.0,1.0,1.0,1.0,1.0,0.8,0.8,1.0,0.8,0.8,0.8,0.6,0.8,0.8,0.8,0.6,1.0,1.0,1.0,1.0,1.0,1.0,1.0,1.0,1.0,1.0,1.0,1.0,1.0,1.0,1.0,1.0,1.0,1.0,1.0,1.0,1.0,1.0,1.0,1.0,1.0,1.0,0.8,1.0,1.0,1.0,1.0,1.0,1.0,1.0,1.0,1.0,1.0,1.0,1.0,1.0,1.0,1.0,1.0,1.0,1.0,1.0,1.0,1.0,1.0,1.0,1.0,0.8,1.0,1.0,0.8,1.0,1.0,72.0,25.0,337.0,54.0,42.0,37.0,39.0,52.0,67.0,44.0,86.0,59.0,58.0,22.0,25.0,1.0,2.0,9.0,3.0,,5.0,8.0,4.0,,,,6.0,,,7.0,1.0,2.0,3.0,4.0,5.0,6.0,12.0,8.0,,9.0,,7.0,11.0,,10.0,14.0,13.0,12.0,11.0,10.0,9.0,6.0,5.0,3.0,4.0,1.0,,8.0,2.0,7.0,13.0,12.0,9.0,14.0,10.0,11.0,8.0,7.0,4.0,6.0,15.0,5.0,2.0,1.0,3.0,1.0,2.0,3.0,4.0,5.0,6.0,7.0,15.0,8.0,9.0,10.0,11.0,13.0,12.0,14.0,1.0,,,,7.0,,4.0,5.0,,,,6.0,3.0,,2.0,1.0,2.0,3.0,4.0,5.0,6.0,11.0,12.0,7.0,8.0,9.0,13.0,15.0,10.0,14.0,1.0,2.0,3.0,4.0,5.0,6.0,7.0,10.0,8.0,9.0,11.0,14.0,15.0,12.0,13.0,1.0,81.0,340.0,560.0,251.0,315.0,140.0,0.24,6.0,0.23,0.0,-0.5,[0.0],[nan],[0.0],[nan],"['No', nan]","[nan, nan]",[-0.5],[nan],"['No', nan]","[nan, nan]",[nan],['The order you completed items and tasks'],"[1.0, 1.0, 1.0, 1.0, nan, nan, nan, 'Creating a mental story or narrative']",[nan],"['Visualising the room layout, Creating a mental story or narrative']",['Yes'],"['No, I did not apply any mnemonic techniques']",[nan]
A061,2,1.0,1.0,1.0,1.0,0.0,1.0,1.0,1.0,1.0,0.0,1.0,1.0,1.0,0.0,0.0,1.0,1.0,1.0,1.0,1.0,0.0,1.0,1.0,1.0,1.0,0.5,1.0,0.0,0.25,0.5,1.0,1.0,1.0,0.0,0.5,0.5,1.0,0.0,0.5,0.0,0.5,0.0,1.0,0.5,1.0,0.0,0.5,0.0,1.0,1.0,1.0,1.0,1.0,1.0,1.0,1.0,1.0,1.0,1.0,1.0,0.25,1.0,1.0,0.5,1.0,0.5,1.0,0.0,1.0,0.0,0.5,0.0,1.0,0.0,0.0,1.0,0.0,1.0,1.0,1.0,1.0,1.0,1.0,1.0,1.0,1.0,1.0,1.0,1.0,0.5,1.0,1.0,1.0,1.0,1.0,0.5,1.0,0.5,1.0,0.5,0.5,0.0,0.5,0.0,1.0,1.0,1.0,1.0,1.0,1.0,1.0,1.0,0.8,0.8,0.2,0.8,0.8,1.0,0.8,0.8,0.8,1.0,1.0,1.0,1.0,1.0,1.0,1.0,1.0,1.0,1.0,0.8,1.0,1.0,0.2,1.0,0.8,1.0,1.0,1.0,0.2,1.0,0.8,0.8,0.8,0.8,0.2,1.0,0.6,0.8,0.8,0.6,0.6,1.0,1.0,1.0,1.0,1.0,1.0,1.0,1.0,1.0,0.6,1.0,1.0,1.0,1.0,1.0,0.8,1.0,1.0,1.0,0.8,0.8,0.8,0.8,1.0,1.0,1.0,1.0,1.0,1.0,1.0,1.0,1.0,0.8,1.0,1.0,1.0,1.0,1.0,1.0,1.0,1.0,0.4,1.0,1.0,1.0,1.0,1.0,0.8,1.0,1.0,1.0,1.0,0.8,0.6,1.0,1.0,1.0,72.0,25.0,337.0,54.0,42.0,37.0,39.0,52.0,67.0,44.0,86.0,59.0,58.0,22.0,25.0,1.0,2.0,9.0,3.0,,5.0,8.0,4.0,,,,6.0,,,7.0,1.0,2.0,3.0,4.0,5.0,6.0,12.0,8.0,,9.0,,7.0,11.0,,10.0,14.0,13.0,12.0,11.0,10.0,9.0,6.0,5.0,3.0,4.0,1.0,,8.0,2.0,7.0,13.0,12.0,9.0,14.0,10.0,11.0,8.0,7.0,4.0,6.0,15.0,5.0,2.0,1.0,3.0,1.0,2.0,3.0,4.0,5.0,6.0,7.0,15.0,8.0,9.0,10.0,11.0,13.0,12.0,14.0,1.0,,,,7.0,,4.0,5.0,,,,6.0,3.0,,2.0,1.0,2.0,3.0,4.0,5.0,6.0,11.0,12.0,7.0,8.0,9.0,13.0,15.0,10.0,14.0,1.0,2.0,3.0,4.0,5.0,6.0,7.0,10.0,8.0,9.0,11.0,14.0,15.0,12.0,13.0,35.16,56.0,622.0,768.67,136.0,495.0,201.0,0.68,5.0,0.25,-0.5,-1.0,[0.0],[nan],[0.0],[nan],"['No', 'Unsure']","[nan, 'pillars order, however not same order for al sections, hence unsure']",[-0.5],[-0.5],"['No', 'Unsure']","[nan, 'pillars order, however not same order for al sections, hence unsure']",[0.25],['Where you picked up and put down items'],"[1.0, 1.0, 1.0, 1.0, nan, nan, nan, 'No specific strategy']",[nan],['Visualising the room layout'],['No'],['Unsure'],[nan]
A061,3,1.0,1.0,1.0,1.0,1.0,0.0,0.0,0.0,1.0,1.0,1.0,1.0,1.0,0.0,1.0,1.0,1.0,1.0,1.0,1.0,0.0,0.0,0.0,1.0,1.0,0.5,1.0,1.0,0.0,1.0,1.0,0.0,0.0,1.0,0.0,1.0,1.0,0.0,0.0,0.5,0.0,1.0,0.0,1.0,0.0,1.0,0.0,0.5,1.0,0.0,1.0,1.0,1.0,1.0,1.0,0.0,1.0,1.0,0.0,1.0,1.0,0.0,0.0,1.0,0.0,1.0,1.0,0.5,0.0,0.0,0.5,0.5,0.5,1.0,0.0,1.0,0.5,1.0,1.0,1.0,1.0,1.0,1.0,1.0,1.0,1.0,1.0,1.0,1.0,1.0,0.0,1.0,0.5,1.0,0.0,1.0,0.0,1.0,1.0,0.0,0.5,0.0,0.0,0.0,0.0,1.0,1.0,1.0,1.0,1.0,0.8,0.4,1.0,1.0,1.0,1.0,1.0,1.0,0.8,0.6,1.0,1.0,1.0,1.0,1.0,1.0,1.0,0.6,0.4,1.0,1.0,1.0,0.4,0.4,0.2,0.4,1.0,1.0,1.0,1.0,0.2,0.8,0.2,0.2,0.2,0.2,0.2,0.2,0.4,0.4,0.4,0.4,0.4,1.0,0.2,1.0,1.0,1.0,1.0,1.0,0.2,0.4,0.8,0.2,1.0,1.0,0.2,0.4,0.8,0.8,1.0,1.0,0.2,0.4,0.2,0.2,0.2,0.2,0.4,0.6,1.0,0.8,1.0,1.0,1.0,1.0,1.0,1.0,1.0,1.0,1.0,1.0,0.4,1.0,1.0,0.4,1.0,1.0,1.0,0.4,1.0,0.4,1.0,1.0,0.2,0.2,0.2,0.4,0.2,0.6,72.0,25.0,337.0,54.0,42.0,37.0,39.0,52.0,67.0,44.0,86.0,59.0,58.0,22.0,25.0,1.0,2.0,9.0,3.0,,5.0,8.0,4.0,,,,6.0,,,7.0,1.0,2.0,3.0,4.0,5.0,6.0,12.0,8.0,,9.0,,7.0,11.0,,10.0,14.0,13.0,12.0,11.0,10.0,9.0,6.0,5.0,3.0,4.0,1.0,,8.0,2.0,7.0,13.0,12.0,9.0,14.0,10.0,11.0,8.0,7.0,4.0,6.0,15.0,5.0,2.0,1.0,3.0,1.0,2.0,3.0,4.0,5.0,6.0,7.0,15.0,8.0,9.0,10.0,11.0,13.0,12.0,14.0,1.0,,,,7.0,,4.0,5.0,,,,6.0,3.0,,2.0,1.0,2.0,3.0,4.0,5.0,6.0,11.0,12.0,7.0,8.0,9.0,13.0,15.0,10.0,14.0,1.0,2.0,3.0,4.0,5.0,6.0,7.0,10.0,8.0,9.0,11.0,14.0,15.0,12.0,13.0,82.55,39.0,481.0,842.0,117.0,330.0,222.0,0.68,5.0,0.23,-0.5,-1.0,[0.0],[nan],[0.0],[nan],"['No', 'Unsure']","[nan, 'sometimes I could remember objects belong to a different section.']",[-0.5],[-0.5],"['No', 'Unsure']","[nan, 'sometimes I could remember objects belong to a different section.']",[0.0],"['The furniture/fixtures/objects in the room, Where you picked up and put down items']","[1.0, 1.0, 1.0, 1.0, nan, nan, nan, 'Associating items with personal experiences']",[nan],['Visualising the room layout'],['No'],"['No, I did not apply any mnemonic techniques']",['Are we able to know the final test or score? mean if we are people who might experience dementia in few decades?\nThank you']
A061,4,1.0,1.0,1.0,1.0,1.0,1.0,0.0,0.0,1.0,1.0,1.0,0.0,0.0,0.0,1.0,1.0,1.0,1.0,1.0,1.0,1.0,1.0,1.0,0.0,1.0,1.0,1.0,0.5,1.0,0.0,0.0,0.0,1.0,1.0,1.0,1.0,1.0,1.0,0.5,0.0,0.0,0.0,0.0,0.5,0.5,0.0,0.5,0.0,1.0,0.0,1.0,1.0,1.0,1.0,0.0,0.0,1.0,0.5,1.0,0.0,0.5,0.25,0.5,1.0,1.0,0.5,1.0,0.0,0.0,0.0,0.0,0.0,0.0,1.0,0.0,1.0,0.0,1.0,0.0,1.0,1.0,1.0,1.0,1.0,1.0,1.0,1.0,1.0,1.0,0.5,1.0,0.0,0.5,0.5,0.5,1.0,1.0,1.0,0.5,0.0,0.0,1.0,0.0,0.0,0.0,1.0,1.0,1.0,1.0,1.0,1.0,0.2,0.4,1.0,1.0,1.0,0.2,0.2,1.0,1.0,1.0,1.0,1.0,1.0,1.0,0.4,1.0,1.0,0.4,1.0,0.8,1.0,0.4,0.2,0.2,0.2,1.0,1.0,0.2,0.2,1.0,0.2,0.4,0.4,0.2,0.2,0.2,0.2,0.6,0.6,0.6,0.8,0.8,1.0,1.0,1.0,1.0,1.0,0.8,1.0,1.0,1.0,1.0,1.0,1.0,0.2,1.0,0.8,1.0,1.0,1.0,0.2,0.6,0.8,1.0,1.0,0.8,0.2,1.0,1.0,0.4,0.8,1.0,1.0,1.0,1.0,1.0,1.0,1.0,1.0,1.0,1.0,0.4,1.0,1.0,1.0,1.0,0.6,0.4,1.0,1.0,1.0,1.0,0.6,0.4,0.4,0.4,1.0,0.4,0.6,72.0,25.0,337.0,54.0,42.0,37.0,39.0,52.0,67.0,44.0,86.0,59.0,58.0,22.0,25.0,1.0,2.0,9.0,3.0,,5.0,8.0,4.0,,,,6.0,,,7.0,1.0,2.0,3.0,4.0,5.0,6.0,12.0,8.0,,9.0,,7.0,11.0,,10.0,14.0,13.0,12.0,11.0,10.0,9.0,6.0,5.0,3.0,4.0,1.0,,8.0,2.0,7.0,13.0,12.0,9.0,14.0,10.0,11.0,8.0,7.0,4.0,6.0,15.0,5.0,2.0,1.0,3.0,1.0,2.0,3.0,4.0,5.0,6.0,7.0,15.0,8.0,9.0,10.0,11.0,13.0,12.0,14.0,1.0,,,,7.0,,4.0,5.0,,,,6.0,3.0,,2.0,1.0,2.0,3.0,4.0,5.0,6.0,11.0,12.0,7.0,8.0,9.0,13.0,15.0,10.0,14.0,1.0,2.0,3.0,4.0,5.0,6.0,7.0,10.0,8.0,9.0,11.0,14.0,15.0,12.0,13.0,146.56,45.0,481.0,904.0,125.0,376.0,174.0,0.3,6.0,0.27,-0.5,-0.5,[0.0],[nan],[0.0],[nan],"['No', 'Unsure']","[nan, 'Not sure pillars got mix in my mind']",[-0.5],[-0.5],"['No', 'Unsure']","[nan, 'Not sure pillars got mix in my mind']",[0.0],['The items you picked up'],"[1.0, 1.0, 1.0, 1.0, nan, nan, nan, 'No specific strategy, Creating a mental story or narrative']",[nan],"['No specific strategy, Creating a mental story or narrative']",['No'],"['No, I did not apply any mnemonic techniques']",['Can I get final results please?']
A062,1,1.0,1.0,1.0,1.0,1.0,1.0,1.0,1.0,1.0,1.0,0.0,1.0,1.0,1.0,1.0,1.0,1.0,1.0,1.0,1.0,1.0,1.0,1.0,0.0,1.0,1.0,1.0,0.0,0.5,1.0,1.0,1.0,1.0,0.0,0.0,0.0,1.0,0.5,0.5,0.5,0.5,0.5,0.5,0.0,0.0,0.0,0.0,0.0,1.0,1.0,1.0,1.0,1.0,1.0,1.0,1.0,1.0,0.0,1.0,1.0,1.0,1.0,1.0,0.0,1.0,0.0,1.0,1.0,1.0,0.5,0.5,0.5,0.0,0.0,0.0,1.0,0.0,1.0,1.0,1.0,1.0,1.0,1.0,1.0,1.0,1.0,1.0,1.0,1.0,0.0,1.0,1.0,1.0,1.0,1.0,0.0,1.0,0.0,1.0,0.5,1.0,0.5,0.0,0.5,0.0,0.8,1.0,1.0,1.0,1.0,0.8,0.8,1.0,1.0,1.0,0.2,0.8,1.0,1.0,1.0,1.0,1.0,1.0,1.0,1.0,0.4,0.4,0.8,0.4,1.0,1.0,1.0,0.6,0.6,0.2,0.6,1.0,0.4,0.8,0.2,0.2,0.8,0.4,0.2,0.6,0.2,0.2,0.6,0.4,0.4,0.4,0.4,0.4,1.0,1.0,1.0,1.0,1.0,1.0,1.0,1.0,1.0,1.0,1.0,1.0,1.0,0.8,0.4,1.0,0.6,0.2,1.0,0.4,0.4,0.6,0.4,0.2,0.2,0.8,0.4,1.0,0.4,1.0,1.0,1.0,1.0,1.0,1.0,1.0,1.0,1.0,1.0,1.0,1.0,1.0,1.0,1.0,1.0,1.0,0.4,0.6,0.2,0.2,0.8,0.4,0.4,0.4,0.4,0.4,0.4,98.0,21.0,219.0,52.0,43.0,23.0,22.0,14.0,34.0,72.0,86.0,45.0,27.0,78.0,68.0,1.0,2.0,,3.0,,,,,,5.0,6.0,7.0,,4.0,,3.0,4.0,,2.0,,1.0,,5.0,,7.0,8.0,9.0,10.0,6.0,,6.0,7.0,8.0,12.0,9.0,13.0,2.0,10.0,,3.0,,5.0,11.0,4.0,1.0,2.0,3.0,4.0,9.0,7.0,6.0,8.0,11.0,1.0,,,12.0,10.0,,5.0,2.0,3.0,4.0,7.0,5.0,6.0,8.0,9.0,,11.0,1.0,,13.0,10.0,12.0,,,,,,,,,,,,4.0,3.0,2.0,1.0,1.0,2.0,11.0,6.0,4.0,5.0,8.0,9.0,,7.0,12.0,16.0,3.0,14.0,10.0,1.0,2.0,3.0,6.0,4.0,5.0,8.0,9.0,15.0,7.0,13.0,14.0,12.0,10.0,11.0,1.0,40.0,421.0,594.0,100.0,265.0,107.0,0.24,7.0,0.23,0.5,0.0,[0.0],[nan],[0.0],[nan],"['No', nan]","[nan, nan]",[-0.5],[nan],"['No', nan]","[nan, nan]",[nan],"['The furniture/fixtures/objects in the room, The location of furniture/fixtures/objects, The items you picked up, Where you picked up and put down items, The order you completed items and tasks']","[1.0, 1.0, 0.8, 1.0, nan, nan, nan, 'Visualising the room layout']",[nan],['Visualising the room layout'],['Yes'],"['No, I did not apply any mnemonic techniques']",[nan]
A062,2,1.0,1.0,1.0,1.0,1.0,0.0,1.0,1.0,1.0,1.0,1.0,0.0,0.0,0.0,1.0,1.0,1.0,1.0,1.0,1.0,0.0,0.0,0.0,0.0,1.0,0.0,1.0,1.0,1.0,1.0,0.0,0.5,0.0,1.0,1.0,1.0,1.0,0.5,1.0,0.0,0.5,0.0,0.0,1.0,1.0,1.0,1.0,1.0,1.0,1.0,1.0,1.0,1.0,1.0,1.0,0.0,1.0,1.0,1.0,0.0,0.0,0.5,0.0,0.5,1.0,0.0,1.0,0.5,0.0,0.0,1.0,0.0,0.0,0.0,0.0,1.0,0.0,1.0,1.0,1.0,1.0,1.0,1.0,1.0,1.0,1.0,1.0,0.0,1.0,1.0,1.0,1.0,0.0,0.5,0.0,1.0,1.0,1.0,1.0,1.0,0.5,0.0,1.0,0.0,1.0,1.0,1.0,0.8,0.8,0.8,0.8,0.4,0.8,0.4,0.8,1.0,0.4,0.2,0.6,0.8,0.8,1.0,1.0,1.0,0.8,0.8,0.8,0.8,0.4,1.0,1.0,0.6,0.8,1.0,0.6,0.2,1.0,0.4,0.2,0.2,0.6,0.2,0.2,0.2,0.2,0.2,0.4,0.2,0.2,0.2,0.4,0.2,0.2,1.0,0.8,0.8,1.0,1.0,0.2,1.0,0.6,0.8,0.8,1.0,0.2,0.2,0.4,0.2,0.2,1.0,0.2,0.6,0.2,0.2,0.2,0.6,0.2,0.4,0.6,0.6,0.6,0.4,0.4,0.4,1.0,1.0,1.0,1.0,1.0,1.0,0.4,1.0,0.4,1.0,1.0,1.0,0.4,0.4,0.4,0.2,0.4,1.0,0.4,0.6,0.2,0.2,0.2,0.4,0.2,0.2,98.0,21.0,219.0,52.0,43.0,23.0,22.0,14.0,34.0,72.0,86.0,45.0,27.0,78.0,68.0,1.0,2.0,,3.0,,,,,,5.0,6.0,7.0,,4.0,,3.0,4.0,,2.0,,1.0,,5.0,,7.0,8.0,9.0,10.0,6.0,,6.0,7.0,8.0,12.0,9.0,13.0,2.0,10.0,,3.0,,5.0,11.0,4.0,1.0,2.0,3.0,4.0,9.0,7.0,6.0,8.0,11.0,1.0,,,12.0,10.0,,5.0,2.0,3.0,4.0,7.0,5.0,6.0,8.0,9.0,,11.0,1.0,,13.0,10.0,12.0,,,,,,,,,,,,4.0,3.0,2.0,1.0,1.0,2.0,11.0,6.0,4.0,5.0,8.0,9.0,,7.0,12.0,16.0,3.0,14.0,10.0,1.0,2.0,3.0,6.0,4.0,5.0,8.0,9.0,15.0,7.0,13.0,14.0,12.0,10.0,11.0,44.69,67.0,349.0,704.0,83.0,427.0,125.0,0.06,7.0,0.27,0.0,0.0,[0.0],[nan],[0.0],[nan],"['No', 'Unsure']","[nan, nan]",[-1.0],[-0.5],"['No', 'Unsure']","[nan, nan]",[0.0],['The items you picked up'],"[1.0, 1.0, 1.0, 1.0, nan, nan, nan, 'Visualising the room layout']",[nan],['Visualising the room layout'],['No'],"['No, I did not apply any mnemonic techniques']","['I did not think of the bedroom since my VR tour so the answer to the question """"Since your virtual experience in the bedroom, what kind of elements have you thought about? Select all that apply."""" The order of items picked up was very difficult. I do not recall the knife at all. I have also lost any memory of the wall and floor colours.']"
A062,3,1.0,1.0,1.0,0.0,1.0,1.0,0.0,0.0,0.0,1.0,0.0,0.0,0.0,1.0,1.0,1.0,1.0,1.0,1.0,1.0,0.0,0.5,1.0,1.0,1.0,0.0,1.0,1.0,1.0,0.0,1.0,0.5,0.0,0.0,0.5,0.0,0.0,1.0,0.0,0.0,1.0,0.0,1.0,0.0,0.0,0.5,1.0,0.0,1.0,1.0,1.0,1.0,1.0,0.0,0.0,0.0,1.0,1.0,0.5,0.5,0.0,0.0,1.0,0.0,0.0,1.0,0.0,0.0,0.0,0.0,0.0,0.5,0.0,0.0,0.5,1.0,0.5,1.0,1.0,1.0,1.0,1.0,1.0,0.0,1.0,0.0,1.0,0.0,1.0,1.0,0.5,0.0,1.0,0.0,0.0,0.0,0.0,1.0,0.5,0.0,0.0,0.5,0.0,0.5,0.0,0.8,1.0,0.8,0.2,1.0,0.4,1.0,0.2,0.2,1.0,0.2,0.2,0.2,0.6,0.4,0.6,1.0,1.0,1.0,1.0,0.4,1.0,0.4,0.4,1.0,0.2,0.2,1.0,0.2,0.2,0.2,0.2,0.2,0.2,0.2,0.2,0.2,0.2,0.2,0.2,0.2,0.2,0.2,0.2,0.2,0.4,0.2,0.4,1.0,0.6,1.0,1.0,0.8,0.2,0.2,0.4,1.0,1.0,1.0,0.2,0.2,0.4,0.2,0.2,0.4,0.2,0.2,0.2,0.2,0.2,0.2,0.2,0.2,0.4,0.6,0.4,0.2,1.0,1.0,0.6,1.0,1.0,1.0,0.6,1.0,0.2,0.8,0.6,1.0,0.8,0.4,0.2,0.2,0.4,0.2,0.4,0.6,0.8,0.2,0.2,0.2,0.4,0.2,0.2,0.2,98.0,21.0,219.0,52.0,43.0,23.0,22.0,14.0,34.0,72.0,86.0,45.0,27.0,78.0,68.0,1.0,2.0,,3.0,,,,,,5.0,6.0,7.0,,4.0,,3.0,4.0,,2.0,,1.0,,5.0,,7.0,8.0,9.0,10.0,6.0,,6.0,7.0,8.0,12.0,9.0,13.0,2.0,10.0,,3.0,,5.0,11.0,4.0,1.0,2.0,3.0,4.0,9.0,7.0,6.0,8.0,11.0,1.0,,,12.0,10.0,,5.0,2.0,3.0,4.0,7.0,5.0,6.0,8.0,9.0,,11.0,1.0,,13.0,10.0,12.0,,,,,,,,,,,,4.0,3.0,2.0,1.0,1.0,2.0,11.0,6.0,4.0,5.0,8.0,9.0,,7.0,12.0,16.0,3.0,14.0,10.0,1.0,2.0,3.0,6.0,4.0,5.0,8.0,9.0,15.0,7.0,13.0,14.0,12.0,10.0,11.0,92.72,47.0,361.0,161.0,45.0,283.0,132.0,0.08,7.0,0.25,0.0,0.0,[0.0],[nan],[0.0],[nan],"['No', 'No']","[nan, ""It didn't help. I got all mixed up.""]",[-1.0],[-1.0],"['No', 'No']","[nan, ""It didn't help. I got all mixed up.""]",[0.0],['The furniture/fixtures/objects in the room'],"[1.0, 1.0, 0.8, 1.0, nan, nan, nan, 'No specific strategy, Visualising the room layout']",[nan],"['No specific strategy, Visualising the room layout']",['No'],"['No, I did not apply any mnemonic techniques']",['I did not think of the test at all after the experiement. \nI have lost track of objects I encountered during the experiement.']
A062,4,1.0,1.0,1.0,1.0,1.0,1.0,0.0,0.0,0.0,0.0,0.0,0.0,0.0,0.0,0.0,1.0,1.0,1.0,1.0,1.0,0.0,0.0,1.0,0.0,1.0,0.25,0.0,0.5,1.0,0.0,0.5,0.0,0.5,0.0,0.0,0.0,1.0,0.0,0.0,0.0,0.5,1.0,0.5,0.0,0.0,0.0,1.0,0.0,0.0,1.0,0.0,1.0,1.0,1.0,1.0,0.5,0.25,0.5,1.0,1.0,0.5,0.5,0.25,1.0,0.0,0.0,0.0,0.0,0.0,0.0,0.0,0.5,0.0,0.0,1.0,1.0,0.0,1.0,1.0,1.0,1.0,1.0,1.0,1.0,0.0,1.0,1.0,0.5,1.0,0.5,1.0,1.0,0.5,0.5,0.5,0.5,0.0,0.0,0.0,0.0,1.0,0.0,0.0,0.0,1.0,0.6,0.6,0.6,0.8,0.6,0.6,0.4,0.2,0.2,0.2,1.0,0.2,0.2,0.6,0.6,0.4,0.8,1.0,0.8,0.6,0.6,0.6,0.2,0.6,0.8,0.8,0.2,0.2,0.2,0.2,0.2,0.2,0.2,0.2,0.2,0.2,0.2,0.2,0.2,0.2,0.2,0.2,0.2,0.2,0.2,0.2,0.2,0.2,0.2,0.2,0.8,0.4,0.8,0.6,0.4,0.2,0.8,0.4,0.8,0.6,0.4,0.2,0.2,0.2,0.2,0.2,0.2,0.2,0.2,0.2,0.2,0.2,0.2,0.4,0.4,0.4,0.2,1.0,0.6,0.4,1.0,0.6,1.0,0.4,0.2,0.4,0.6,0.4,1.0,0.2,0.2,0.6,0.6,0.2,0.2,0.2,0.2,0.4,0.4,0.2,0.2,0.2,0.2,0.2,0.2,98.0,21.0,219.0,52.0,43.0,23.0,22.0,14.0,34.0,72.0,86.0,45.0,27.0,78.0,68.0,1.0,2.0,,3.0,,,,,,5.0,6.0,7.0,,4.0,,3.0,4.0,,2.0,,1.0,,5.0,,7.0,8.0,9.0,10.0,6.0,,6.0,7.0,8.0,12.0,9.0,13.0,2.0,10.0,,3.0,,5.0,11.0,4.0,1.0,2.0,3.0,4.0,9.0,7.0,6.0,8.0,11.0,1.0,,,12.0,10.0,,5.0,2.0,3.0,4.0,7.0,5.0,6.0,8.0,9.0,,11.0,1.0,,13.0,10.0,12.0,,,,,,,,,,,,4.0,3.0,2.0,1.0,1.0,2.0,11.0,6.0,4.0,5.0,8.0,9.0,,7.0,12.0,16.0,3.0,14.0,10.0,1.0,2.0,3.0,6.0,4.0,5.0,8.0,9.0,15.0,7.0,13.0,14.0,12.0,10.0,11.0,149.18,38.0,958.0,602.0,78.0,405.0,120.0,0.4,6.0,0.29,0.0,0.0,[1.0],['1 cup of tea'],[0.0],[nan],"['No', 'No']","[nan, ""It didn't help. I got all mixed up.""]",[-1.0],[-1.0],"['No', 'No']","[nan, ""It didn't help. I got all mixed up.""]",[0.0],['Where you picked up and put down items'],"[1.0, 1.0, 0.6, 0.8, nan, nan, nan, 'No specific strategy, Visualising the room layout']",[nan],"['No specific strategy, Visualising the room layout']",['Yes'],"['No, I did not apply any mnemonic techniques']","['I found the cartoon-like images hard to remember, but the real-person images have stuck to my mind very clearly. I found it difficult to remember the items I moved around as they were all weightless images, and not real items.']"
A063,1,1.0,1.0,1.0,1.0,1.0,1.0,1.0,1.0,1.0,1.0,0.0,1.0,0.0,1.0,1.0,1.0,1.0,1.0,1.0,1.0,0.0,0.0,1.0,0.0,0.25,1.0,0.5,1.0,0.25,1.0,0.5,1.0,0.5,1.0,0.0,1.0,0.5,1.0,0.0,1.0,0.0,0.0,0.0,0.5,0.0,0.0,0.5,0.0,1.0,1.0,1.0,1.0,1.0,1.0,1.0,1.0,0.5,1.0,1.0,1.0,1.0,1.0,1.0,1.0,0.0,0.0,0.5,0.5,0.5,1.0,0.5,0.0,0.5,0.5,0.0,1.0,1.0,1.0,1.0,1.0,1.0,1.0,1.0,1.0,1.0,1.0,1.0,1.0,1.0,1.0,1.0,1.0,1.0,1.0,0.5,1.0,0.0,0.0,0.5,0.5,0.0,1.0,0.5,0.0,0.0,0.8,0.8,0.8,0.8,0.8,0.6,0.6,0.8,0.8,0.8,0.4,0.4,0.2,0.8,0.4,0.4,0.8,0.8,0.8,0.8,0.4,0.4,0.6,0.6,0.8,0.8,0.4,0.8,0.4,0.4,0.4,0.4,0.4,0.8,0.4,0.4,0.2,0.4,0.4,0.8,0.2,0.4,0.2,0.4,0.4,0.4,0.4,0.4,0.8,0.6,0.4,0.8,0.8,0.8,0.8,0.4,0.4,0.6,0.6,0.4,0.6,0.4,0.4,0.6,0.4,0.2,0.4,0.4,0.4,0.8,0.4,0.4,0.4,0.6,0.4,0.6,0.4,0.6,0.6,0.6,0.8,0.8,0.8,0.8,1.0,1.0,1.0,0.8,0.6,1.0,0.4,1.0,0.4,0.4,0.6,0.8,0.4,0.4,0.6,0.4,0.4,1.0,0.4,0.4,0.4,86.0,34.0,295.0,50.0,65.0,35.0,30.0,37.0,36.0,30.0,33.0,51.0,21.0,29.0,48.0,11.0,9.0,10.0,,,,8.0,7.0,6.0,5.0,,4.0,2.0,3.0,1.0,6.0,7.0,8.0,3.0,4.0,2.0,9.0,10.0,,5.0,1.0,,,,11.0,9.0,8.0,7.0,10.0,12.0,11.0,,,,4.0,5.0,3.0,1.0,2.0,6.0,10.0,9.0,8.0,13.0,11.0,12.0,,,6.0,7.0,5.0,4.0,3.0,2.0,1.0,3.0,5.0,4.0,8.0,7.0,9.0,,,10.0,12.0,11.0,2.0,13.0,1.0,6.0,9.0,6.0,,7.0,,10.0,8.0,,,,5.0,4.0,3.0,2.0,1.0,1.0,3.0,2.0,7.0,13.0,8.0,12.0,11.0,,4.0,6.0,5.0,9.0,10.0,,1.0,2.0,3.0,6.0,8.0,7.0,5.0,4.0,10.0,12.0,9.0,11.0,13.0,14.0,,1.0,53.0,305.0,773.0,64.0,329.0,151.0,0.24,8.0,0.23,-1.0,0.0,[0.0],[nan],[0.0],[nan],"['No', nan]","[nan, nan]",[0.0],[nan],"['No', nan]","[nan, nan]",[nan],"['The furniture/fixtures/objects in the room, The location of furniture/fixtures/objects, The items you picked up, Where you picked up and put down items, The order you completed items and tasks']","[1.0, 1.0, 0.8, 0.8, nan, nan, nan, 'Visualising the room layout, Associating items with personal experiences']",[nan],"['Visualising the room layout, Associating items with personal experiences']",['Yes'],"['No, I did not apply any mnemonic techniques']",[nan]
A063,2,1.0,1.0,1.0,0.0,1.0,1.0,0.0,1.0,0.0,0.0,1.0,0.0,0.0,1.0,1.0,1.0,1.0,1.0,1.0,1.0,0.0,0.0,1.0,1.0,1.0,1.0,0.0,0.5,0.5,1.0,0.5,1.0,0.0,1.0,0.5,1.0,1.0,0.5,1.0,0.0,0.5,0.5,0.0,1.0,0.5,0.5,0.0,0.0,1.0,1.0,1.0,1.0,1.0,1.0,1.0,1.0,1.0,1.0,1.0,1.0,1.0,1.0,0.0,1.0,1.0,1.0,0.0,1.0,0.0,0.0,0.5,0.0,1.0,0.0,0.0,1.0,0.0,1.0,1.0,1.0,1.0,1.0,1.0,1.0,1.0,1.0,1.0,1.0,1.0,1.0,1.0,1.0,1.0,1.0,0.0,1.0,1.0,1.0,0.0,0.0,1.0,0.0,0.5,0.0,0.5,0.6,0.6,0.4,0.2,0.8,0.8,0.8,0.6,0.2,0.2,0.8,0.4,0.4,0.4,0.4,0.4,0.6,0.6,0.8,0.6,0.2,0.4,0.6,0.4,0.8,0.4,0.4,0.8,0.4,0.4,0.2,0.8,0.6,0.4,0.2,0.2,0.2,0.4,0.4,0.4,0.4,0.4,0.2,0.4,0.2,0.4,0.2,0.4,0.8,0.8,0.4,0.6,0.8,0.8,0.8,0.4,0.4,0.6,0.8,0.6,0.8,0.6,0.2,0.6,0.2,0.4,0.4,0.4,0.2,0.4,0.4,0.4,0.4,0.4,0.4,0.4,0.4,0.6,0.8,0.8,0.8,0.8,0.8,0.8,0.8,0.8,1.0,0.4,0.6,0.6,0.4,0.6,0.8,0.4,0.4,0.8,0.2,0.6,0.4,0.4,0.4,0.4,0.4,0.4,0.4,86.0,34.0,295.0,50.0,65.0,35.0,30.0,37.0,36.0,30.0,33.0,51.0,21.0,29.0,48.0,11.0,9.0,10.0,,,,8.0,7.0,6.0,5.0,,4.0,2.0,3.0,1.0,6.0,7.0,8.0,3.0,4.0,2.0,9.0,10.0,,5.0,1.0,,,,11.0,9.0,8.0,7.0,10.0,12.0,11.0,,,,4.0,5.0,3.0,1.0,2.0,6.0,10.0,9.0,8.0,13.0,11.0,12.0,,,6.0,7.0,5.0,4.0,3.0,2.0,1.0,3.0,5.0,4.0,8.0,7.0,9.0,,,10.0,12.0,11.0,2.0,13.0,1.0,6.0,9.0,6.0,,7.0,,10.0,8.0,,,,5.0,4.0,3.0,2.0,1.0,1.0,3.0,2.0,7.0,13.0,8.0,12.0,11.0,,4.0,6.0,5.0,9.0,10.0,,1.0,2.0,3.0,6.0,8.0,7.0,5.0,4.0,10.0,12.0,9.0,11.0,13.0,14.0,,21.98,38.0,613.0,605.0,61.0,352.0,167.0,0.14,8.0,0.25,0.5,-0.5,[0.0],[nan],[0.0],[nan],"['No', 'Yes']","[nan, 'helped a bit in Remembering items, furniture, locations']",[0.0],[0.5],"['No', 'Yes']","[nan, 'helped a bit in Remembering items, furniture, locations']",[0.25],"['The furniture/fixtures/objects in the room, The items you picked up']","[1.0, 1.0, 0.6, 0.6, nan, nan, nan, 'Visualising the room layout, Associating items with personal experiences, Creating a mental story or narrative']",[nan],"['Visualising the room layout, Associating items with personal experiences, Creating a mental story or narrative']",['Yes'],"['Yes, visual imagery']","['Just a random thought that Jase said I could add, after I completed the first post-VR experience questionnaire. In the very first recall of listing all items in order to progress with the next questions in the questionnaire, it MIGHT help some people (who are hard on themselves, to avoid panic or frustration) to mention in the questionnaire that the items will be explicitly mentioned later in the questionnaire and that this will therefore help their overall recall. But you are the experts so please disregard if not relevant.']"
A063,3,1.0,1.0,1.0,1.0,1.0,1.0,1.0,0.0,1.0,0.0,0.0,1.0,0.0,1.0,0.0,0.0,1.0,1.0,1.0,1.0,0.0,0.5,1.0,0.0,1.0,1.0,1.0,0.0,1.0,0.25,0.0,0.5,0.0,0.0,1.0,0.0,0.25,0.5,0.5,0.5,1.0,0.0,0.0,0.0,0.5,1.0,0.0,0.5,1.0,1.0,1.0,1.0,1.0,1.0,1.0,1.0,1.0,0.0,1.0,1.0,1.0,0.5,0.0,0.0,0.5,0.0,0.0,0.0,0.5,0.5,0.5,0.0,0.0,0.0,0.0,1.0,1.0,1.0,1.0,1.0,1.0,1.0,1.0,1.0,1.0,1.0,1.0,1.0,1.0,0.0,1.0,1.0,1.0,0.5,0.0,0.0,0.25,0.0,0.0,1.0,0.0,1.0,1.0,0.0,0.5,0.4,0.4,0.4,0.4,0.2,0.4,0.4,0.2,0.6,0.2,0.2,0.2,0.2,0.4,0.4,0.4,0.6,0.6,0.6,0.6,0.4,0.4,0.6,0.2,0.6,0.8,0.2,0.2,0.4,0.2,0.4,0.4,0.2,0.4,0.4,0.4,0.4,0.4,0.2,0.2,0.4,0.2,0.2,0.4,0.4,0.4,0.4,0.4,0.8,0.6,0.8,0.8,0.4,0.8,0.6,0.4,0.8,0.2,0.2,0.4,0.4,0.4,0.2,0.6,0.2,0.4,0.2,0.2,0.2,0.2,0.2,0.2,0.2,0.2,0.4,0.6,0.4,0.6,0.4,0.6,0.4,0.6,0.6,0.6,0.6,0.8,0.6,0.4,0.6,0.2,0.2,0.4,0.4,0.4,0.2,0.4,0.2,0.4,0.2,0.2,0.2,0.4,0.2,0.2,0.2,86.0,34.0,295.0,50.0,65.0,35.0,30.0,37.0,36.0,30.0,33.0,51.0,21.0,29.0,48.0,11.0,9.0,10.0,,,,8.0,7.0,6.0,5.0,,4.0,2.0,3.0,1.0,6.0,7.0,8.0,3.0,4.0,2.0,9.0,10.0,,5.0,1.0,,,,11.0,9.0,8.0,7.0,10.0,12.0,11.0,,,,4.0,5.0,3.0,1.0,2.0,6.0,10.0,9.0,8.0,13.0,11.0,12.0,,,6.0,7.0,5.0,4.0,3.0,2.0,1.0,3.0,5.0,4.0,8.0,7.0,9.0,,,10.0,12.0,11.0,2.0,13.0,1.0,6.0,9.0,6.0,,7.0,,10.0,8.0,,,,5.0,4.0,3.0,2.0,1.0,1.0,3.0,2.0,7.0,13.0,8.0,12.0,11.0,,4.0,6.0,5.0,9.0,10.0,,1.0,2.0,3.0,6.0,8.0,7.0,5.0,4.0,10.0,12.0,9.0,11.0,13.0,14.0,,69.99,57.0,614.0,428.0,46.0,252.0,99.0,0.16,8.0,0.23,0.0,0.0,[0.0],[nan],[0.0],[nan],"['No', 'Yes']","[nan, 'helped a bit in Remembering items, furniture, locations']",[-0.5],[-0.5],"['No', 'Yes']","[nan, 'helped a bit in Remembering items, furniture, locations']",[0.25],"['The furniture/fixtures/objects in the room, The location of furniture/fixtures/objects, The items you picked up, Where you picked up and put down items']","[1.0, 1.0, 0.4, 0.6, nan, nan, nan, 'Visualising the room layout, Associating items with personal experiences']",[nan],"['Visualising the room layout, Associating items with personal experiences']",['Yes'],"['Yes, visual imagery']",[nan]
A063,4,1.0,1.0,1.0,1.0,1.0,1.0,0.0,0.0,0.0,1.0,1.0,0.0,0.0,1.0,0.0,1.0,1.0,1.0,1.0,1.0,0.0,0.0,1.0,0.0,1.0,1.0,0.5,0.25,1.0,0.5,0.0,0.5,0.5,0.5,0.0,0.0,0.0,0.0,1.0,0.5,0.0,0.0,1.0,0.5,0.5,0.0,0.0,1.0,1.0,1.0,0.0,1.0,1.0,0.0,1.0,0.5,0.25,1.0,1.0,0.0,1.0,0.5,1.0,0.5,0.0,0.25,0.0,0.0,0.0,1.0,0.0,0.0,0.5,0.0,1.0,0.0,0.0,1.0,1.0,0.0,1.0,1.0,1.0,1.0,1.0,1.0,1.0,0.5,1.0,0.25,1.0,0.25,1.0,0.5,1.0,0.5,0.0,0.0,0.0,0.0,0.0,1.0,0.0,0.5,1.0,0.4,0.4,0.4,0.4,0.2,0.6,0.6,0.2,0.2,0.2,0.8,0.2,0.2,0.4,0.4,0.4,0.4,0.6,0.6,0.6,0.4,0.2,0.2,0.4,0.8,0.8,0.4,0.2,0.2,0.2,0.6,0.2,0.4,0.2,0.2,0.4,0.2,0.2,0.2,0.2,0.2,0.2,0.2,0.2,0.2,0.2,0.2,0.2,0.8,0.2,0.4,0.2,0.2,0.4,0.4,0.2,0.4,0.2,0.4,0.4,0.4,0.2,0.2,0.2,0.2,0.2,0.2,0.2,0.2,0.2,0.2,0.2,0.2,0.2,0.2,0.4,0.2,0.8,0.4,0.4,0.6,0.4,0.6,0.6,0.6,0.6,0.6,0.2,0.4,0.4,0.6,0.4,0.4,0.4,0.4,0.4,0.4,0.2,0.4,0.2,0.2,0.2,0.2,0.2,0.2,86.0,34.0,295.0,50.0,65.0,35.0,30.0,37.0,36.0,30.0,33.0,51.0,21.0,29.0,48.0,11.0,9.0,10.0,,,,8.0,7.0,6.0,5.0,,4.0,2.0,3.0,1.0,6.0,7.0,8.0,3.0,4.0,2.0,9.0,10.0,,5.0,1.0,,,,11.0,9.0,8.0,7.0,10.0,12.0,11.0,,,,4.0,5.0,3.0,1.0,2.0,6.0,10.0,9.0,8.0,13.0,11.0,12.0,,,6.0,7.0,5.0,4.0,3.0,2.0,1.0,3.0,5.0,4.0,8.0,7.0,9.0,,,10.0,12.0,11.0,2.0,13.0,1.0,6.0,9.0,6.0,,7.0,,10.0,8.0,,,,5.0,4.0,3.0,2.0,1.0,1.0,3.0,2.0,7.0,13.0,8.0,12.0,11.0,,4.0,6.0,5.0,9.0,10.0,,1.0,2.0,3.0,6.0,8.0,7.0,5.0,4.0,10.0,12.0,9.0,11.0,13.0,14.0,,141.09,46.0,359.0,429.0,85.0,305.0,149.0,0.1,9.0,0.25,1.0,0.5,[0.0],[nan],[0.0],[nan],"['No', 'Unsure']","[nan, 'in remembering items to complete that early recall section (I knew I had them mixed up and that they were from other rooms, not this one)']",[-0.5],[-0.5],"['No', 'Unsure']","[nan, 'in remembering items to complete that early recall section (I knew I had them mixed up and that they were from other rooms, not this one)']",[0.25],"['The furniture/fixtures/objects in the room, The location of furniture/fixtures/objects, The items you picked up, Where you picked up and put down items']","[1.0, 1.0, 0.4, 0.4, nan, nan, nan, 'Visualising the room layout, Associating items with personal experiences']",[nan],['Visualising the room layout'],['Yes'],"['Yes, visual imagery']",[nan]
A064,1,1.0,1.0,1.0,1.0,1.0,1.0,1.0,1.0,1.0,0.0,1.0,1.0,0.0,1.0,0.0,0.0,1.0,1.0,1.0,1.0,0.0,0.0,0.0,0.0,1.0,0.5,1.0,0.0,1.0,1.0,1.0,1.0,1.0,0.0,1.0,1.0,0.0,1.0,1.0,1.0,1.0,1.0,1.0,0.0,1.0,0.5,0.0,0.5,1.0,1.0,1.0,1.0,1.0,1.0,1.0,1.0,1.0,0.0,1.0,1.0,1.0,1.0,1.0,0.0,1.0,1.0,0.0,1.0,1.0,1.0,1.0,0.0,1.0,0.0,0.0,1.0,0.0,1.0,0.0,1.0,1.0,1.0,1.0,1.0,1.0,1.0,1.0,1.0,1.0,1.0,1.0,1.0,1.0,1.0,1.0,0.5,1.0,1.0,0.0,1.0,1.0,1.0,1.0,1.0,0.5,1.0,1.0,0.4,0.8,1.0,1.0,0.6,1.0,1.0,1.0,1.0,0.2,0.4,1.0,0.8,0.6,1.0,1.0,1.0,1.0,0.6,0.6,0.8,0.8,1.0,1.0,1.0,1.0,1.0,0.6,0.4,0.4,1.0,0.8,1.0,0.6,0.4,0.6,0.6,0.4,0.6,0.2,0.2,0.6,0.4,0.4,0.4,0.4,1.0,1.0,1.0,1.0,1.0,1.0,1.0,1.0,1.0,0.8,1.0,0.6,1.0,1.0,0.6,0.6,1.0,0.8,0.4,0.6,0.4,0.4,0.8,0.4,0.4,0.6,0.6,1.0,0.8,1.0,0.8,1.0,1.0,1.0,1.0,1.0,1.0,1.0,1.0,1.0,1.0,0.6,1.0,0.8,1.0,1.0,0.6,0.6,1.0,0.2,0.4,0.4,0.4,0.4,1.0,0.2,0.2,79.0,39.0,287.0,34.0,27.0,28.0,15.0,40.0,57.0,47.0,41.0,,34.0,39.0,51.0,1.0,2.0,9.0,6.0,,,7.0,,,4.0,3.0,8.0,5.0,,,10.0,9.0,11.0,7.0,4.0,5.0,,14.0,13.0,3.0,6.0,12.0,8.0,1.0,2.0,10.0,11.0,12.0,13.0,8.0,9.0,14.0,4.0,3.0,5.0,6.0,7.0,,1.0,2.0,4.0,5.0,6.0,7.0,8.0,9.0,14.0,15.0,13.0,12.0,10.0,11.0,1.0,2.0,3.0,,,,,,,,,,,,,,,,6.0,7.0,,10.0,,,9.0,,8.0,1.0,2.0,3.0,4.0,5.0,,1.0,2.0,3.0,4.0,5.0,6.0,13.0,8.0,11.0,10.0,14.0,12.0,,7.0,9.0,1.0,2.0,,3.0,8.0,9.0,12.0,6.0,4.0,5.0,7.0,13.0,14.0,10.0,11.0,1.0,38.0,629.0,507.0,96.0,231.0,93.0,0.15,4.0,0.31,0.0,-0.5,[0.0],[nan],[0.0],[nan],"['No', nan]","[nan, nan]",[-0.5],[nan],"['No', nan]","[nan, nan]",[nan],"['The furniture/fixtures/objects in the room, The location of furniture/fixtures/objects, The items you picked up, Where you picked up and put down items, The order you completed items and tasks']","[1.0, 1.0, 1.0, 1.0, nan, nan, nan, 'Visualising the room layout']",[nan],['Visualising the room layout'],['Unsure'],"['No, I did not apply any mnemonic techniques']",[nan]
A064,2,1.0,1.0,1.0,1.0,1.0,1.0,0.0,1.0,0.0,0.0,1.0,1.0,1.0,1.0,0.0,1.0,1.0,1.0,1.0,1.0,0.0,1.0,0.0,0.0,1.0,1.0,0.5,1.0,1.0,1.0,1.0,0.5,0.5,0.5,0.0,0.0,0.0,0.0,1.0,1.0,1.0,1.0,0.0,0.5,1.0,0.5,0.5,0.5,1.0,1.0,1.0,1.0,1.0,1.0,1.0,1.0,1.0,1.0,1.0,1.0,1.0,0.5,1.0,1.0,0.0,0.0,0.0,0.0,0.5,0.5,0.5,1.0,0.0,0.0,0.5,0.0,0.0,1.0,0.0,1.0,1.0,1.0,1.0,1.0,1.0,1.0,1.0,1.0,1.0,1.0,1.0,1.0,1.0,0.5,1.0,1.0,0.0,0.0,0.0,0.0,0.5,0.5,0.5,1.0,0.0,1.0,1.0,1.0,1.0,1.0,1.0,0.4,0.4,0.2,0.6,1.0,1.0,0.4,0.6,0.6,0.6,1.0,1.0,1.0,1.0,0.4,0.4,0.4,0.6,1.0,1.0,1.0,0.2,0.4,1.0,0.2,0.2,0.4,0.2,0.2,1.0,0.2,0.4,0.4,0.2,0.2,0.4,0.4,0.6,0.8,0.4,0.4,0.6,1.0,1.0,1.0,1.0,1.0,1.0,1.0,0.4,0.8,0.4,1.0,1.0,0.2,0.4,0.2,1.0,0.4,0.2,0.6,0.2,0.2,0.4,0.4,0.6,0.2,0.6,0.6,1.0,0.6,1.0,0.4,0.6,1.0,1.0,1.0,0.8,0.8,1.0,1.0,0.2,0.8,0.4,1.0,1.0,1.0,0.4,0.2,1.0,0.2,0.2,0.4,0.2,0.2,0.2,0.2,0.4,0.4,79.0,39.0,287.0,34.0,27.0,28.0,15.0,40.0,57.0,47.0,41.0,,34.0,39.0,51.0,1.0,2.0,9.0,6.0,,,7.0,,,4.0,3.0,8.0,5.0,,,10.0,9.0,11.0,7.0,4.0,5.0,,14.0,13.0,3.0,6.0,12.0,8.0,1.0,2.0,10.0,11.0,12.0,13.0,8.0,9.0,14.0,4.0,3.0,5.0,6.0,7.0,,1.0,2.0,4.0,5.0,6.0,7.0,8.0,9.0,14.0,15.0,13.0,12.0,10.0,11.0,1.0,2.0,3.0,,,,,,,,,,,,,,,,6.0,7.0,,10.0,,,9.0,,8.0,1.0,2.0,3.0,4.0,5.0,,1.0,2.0,3.0,4.0,5.0,6.0,13.0,8.0,11.0,10.0,14.0,12.0,,7.0,9.0,1.0,2.0,,3.0,8.0,9.0,12.0,6.0,4.0,5.0,7.0,13.0,14.0,10.0,11.0,37.65,74.0,1233.0,572.33,140.0,312.33,311.0,0.67,5.0,0.35,0.0,-0.5,[0.0],[nan],[0.0],[nan],"['No', 'Unsure']","[nan, 'Previous test showed the format of questions to be asked']",[-0.5],[-0.5],"['No', 'Unsure']","[nan, 'Previous test showed the format of questions to be asked']",[0.75],"['The furniture/fixtures/objects in the room, The location of furniture/fixtures/objects, The items you picked up, Where you picked up and put down items, The order you completed items and tasks']","[1.0, 1.0, 1.0, 1.0, nan, nan, nan, 'Visualising the room layout']",[nan],['Visualising the room layout'],['Unsure'],"['No, I did not apply any mnemonic techniques']",[nan]
A064,3,1.0,1.0,1.0,1.0,1.0,1.0,1.0,1.0,0.0,1.0,1.0,0.0,1.0,1.0,0.0,1.0,1.0,1.0,1.0,1.0,1.0,0.0,0.0,1.0,1.0,1.0,0.5,1.0,0.5,0.0,0.0,1.0,0.25,0.0,0.0,0.5,0.0,1.0,1.0,1.0,1.0,0.0,0.0,0.5,1.0,0.5,1.0,0.0,1.0,1.0,0.0,1.0,1.0,1.0,1.0,1.0,0.5,1.0,0.5,1.0,0.5,1.0,0.25,0.0,0.0,0.0,1.0,1.0,1.0,1.0,1.0,1.0,1.0,0.5,0.0,1.0,0.5,1.0,0.0,1.0,1.0,1.0,0.0,0.0,1.0,1.0,1.0,1.0,0.0,1.0,0.5,0.0,1.0,1.0,0.0,0.0,0.0,1.0,1.0,1.0,0.0,1.0,0.0,0.5,1.0,1.0,1.0,1.0,1.0,1.0,1.0,0.8,1.0,0.2,1.0,1.0,1.0,0.6,0.8,0.8,0.8,1.0,1.0,1.0,1.0,0.6,0.6,0.8,0.6,1.0,1.0,0.2,1.0,0.4,0.2,0.4,0.2,0.8,0.4,0.6,0.4,0.2,0.2,0.4,0.8,0.2,0.2,0.2,0.6,0.8,0.6,0.6,0.6,1.0,1.0,0.8,1.0,1.0,0.8,1.0,1.0,0.2,1.0,0.2,0.6,0.2,0.2,0.2,0.2,0.6,0.2,0.6,0.2,0.2,0.8,0.2,0.2,0.2,0.6,0.6,1.0,0.4,1.0,0.8,0.8,1.0,1.0,0.8,0.8,1.0,0.8,0.8,1.0,0.4,1.0,0.4,0.2,0.2,0.2,0.2,0.2,0.6,0.6,0.6,0.2,0.2,0.8,0.2,0.2,0.2,79.0,39.0,287.0,34.0,27.0,28.0,15.0,40.0,57.0,47.0,41.0,,34.0,39.0,51.0,1.0,2.0,9.0,6.0,,,7.0,,,4.0,3.0,8.0,5.0,,,10.0,9.0,11.0,7.0,4.0,5.0,,14.0,13.0,3.0,6.0,12.0,8.0,1.0,2.0,10.0,11.0,12.0,13.0,8.0,9.0,14.0,4.0,3.0,5.0,6.0,7.0,,1.0,2.0,4.0,5.0,6.0,7.0,8.0,9.0,14.0,15.0,13.0,12.0,10.0,11.0,1.0,2.0,3.0,,,,,,,,,,,,,,,,6.0,7.0,,10.0,,,9.0,,8.0,1.0,2.0,3.0,4.0,5.0,,1.0,2.0,3.0,4.0,5.0,6.0,13.0,8.0,11.0,10.0,14.0,12.0,,7.0,9.0,1.0,2.0,,3.0,8.0,9.0,12.0,6.0,4.0,5.0,7.0,13.0,14.0,10.0,11.0,82.99,51.0,545.0,698.0,51.0,422.0,98.0,0.54,7.0,0.38,1.0,-0.5,[0.0],[nan],[0.0],[nan],"['No', 'Yes']","[nan, 'I thought the TV remote was part of a previous room tested.']",[-0.5],[-0.5],"['No', 'Yes']","[nan, 'I thought the TV remote was part of a previous room tested.']",[0.25],"['The furniture/fixtures/objects in the room, The location of furniture/fixtures/objects, The items you picked up, Where you picked up and put down items, The order you completed items and tasks']","[1.0, 1.0, 1.0, 1.0, nan, nan, nan, 'Visualising the room layout']",[nan],['Visualising the room layout'],['Unsure'],"['No, I did not apply any mnemonic techniques']",[nan]
A064,4,1.0,1.0,1.0,1.0,1.0,1.0,0.0,1.0,1.0,0.0,1.0,0.0,1.0,1.0,0.0,1.0,1.0,1.0,1.0,1.0,0.0,0.0,1.0,1.0,1.0,0.5,0.0,0.5,1.0,0.0,0.0,1.0,0.25,0.5,1.0,0.5,0.25,0.0,0.0,0.5,0.5,1.0,0.5,0.0,1.0,1.0,0.0,1.0,1.0,1.0,1.0,1.0,1.0,1.0,1.0,0.5,0.0,1.0,1.0,0.5,0.0,1.0,0.25,0.25,1.0,0.0,0.25,0.0,0.0,0.0,0.0,0.5,0.5,0.0,0.0,0.0,0.0,1.0,1.0,1.0,1.0,1.0,1.0,0.0,1.0,1.0,1.0,0.5,0.0,1.0,1.0,0.0,0.0,1.0,0.25,0.25,1.0,0.25,0.25,0.0,0.0,0.0,0.5,0.5,0.5,1.0,1.0,1.0,1.0,1.0,1.0,1.0,1.0,1.0,1.0,1.0,0.8,1.0,1.0,0.8,0.8,1.0,1.0,1.0,1.0,0.6,0.6,0.6,0.6,0.8,0.4,0.2,0.2,0.4,0.2,1.0,1.0,1.0,0.8,0.2,0.8,0.2,0.6,0.2,0.2,0.2,0.2,0.2,0.6,0.6,0.6,0.6,0.6,1.0,1.0,1.0,1.0,1.0,0.4,1.0,0.2,0.2,0.6,0.2,0.2,0.2,1.0,1.0,0.2,0.8,0.4,1.0,0.2,0.4,0.2,0.2,0.2,0.2,0.4,0.4,0.8,0.4,1.0,0.4,0.6,0.6,0.8,1.0,0.6,1.0,0.8,0.8,0.2,0.4,0.8,0.4,0.6,0.2,1.0,1.0,0.4,0.8,0.2,0.6,0.2,0.4,0.2,0.2,0.2,0.2,79.0,39.0,287.0,34.0,27.0,28.0,15.0,40.0,57.0,47.0,41.0,,34.0,39.0,51.0,1.0,2.0,9.0,6.0,,,7.0,,,4.0,3.0,8.0,5.0,,,10.0,9.0,11.0,7.0,4.0,5.0,,14.0,13.0,3.0,6.0,12.0,8.0,1.0,2.0,10.0,11.0,12.0,13.0,8.0,9.0,14.0,4.0,3.0,5.0,6.0,7.0,,1.0,2.0,4.0,5.0,6.0,7.0,8.0,9.0,14.0,15.0,13.0,12.0,10.0,11.0,1.0,2.0,3.0,,,,,,,,,,,,,,,,6.0,7.0,,10.0,,,9.0,,8.0,1.0,2.0,3.0,4.0,5.0,,1.0,2.0,3.0,4.0,5.0,6.0,13.0,8.0,11.0,10.0,14.0,12.0,,7.0,9.0,1.0,2.0,,3.0,8.0,9.0,12.0,6.0,4.0,5.0,7.0,13.0,14.0,10.0,11.0,156.21,56.0,479.0,512.0,55.0,284.0,109.0,0.61,5.0,0.35,0.0,0.0,[0.0],[nan],[0.0],[nan],"['No', 'Unsure']","[nan, 'I thought the toilet paper was part of a previous room']",[-0.5],[-0.5],"['No', 'Unsure']","[nan, 'I thought the toilet paper was part of a previous room']",[0.25],"['The furniture/fixtures/objects in the room, The location of furniture/fixtures/objects, The items you picked up, Where you picked up and put down items, The order you completed items and tasks']","[1.0, 1.0, 1.0, 1.0, nan, nan, nan, 'Visualising the room layout']",[nan],['Visualising the room layout'],['No'],"['No, I did not apply any mnemonic techniques']",[nan]
A065,1,1.0,1.0,1.0,1.0,0.0,0.0,0.0,0.0,0.0,0.0,1.0,0.0,0.0,0.0,1.0,1.0,0.5,0.5,0.5,0.5,0.0,0.0,1.0,1.0,0.5,0.25,0.5,1.0,0.5,0.0,0.0,0.25,0.25,0.25,1.0,0.0,1.0,0.5,0.5,1.0,0.0,0.0,1.0,0.5,0.0,0.0,0.5,0.0,1.0,0.0,1.0,1.0,0.0,0.0,1.0,0.0,1.0,0.25,0.0,0.5,0.25,0.25,0.0,1.0,0.25,0.0,0.0,0.0,0.0,0.5,0.5,0.0,0.0,0.5,0.0,0.0,0.0,0.0,0.0,1.0,0.0,1.0,1.0,1.0,0.0,1.0,1.0,1.0,1.0,0.25,0.0,0.25,0.5,0.5,0.5,0.25,0.25,0.0,0.5,0.0,0.5,1.0,0.5,0.0,0.0,1.0,1.0,1.0,1.0,1.0,0.2,0.2,0.2,0.2,0.2,1.0,0.2,0.6,0.6,0.6,0.6,0.6,1.0,1.0,1.0,0.2,0.4,0.2,0.2,1.0,1.0,1.0,0.2,0.2,0.2,0.2,1.0,0.4,0.2,0.2,0.2,0.2,1.0,0.4,0.4,0.2,0.2,0.2,1.0,0.8,1.0,1.0,1.0,1.0,1.0,1.0,1.0,0.2,0.4,1.0,1.0,1.0,0.2,0.2,0.4,0.4,1.0,1.0,1.0,0.2,0.4,0.4,0.4,0.6,0.6,0.2,0.4,0.4,0.4,0.8,0.4,0.4,0.4,0.4,0.6,0.4,0.6,1.0,1.0,1.0,1.0,1.0,0.4,1.0,0.2,1.0,1.0,0.4,0.4,0.4,0.2,0.6,0.4,0.4,0.2,0.4,0.2,0.4,0.6,0.2,,,400.0,42.0,56.0,44.0,24.0,21.0,19.0,27.0,30.0,52.0,29.0,28.0,57.0,1.0,,2.0,,3.0,4.0,,6.0,,,,,,5.0,,7.0,,11.0,8.0,10.0,9.0,,6.0,,,1.0,2.0,41.0,3.0,5.0,,13.0,12.0,9.0,10.0,11.0,6.0,7.0,8.0,1.0,2.0,3.0,4.0,,5.0,,7.0,6.0,8.0,9.0,,12.0,10.0,11.0,1.0,2.0,3.0,4.0,,5.0,11.0,12.0,5.0,13.0,8.0,9.0,,7.0,10.0,14.0,6.0,1.0,2.0,3.0,4.0,1.0,2.0,,3.0,,,,,5.0,,,,,4.0,,,2.0,,3.0,4.0,5.0,6.0,,7.0,8.0,1.0,,,,9.0,,3.0,1.0,2.0,4.0,5.0,,,,6.0,8.0,,,,7.0,1.0,50.0,589.0,1008.0,187.0,621.0,251.0,0.25,6.0,0.23,-0.5,0.0,[1.0],[nan],[0.0],[nan],"['No', nan]","[nan, nan]",[-1.0],[nan],"['No', nan]","[nan, nan]",[nan],['The items you picked up'],"[1.0, 0.5, 1.0, 0.6, nan, 1.0, nan, 'No specific strategy']",[nan],['No specific strategy'],['No'],"['No, I did not apply any mnemonic techniques']","['was not aware that going to be asked ,did not try to remember']"
A065,2,1.0,1.0,0.0,1.0,0.0,0.0,0.0,0.0,1.0,1.0,0.0,0.0,0.0,0.0,0.0,0.0,0.5,0.5,0.25,0.5,0.0,0.5,1.0,1.0,1.0,1.0,1.0,1.0,0.5,1.0,0.5,0.0,0.0,1.0,0.5,0.5,0.5,0.0,0.0,1.0,1.0,0.5,0.5,0.0,0.0,0.0,0.0,0.5,1.0,1.0,1.0,1.0,1.0,1.0,1.0,1.0,1.0,0.25,0.0,0.0,1.0,0.0,0.0,0.5,0.0,0.0,0.0,1.0,0.0,0.5,1.0,1.0,0.5,0.0,0.0,1.0,1.0,0.0,0.0,1.0,0.5,1.0,1.0,1.0,1.0,1.0,1.0,0.25,1.0,1.0,0.5,0.25,1.0,1.0,0.0,1.0,0.5,0.0,0.0,0.5,1.0,0.0,0.0,0.5,0.5,0.6,0.2,0.2,0.2,0.4,0.4,0.2,0.6,0.4,0.2,0.4,0.2,0.2,0.8,0.4,0.2,0.6,0.2,0.2,0.2,0.4,0.4,0.2,0.4,0.4,0.6,0.2,0.2,0.4,0.2,0.2,0.6,0.2,0.4,0.4,0.2,0.2,0.4,0.2,0.4,0.4,0.2,0.2,0.8,0.4,0.2,0.8,0.8,1.0,0.2,0.4,0.2,0.4,0.4,0.6,0.2,0.2,0.2,0.4,0.4,0.6,0.2,0.4,0.2,0.2,0.4,0.4,0.2,0.2,0.2,0.4,0.6,0.4,0.4,0.2,0.8,0.8,0.4,0.4,0.4,0.4,0.8,1.0,1.0,1.0,0.6,1.0,0.4,0.4,0.6,0.2,0.6,0.2,0.4,0.4,0.4,0.2,0.4,0.6,0.4,0.4,0.4,0.2,0.4,0.4,,,400.0,42.0,56.0,44.0,24.0,21.0,19.0,27.0,30.0,52.0,29.0,28.0,57.0,1.0,,2.0,,3.0,4.0,,6.0,,,,,,5.0,,7.0,,11.0,8.0,10.0,9.0,,6.0,,,1.0,2.0,41.0,3.0,5.0,,13.0,12.0,9.0,10.0,11.0,6.0,7.0,8.0,1.0,2.0,3.0,4.0,,5.0,,7.0,6.0,8.0,9.0,,12.0,10.0,11.0,1.0,2.0,3.0,4.0,,5.0,11.0,12.0,5.0,13.0,8.0,9.0,,7.0,10.0,14.0,6.0,1.0,2.0,3.0,4.0,1.0,2.0,,3.0,,,,,5.0,,,,,4.0,,,2.0,,3.0,4.0,5.0,6.0,,7.0,8.0,1.0,,,,9.0,,3.0,1.0,2.0,4.0,5.0,,,,6.0,8.0,,,,7.0,32.31,64.0,457.0,537.0,145.0,349.0,283.0,0.6,5.0,0.23,-1.0,-1.0,[1.0],['2 cups of coffee'],[0.0],[nan],"['No', 'No']","[nan, 'Did nott']",[-0.5],[-0.5],"['No', 'No']","[nan, 'Did nott']",[0.0],['The items you picked up'],"[1.0, 0.5, 0.6, 0.6, nan, 1.0, nan, 'No specific strategy']",[nan],['No specific strategy'],['Yes'],['Unsure'],[nan]
A065,3,1.0,0.0,1.0,0.0,1.0,0.0,1.0,0.0,1.0,0.0,0.0,0.0,0.0,0.0,0.0,0.0,0.5,0.5,0.5,0.5,1.0,0.0,0.0,0.0,0.5,0.0,0.25,0.0,0.5,0.0,1.0,0.25,1.0,1.0,0.0,1.0,0.25,0.0,0.0,0.0,1.0,1.0,1.0,0.0,0.0,0.0,1.0,0.0,1.0,0.0,1.0,0.0,0.0,1.0,1.0,0.0,0.5,0.0,1.0,0.0,0.5,0.0,0.25,0.0,0.0,1.0,0.5,0.0,0.0,0.0,0.0,1.0,0.0,0.5,0.0,1.0,0.0,0.0,0.0,0.0,0.5,0.0,1.0,0.0,1.0,0.0,1.0,0.0,0.25,0.0,0.25,1.0,0.25,0.0,1.0,1.0,0.0,0.5,0.5,0.0,1.0,0.0,0.0,0.0,1.0,1.0,1.0,1.0,0.2,1.0,0.4,0.6,0.2,0.2,0.4,0.2,0.2,0.2,1.0,0.4,1.0,1.0,0.6,0.8,0.2,0.6,0.6,0.2,0.6,1.0,0.2,0.2,0.2,0.4,0.2,0.2,0.2,0.2,0.2,0.4,0.2,0.2,0.2,0.2,0.2,0.4,0.2,0.2,0.2,0.6,0.2,0.4,0.2,1.0,0.2,0.2,0.2,0.2,0.2,0.4,0.2,0.2,0.2,0.2,0.2,0.4,0.4,0.2,0.2,0.4,0.2,0.2,0.2,0.2,0.2,0.2,0.4,0.4,0.6,0.6,0.6,0.4,0.2,0.2,1.0,0.4,0.2,0.6,0.4,0.2,0.2,0.8,0.4,0.4,0.4,0.2,0.2,0.4,0.4,0.2,0.4,0.2,0.2,0.6,0.2,0.4,0.4,0.2,0.2,0.6,,,400.0,42.0,56.0,44.0,24.0,21.0,19.0,27.0,30.0,52.0,29.0,28.0,57.0,1.0,,2.0,,3.0,4.0,,6.0,,,,,,5.0,,7.0,,11.0,8.0,10.0,9.0,,6.0,,,1.0,2.0,41.0,3.0,5.0,,13.0,12.0,9.0,10.0,11.0,6.0,7.0,8.0,1.0,2.0,3.0,4.0,,5.0,,7.0,6.0,8.0,9.0,,12.0,10.0,11.0,1.0,2.0,3.0,4.0,,5.0,11.0,12.0,5.0,13.0,8.0,9.0,,7.0,10.0,14.0,6.0,1.0,2.0,3.0,4.0,1.0,2.0,,3.0,,,,,5.0,,,,,4.0,,,2.0,,3.0,4.0,5.0,6.0,,7.0,8.0,1.0,,,,9.0,,3.0,1.0,2.0,4.0,5.0,,,,6.0,8.0,,,,7.0,106.41,37.0,341.0,558.0,96.0,222.0,178.0,0.68,5.0,0.23,-0.5,-1.0,[1.0],[2.0],[0.0],[nan],"['No', 'Unsure']","[nan, 'Realize pattern']",[-1.0],[-1.0],"['No', 'Unsure']","[nan, 'Realize pattern']",[0.0],"['The furniture/fixtures/objects in the room, The items you picked up, Where you picked up and put down items, The order you completed items and tasks']","[1.0, 0.5, 1.0, 1.0, nan, 1.0, nan, 'No specific strategy, Visualising the room layout']",[nan],['No specific strategy'],['No'],"['No, I did not apply any mnemonic techniques']",[nan]
A065,4,1.0,1.0,0.0,0.0,1.0,0.0,0.0,0.0,0.0,0.0,0.0,0.0,0.0,0.0,1.0,1.0,1.0,1.0,0.5,0.25,1.0,1.0,0.0,1.0,0.25,0.0,0.5,0.5,0.0,0.5,0.0,1.0,0.5,0.5,0.0,1.0,0.5,0.5,0.5,0.0,1.0,0.0,1.0,0.0,0.0,0.0,0.0,1.0,1.0,0.0,0.0,0.0,0.0,0.0,0.0,0.0,0.5,1.0,0.0,1.0,0.0,0.0,0.0,0.0,0.5,0.0,0.0,0.0,0.0,0.0,1.0,0.0,1.0,0.0,0.0,0.0,1.0,0.0,0.0,1.0,0.25,1.0,1.0,1.0,1.0,1.0,0.0,0.0,0.5,0.5,0.25,0.0,0.0,0.0,0.0,0.0,0.5,0.0,0.5,0.5,0.0,0.0,0.0,0.5,0.0,0.4,0.2,0.2,0.2,0.4,0.4,0.2,0.4,0.2,0.4,0.2,0.2,0.2,0.4,0.4,0.4,0.2,0.2,0.2,0.2,0.4,0.4,0.2,0.2,0.4,0.2,0.2,0.4,0.4,0.2,0.2,0.2,0.2,0.2,0.4,0.2,0.2,0.2,0.2,0.2,0.4,0.2,0.2,0.4,0.2,0.4,0.4,0.4,0.4,0.2,0.2,0.2,0.2,0.2,0.2,0.2,0.2,0.2,0.2,0.2,0.2,0.2,0.2,0.2,0.2,0.2,0.2,0.2,0.2,0.2,0.2,0.2,0.2,0.2,0.2,0.2,0.4,0.4,0.4,0.6,0.8,0.6,0.4,0.8,0.4,0.4,1.0,0.4,0.4,0.4,0.4,0.4,0.8,0.4,0.4,0.4,0.4,0.4,0.6,0.4,0.6,0.4,0.4,0.4,0.8,,,400.0,42.0,56.0,44.0,24.0,21.0,19.0,27.0,30.0,52.0,29.0,28.0,57.0,1.0,,2.0,,3.0,4.0,,6.0,,,,,,5.0,,7.0,,11.0,8.0,10.0,9.0,,6.0,,,1.0,2.0,41.0,3.0,5.0,,13.0,12.0,9.0,10.0,11.0,6.0,7.0,8.0,1.0,2.0,3.0,4.0,,5.0,,7.0,6.0,8.0,9.0,,12.0,10.0,11.0,1.0,2.0,3.0,4.0,,5.0,11.0,12.0,5.0,13.0,8.0,9.0,,7.0,10.0,14.0,6.0,1.0,2.0,3.0,4.0,1.0,2.0,,3.0,,,,,5.0,,,,,4.0,,,2.0,,3.0,4.0,5.0,6.0,,7.0,8.0,1.0,,,,9.0,,3.0,1.0,2.0,4.0,5.0,,,,6.0,8.0,,,,7.0,187.43,45.0,262.0,213.0,102.0,128.0,172.0,0.06,6.0,0.23,-0.5,0.0,[1.0],['Coffee one'],[0.0],[nan],"['No', 'No']","[nan, nan]",[-1.0],[-0.5],"['No', 'No']","[nan, nan]",[0.25],['The items you picked up'],"[1.0, 1.0, 0.4, 0.2, nan, nan, nan, 'No specific strategy']",[nan],['No specific strategy'],['Yes'],"['No, I did not apply any mnemonic techniques']",[nan]
A066,1,1.0,1.0,1.0,1.0,1.0,1.0,1.0,1.0,0.0,1.0,1.0,1.0,1.0,1.0,1.0,1.0,1.0,1.0,1.0,1.0,1.0,0.5,1.0,1.0,1.0,1.0,0.5,1.0,1.0,1.0,0.25,0.0,1.0,0.0,0.0,0.0,0.5,0.0,0.5,1.0,0.5,0.0,0.5,1.0,0.5,0.0,0.5,0.0,1.0,1.0,1.0,1.0,1.0,0.0,1.0,1.0,0.5,0.25,0.5,1.0,1.0,0.0,1.0,0.0,0.0,0.0,1.0,0.0,0.0,1.0,0.0,0.0,0.5,0.5,0.0,1.0,1.0,1.0,1.0,0.0,1.0,1.0,1.0,1.0,1.0,1.0,1.0,1.0,1.0,0.25,0.5,1.0,0.0,1.0,0.5,0.25,0.0,0.0,0.0,0.0,0.0,1.0,0.0,0.0,0.0,1.0,1.0,1.0,1.0,1.0,0.8,1.0,0.8,0.2,1.0,0.6,0.4,0.4,1.0,0.8,1.0,1.0,1.0,1.0,1.0,0.8,0.6,0.6,0.8,1.0,1.0,0.2,0.8,0.6,0.6,0.2,0.4,0.2,0.4,0.6,0.2,0.4,1.0,0.2,1.0,0.4,1.0,0.6,0.8,0.4,0.4,0.6,0.6,1.0,1.0,1.0,1.0,1.0,1.0,1.0,1.0,0.4,0.6,0.4,0.2,0.4,0.6,0.4,0.4,0.4,0.2,0.4,0.4,0.4,1.0,0.6,0.2,0.2,0.8,0.6,1.0,0.6,1.0,0.6,1.0,1.0,1.0,1.0,1.0,1.0,0.8,1.0,1.0,0.2,1.0,0.4,0.6,0.6,0.2,0.4,0.8,0.4,0.4,0.4,0.2,0.2,0.8,0.4,0.4,0.4,85.0,34.0,347.0,34.0,20.0,23.0,28.0,20.0,16.0,15.0,16.0,21.0,12.0,16.0,13.0,1.0,,,,3.0,4.0,,,2.0,,,,5.0,,,5.0,,,,6.0,7.0,9.0,,8.0,,,3.0,4.0,1.0,2.0,10.0,,,9.0,8.0,7.0,,,,6.0,5.0,3.0,2.0,1.0,4.0,11.0,12.0,10.0,7.0,8.0,9.0,6.0,,,5.0,,2.0,1.0,3.0,4.0,8.0,,7.0,9.0,10.0,11.0,6.0,,,5.0,,4.0,3.0,1.0,2.0,4.0,,,,,,,,,,,,2.0,1.0,3.0,2.0,4.0,1.0,3.0,6.0,5.0,11.0,,,7.0,9.0,8.0,10.0,,,1.0,,2.0,4.0,5.0,6.0,3.0,,,7.0,9.0,8.0,10.0,,,1.0,45.0,237.0,489.0,64.0,321.0,99.0,0.15,7.0,0.29,0.0,-0.5,[1.0],['1 cup of tea'],[0.0],[nan],"['No', nan]","[nan, nan]",[-0.5],[nan],"['No', nan]","[nan, nan]",[nan],"['The furniture/fixtures/objects in the room, The location of furniture/fixtures/objects, The items you picked up']","[1.0, 1.0, 1.0, 1.0, nan, nan, nan, 'Visualising the room layout']",[nan],['No specific strategy'],['Yes'],"['No, I did not apply any mnemonic techniques']",[nan]
A066,2,1.0,1.0,1.0,1.0,0.0,0.0,1.0,1.0,1.0,0.0,0.0,1.0,1.0,1.0,1.0,0.0,1.0,1.0,1.0,1.0,0.0,0.5,0.0,1.0,0.5,0.5,1.0,0.0,1.0,0.0,1.0,1.0,0.0,0.0,1.0,0.5,0.0,0.0,0.0,0.0,0.5,0.0,1.0,0.0,0.0,0.5,0.0,1.0,1.0,1.0,1.0,1.0,1.0,1.0,1.0,0.5,0.25,1.0,0.0,0.0,1.0,1.0,0.0,0.25,0.0,1.0,0.0,0.0,0.0,0.5,0.0,0.5,1.0,0.0,0.5,1.0,1.0,1.0,1.0,0.0,0.25,1.0,1.0,1.0,1.0,1.0,1.0,1.0,1.0,1.0,0.0,0.0,1.0,1.0,0.0,0.5,0.0,1.0,0.0,0.0,0.0,0.0,0.0,0.0,0.0,0.8,0.8,0.8,0.8,0.6,0.8,0.8,1.0,1.0,0.4,0.4,0.8,0.8,0.8,0.8,0.8,1.0,1.0,1.0,1.0,0.6,0.6,0.4,0.8,0.6,0.4,1.0,0.4,0.4,0.4,1.0,0.4,0.4,0.8,0.4,0.4,0.2,0.2,0.2,0.2,0.2,0.2,0.2,0.6,0.4,0.4,0.4,0.4,1.0,1.0,1.0,1.0,1.0,1.0,1.0,0.4,0.6,0.6,0.4,0.2,1.0,1.0,0.2,0.2,0.2,0.2,0.2,0.4,0.4,0.4,0.2,0.2,0.2,0.6,0.4,0.6,0.6,0.6,0.4,0.6,0.2,1.0,1.0,1.0,0.8,1.0,0.8,0.6,1.0,1.0,0.2,0.6,1.0,1.0,0.4,0.4,0.2,0.6,0.4,0.4,0.2,0.2,0.2,0.2,0.2,85.0,34.0,347.0,34.0,20.0,23.0,28.0,20.0,16.0,15.0,16.0,21.0,12.0,16.0,13.0,1.0,,,,3.0,4.0,,,2.0,,,,5.0,,,5.0,,,,6.0,7.0,9.0,,8.0,,,3.0,4.0,1.0,2.0,10.0,,,9.0,8.0,7.0,,,,6.0,5.0,3.0,2.0,1.0,4.0,11.0,12.0,10.0,7.0,8.0,9.0,6.0,,,5.0,,2.0,1.0,3.0,4.0,8.0,,7.0,9.0,10.0,11.0,6.0,,,5.0,,4.0,3.0,1.0,2.0,4.0,,,,,,,,,,,,2.0,1.0,3.0,2.0,4.0,1.0,3.0,6.0,5.0,11.0,,,7.0,9.0,8.0,10.0,,,1.0,,2.0,4.0,5.0,6.0,3.0,,,7.0,9.0,8.0,10.0,,,23.35,36.0,393.0,395.0,41.0,206.0,108.0,0.1,9.0,0.31,0.5,0.0,[1.0],['1 cup of tea'],[0.0],[nan],"['No', 'Yes']","[nan, 'I knew what to expect with the questions']",[-0.5],[-0.5],"['No', 'Yes']","[nan, 'I knew what to expect with the questions']",[0.25],"['The furniture/fixtures/objects in the room, The location of furniture/fixtures/objects']","[1.0, 1.0, 0.8, 1.0, nan, nan, nan, 'Visualising the room layout']",[nan],['Visualising the room layout'],['Yes'],"['No, I did not apply any mnemonic techniques']",[nan]
A066,3,1.0,1.0,1.0,1.0,0.0,1.0,0.0,1.0,0.0,0.0,1.0,0.0,0.0,1.0,0.0,0.0,1.0,1.0,1.0,1.0,0.0,0.0,0.0,0.0,0.25,1.0,1.0,0.0,1.0,0.5,1.0,0.5,0.0,0.0,0.0,0.0,0.0,0.5,1.0,1.0,0.0,1.0,0.0,0.5,0.0,1.0,1.0,0.0,1.0,1.0,1.0,0.0,1.0,0.0,1.0,0.0,1.0,0.5,1.0,0.5,0.5,0.0,0.5,1.0,0.0,0.0,0.0,0.0,0.0,1.0,0.5,0.0,0.0,0.0,0.0,0.0,0.0,1.0,0.0,1.0,1.0,1.0,1.0,0.0,1.0,1.0,1.0,1.0,1.0,0.5,1.0,0.25,0.5,0.5,0.5,0.5,0.0,0.0,0.0,0.0,0.0,1.0,0.5,0.0,0.0,0.8,0.6,0.8,0.8,0.4,0.2,0.8,1.0,0.4,0.6,1.0,1.0,0.4,0.6,0.6,0.4,1.0,1.0,1.0,1.0,0.6,0.6,0.6,0.2,0.2,1.0,1.0,0.6,0.6,0.4,0.2,0.2,0.2,0.2,0.4,0.4,0.2,0.6,0.4,0.2,0.2,0.2,0.2,0.8,0.4,0.4,0.4,0.4,1.0,1.0,1.0,0.2,1.0,0.6,1.0,0.4,0.6,0.2,1.0,0.6,0.6,0.4,0.2,0.2,0.2,0.2,0.4,0.2,0.2,0.2,0.2,0.2,0.2,0.6,0.6,1.0,0.4,0.6,0.4,0.6,1.0,1.0,1.0,0.6,1.0,1.0,1.0,0.2,0.8,0.2,1.0,0.2,0.6,0.2,0.2,0.2,0.2,0.2,0.2,0.2,0.2,0.2,0.2,0.2,0.2,85.0,34.0,347.0,34.0,20.0,23.0,28.0,20.0,16.0,15.0,16.0,21.0,12.0,16.0,13.0,1.0,,,,3.0,4.0,,,2.0,,,,5.0,,,5.0,,,,6.0,7.0,9.0,,8.0,,,3.0,4.0,1.0,2.0,10.0,,,9.0,8.0,7.0,,,,6.0,5.0,3.0,2.0,1.0,4.0,11.0,12.0,10.0,7.0,8.0,9.0,6.0,,,5.0,,2.0,1.0,3.0,4.0,8.0,,7.0,9.0,10.0,11.0,6.0,,,5.0,,4.0,3.0,1.0,2.0,4.0,,,,,,,,,,,,2.0,1.0,3.0,2.0,4.0,1.0,3.0,6.0,5.0,11.0,,,7.0,9.0,8.0,10.0,,,1.0,,2.0,4.0,5.0,6.0,3.0,,,7.0,9.0,8.0,10.0,,,73.79,36.0,399.0,347.0,45.0,241.0,113.0,0.25,7.0,0.27,0.0,-0.5,[1.0],['2 cups of tea'],[0.0],[nan],"['No', 'No']","[nan, ""They didn't""]",[-0.5],[-0.5],"['No', 'No']","[nan, ""They didn't""]",[0.25],['The furniture/fixtures/objects in the room'],"[1.0, 1.0, 0.8, 1.0, nan, nan, nan, 'No specific strategy']",[nan],['No specific strategy'],['Yes'],"['No, I did not apply any mnemonic techniques']",[nan]
A066,4,1.0,1.0,1.0,0.0,0.0,0.0,0.0,0.0,1.0,1.0,0.0,0.0,0.0,1.0,1.0,0.0,1.0,1.0,1.0,1.0,0.0,0.0,1.0,1.0,1.0,0.5,0.25,1.0,0.5,1.0,0.5,0.0,0.0,0.5,0.5,1.0,0.0,0.0,0.0,0.0,0.0,0.0,1.0,0.0,0.0,0.0,0.0,0.5,1.0,1.0,1.0,1.0,1.0,1.0,1.0,0.5,0.5,0.0,0.25,0.0,0.5,0.0,0.0,0.0,0.0,0.0,0.0,0.5,0.0,1.0,0.0,0.5,0.0,0.0,0.0,0.0,1.0,0.0,1.0,1.0,0.5,1.0,1.0,1.0,1.0,1.0,1.0,1.0,0.5,0.0,0.25,0.0,0.5,0.0,0.0,0.0,1.0,0.0,0.0,0.5,0.0,1.0,0.0,0.5,0.0,0.6,0.6,0.6,0.4,0.4,0.4,0.4,0.2,0.2,1.0,0.6,0.2,0.6,0.6,0.4,0.4,0.8,0.6,0.6,0.4,0.2,0.2,0.4,0.4,0.2,0.4,0.2,0.2,0.6,0.6,0.2,0.4,0.2,0.2,0.2,0.2,0.2,0.2,0.2,0.2,0.2,0.2,0.2,0.8,0.6,0.4,0.4,0.4,1.0,0.6,0.6,0.8,0.8,0.6,0.6,0.6,0.2,0.6,0.6,0.4,0.4,0.2,0.2,0.2,0.4,0.2,0.2,0.2,0.2,0.2,0.2,0.2,0.2,0.4,0.4,0.6,0.4,0.6,0.4,1.0,0.2,1.0,0.6,1.0,1.0,0.6,0.8,0.6,0.2,1.0,0.4,0.4,0.4,0.2,0.2,0.2,0.2,0.2,0.2,0.2,0.2,0.2,0.2,0.2,0.2,85.0,34.0,347.0,34.0,20.0,23.0,28.0,20.0,16.0,15.0,16.0,21.0,12.0,16.0,13.0,1.0,,,,3.0,4.0,,,2.0,,,,5.0,,,5.0,,,,6.0,7.0,9.0,,8.0,,,3.0,4.0,1.0,2.0,10.0,,,9.0,8.0,7.0,,,,6.0,5.0,3.0,2.0,1.0,4.0,11.0,12.0,10.0,7.0,8.0,9.0,6.0,,,5.0,,2.0,1.0,3.0,4.0,8.0,,7.0,9.0,10.0,11.0,6.0,,,5.0,,4.0,3.0,1.0,2.0,4.0,,,,,,,,,,,,2.0,1.0,3.0,2.0,4.0,1.0,3.0,6.0,5.0,11.0,,,7.0,9.0,8.0,10.0,,,1.0,,2.0,4.0,5.0,6.0,3.0,,,7.0,9.0,8.0,10.0,,,164.93,27.0,299.0,179.0,31.0,231.0,120.0,0.02,7.0,0.29,0.0,-0.5,[1.0],['1 cup of tea'],[0.0],[nan],"['No', 'No']","[nan, ""They didn't""]",[-1.0],[-1.0],"['No', 'No']","[nan, ""They didn't""]",[0.25],['The furniture/fixtures/objects in the room'],"[1.0, 1.0, 0.6, 0.8, nan, nan, nan, 'Visualising the room layout, Creating a mental story or narrative']",[nan],['Visualising the room layout'],['Yes'],"['No, I did not apply any mnemonic techniques']",[nan]
A067,1,1.0,1.0,1.0,1.0,1.0,1.0,1.0,1.0,1.0,0.0,1.0,0.0,1.0,1.0,1.0,1.0,0.5,1.0,0.5,1.0,1.0,1.0,1.0,1.0,1.0,1.0,1.0,0.5,0.5,1.0,1.0,0.5,0.0,0.5,0.5,0.0,0.0,0.5,0.5,0.5,1.0,0.0,0.5,0.0,0.5,0.0,0.0,1.0,1.0,1.0,1.0,1.0,1.0,1.0,1.0,1.0,0.25,1.0,0.0,0.0,1.0,0.25,0.0,0.0,1.0,1.0,0.0,0.0,0.0,0.0,0.5,0.5,1.0,1.0,1.0,1.0,1.0,1.0,1.0,1.0,1.0,1.0,1.0,1.0,0.0,1.0,1.0,1.0,1.0,1.0,0.5,1.0,1.0,0.5,0.0,1.0,1.0,0.0,0.0,1.0,0.0,0.5,0.5,0.5,1.0,0.6,0.8,0.6,0.6,1.0,1.0,0.8,0.8,1.0,1.0,0.8,0.2,1.0,1.0,0.8,0.8,0.8,0.6,0.6,0.6,1.0,1.0,1.0,0.8,1.0,1.0,0.6,0.6,1.0,1.0,0.2,0.2,0.6,0.6,0.2,0.2,0.2,1.0,0.6,0.6,0.4,0.2,0.2,0.8,0.6,0.6,0.6,0.8,1.0,1.0,1.0,1.0,1.0,0.2,1.0,1.0,0.2,0.2,0.6,0.4,1.0,0.4,0.2,0.2,0.2,0.2,0.2,0.2,0.4,0.2,0.4,0.2,0.4,0.8,1.0,0.8,0.6,1.0,0.8,1.0,0.8,1.0,1.0,1.0,1.0,1.0,1.0,1.0,1.0,0.6,0.4,0.8,1.0,0.6,0.4,0.6,0.2,0.2,0.2,0.6,0.4,0.4,0.6,0.2,0.2,79.0,40.0,237.0,39.0,34.0,23.0,26.0,21.0,22.0,37.0,38.0,38.0,21.0,36.0,35.0,1.0,5.0,,,6.0,,7.0,,,,,2.0,,3.0,4.0,5.0,,,9.0,8.0,7.0,10.0,6.0,,,,4.0,3.0,2.0,1.0,6.0,12.0,5.0,8.0,,9.0,7.0,4.0,13.0,3.0,,10.0,11.0,2.0,1.0,13.0,12.0,10.0,14.0,6.0,7.0,15.0,8.0,10.0,9.0,3.0,4.0,5.0,2.0,1.0,11.0,13.0,10.0,8.0,9.0,15.0,12.0,7.0,14.0,6.0,4.0,3.0,5.0,2.0,1.0,,5.0,,,,6.0,,,,,,3.0,4.0,1.0,2.0,5.0,6.0,4.0,,2.0,3.0,1.0,8.0,9.0,7.0,10.0,14.0,11.0,12.0,13.0,1.0,3.0,,2.0,4.0,5.0,,7.0,12.0,6.0,13.0,69.0,11.0,8.0,10.0,1.0,38.0,289.0,295.0,67.0,212.0,89.0,0.19,6.0,0.27,0.0,0.0,[0.0],[nan],[0.0],[nan],"['No', nan]","[nan, nan]",[0.0],[nan],"['No', nan]","[nan, nan]",[nan],"['The furniture/fixtures/objects in the room, The location of furniture/fixtures/objects, The items you picked up, Where you picked up and put down items']","[1.0, 0.5, 0.6, 0.8, nan, 1.0, nan, 'No specific strategy']",[nan],['No specific strategy'],['Unsure'],"['No, I did not apply any mnemonic techniques']",[nan]
A067,2,1.0,1.0,1.0,1.0,1.0,1.0,0.0,0.0,1.0,0.0,1.0,0.0,0.0,1.0,1.0,1.0,1.0,1.0,1.0,1.0,0.0,0.0,1.0,0.0,0.5,0.5,1.0,0.5,1.0,0.0,0.25,0.5,0.0,1.0,0.0,0.0,1.0,1.0,0.5,1.0,1.0,0.5,0.0,0.5,0.0,0.0,0.0,0.0,1.0,1.0,0.0,1.0,1.0,1.0,0.0,0.0,0.5,0.5,1.0,0.5,0.0,1.0,0.0,0.5,0.5,0.5,0.25,0.0,0.0,0.5,1.0,0.0,0.0,0.0,0.0,0.0,0.0,0.0,0.0,0.0,0.25,1.0,1.0,1.0,1.0,1.0,1.0,0.0,1.0,0.0,1.0,0.5,0.5,1.0,0.0,0.0,0.0,0.5,0.25,0.5,0.5,0.5,1.0,0.0,0.5,0.8,0.6,0.6,1.0,0.4,0.2,0.4,0.2,0.2,0.2,0.2,0.2,0.2,0.8,0.4,0.6,0.8,0.6,0.6,1.0,0.4,0.6,0.4,0.2,0.2,0.2,0.4,0.4,0.2,0.2,0.2,0.2,0.2,0.2,0.2,0.2,0.2,0.2,0.2,0.2,0.2,0.2,0.2,0.2,0.2,0.2,0.2,0.2,1.0,1.0,0.8,0.4,0.8,0.6,0.4,0.4,0.4,0.2,0.2,0.2,0.2,0.2,0.2,0.2,0.2,0.2,0.2,0.2,0.2,0.2,0.2,0.2,0.2,0.6,0.6,0.2,0.4,0.2,0.4,1.0,0.2,1.0,0.8,0.8,1.0,0.8,0.4,0.6,0.4,0.4,0.8,0.2,0.2,0.4,0.4,0.2,0.2,0.2,0.2,0.2,0.2,0.2,0.4,0.2,0.2,79.0,40.0,237.0,39.0,34.0,23.0,26.0,21.0,22.0,37.0,38.0,38.0,21.0,36.0,35.0,1.0,5.0,,,6.0,,7.0,,,,,2.0,,3.0,4.0,5.0,,,9.0,8.0,7.0,10.0,6.0,,,,4.0,3.0,2.0,1.0,6.0,12.0,5.0,8.0,,9.0,7.0,4.0,13.0,3.0,,10.0,11.0,2.0,1.0,13.0,12.0,10.0,14.0,6.0,7.0,15.0,8.0,10.0,9.0,3.0,4.0,5.0,2.0,1.0,11.0,13.0,10.0,8.0,9.0,15.0,12.0,7.0,14.0,6.0,4.0,3.0,5.0,2.0,1.0,,5.0,,,,6.0,,,,,,3.0,4.0,1.0,2.0,5.0,6.0,4.0,,2.0,3.0,1.0,8.0,9.0,7.0,10.0,14.0,11.0,12.0,13.0,1.0,3.0,,2.0,4.0,5.0,,7.0,12.0,6.0,13.0,69.0,11.0,8.0,10.0,29.91,25.0,227.0,346.0,63.0,176.0,112.0,0.48,6.0,0.23,0.0,-0.5,[1.0],[nan],[0.0],[nan],"['No', 'Yes']","[nan, 'It reminded me what objects I picked up,']",[-0.5],[-0.5],"['No', 'Yes']","[nan, 'It reminded me what objects I picked up,']",[0.25],"['The items you picked up, The order you completed items and tasks']","[1.0, 1.0, 0.8, 0.8, nan, nan, nan, 'No specific strategy, Visualising the room layout']",[nan],"['No specific strategy, Visualising the room layout']",['No'],"['No, I did not apply any mnemonic techniques']",[nan]
A067,3,1.0,1.0,1.0,1.0,1.0,0.0,1.0,0.0,0.0,1.0,1.0,0.0,0.0,1.0,1.0,1.0,1.0,0.25,1.0,0.5,0.0,1.0,0.0,1.0,1.0,0.25,0.25,0.5,0.5,0.0,1.0,0.5,0.0,0.25,0.0,1.0,0.5,0.0,0.5,0.5,0.5,0.5,0.0,0.5,0.5,0.5,0.5,0.0,1.0,1.0,0.0,1.0,0.0,0.0,1.0,0.5,0.5,1.0,0.0,0.5,1.0,1.0,0.5,1.0,0.25,0.0,0.0,0.0,0.5,1.0,0.0,0.0,0.0,0.0,0.5,1.0,0.0,0.0,0.0,0.0,0.0,1.0,1.0,1.0,0.0,1.0,1.0,0.0,0.5,0.5,0.0,0.0,1.0,0.0,0.5,0.25,1.0,0.25,0.0,0.0,0.0,1.0,1.0,0.0,0.0,0.2,0.2,0.2,0.2,0.4,0.4,0.4,0.2,0.4,0.6,0.2,0.4,0.2,0.6,0.6,0.6,0.2,0.2,0.2,0.2,0.4,0.4,0.2,0.2,0.4,0.4,0.4,0.2,0.2,0.2,0.2,0.4,0.2,0.2,0.2,0.2,0.2,0.2,0.2,0.2,0.2,0.2,0.2,0.4,0.4,0.4,0.4,0.4,1.0,0.2,0.4,1.0,0.6,0.4,1.0,0.2,0.2,0.4,0.2,0.2,0.4,0.2,0.2,0.2,0.2,0.2,0.2,0.2,0.2,0.2,0.2,0.2,0.2,0.2,0.4,0.2,0.2,0.4,0.2,0.6,0.2,0.6,1.0,0.8,0.6,1.0,1.0,0.2,0.2,0.4,0.2,0.2,0.6,0.2,0.2,0.2,0.2,0.2,0.2,0.2,0.2,0.2,0.2,0.2,0.2,79.0,40.0,237.0,39.0,34.0,23.0,26.0,21.0,22.0,37.0,38.0,38.0,21.0,36.0,35.0,1.0,5.0,,,6.0,,7.0,,,,,2.0,,3.0,4.0,5.0,,,9.0,8.0,7.0,10.0,6.0,,,,4.0,3.0,2.0,1.0,6.0,12.0,5.0,8.0,,9.0,7.0,4.0,13.0,3.0,,10.0,11.0,2.0,1.0,13.0,12.0,10.0,14.0,6.0,7.0,15.0,8.0,10.0,9.0,3.0,4.0,5.0,2.0,1.0,11.0,13.0,10.0,8.0,9.0,15.0,12.0,7.0,14.0,6.0,4.0,3.0,5.0,2.0,1.0,,5.0,,,,6.0,,,,,,3.0,4.0,1.0,2.0,5.0,6.0,4.0,,2.0,3.0,1.0,8.0,9.0,7.0,10.0,14.0,11.0,12.0,13.0,1.0,3.0,,2.0,4.0,5.0,,7.0,12.0,6.0,13.0,69.0,11.0,8.0,10.0,73.19,31.0,209.0,185.0,48.0,163.0,93.0,0.43,3.0,0.08,-1.0,-1.0,[1.0],['1 cup of coffee'],[0.0],[nan],"['No', 'Unsure']","[nan, 'Unsure']",[-1.0],[-0.5],"['No', 'Unsure']","[nan, 'Unsure']",[0.25],"['The furniture/fixtures/objects in the room, The items you picked up']","[1.0, 1.0, 0.2, 0.2, nan, nan, nan, 'No specific strategy']",[nan],['No specific strategy'],['No'],"['No, I did not apply any mnemonic techniques']",['I can’t believe how little I remember the actual living room!!']
A067,4,1.0,1.0,1.0,1.0,1.0,0.0,1.0,0.0,0.0,1.0,0.0,0.0,1.0,1.0,0.0,0.0,1.0,1.0,1.0,1.0,0.0,0.5,1.0,0.0,1.0,0.5,1.0,0.0,0.5,0.0,1.0,1.0,0.5,0.25,0.0,0.5,1.0,1.0,0.0,0.0,1.0,0.5,0.0,1.0,0.5,0.0,0.0,1.0,1.0,1.0,0.0,1.0,1.0,1.0,1.0,0.5,0.0,0.0,0.0,0.5,0.25,0.5,0.0,0.25,0.5,0.0,0.25,0.0,1.0,0.0,0.5,0.5,0.5,0.0,0.0,0.0,0.0,0.0,1.0,0.0,1.0,1.0,0.0,1.0,1.0,0.0,1.0,0.0,1.0,0.0,0.0,0.25,0.0,0.0,0.0,0.25,0.0,0.5,0.5,0.5,1.0,0.5,0.0,0.0,0.0,0.6,0.6,0.6,0.6,1.0,0.4,0.6,0.2,0.2,0.2,1.0,0.2,0.2,0.8,0.4,0.2,1.0,0.8,0.8,1.0,0.6,0.6,0.2,0.4,1.0,0.2,0.2,0.2,0.2,0.2,0.2,0.2,0.2,0.2,1.0,0.2,0.2,0.2,0.2,0.2,0.2,0.2,0.2,0.8,0.4,0.4,0.4,0.4,1.0,0.2,0.2,0.6,0.2,0.4,0.6,0.2,0.2,0.2,0.2,0.2,0.2,0.2,0.2,0.4,0.2,0.2,0.2,0.2,0.2,0.2,0.2,0.2,0.2,0.4,0.2,0.4,0.2,0.4,0.2,0.6,1.0,1.0,0.2,0.6,0.4,0.6,0.4,0.2,0.2,0.2,0.2,0.2,0.2,0.2,0.2,0.2,0.2,0.2,0.2,0.2,0.2,0.2,0.2,0.2,0.2,79.0,40.0,237.0,39.0,34.0,23.0,26.0,21.0,22.0,37.0,38.0,38.0,21.0,36.0,35.0,1.0,5.0,,,6.0,,7.0,,,,,2.0,,3.0,4.0,5.0,,,9.0,8.0,7.0,10.0,6.0,,,,4.0,3.0,2.0,1.0,6.0,12.0,5.0,8.0,,9.0,7.0,4.0,13.0,3.0,,10.0,11.0,2.0,1.0,13.0,12.0,10.0,14.0,6.0,7.0,15.0,8.0,10.0,9.0,3.0,4.0,5.0,2.0,1.0,11.0,13.0,10.0,8.0,9.0,15.0,12.0,7.0,14.0,6.0,4.0,3.0,5.0,2.0,1.0,,5.0,,,,6.0,,,,,,3.0,4.0,1.0,2.0,5.0,6.0,4.0,,2.0,3.0,1.0,8.0,9.0,7.0,10.0,14.0,11.0,12.0,13.0,1.0,3.0,,2.0,4.0,5.0,,7.0,12.0,6.0,13.0,69.0,11.0,8.0,10.0,144.19,20.0,229.0,240.0,39.0,189.0,125.0,0.18,6.0,0.29,0.0,0.5,[0.0],[nan],[0.0],[nan],"['No', 'Yes']","[nan, 'I knew what to expect and try to recall.']",[-1.0],[-0.5],"['No', 'Yes']","[nan, 'I knew what to expect and try to recall.']",[0.5],"['The furniture/fixtures/objects in the room, The location of furniture/fixtures/objects, The items you picked up, Where you picked up and put down items']","[1.0, 1.0, 0.6, 1.0, nan, nan, nan, 'No specific strategy']",[nan],['No specific strategy'],['No'],"['No, I did not apply any mnemonic techniques']",['Really interesting experience!']
A068,1,1.0,1.0,1.0,1.0,1.0,1.0,1.0,1.0,0.0,1.0,1.0,1.0,0.0,1.0,1.0,0.0,1.0,1.0,1.0,1.0,1.0,0.5,1.0,1.0,1.0,1.0,1.0,1.0,1.0,1.0,1.0,0.5,0.5,0.0,0.0,1.0,1.0,0.5,0.0,1.0,1.0,0.5,0.0,0.0,0.5,0.5,0.0,0.0,1.0,1.0,1.0,1.0,1.0,1.0,1.0,1.0,1.0,1.0,1.0,1.0,0.5,1.0,1.0,1.0,0.0,1.0,1.0,0.5,0.0,1.0,0.5,0.5,1.0,0.5,0.0,1.0,1.0,1.0,1.0,1.0,1.0,1.0,1.0,0.0,1.0,1.0,1.0,1.0,1.0,1.0,0.5,1.0,0.5,0.5,1.0,0.0,0.0,1.0,1.0,1.0,0.0,1.0,0.5,0.5,1.0,1.0,1.0,1.0,1.0,1.0,1.0,1.0,1.0,0.2,1.0,1.0,1.0,0.2,1.0,1.0,0.8,1.0,1.0,1.0,1.0,1.0,1.0,1.0,1.0,1.0,1.0,0.8,1.0,0.8,1.0,0.6,0.8,1.0,0.6,1.0,1.0,1.0,0.6,0.8,1.0,0.6,0.6,0.6,0.6,0.6,0.8,0.6,0.6,1.0,1.0,1.0,1.0,1.0,1.0,1.0,1.0,1.0,1.0,1.0,1.0,1.0,0.8,1.0,0.6,1.0,1.0,1.0,0.6,0.6,1.0,0.8,0.6,0.6,1.0,1.0,1.0,1.0,1.0,1.0,1.0,1.0,1.0,1.0,1.0,1.0,1.0,1.0,1.0,1.0,1.0,1.0,1.0,1.0,0.8,1.0,0.6,1.0,1.0,1.0,0.6,0.6,1.0,0.8,0.6,0.8,73.0,35.0,164.0,22.0,25.0,21.0,26.0,27.0,23.0,29.0,22.0,24.0,11.0,20.0,21.0,1.0,,,2.0,7.0,,,,,4.0,,5.0,,3.0,6.0,1.0,2.0,3.0,41.0,,7.0,,,5.0,6.0,,9.0,,,8.0,1.0,2.0,3.0,,5.0,6.0,7.0,8.0,11.0,10.0,,4.0,,,9.0,1.0,2.0,3.0,4.0,5.0,6.0,7.0,,14.0,4.0,9.0,12.0,8.0,10.0,13.0,1.0,2.0,3.0,4.0,5.0,6.0,7.0,8.0,14.0,12.0,13.0,11.0,9.0,10.0,15.0,,4.0,,,,5.0,,,,,,,3.0,1.0,2.0,1.0,2.0,3.0,4.0,,,5.0,6.0,,12.0,10.0,9.0,11.0,7.0,8.0,1.0,2.0,3.0,,4.0,5.0,6.0,7.0,10.0,9.0,7.0,11.0,13.0,,12.0,1.0,47.0,268.0,475.0,62.0,241.0,82.0,0.16,6.0,0.29,0.0,0.5,[1.0],[2.0],[0.0],[nan],"['No', nan]","[nan, nan]",[0.0],[nan],"['No', nan]","[nan, nan]",[nan],"['The location of furniture/fixtures/objects, The items you picked up, Where you picked up and put down items, The order you completed items and tasks']","[1.0, 1.0, 1.0, 1.0, nan, nan, nan, 'Visualising the room layout']",[nan],['Visualising the room layout'],['Unsure'],"['No, I did not apply any mnemonic techniques']",[nan]
A068,2,1.0,1.0,1.0,1.0,1.0,1.0,0.0,0.0,1.0,0.0,1.0,0.0,0.0,1.0,1.0,1.0,1.0,1.0,1.0,1.0,0.0,0.0,1.0,1.0,1.0,0.25,0.5,0.25,1.0,0.5,1.0,0.5,0.0,0.5,0.5,0.5,0.0,1.0,0.0,0.5,1.0,1.0,0.5,0.5,1.0,0.0,0.5,1.0,1.0,1.0,1.0,1.0,1.0,1.0,1.0,1.0,0.5,1.0,1.0,0.0,1.0,1.0,0.0,1.0,0.5,0.0,0.0,0.0,0.0,1.0,1.0,0.0,0.5,0.0,0.0,1.0,0.5,1.0,1.0,1.0,1.0,1.0,1.0,1.0,1.0,1.0,1.0,1.0,1.0,1.0,1.0,0.0,1.0,1.0,0.0,1.0,1.0,0.0,0.0,0.0,0.0,1.0,1.0,0.0,0.5,1.0,0.8,0.4,0.8,1.0,1.0,0.6,0.6,1.0,0.2,1.0,0.2,0.2,1.0,1.0,0.8,0.8,1.0,1.0,0.8,0.8,1.0,0.8,0.8,1.0,1.0,1.0,0.6,0.8,0.6,0.2,1.0,1.0,0.4,1.0,0.6,0.2,1.0,0.4,0.4,0.4,0.4,0.2,0.8,0.6,0.6,1.0,0.6,1.0,1.0,1.0,1.0,1.0,1.0,1.0,1.0,1.0,1.0,1.0,1.0,1.0,0.6,1.0,1.0,1.0,0.6,0.6,0.6,1.0,1.0,1.0,0.4,0.6,0.6,0.8,1.0,0.6,1.0,1.0,1.0,1.0,1.0,1.0,1.0,1.0,1.0,1.0,1.0,1.0,1.0,1.0,1.0,1.0,0.8,1.0,1.0,1.0,0.6,0.4,0.6,1.0,0.6,1.0,0.4,0.2,73.0,35.0,164.0,22.0,25.0,21.0,26.0,27.0,23.0,29.0,22.0,24.0,11.0,20.0,21.0,1.0,,,2.0,7.0,,,,,4.0,,5.0,,3.0,6.0,1.0,2.0,3.0,41.0,,7.0,,,5.0,6.0,,9.0,,,8.0,1.0,2.0,3.0,,5.0,6.0,7.0,8.0,11.0,10.0,,4.0,,,9.0,1.0,2.0,3.0,4.0,5.0,6.0,7.0,,14.0,4.0,9.0,12.0,8.0,10.0,13.0,1.0,2.0,3.0,4.0,5.0,6.0,7.0,8.0,14.0,12.0,13.0,11.0,9.0,10.0,15.0,,4.0,,,,5.0,,,,,,,3.0,1.0,2.0,1.0,2.0,3.0,4.0,,,5.0,6.0,,12.0,10.0,9.0,11.0,7.0,8.0,1.0,2.0,3.0,,4.0,5.0,6.0,7.0,10.0,9.0,7.0,11.0,13.0,,12.0,30.49,39.0,236.0,254.0,51.0,193.0,111.0,0.39,7.0,0.33,0.0,0.0,[1.0],[2.0],[0.0],[nan],"['No', 'No']","[nan, nan]",[0.0],[-0.5],"['No', 'No']","[nan, nan]",[0.5],"['The location of furniture/fixtures/objects, The items you picked up, Where you picked up and put down items']","[1.0, 1.0, 1.0, 0.8, nan, nan, nan, 'No specific strategy']",[nan],['Visualising the room layout'],['No'],"['No, I did not apply any mnemonic techniques']",[nan]
A068,3,1.0,1.0,1.0,1.0,0.0,1.0,1.0,1.0,1.0,0.0,1.0,1.0,0.0,1.0,0.0,1.0,1.0,1.0,1.0,1.0,0.0,1.0,0.0,0.0,0.5,1.0,1.0,0.5,1.0,1.0,1.0,1.0,0.0,0.25,0.0,0.0,0.0,0.0,0.5,0.0,0.0,1.0,0.0,1.0,0.5,0.5,0.0,0.0,1.0,1.0,1.0,1.0,1.0,1.0,1.0,1.0,1.0,1.0,1.0,1.0,1.0,1.0,0.0,0.25,0.0,0.0,0.0,0.0,0.0,0.5,0.0,1.0,0.0,1.0,0.0,0.0,0.0,1.0,1.0,1.0,1.0,1.0,1.0,1.0,1.0,1.0,1.0,1.0,1.0,1.0,1.0,1.0,1.0,1.0,0.0,0.5,0.0,0.0,0.0,0.0,0.0,0.5,0.0,1.0,0.0,0.8,1.0,0.6,1.0,0.4,1.0,0.6,1.0,1.0,0.2,1.0,1.0,0.2,1.0,0.8,0.6,1.0,1.0,1.0,1.0,0.6,0.6,0.6,0.4,0.6,1.0,1.0,1.0,1.0,0.2,0.2,0.6,0.6,0.6,0.6,0.2,0.2,0.4,0.4,0.4,0.6,0.2,0.2,0.4,0.4,0.4,0.6,0.4,1.0,1.0,1.0,0.8,1.0,1.0,1.0,1.0,1.0,0.6,1.0,1.0,1.0,0.8,0.6,0.4,0.4,0.4,0.4,0.4,1.0,0.2,0.4,0.6,0.4,0.6,0.6,0.8,0.6,1.0,0.4,1.0,1.0,1.0,1.0,1.0,1.0,1.0,1.0,1.0,1.0,0.8,1.0,1.0,1.0,1.0,0.4,0.8,0.6,0.4,0.6,0.4,0.8,0.4,0.6,0.6,0.4,73.0,35.0,164.0,22.0,25.0,21.0,26.0,27.0,23.0,29.0,22.0,24.0,11.0,20.0,21.0,1.0,,,2.0,7.0,,,,,4.0,,5.0,,3.0,6.0,1.0,2.0,3.0,41.0,,7.0,,,5.0,6.0,,9.0,,,8.0,1.0,2.0,3.0,,5.0,6.0,7.0,8.0,11.0,10.0,,4.0,,,9.0,1.0,2.0,3.0,4.0,5.0,6.0,7.0,,14.0,4.0,9.0,12.0,8.0,10.0,13.0,1.0,2.0,3.0,4.0,5.0,6.0,7.0,8.0,14.0,12.0,13.0,11.0,9.0,10.0,15.0,,4.0,,,,5.0,,,,,,,3.0,1.0,2.0,1.0,2.0,3.0,4.0,,,5.0,6.0,,12.0,10.0,9.0,11.0,7.0,8.0,1.0,2.0,3.0,,4.0,5.0,6.0,7.0,10.0,9.0,7.0,11.0,13.0,,12.0,82.98,32.0,315.0,211.0,55.0,202.0,111.0,0.58,7.0,0.33,0.0,0.0,[1.0],[2.0],[0.0],[nan],"['No', 'No']","[nan, nan]",[0.0],[-0.5],"['No', 'No']","[nan, nan]",[0.25],"['The items you picked up, Where you picked up and put down items']","[1.0, 1.0, 0.8, 1.0, nan, nan, nan, 'Visualising the room layout']",[nan],['Visualising the room layout'],['No'],"['No, I did not apply any mnemonic techniques']",[nan]
A068,4,1.0,1.0,0.0,1.0,0.0,1.0,1.0,0.0,1.0,1.0,0.0,0.0,0.0,1.0,0.0,0.0,1.0,1.0,1.0,1.0,0.0,0.5,1.0,0.0,0.5,1.0,1.0,1.0,0.0,0.5,1.0,0.5,0.0,0.0,0.0,0.0,0.5,0.5,0.5,0.5,1.0,1.0,0.5,0.0,0.5,0.0,0.5,0.5,1.0,1.0,1.0,1.0,1.0,1.0,1.0,0.5,1.0,1.0,0.5,0.0,0.5,1.0,0.0,0.0,1.0,1.0,0.0,0.5,0.5,0.5,0.5,1.0,0.0,0.0,0.0,1.0,0.0,1.0,1.0,1.0,1.0,1.0,1.0,1.0,0.0,1.0,1.0,0.5,1.0,1.0,0.5,0.0,1.0,0.5,0.0,0.0,1.0,1.0,0.0,0.5,0.5,0.5,1.0,1.0,0.5,0.8,0.6,0.4,0.6,0.2,1.0,0.4,0.2,1.0,1.0,0.2,0.2,0.2,1.0,0.6,0.6,1.0,1.0,1.0,0.8,0.4,0.6,0.6,0.6,0.4,1.0,1.0,0.2,0.2,0.2,0.2,1.0,0.4,0.2,0.2,0.2,0.2,1.0,1.0,0.2,0.2,0.2,0.2,0.6,0.4,0.4,0.4,0.4,1.0,1.0,1.0,1.0,0.8,0.8,0.8,0.8,1.0,1.0,0.6,0.4,0.6,0.6,0.4,1.0,0.4,0.4,0.4,0.4,0.8,1.0,0.4,0.4,0.2,0.6,0.6,0.8,0.8,1.0,0.6,0.6,0.4,1.0,0.8,1.0,1.0,1.0,1.0,1.0,1.0,1.0,1.0,0.8,0.8,0.8,0.8,0.8,0.6,0.4,0.6,0.4,0.6,0.6,0.4,0.4,0.4,73.0,35.0,164.0,22.0,25.0,21.0,26.0,27.0,23.0,29.0,22.0,24.0,11.0,20.0,21.0,1.0,,,2.0,7.0,,,,,4.0,,5.0,,3.0,6.0,1.0,2.0,3.0,41.0,,7.0,,,5.0,6.0,,9.0,,,8.0,1.0,2.0,3.0,,5.0,6.0,7.0,8.0,11.0,10.0,,4.0,,,9.0,1.0,2.0,3.0,4.0,5.0,6.0,7.0,,14.0,4.0,9.0,12.0,8.0,10.0,13.0,1.0,2.0,3.0,4.0,5.0,6.0,7.0,8.0,14.0,12.0,13.0,11.0,9.0,10.0,15.0,,4.0,,,,5.0,,,,,,,3.0,1.0,2.0,1.0,2.0,3.0,4.0,,,5.0,6.0,,12.0,10.0,9.0,11.0,7.0,8.0,1.0,2.0,3.0,,4.0,5.0,6.0,7.0,10.0,9.0,7.0,11.0,13.0,,12.0,155.59,36.0,247.0,200.0,32.0,217.0,87.0,0.63,7.0,0.31,0.0,0.0,[1.0],[2.0],[0.0],[nan],"['No', 'No']","[nan, nan]",[0.0],[-0.5],"['No', 'No']","[nan, nan]",[0.25],"['The location of furniture/fixtures/objects, The items you picked up, Where you picked up and put down items']","[1.0, 1.0, 0.8, 1.0, nan, nan, nan, 'Visualising the room layout']",[nan],['Visualising the room layout'],['No'],"['No, I did not apply any mnemonic techniques']",[nan]
A069,1,1.0,1.0,1.0,1.0,1.0,1.0,1.0,1.0,0.0,0.0,1.0,0.0,1.0,1.0,0.0,1.0,0.25,0.5,0.5,0.5,1.0,0.0,1.0,0.0,0.5,0.0,0.25,0.5,0.0,0.25,0.0,1.0,0.0,0.5,0.0,1.0,1.0,0.5,0.0,0.0,1.0,0.0,0.0,0.0,0.5,0.5,0.0,0.5,1.0,1.0,1.0,1.0,1.0,1.0,1.0,0.0,0.5,0.25,0.0,1.0,0.0,1.0,0.0,0.5,0.0,0.5,0.5,0.5,0.0,0.0,1.0,0.0,0.0,1.0,0.0,1.0,0.5,1.0,1.0,0.0,1.0,1.0,1.0,1.0,0.0,1.0,1.0,0.0,1.0,1.0,0.0,0.5,0.0,1.0,0.0,1.0,0.0,1.0,0.5,0.5,0.0,0.0,1.0,0.0,0.0,1.0,1.0,1.0,0.4,1.0,0.8,0.8,1.0,0.2,0.4,1.0,0.2,1.0,1.0,0.4,1.0,1.0,0.8,1.0,0.4,0.4,0.8,0.8,1.0,1.0,0.4,0.4,1.0,0.4,0.2,0.4,1.0,1.0,0.4,0.2,0.4,0.4,0.8,1.0,1.0,1.0,0.2,0.2,0.4,0.4,0.4,0.4,0.4,0.4,0.6,1.0,0.8,1.0,0.8,1.0,0.6,0.4,0.6,0.4,0.4,0.6,0.6,0.4,0.4,0.4,0.4,0.8,0.2,1.0,0.2,0.2,0.4,0.6,0.6,0.4,0.8,0.4,0.8,0.6,1.0,0.8,1.0,1.0,1.0,1.0,0.8,0.8,0.4,0.8,0.6,0.6,0.6,0.8,0.8,0.8,0.6,0.6,0.6,0.8,0.8,0.8,0.8,0.8,0.8,0.8,278.0,15.0,441.0,32.0,36.0,52.0,36.0,55.0,63.0,101.0,60.0,117.0,62.0,72.0,65.0,,2.0,,,,,1.0,,,,,4.0,,3.0,5.0,,,6.0,8.0,,3.0,7.0,5.0,,,4.0,,,1.0,2.0,,,9.0,8.0,6.0,4.0,7.0,5.0,,11.0,10.0,,1.0,2.0,3.0,13.0,14.0,7.0,6.0,5.0,8.0,11.0,9.0,4.0,10.0,12.0,,1.0,2.0,3.0,7.0,8.0,9.0,10.0,11.0,12.0,13.0,4.0,6.0,3.0,5.0,14.0,,1.0,2.0,,,,6.0,,5.0,4.0,,,,,,3.0,2.0,1.0,1.0,2.0,3.0,4.0,14.0,10.0,9.0,6.0,,13.0,5.0,12.0,8.0,7.0,11.0,1.0,2.0,4.0,3.0,8.0,9.0,10.0,6.0,,12.0,5.0,13.0,11.0,,7.0,1.0,75.0,481.0,413.0,216.0,330.0,182.0,0.33,6.0,0.25,0.0,-0.5,[1.0],['coffe'],[0.0],[nan],"['No', nan]","[nan, nan]",[-0.5],[nan],"['No', nan]","[nan, nan]",[nan],['The location of furniture/fixtures/objects'],"[1.0, 0.25, 1.0, 1.0, nan, 1.0, nan, 'Visualising the room layout']",[nan],['Visualising the room layout'],['No'],"['No, I did not apply any mnemonic techniques']",[nan]
A069,2,1.0,1.0,1.0,1.0,1.0,0.0,1.0,0.0,0.0,1.0,0.0,0.0,0.0,1.0,0.0,0.0,0.25,0.5,0.5,0.5,0.0,1.0,1.0,0.0,0.5,0.5,0.5,1.0,0.0,0.0,0.5,0.5,0.0,0.25,1.0,1.0,0.0,0.0,0.0,0.0,0.0,1.0,0.5,1.0,0.0,0.0,0.5,0.0,1.0,1.0,1.0,1.0,1.0,0.0,1.0,0.0,1.0,0.5,0.5,0.0,1.0,0.0,0.0,0.5,0.25,0.25,0.0,0.0,0.0,0.0,0.0,1.0,0.5,0.0,0.5,0.0,0.0,0.0,0.0,1.0,1.0,1.0,1.0,1.0,1.0,1.0,1.0,0.5,1.0,1.0,0.0,0.0,1.0,0.25,1.0,0.25,0.25,1.0,0.0,0.0,0.0,0.0,0.0,1.0,0.5,0.6,0.6,1.0,0.8,0.8,0.6,0.4,0.6,0.6,0.4,0.4,0.4,0.4,1.0,0.4,0.6,0.6,0.6,0.8,0.6,0.6,0.6,0.6,0.4,0.8,0.6,0.6,0.4,0.4,0.4,0.4,0.6,0.6,0.4,0.4,0.4,0.4,0.6,0.6,0.4,0.4,0.4,0.4,0.4,0.4,0.4,0.6,0.6,0.6,0.2,0.2,0.2,0.2,0.2,0.2,0.2,0.2,0.2,0.2,0.2,0.2,0.2,0.2,0.2,0.2,0.2,0.2,0.2,0.2,0.2,0.2,0.4,0.2,0.2,0.2,0.2,0.2,0.6,0.2,0.6,0.6,1.0,1.0,1.0,0.4,1.0,1.0,0.2,0.2,0.2,0.6,0.2,0.2,0.2,0.2,0.2,0.6,0.2,0.2,0.2,0.2,0.2,0.6,0.2,0.2,278.0,15.0,441.0,32.0,36.0,52.0,36.0,55.0,63.0,101.0,60.0,117.0,62.0,72.0,65.0,,2.0,,,,,1.0,,,,,4.0,,3.0,5.0,,,6.0,8.0,,3.0,7.0,5.0,,,4.0,,,1.0,2.0,,,9.0,8.0,6.0,4.0,7.0,5.0,,11.0,10.0,,1.0,2.0,3.0,13.0,14.0,7.0,6.0,5.0,8.0,11.0,9.0,4.0,10.0,12.0,,1.0,2.0,3.0,7.0,8.0,9.0,10.0,11.0,12.0,13.0,4.0,6.0,3.0,5.0,14.0,,1.0,2.0,,,,6.0,,5.0,4.0,,,,,,3.0,2.0,1.0,1.0,2.0,3.0,4.0,14.0,10.0,9.0,6.0,,13.0,5.0,12.0,8.0,7.0,11.0,1.0,2.0,4.0,3.0,8.0,9.0,10.0,6.0,,12.0,5.0,13.0,11.0,,7.0,24.96,44.0,391.0,327.0,139.0,268.0,171.0,0.34,6.0,0.27,0.0,0.0,[1.0],['1 cup'],[0.0],[nan],"['No', 'Yes']","[nan, 'With photos']",[-0.5],[-0.5],"['No', 'Yes']","[nan, 'With photos']",[0.25],['The furniture/fixtures/objects in the room'],"[1.0, 0.25, 0.6, 0.6, nan, 1.0, nan, 'No specific strategy']",[nan],['No specific strategy'],['No'],"['No, I did not apply any mnemonic techniques']",[nan]
A069,3,1.0,0.0,1.0,1.0,1.0,1.0,0.0,1.0,1.0,0.0,1.0,0.0,0.0,0.0,1.0,0.0,0.5,0.25,0.5,1.0,0.0,0.5,1.0,1.0,0.5,1.0,0.5,0.0,0.5,0.5,0.25,1.0,0.0,0.0,0.5,0.0,1.0,1.0,0.0,0.5,0.0,0.0,0.0,0.0,1.0,1.0,0.0,1.0,1.0,1.0,1.0,1.0,1.0,1.0,1.0,0.5,1.0,0.0,1.0,0.0,1.0,1.0,0.0,0.0,0.5,1.0,0.0,1.0,0.0,0.5,0.0,0.0,0.0,0.0,0.5,0.0,0.0,1.0,0.0,1.0,1.0,1.0,1.0,1.0,0.0,1.0,1.0,1.0,1.0,0.0,0.25,1.0,1.0,1.0,1.0,0.0,0.5,0.0,0.0,1.0,0.0,0.5,0.0,0.0,0.0,0.6,0.8,0.6,0.4,0.6,0.4,0.4,0.4,0.2,0.2,0.4,0.2,0.2,1.0,0.4,0.4,0.6,0.6,0.4,0.8,0.6,0.6,0.4,0.4,0.6,0.4,0.2,0.2,0.2,0.4,0.2,0.4,0.2,0.2,0.2,0.4,0.2,0.4,0.2,0.2,0.2,0.4,0.2,0.4,0.4,0.4,0.4,0.4,0.4,0.4,0.2,0.2,0.2,0.2,0.2,0.4,0.2,0.2,0.4,0.2,0.2,0.4,0.2,0.2,0.2,0.2,0.2,0.4,0.2,0.2,0.2,0.2,0.2,0.4,0.4,0.2,0.2,0.4,0.2,0.6,0.8,0.8,0.8,0.4,0.2,0.8,1.0,0.2,0.2,0.2,0.2,0.2,0.2,0.2,0.2,0.2,0.2,0.2,0.2,0.2,0.2,0.2,0.2,0.2,0.2,278.0,15.0,441.0,32.0,36.0,52.0,36.0,55.0,63.0,101.0,60.0,117.0,62.0,72.0,65.0,,2.0,,,,,1.0,,,,,4.0,,3.0,5.0,,,6.0,8.0,,3.0,7.0,5.0,,,4.0,,,1.0,2.0,,,9.0,8.0,6.0,4.0,7.0,5.0,,11.0,10.0,,1.0,2.0,3.0,13.0,14.0,7.0,6.0,5.0,8.0,11.0,9.0,4.0,10.0,12.0,,1.0,2.0,3.0,7.0,8.0,9.0,10.0,11.0,12.0,13.0,4.0,6.0,3.0,5.0,14.0,,1.0,2.0,,,,6.0,,5.0,4.0,,,,,,3.0,2.0,1.0,1.0,2.0,3.0,4.0,14.0,10.0,9.0,6.0,,13.0,5.0,12.0,8.0,7.0,11.0,1.0,2.0,4.0,3.0,8.0,9.0,10.0,6.0,,12.0,5.0,13.0,11.0,,7.0,79.75,48.0,375.0,210.0,80.0,281.0,148.0,0.61,7.0,0.29,0.0,-0.5,[1.0],['Coffe'],[0.0],[nan],"['No', 'Yes']","[nan, 'Make remember a bit more']",[-0.5],[-0.5],"['No', 'Yes']","[nan, 'Make remember a bit more']",[0.25],['The furniture/fixtures/objects in the room'],"[1.0, 0.5, 0.6, 0.6, nan, 1.0, nan, 'No specific strategy']",[nan],['No specific strategy'],['No'],"['No, I did not apply any mnemonic techniques']",[nan]
A069,4,1.0,0.0,1.0,1.0,1.0,0.0,0.0,1.0,0.0,1.0,0.0,0.0,0.0,1.0,0.0,0.0,0.5,0.5,0.5,1.0,1.0,0.0,0.0,0.0,0.5,0.0,0.5,0.0,0.5,0.0,0.5,0.0,1.0,0.25,0.0,1.0,1.0,0.0,0.0,1.0,0.0,0.0,0.5,0.0,0.0,0.5,1.0,0.0,1.0,1.0,1.0,1.0,0.0,0.0,1.0,0.0,1.0,0.0,0.5,0.0,1.0,0.0,1.0,0.25,0.0,0.25,0.5,0.0,0.0,1.0,0.0,0.0,0.5,0.0,0.5,0.0,0.0,1.0,0.5,1.0,1.0,1.0,1.0,0.0,0.0,0.0,1.0,0.0,0.5,0.0,0.25,0.0,0.5,0.0,1.0,0.25,0.0,0.5,0.5,0.0,0.0,1.0,0.0,0.0,0.5,0.6,0.6,0.6,0.4,0.8,0.4,0.4,0.6,0.2,0.2,0.2,0.2,0.2,0.6,0.8,0.8,0.6,0.6,0.6,0.4,0.4,0.4,0.4,0.4,0.8,0.6,0.2,0.2,0.2,0.2,0.2,0.6,0.2,0.2,0.2,0.2,0.2,0.6,0.2,0.2,0.2,0.2,0.2,0.2,0.2,0.2,0.2,0.2,0.2,0.2,0.2,0.2,0.2,0.2,0.2,0.2,0.2,0.2,0.2,0.2,0.2,0.2,0.2,0.2,0.2,0.2,0.4,0.2,0.2,0.2,0.2,0.2,0.2,0.4,0.4,0.2,0.2,0.2,0.4,1.0,1.0,1.0,1.0,1.0,1.0,1.0,1.0,0.6,0.2,0.2,0.4,0.2,0.2,0.6,0.2,0.2,0.6,0.2,0.2,0.6,0.2,0.2,0.4,0.2,0.2,278.0,15.0,441.0,32.0,36.0,52.0,36.0,55.0,63.0,101.0,60.0,117.0,62.0,72.0,65.0,,2.0,,,,,1.0,,,,,4.0,,3.0,5.0,,,6.0,8.0,,3.0,7.0,5.0,,,4.0,,,1.0,2.0,,,9.0,8.0,6.0,4.0,7.0,5.0,,11.0,10.0,,1.0,2.0,3.0,13.0,14.0,7.0,6.0,5.0,8.0,11.0,9.0,4.0,10.0,12.0,,1.0,2.0,3.0,7.0,8.0,9.0,10.0,11.0,12.0,13.0,4.0,6.0,3.0,5.0,14.0,,1.0,2.0,,,,6.0,,5.0,4.0,,,,,,3.0,2.0,1.0,1.0,2.0,3.0,4.0,14.0,10.0,9.0,6.0,,13.0,5.0,12.0,8.0,7.0,11.0,1.0,2.0,4.0,3.0,8.0,9.0,10.0,6.0,,12.0,5.0,13.0,11.0,,7.0,140.22,55.67,311.0,213.0,79.0,243.0,130.0,0.15,7.0,0.27,0.0,0.0,[1.0],['Coffe'],[0.0],[nan],"['No', 'No']","[nan, nan]",[-0.5],[-0.5],"['No', 'No']","[nan, nan]",[0.25],['The furniture/fixtures/objects in the room'],"[1.0, 0.5, 0.6, 0.6, nan, 1.0, nan, 'No specific strategy']",[nan],['No specific strategy'],['No'],"['No, I did not apply any mnemonic techniques']",[nan]
A070,1,1.0,1.0,1.0,1.0,1.0,1.0,1.0,1.0,0.0,0.0,1.0,0.0,0.0,1.0,0.0,1.0,1.0,1.0,1.0,1.0,1.0,1.0,1.0,1.0,1.0,1.0,0.0,1.0,1.0,0.25,1.0,1.0,0.0,0.5,0.0,0.5,0.0,1.0,1.0,1.0,1.0,1.0,1.0,0.0,0.0,1.0,0.0,0.5,1.0,1.0,1.0,1.0,1.0,1.0,1.0,1.0,1.0,0.25,1.0,0.25,1.0,0.25,1.0,1.0,1.0,0.5,0.0,0.5,1.0,1.0,0.5,1.0,1.0,1.0,1.0,1.0,1.0,1.0,1.0,1.0,1.0,1.0,1.0,1.0,1.0,1.0,1.0,1.0,1.0,0.5,1.0,0.25,1.0,0.25,1.0,1.0,0.0,0.25,0.0,0.5,1.0,1.0,0.5,1.0,0.5,0.8,1.0,0.8,1.0,1.0,1.0,0.8,1.0,0.2,0.2,1.0,0.2,0.2,0.8,0.8,1.0,1.0,1.0,1.0,1.0,1.0,0.8,0.8,0.8,1.0,1.0,1.0,0.2,0.2,0.2,0.2,0.6,0.6,0.2,0.2,0.2,0.2,0.6,0.6,0.2,0.2,0.2,0.2,0.2,0.2,0.2,0.6,0.6,1.0,1.0,1.0,1.0,1.0,1.0,1.0,1.0,1.0,0.2,1.0,1.0,1.0,0.2,0.2,0.2,0.2,1.0,1.0,0.2,0.2,0.2,0.2,0.2,0.2,1.0,1.0,0.8,0.6,1.0,0.6,1.0,1.0,1.0,1.0,1.0,1.0,1.0,1.0,1.0,1.0,0.2,1.0,1.0,1.0,0.2,0.2,0.2,0.2,1.0,0.6,0.2,0.2,0.2,0.2,0.2,0.2,77.0,36.0,230.0,37.0,30.0,32.0,20.0,25.0,23.0,24.0,33.0,,28.0,21.0,30.0,6.0,5.0,,,,7.0,,,8.0,4.0,,,2.0,3.0,1.0,4.0,7.0,,1.0,9.0,8.0,10.0,,4.0,5.0,,3.0,,2.0,11.0,10.0,9.0,8.0,7.0,11.0,12.0,,5.0,1.0,6.0,3.0,2.0,,,4.0,7.0,8.0,6.0,5.0,9.0,10.0,,13.0,14.0,12.0,11.0,4.0,1.0,2.0,3.0,,,,,,,,,,,,,,,,,,,,,,,,,,,2.0,,,1.0,2.0,4.0,3.0,1.0,9.0,10.0,,7.0,6.0,5.0,,,,,8.0,1.0,2.0,3.0,9.0,4.0,5.0,,,6.0,7.0,,8.0,,11.0,10.0,1.0,77.0,307.0,752.0,70.0,280.0,119.0,0.25,6.0,0.19,0.0,0.0,[1.0],['1 cup double shot'],[0.0],[nan],"['No', nan]","[nan, nan]",[-0.5],[nan],"['No', nan]","[nan, nan]",[nan],"['The furniture/fixtures/objects in the room, The location of furniture/fixtures/objects, The items you picked up, Where you picked up and put down items, The order you completed items and tasks']","[1.0, 1.0, 0.8, 1.0, nan, nan, nan, 'Visualising the room layout']",[nan],['Visualising the room layout'],['Yes'],"['No, I did not apply any mnemonic techniques']","[""Great test. I'm doubting my own reality now!""]"
A070,2,1.0,1.0,1.0,1.0,1.0,1.0,1.0,1.0,0.0,0.0,1.0,1.0,1.0,1.0,0.0,0.0,1.0,1.0,1.0,1.0,1.0,0.5,1.0,1.0,1.0,1.0,0.5,0.5,0.5,0.5,0.0,1.0,0.25,0.0,0.0,0.0,0.0,0.5,0.5,1.0,0.5,0.0,0.5,1.0,1.0,0.0,0.0,1.0,1.0,1.0,1.0,1.0,1.0,1.0,1.0,1.0,1.0,1.0,0.25,1.0,0.0,0.5,1.0,0.0,0.0,0.0,0.0,0.5,0.0,0.0,0.0,1.0,0.0,1.0,0.5,0.0,0.0,1.0,0.0,1.0,1.0,1.0,1.0,1.0,1.0,1.0,1.0,1.0,1.0,1.0,0.5,1.0,0.5,0.5,1.0,0.0,0.0,0.0,0.5,0.0,0.0,0.0,0.0,1.0,0.0,1.0,1.0,1.0,1.0,1.0,0.6,0.6,1.0,1.0,0.2,1.0,0.2,0.2,0.6,0.4,0.2,1.0,0.6,1.0,1.0,0.4,0.4,0.6,0.6,1.0,1.0,0.4,1.0,0.4,0.2,0.2,0.2,0.2,0.2,1.0,0.2,0.2,0.2,0.2,0.2,0.2,0.2,0.2,0.2,0.2,0.2,0.2,0.2,1.0,1.0,1.0,1.0,1.0,1.0,1.0,1.0,1.0,0.2,0.6,0.2,0.2,0.2,1.0,0.2,0.6,0.2,0.2,0.2,0.2,0.2,0.2,0.2,0.2,0.6,0.6,0.8,0.4,1.0,0.6,1.0,1.0,1.0,1.0,1.0,1.0,1.0,1.0,1.0,0.6,0.8,0.4,0.6,0.4,0.2,1.0,0.2,0.8,0.2,0.2,0.2,0.2,0.2,0.2,0.2,0.2,77.0,36.0,230.0,37.0,30.0,32.0,20.0,25.0,23.0,24.0,33.0,,28.0,21.0,30.0,6.0,5.0,,,,7.0,,,8.0,4.0,,,2.0,3.0,1.0,4.0,7.0,,1.0,9.0,8.0,10.0,,4.0,5.0,,3.0,,2.0,11.0,10.0,9.0,8.0,7.0,11.0,12.0,,5.0,1.0,6.0,3.0,2.0,,,4.0,7.0,8.0,6.0,5.0,9.0,10.0,,13.0,14.0,12.0,11.0,4.0,1.0,2.0,3.0,,,,,,,,,,,,,,,,,,,,,,,,,,,2.0,,,1.0,2.0,4.0,3.0,1.0,9.0,10.0,,7.0,6.0,5.0,,,,,8.0,1.0,2.0,3.0,9.0,4.0,5.0,,,6.0,7.0,,8.0,,11.0,10.0,24.25,81.0,431.0,643.0,55.0,303.0,148.0,0.26,6.0,0.19,0.0,-0.5,[1.0],['2 cups coffee both dble shot flat whites'],[0.0],[nan],"['No', 'Yes']","[nan, 'I could eliminate items interacted with']",[-0.5],[-0.5],"['No', 'Yes']","[nan, 'I could eliminate items interacted with']",[0.75],"['The furniture/fixtures/objects in the room, The location of furniture/fixtures/objects, The items you picked up, Where you picked up and put down items']","[1.0, 1.0, 1.0, 1.0, nan, nan, nan, 'Visualising the room layout']",[nan],['Visualising the room layout'],['Yes'],"['No, I did not apply any mnemonic techniques']",['Damn! this is stretching my mind']
A070,3,1.0,1.0,1.0,1.0,0.0,1.0,0.0,0.0,1.0,0.0,1.0,0.0,1.0,1.0,0.0,1.0,1.0,1.0,1.0,1.0,0.0,0.0,0.0,0.0,0.5,0.0,1.0,1.0,1.0,0.0,0.0,0.0,1.0,0.5,0.5,0.0,1.0,1.0,0.5,0.0,1.0,1.0,0.0,0.5,0.0,0.0,0.0,1.0,1.0,1.0,1.0,1.0,1.0,0.0,1.0,1.0,1.0,0.0,1.0,0.25,0.0,0.5,1.0,0.0,0.5,0.0,0.25,0.5,1.0,0.0,0.5,0.5,0.0,0.0,0.0,1.0,1.0,1.0,1.0,0.0,1.0,1.0,1.0,1.0,1.0,1.0,1.0,0.5,1.0,0.0,1.0,0.0,1.0,0.5,1.0,0.0,0.25,0.5,0.0,0.5,0.0,0.5,0.0,0.0,0.0,0.2,0.8,0.6,0.4,0.2,0.2,0.2,0.2,0.2,0.2,1.0,0.8,0.2,0.8,0.4,0.4,0.8,0.4,0.2,0.2,0.2,0.4,0.2,0.2,0.8,1.0,0.2,0.2,0.2,0.2,0.2,0.4,0.2,0.2,0.2,0.2,0.2,0.2,0.2,0.2,0.2,0.2,0.2,0.2,0.2,0.2,0.2,0.2,1.0,0.8,0.8,1.0,1.0,0.8,0.8,0.4,0.2,0.2,1.0,0.2,0.6,0.2,0.2,0.2,0.2,0.2,0.4,0.2,0.2,0.2,0.2,0.2,0.2,0.6,0.2,0.8,0.2,0.8,0.2,1.0,1.0,0.8,0.8,0.8,1.0,1.0,0.8,0.4,0.2,0.2,1.0,0.2,0.2,0.2,0.2,0.2,0.2,0.2,0.2,0.2,0.2,0.2,0.2,0.2,0.2,77.0,36.0,230.0,37.0,30.0,32.0,20.0,25.0,23.0,24.0,33.0,,28.0,21.0,30.0,6.0,5.0,,,,7.0,,,8.0,4.0,,,2.0,3.0,1.0,4.0,7.0,,1.0,9.0,8.0,10.0,,4.0,5.0,,3.0,,2.0,11.0,10.0,9.0,8.0,7.0,11.0,12.0,,5.0,1.0,6.0,3.0,2.0,,,4.0,7.0,8.0,6.0,5.0,9.0,10.0,,13.0,14.0,12.0,11.0,4.0,1.0,2.0,3.0,,,,,,,,,,,,,,,,,,,,,,,,,,,2.0,,,1.0,2.0,4.0,3.0,1.0,9.0,10.0,,7.0,6.0,5.0,,,,,8.0,1.0,2.0,3.0,9.0,4.0,5.0,,,6.0,7.0,,8.0,,11.0,10.0,81.92,57.0,329.0,423.0,55.0,228.0,104.0,0.65,6.0,0.21,-0.5,-1.0,[0.0],[nan],[1.0],['3 beers'],"['No', 'Yes']","[nan, 'I could eliminate objects']",[-1.0],[-1.0],"['No', 'Yes']","[nan, 'I could eliminate objects']",[0.75],"['The furniture/fixtures/objects in the room, The location of furniture/fixtures/objects, The items you picked up, Where you picked up and put down items, The order you completed items and tasks']","[1.0, 1.0, 0.2, 0.8, nan, nan, nan, 'No specific strategy']",[nan],['No specific strategy'],['Yes'],"['No, I did not apply any mnemonic techniques']","[""I'm really doubting myself""]"
A070,4,1.0,1.0,0.0,1.0,1.0,1.0,1.0,0.0,1.0,0.0,1.0,0.0,1.0,1.0,1.0,1.0,0.5,1.0,0.5,0.25,0.0,0.0,0.0,1.0,1.0,0.0,0.0,1.0,0.0,0.5,1.0,0.5,0.5,0.5,0.0,0.5,0.5,0.0,0.0,0.0,0.0,1.0,0.0,0.0,0.5,0.5,0.5,0.0,1.0,1.0,0.0,1.0,1.0,1.0,1.0,0.0,0.0,0.0,1.0,0.5,0.0,0.25,0.5,0.0,1.0,0.5,0.5,1.0,0.0,1.0,0.0,1.0,0.0,0.0,0.0,0.0,0.0,1.0,0.0,1.0,1.0,1.0,0.0,1.0,1.0,1.0,1.0,1.0,0.5,0.0,1.0,0.5,1.0,0.0,0.0,0.0,0.25,1.0,0.0,1.0,0.0,1.0,0.0,0.0,0.5,0.2,0.6,0.2,0.2,0.4,0.2,0.2,0.2,0.2,0.2,0.6,0.2,0.2,1.0,0.2,0.2,0.8,0.2,0.2,0.2,0.2,0.2,0.2,0.2,0.4,0.2,0.2,0.2,0.2,0.2,0.2,0.2,0.2,0.2,0.2,0.2,0.2,0.2,0.2,0.2,0.2,0.2,0.2,0.2,0.2,0.2,0.2,0.4,1.0,0.4,0.2,1.0,0.8,0.2,0.6,0.2,0.2,0.2,0.2,0.2,0.2,0.2,0.2,0.2,0.2,0.2,0.2,0.2,0.2,0.2,0.2,0.2,0.2,0.6,0.6,0.2,0.2,0.2,0.4,0.6,0.2,1.0,0.4,1.0,1.0,0.4,1.0,0.4,0.2,0.6,0.2,0.2,0.2,0.2,0.2,0.2,0.2,0.2,0.2,0.2,0.2,0.2,0.2,0.2,0.2,77.0,36.0,230.0,37.0,30.0,32.0,20.0,25.0,23.0,24.0,33.0,,28.0,21.0,30.0,6.0,5.0,,,,7.0,,,8.0,4.0,,,2.0,3.0,1.0,4.0,7.0,,1.0,9.0,8.0,10.0,,4.0,5.0,,3.0,,2.0,11.0,10.0,9.0,8.0,7.0,11.0,12.0,,5.0,1.0,6.0,3.0,2.0,,,4.0,7.0,8.0,6.0,5.0,9.0,10.0,,13.0,14.0,12.0,11.0,4.0,1.0,2.0,3.0,,,,,,,,,,,,,,,,,,,,,,,,,,,2.0,,,1.0,2.0,4.0,3.0,1.0,9.0,10.0,,7.0,6.0,5.0,,,,,8.0,1.0,2.0,3.0,9.0,4.0,5.0,,,6.0,7.0,,8.0,,11.0,10.0,149.2,103.0,433.0,347.0,103.0,349.0,246.0,0.32,8.0,0.33,0.5,0.0,[1.0],['2 cups coffee both dble shot flat whites'],[1.0],['2 beers'],"['No', 'Yes']","[nan, 'eliminating other objects']",[-1.0],[-1.0],"['No', 'Yes']","[nan, 'eliminating other objects']",[0.75],"['The furniture/fixtures/objects in the room, The location of furniture/fixtures/objects, The items you picked up, Where you picked up and put down items, The order you completed items and tasks']","[1.0, 0.5, 0.2, 0.8, nan, 1.0, nan, 'No specific strategy']",[nan],['No specific strategy'],['Yes'],"['No, I did not apply any mnemonic techniques']",['that was a real struggle today. i was thinking about it a bit. The more i thought of it the morre I forgot']
A071,1,1.0,1.0,1.0,1.0,1.0,1.0,0.0,1.0,1.0,1.0,1.0,0.0,1.0,1.0,0.0,1.0,1.0,1.0,1.0,1.0,1.0,1.0,1.0,0.0,1.0,1.0,1.0,1.0,1.0,0.0,1.0,0.0,0.0,1.0,1.0,0.0,0.0,0.5,1.0,0.0,1.0,0.0,0.0,0.5,0.0,0.0,0.5,0.0,1.0,1.0,1.0,1.0,1.0,1.0,1.0,1.0,1.0,1.0,1.0,0.0,1.0,0.0,0.0,1.0,1.0,0.0,0.0,0.0,0.5,0.5,1.0,0.0,0.0,1.0,1.0,1.0,0.0,1.0,1.0,1.0,1.0,1.0,1.0,1.0,1.0,1.0,1.0,1.0,1.0,1.0,1.0,0.0,1.0,1.0,0.0,1.0,1.0,0.0,0.0,0.0,0.5,1.0,1.0,0.0,0.0,1.0,0.8,0.8,1.0,1.0,1.0,0.6,1.0,1.0,1.0,1.0,1.0,1.0,1.0,0.6,0.8,1.0,1.0,1.0,1.0,1.0,0.8,1.0,1.0,1.0,1.0,1.0,1.0,1.0,1.0,1.0,1.0,0.8,0.4,0.4,0.4,1.0,1.0,0.8,0.4,0.4,0.6,0.8,0.6,0.6,0.6,0.6,0.8,1.0,1.0,1.0,1.0,1.0,1.0,1.0,1.0,1.0,1.0,1.0,0.4,1.0,0.4,0.4,0.8,1.0,0.2,0.4,0.4,0.6,0.4,0.8,0.2,0.6,1.0,1.0,0.6,0.4,1.0,0.8,1.0,1.0,1.0,1.0,1.0,1.0,1.0,1.0,1.0,1.0,1.0,1.0,0.4,1.0,0.2,0.8,1.0,1.0,0.2,0.6,0.4,0.8,0.4,1.0,0.2,0.8,,35.0,,,,,,,,,,,,,,,,,,,,,,,,,,,,,,,,,,,,,,,,,,,,,,,,,,,,,,,,,,,,,,,,,,,,,,,,,,,,,,,,,,,,,,,,,,,,,,,,,,,,,,,,,,,,,,,,,,,,,,,,,,,,,,,,,,,,,,1.0,61.0,329.0,767.0,97.0,423.0,156.0,0.2,7.0,0.29,0.0,-0.5,[1.0],['1 cup coffee'],[1.0],[nan],"['Yes', 'Yes']","[nan, 'prompted memory of knife']",[-0.5],[0.0],"['Yes', 'Yes']","[nan, 'prompted memory of knife']",[0.25],"['The furniture/fixtures/objects in the room, The location of furniture/fixtures/objects']","[1.0, 1.0, 1.0, 1.0, nan, nan, nan, 'Visualising the room layout']",[nan],['Associating items with their surroundings'],['No'],"['No, I did not apply any mnemonic techniques']",[nan]
A071,2,1.0,1.0,1.0,1.0,1.0,1.0,1.0,1.0,1.0,1.0,1.0,0.0,1.0,1.0,1.0,1.0,1.0,1.0,1.0,1.0,0.0,0.5,1.0,1.0,1.0,1.0,1.0,1.0,1.0,0.0,1.0,1.0,0.0,0.5,1.0,0.5,0.0,1.0,0.5,0.0,0.0,0.0,0.0,1.0,0.0,1.0,0.0,0.5,1.0,1.0,1.0,1.0,1.0,0.0,1.0,1.0,1.0,1.0,1.0,0.0,1.0,1.0,0.0,0.5,0.0,0.5,0.0,1.0,0.0,0.0,0.0,0.5,0.0,0.0,0.5,1.0,1.0,0.0,0.0,1.0,1.0,1.0,1.0,1.0,0.0,1.0,1.0,1.0,1.0,1.0,1.0,1.0,1.0,1.0,0.0,1.0,0.5,0.0,0.0,0.5,0.5,0.5,0.0,1.0,0.0,0.4,0.4,0.4,0.4,0.6,0.8,0.2,0.8,0.8,0.6,0.8,0.2,0.8,0.6,0.8,0.4,1.0,1.0,1.0,1.0,0.6,0.4,0.6,0.4,0.8,0.8,0.2,0.8,0.8,0.8,0.6,0.8,0.2,0.4,0.8,0.2,0.4,0.4,0.2,0.2,0.4,0.2,0.4,0.4,0.6,0.6,0.4,0.8,1.0,0.8,1.0,1.0,1.0,1.0,1.0,0.4,0.8,1.0,1.0,0.8,1.0,0.6,0.4,0.2,0.2,0.2,0.6,0.6,0.2,0.2,0.6,0.2,0.6,0.6,0.6,0.8,0.6,0.6,0.2,1.0,1.0,1.0,1.0,0.6,1.0,0.8,0.8,1.0,1.0,0.8,1.0,0.6,1.0,0.8,0.2,0.4,0.4,0.4,0.4,0.4,0.2,0.2,0.4,0.2,0.4,,35.0,,,,,,,,,,,,,,,,,,,,,,,,,,,,,,,,,,,,,,,,,,,,,,,,,,,,,,,,,,,,,,,,,,,,,,,,,,,,,,,,,,,,,,,,,,,,,,,,,,,,,,,,,,,,,,,,,,,,,,,,,,,,,,,,,,,,,,30.92,130.0,689.0,840.0,89.0,652.0,276.0,0.49,6.0,0.29,-0.5,-0.5,[0.0],[nan],[0.0],[nan],"['No', 'Yes']","[nan, 'prompted forgotten item']",[-0.5],[-0.5],"['No', 'Yes']","[nan, 'prompted forgotten item']",[0.25],"['The furniture/fixtures/objects in the room, The location of furniture/fixtures/objects, The items you picked up']","[1.0, 1.0, 0.4, 1.0, nan, nan, nan, 'Visualising the room layout']",[nan],['Visualising the room layout'],['No'],"['No, I did not apply any mnemonic techniques']",[nan]
A071,3,1.0,1.0,1.0,1.0,1.0,0.0,1.0,0.0,1.0,0.0,0.0,0.0,0.0,1.0,0.0,0.0,1.0,1.0,1.0,1.0,1.0,0.0,1.0,0.0,1.0,1.0,1.0,0.5,0.0,0.25,0.0,0.5,0.25,0.5,0.5,0.0,0.5,1.0,0.5,0.5,1.0,1.0,1.0,0.5,0.0,1.0,0.0,1.0,1.0,0.0,1.0,1.0,0.0,1.0,1.0,1.0,1.0,0.5,0.0,0.0,1.0,1.0,1.0,0.25,0.5,0.5,0.0,0.0,0.0,1.0,0.5,1.0,0.0,0.0,1.0,0.0,0.0,0.0,0.0,0.0,1.0,1.0,1.0,1.0,0.0,1.0,1.0,1.0,1.0,0.25,0.0,0.0,1.0,0.5,1.0,0.25,0.25,0.25,0.0,0.0,0.0,0.0,1.0,1.0,0.0,1.0,0.6,0.6,0.6,1.0,0.4,0.4,0.2,1.0,0.4,0.2,0.8,1.0,0.8,0.4,0.4,1.0,1.0,1.0,0.8,0.4,0.4,0.4,0.4,0.8,1.0,0.8,0.8,0.4,0.2,0.2,0.2,0.2,0.6,0.2,0.2,0.2,0.2,0.4,0.4,0.2,0.2,0.2,0.4,0.4,0.4,0.4,0.6,1.0,0.4,1.0,0.4,0.6,0.8,0.8,0.4,0.8,0.4,0.4,0.6,0.8,0.4,0.6,0.2,0.4,0.4,0.2,0.2,0.4,0.2,0.2,0.2,0.2,0.4,0.4,0.4,0.2,0.2,0.2,0.6,0.6,0.6,1.0,0.6,0.4,1.0,0.8,0.6,1.0,0.6,0.4,0.8,0.8,0.6,0.4,0.4,0.2,0.6,0.2,0.4,0.4,0.2,0.2,0.4,0.2,,35.0,,,,,,,,,,,,,,,,,,,,,,,,,,,,,,,,,,,,,,,,,,,,,,,,,,,,,,,,,,,,,,,,,,,,,,,,,,,,,,,,,,,,,,,,,,,,,,,,,,,,,,,,,,,,,,,,,,,,,,,,,,,,,,,,,,,,,,79.96,57.0,436.0,1172.0,89.0,276.0,235.0,0.57,8.0,0.25,0.5,0.0,[0.0],[nan],[0.0],[nan],"['No', 'Yes']","[nan, 'Know what questions to expect']",[-1.0],[-1.0],"['No', 'Yes']","[nan, 'Know what questions to expect']",[0.25],"['The furniture/fixtures/objects in the room, The location of furniture/fixtures/objects, The items you picked up']","[1.0, 1.0, 1.0, 1.0, nan, nan, nan, 'No specific strategy']",[nan],['No specific strategy'],['No'],"['No, I did not apply any mnemonic techniques']",[nan]
A071,4,1.0,1.0,1.0,1.0,1.0,1.0,0.0,1.0,0.0,1.0,0.0,1.0,0.0,0.0,0.0,0.0,1.0,1.0,1.0,1.0,0.0,0.5,1.0,0.0,1.0,1.0,0.0,1.0,0.5,1.0,1.0,0.25,0.0,0.0,0.0,0.0,1.0,0.0,1.0,0.0,0.5,0.0,0.0,0.5,0.0,0.0,0.5,0.0,1.0,1.0,0.0,1.0,1.0,1.0,1.0,1.0,0.0,1.0,0.5,1.0,0.5,0.5,0.0,0.0,0.0,0.0,0.5,0.0,0.5,0.5,0.5,0.0,0.0,0.5,0.5,0.0,1.0,1.0,1.0,1.0,1.0,1.0,0.0,1.0,0.0,0.0,1.0,1.0,0.5,1.0,1.0,1.0,0.5,0.5,1.0,0.0,0.0,0.0,1.0,0.0,0.5,0.0,0.5,0.0,0.0,0.6,0.6,0.6,0.6,1.0,0.8,0.4,0.8,0.2,0.8,0.2,0.8,0.2,0.6,0.6,0.4,1.0,1.0,1.0,0.8,0.8,1.0,0.6,0.4,1.0,0.8,0.2,1.0,0.2,0.8,0.2,0.4,0.2,0.2,0.2,0.2,0.2,0.4,0.2,0.4,0.2,0.2,0.2,0.4,0.4,0.4,0.4,0.6,1.0,0.8,0.2,1.0,0.8,1.0,1.0,0.8,0.2,1.0,0.2,0.8,0.6,0.4,0.2,0.2,0.2,0.2,0.2,0.4,0.2,0.4,0.2,0.4,0.2,0.8,0.8,0.6,0.2,0.8,0.2,1.0,1.0,1.0,0.4,0.8,1.0,0.8,1.0,1.0,0.2,1.0,0.4,1.0,0.8,0.6,0.2,0.2,0.4,0.2,0.4,0.6,0.2,0.4,0.2,0.2,0.2,,35.0,,,,,,,,,,,,,,,,,,,,,,,,,,,,,,,,,,,,,,,,,,,,,,,,,,,,,,,,,,,,,,,,,,,,,,,,,,,,,,,,,,,,,,,,,,,,,,,,,,,,,,,,,,,,,,,,,,,,,,,,,,,,,,,,,,,,,,153.27,52.0,334.0,382.0,97.0,311.0,162.0,0.57,9.0,0.31,0.5,-0.5,[0.0],[nan],[1.0],['1 glass wine'],"['No', 'No']","[nan, 'Minimal benefit']",[0.0],[0.0],"['No', 'No']","[nan, 'Minimal benefit']",[0.25],"['The furniture/fixtures/objects in the room, The location of furniture/fixtures/objects, The items you picked up']","[1.0, 1.0, 0.6, 1.0, nan, nan, nan, 'Visualising the room layout, Other (please specify)']",[nan],['Visualising the room layout'],['No'],"['No, I did not apply any mnemonic techniques']",[nan]
A072,1,1.0,1.0,1.0,1.0,1.0,1.0,1.0,1.0,1.0,0.0,1.0,0.0,1.0,1.0,1.0,0.0,1.0,0.5,1.0,0.5,1.0,0.5,1.0,1.0,1.0,1.0,1.0,0.5,1.0,0.5,1.0,1.0,0.0,0.5,1.0,1.0,1.0,0.0,0.0,0.5,0.5,0.0,0.0,0.0,1.0,1.0,0.0,0.5,1.0,1.0,1.0,1.0,1.0,1.0,1.0,1.0,1.0,1.0,1.0,1.0,1.0,1.0,0.0,0.5,1.0,0.0,1.0,0.0,0.5,0.5,0.0,1.0,1.0,1.0,0.0,1.0,0.0,1.0,0.0,0.0,1.0,1.0,1.0,1.0,1.0,1.0,1.0,1.0,1.0,1.0,1.0,1.0,1.0,1.0,0.0,0.5,1.0,0.0,1.0,0.0,0.5,0.5,0.0,0.5,0.0,1.0,0.8,0.6,0.8,0.6,0.8,0.8,1.0,1.0,1.0,1.0,1.0,1.0,0.6,0.6,0.6,1.0,1.0,1.0,1.0,0.8,0.8,0.8,0.8,0.8,0.8,1.0,1.0,1.0,0.6,1.0,1.0,1.0,0.4,1.0,0.2,1.0,0.4,0.4,0.6,0.2,0.2,0.2,1.0,0.6,0.6,0.6,1.0,1.0,1.0,1.0,1.0,1.0,1.0,1.0,1.0,1.0,1.0,1.0,0.8,1.0,1.0,0.6,0.4,1.0,0.8,1.0,0.2,0.2,0.6,0.6,0.4,0.4,1.0,1.0,1.0,0.4,1.0,0.6,1.0,1.0,1.0,1.0,1.0,1.0,1.0,1.0,1.0,1.0,1.0,1.0,1.0,1.0,1.0,0.6,0.6,1.0,1.0,0.8,0.2,0.2,0.4,0.6,0.6,0.4,78.0,35.0,412.0,32.0,20.0,17.0,25.0,17.0,16.0,26.0,28.0,22.0,16.0,27.0,34.0,3.0,,,,2.0,,,,,,4.0,5.0,,1.0,,9.0,10.0,7.0,,6.0,8.0,4.0,,,,5.0,3.0,,1.0,2.0,,4.0,6.0,11.0,5.0,7.0,,9.0,10.0,8.0,12.0,,3.0,1.0,2.0,8.0,9.0,7.0,11.0,6.0,15.0,10.0,12.0,14.0,13.0,5.0,4.0,1.0,2.0,3.0,8.0,5.0,6.0,9.0,7.0,12.0,11.0,,,,10.0,4.0,1.0,2.0,3.0,,5.0,,,,,,,6.0,,,3.0,4.0,1.0,2.0,3.0,4.0,5.0,8.0,,,2.0,,,,1.0,6.0,7.0,10.0,9.0,1.0,2.0,6.0,4.0,5.0,12.0,9.0,8.0,7.0,13.0,3.0,,,10.0,11.0,1.0,38.0,402.0,429.0,58.0,255.0,92.0,0.19,5.0,0.27,-0.5,-0.5,[1.0],[1.0],[0.0],[nan],"['No', nan]","[nan, nan]",[0.0],[nan],"['No', nan]","[nan, nan]",[nan],"['The furniture/fixtures/objects in the room, The location of furniture/fixtures/objects, The items you picked up']","[1.0, 1.0, 1.0, 1.0, nan, nan, nan, 'Visualising the room layout']",[nan],['Visualising the room layout'],['Yes'],"['Yes, visual imagery']",[nan]
A072,2,1.0,0.0,1.0,1.0,0.0,1.0,0.0,1.0,1.0,1.0,0.0,0.0,1.0,1.0,1.0,1.0,0.5,1.0,0.5,1.0,1.0,0.5,1.0,1.0,0.25,1.0,1.0,1.0,0.0,1.0,0.5,0.0,1.0,1.0,0.0,0.0,0.25,1.0,0.0,0.0,0.0,1.0,1.0,1.0,0.0,1.0,1.0,0.0,1.0,1.0,0.0,1.0,1.0,1.0,1.0,1.0,1.0,1.0,1.0,1.0,0.25,0.0,1.0,1.0,0.0,1.0,1.0,1.0,0.0,0.5,0.0,0.5,0.0,0.5,0.0,0.0,0.0,1.0,0.5,1.0,1.0,1.0,1.0,1.0,1.0,1.0,1.0,1.0,1.0,1.0,1.0,0.0,1.0,0.0,1.0,1.0,0.0,1.0,1.0,1.0,0.0,0.5,0.0,0.5,1.0,1.0,1.0,0.8,1.0,1.0,0.8,0.8,1.0,1.0,1.0,1.0,1.0,1.0,1.0,0.8,0.8,1.0,0.8,0.8,1.0,0.4,0.2,0.6,0.6,0.8,1.0,1.0,1.0,1.0,0.8,0.4,0.8,0.8,0.8,0.8,0.2,1.0,0.4,0.2,0.6,0.2,0.2,0.4,1.0,0.6,0.8,0.6,0.8,1.0,1.0,1.0,1.0,1.0,1.0,1.0,1.0,1.0,1.0,1.0,0.4,1.0,0.8,1.0,1.0,1.0,1.0,0.8,0.2,0.2,0.4,0.2,0.2,0.2,1.0,0.8,0.8,0.4,0.6,0.6,0.8,0.8,1.0,0.8,1.0,1.0,1.0,1.0,1.0,1.0,1.0,1.0,0.6,0.8,1.0,0.8,1.0,1.0,0.8,0.8,0.4,0.4,0.4,0.2,0.2,0.4,78.0,35.0,412.0,32.0,20.0,17.0,25.0,17.0,16.0,26.0,28.0,22.0,16.0,27.0,34.0,3.0,,,,2.0,,,,,,4.0,5.0,,1.0,,9.0,10.0,7.0,,6.0,8.0,4.0,,,,5.0,3.0,,1.0,2.0,,4.0,6.0,11.0,5.0,7.0,,9.0,10.0,8.0,12.0,,3.0,1.0,2.0,8.0,9.0,7.0,11.0,6.0,15.0,10.0,12.0,14.0,13.0,5.0,4.0,1.0,2.0,3.0,8.0,5.0,6.0,9.0,7.0,12.0,11.0,,,,10.0,4.0,1.0,2.0,3.0,,5.0,,,,,,,6.0,,,3.0,4.0,1.0,2.0,3.0,4.0,5.0,8.0,,,2.0,,,,1.0,6.0,7.0,10.0,9.0,1.0,2.0,6.0,4.0,5.0,12.0,9.0,8.0,7.0,13.0,3.0,,,10.0,11.0,33.76,42.0,233.0,318.0,66.0,202.0,72.0,0.64,6.0,0.23,0.0,-0.5,[1.0],['1 can cola'],[0.0],[nan],"['No', 'Yes']","[nan, 'Similar style of questions']",[0.0],[-0.5],"['No', 'Yes']","[nan, 'Similar style of questions']",[0.25],['The furniture/fixtures/objects in the room'],"[1.0, 0.5, 1.0, 1.0, nan, 1.0, nan, 'Visualising the room layout']",[nan],['Visualising the room layout'],['Yes'],"['No, I did not apply any mnemonic techniques']",[nan]
A072,3,1.0,1.0,1.0,1.0,0.0,0.0,0.0,1.0,1.0,1.0,0.0,0.0,0.0,1.0,0.0,1.0,1.0,1.0,1.0,1.0,0.0,1.0,0.0,1.0,0.25,0.5,1.0,0.5,0.5,0.0,0.5,1.0,0.5,1.0,0.0,0.5,0.0,0.0,0.0,0.0,0.5,0.0,0.5,0.5,1.0,0.5,0.5,0.5,1.0,1.0,1.0,1.0,1.0,0.0,1.0,0.5,1.0,0.5,1.0,0.0,1.0,0.5,0.5,1.0,1.0,0.5,0.25,0.0,0.5,0.5,0.0,0.0,0.5,0.0,1.0,1.0,1.0,0.0,0.0,0.0,0.0,1.0,1.0,1.0,1.0,1.0,1.0,0.5,1.0,0.25,1.0,0.0,0.5,1.0,1.0,1.0,1.0,1.0,0.5,0.0,0.0,0.5,0.5,0.5,0.5,1.0,1.0,1.0,1.0,1.0,1.0,1.0,1.0,0.6,1.0,0.6,1.0,0.6,0.8,0.8,0.8,0.8,0.8,0.8,1.0,0.4,0.8,0.8,0.8,0.6,0.8,1.0,0.2,0.8,1.0,0.4,0.2,1.0,0.2,0.8,0.4,1.0,0.2,0.2,0.2,0.4,0.2,0.2,0.8,0.4,0.6,0.4,0.8,1.0,0.4,0.8,0.8,1.0,1.0,1.0,0.8,0.8,0.4,1.0,0.4,0.4,0.4,0.6,1.0,0.4,0.4,0.4,0.4,0.6,0.4,0.4,0.2,0.4,0.4,0.6,1.0,0.4,1.0,0.4,1.0,0.2,0.4,1.0,1.0,1.0,1.0,1.0,0.6,1.0,0.4,1.0,0.8,0.8,1.0,0.6,1.0,0.8,0.8,0.4,0.4,0.4,0.4,0.4,0.2,0.4,78.0,35.0,412.0,32.0,20.0,17.0,25.0,17.0,16.0,26.0,28.0,22.0,16.0,27.0,34.0,3.0,,,,2.0,,,,,,4.0,5.0,,1.0,,9.0,10.0,7.0,,6.0,8.0,4.0,,,,5.0,3.0,,1.0,2.0,,4.0,6.0,11.0,5.0,7.0,,9.0,10.0,8.0,12.0,,3.0,1.0,2.0,8.0,9.0,7.0,11.0,6.0,15.0,10.0,12.0,14.0,13.0,5.0,4.0,1.0,2.0,3.0,8.0,5.0,6.0,9.0,7.0,12.0,11.0,,,,10.0,4.0,1.0,2.0,3.0,,5.0,,,,,,,6.0,,,3.0,4.0,1.0,2.0,3.0,4.0,5.0,8.0,,,2.0,,,,1.0,6.0,7.0,10.0,9.0,1.0,2.0,6.0,4.0,5.0,12.0,9.0,8.0,7.0,13.0,3.0,,,10.0,11.0,83.54,46.0,390.0,833.0,37.0,284.0,93.0,0.69,7.0,0.25,0.0,-0.5,[1.0],['3 cups of coffee'],[0.0],[nan],"['No', 'Unsure']","[nan, nan]",[-0.5],[-0.5],"['No', 'Unsure']","[nan, nan]",[0.0],['The location of furniture/fixtures/objects'],"[1.0, 1.0, 1.0, 0.8, nan, nan, nan, 'Visualising the room layout']",[nan],['Visualising the room layout'],['No'],"['No, I did not apply any mnemonic techniques']",[nan]
A072,4,1.0,1.0,1.0,1.0,1.0,0.0,0.0,1.0,0.0,0.0,0.0,1.0,0.0,1.0,1.0,0.0,1.0,1.0,1.0,1.0,1.0,1.0,1.0,0.0,1.0,1.0,1.0,0.5,0.5,1.0,0.5,1.0,0.5,1.0,1.0,1.0,0.5,0.5,0.0,0.5,0.0,0.0,0.0,0.0,1.0,0.0,1.0,1.0,1.0,1.0,0.0,1.0,1.0,1.0,1.0,1.0,1.0,1.0,0.0,0.5,1.0,1.0,0.5,1.0,0.0,1.0,0.5,0.5,0.5,1.0,0.0,0.0,0.0,1.0,0.0,1.0,0.0,0.0,1.0,1.0,1.0,1.0,1.0,1.0,1.0,1.0,1.0,0.5,0.5,1.0,0.0,0.5,1.0,1.0,0.0,1.0,0.0,1.0,0.5,0.0,0.0,0.0,0.0,0.0,0.0,1.0,1.0,0.8,1.0,1.0,1.0,1.0,0.4,0.2,0.8,1.0,1.0,0.8,0.4,0.2,0.4,0.8,0.8,0.8,0.8,0.8,0.8,0.8,0.2,0.8,0.4,0.6,1.0,0.6,0.2,0.6,0.8,1.0,0.4,0.6,0.2,0.2,0.2,0.2,0.2,0.2,0.2,0.2,0.4,0.4,0.4,0.4,0.4,1.0,1.0,0.8,1.0,0.8,0.8,0.4,0.4,0.4,0.8,0.4,0.6,0.4,0.8,0.4,0.8,0.6,0.6,0.4,0.2,0.2,0.2,0.4,0.4,0.2,0.8,0.6,0.2,0.2,0.4,0.2,1.0,1.0,1.0,1.0,1.0,1.0,1.0,1.0,0.4,0.4,1.0,0.6,0.4,0.2,0.6,0.6,1.0,1.0,1.0,1.0,0.2,0.4,0.4,0.4,0.4,0.2,78.0,35.0,412.0,32.0,20.0,17.0,25.0,17.0,16.0,26.0,28.0,22.0,16.0,27.0,34.0,3.0,,,,2.0,,,,,,4.0,5.0,,1.0,,9.0,10.0,7.0,,6.0,8.0,4.0,,,,5.0,3.0,,1.0,2.0,,4.0,6.0,11.0,5.0,7.0,,9.0,10.0,8.0,12.0,,3.0,1.0,2.0,8.0,9.0,7.0,11.0,6.0,15.0,10.0,12.0,14.0,13.0,5.0,4.0,1.0,2.0,3.0,8.0,5.0,6.0,9.0,7.0,12.0,11.0,,,,10.0,4.0,1.0,2.0,3.0,,5.0,,,,,,,6.0,,,3.0,4.0,1.0,2.0,3.0,4.0,5.0,8.0,,,2.0,,,,1.0,6.0,7.0,10.0,9.0,1.0,2.0,6.0,4.0,5.0,12.0,9.0,8.0,7.0,13.0,3.0,,,10.0,11.0,154.89,64.0,321.0,418.0,41.0,224.0,116.0,0.71,6.0,0.21,0.0,-0.5,[1.0],['1 coffee and 1 diet coke'],[0.0],[nan],"['No', 'Unsure']","[nan, nan]",[-0.5],[-0.5],"['No', 'Unsure']","[nan, nan]",[0.0],['The location of furniture/fixtures/objects'],"[1.0, 1.0, 1.0, 0.8, nan, nan, nan, 'Visualising the room layout']",[nan],['Visualising the room layout'],['Yes'],"['No, I did not apply any mnemonic techniques']",['In my mind I think I didn’t feel it was essential to me ( in my life and every day task) to remember certain things ( eg which room had what) so I didn’t focus too heavily on remembering them']
A073,1,1.0,1.0,1.0,1.0,1.0,1.0,1.0,1.0,0.0,1.0,0.0,1.0,0.0,1.0,1.0,1.0,0.5,1.0,1.0,1.0,1.0,0.0,1.0,1.0,1.0,1.0,1.0,1.0,0.25,1.0,0.5,0.0,0.0,1.0,0.5,0.5,0.5,0.0,0.0,1.0,1.0,0.0,0.0,1.0,0.5,0.5,0.5,0.0,1.0,1.0,0.0,1.0,1.0,1.0,1.0,1.0,1.0,1.0,1.0,1.0,1.0,0.0,0.0,1.0,1.0,0.0,0.0,0.5,0.0,1.0,0.5,0.5,0.5,0.5,0.0,1.0,1.0,1.0,1.0,1.0,1.0,1.0,1.0,1.0,1.0,1.0,1.0,1.0,1.0,1.0,1.0,1.0,0.5,0.0,0.25,1.0,0.25,1.0,0.0,0.5,0.0,1.0,0.0,0.0,0.5,1.0,1.0,0.8,1.0,1.0,0.8,0.8,1.0,0.2,0.8,0.2,0.8,0.2,1.0,0.8,0.8,1.0,1.0,1.0,1.0,0.4,0.4,0.8,0.4,0.8,1.0,0.2,0.8,0.2,0.8,0.2,0.2,0.2,0.8,0.2,0.4,0.2,0.4,0.2,0.6,0.2,0.4,0.2,0.4,0.4,0.4,0.4,0.4,0.8,0.6,0.4,0.8,0.8,0.8,0.8,0.4,0.2,0.8,0.8,0.8,0.4,0.2,0.2,0.8,0.8,0.2,0.6,0.2,0.2,0.8,0.4,0.6,0.6,0.4,0.4,0.6,0.4,1.0,0.6,1.0,1.0,1.0,1.0,0.8,1.0,1.0,1.0,1.0,0.8,1.0,1.0,1.0,0.8,0.8,0.8,1.0,0.2,0.6,0.2,0.4,0.2,1.0,0.2,0.2,0.2,84.0,22.0,,25.0,27.0,30.0,36.0,24.0,29.0,36.0,31.0,33.0,17.0,29.0,40.0,1.0,7.0,8.0,2.0,,,,6.0,,3.0,4.0,,,,5.0,1.0,2.0,3.0,,,,,5.0,,4.0,6.0,,,7.0,8.0,4.0,5.0,6.0,9.0,,10.0,,11.0,,7.0,8.0,3.0,2.0,,1.0,7.0,8.0,9.0,4.0,,12.0,6.0,11.0,,10.0,13.0,5.0,3.0,2.0,1.0,5.0,6.0,7.0,10.0,12.0,8.0,9.0,,,11.0,,4.0,3.0,2.0,1.0,,,,,,,,,,,,,2.0,3.0,1.0,1.0,2.0,3.0,6.0,10.0,,11.0,5.0,,4.0,,,8.0,9.0,7.0,8.0,9.0,2.0,1.0,10.0,11.0,12.0,7.0,,4.0,3.0,,13.0,6.0,5.0,1.0,29.0,133.0,160.0,55.0,153.0,62.0,0.44,5.0,0.21,0.0,-0.5,[1.0],['2 coffees'],[0.0],[nan],"['No', nan]","[nan, nan]",[0.0],[nan],"['No', nan]","[nan, nan]",[nan],['The items you picked up'],"[1.0, 0.5, 1.0, 1.0, nan, 1.0, nan, 'No specific strategy']",[nan],['No specific strategy'],['Yes'],"['No, I did not apply any mnemonic techniques']",[nan]
A073,2,1.0,1.0,1.0,1.0,0.0,0.0,1.0,1.0,0.0,0.0,1.0,0.0,0.0,0.0,0.0,0.0,1.0,1.0,1.0,1.0,0.0,0.0,1.0,0.0,0.25,1.0,0.0,0.0,1.0,0.0,1.0,0.5,0.5,0.5,1.0,0.5,0.5,1.0,0.0,1.0,1.0,1.0,1.0,0.5,1.0,0.5,0.5,0.5,1.0,1.0,0.0,1.0,1.0,1.0,1.0,1.0,0.0,0.5,1.0,1.0,1.0,1.0,0.0,0.25,1.0,0.0,0.0,0.0,0.0,0.5,0.5,1.0,0.0,0.0,0.5,0.0,0.0,0.0,0.0,1.0,1.0,1.0,1.0,1.0,1.0,1.0,1.0,1.0,1.0,1.0,1.0,1.0,1.0,0.5,0.5,0.25,1.0,0.0,0.0,0.0,0.0,0.5,1.0,1.0,0.0,0.8,0.8,0.8,0.8,0.8,0.6,0.4,0.4,0.2,0.8,0.4,0.2,0.8,0.4,0.4,0.4,0.6,0.4,0.4,0.8,0.6,0.6,0.4,0.6,0.6,0.8,0.8,0.8,0.2,0.2,0.2,0.4,0.8,0.6,0.2,0.2,0.2,0.4,0.6,0.4,0.2,0.2,0.2,0.4,0.4,0.2,0.4,0.4,0.2,0.2,0.4,0.4,1.0,0.8,0.8,0.2,0.4,0.4,0.8,1.0,0.6,0.2,0.4,0.6,0.6,0.2,0.6,0.2,0.2,0.2,0.4,0.2,0.2,0.4,0.4,0.4,0.4,0.4,0.4,1.0,0.8,0.6,0.8,1.0,1.0,1.0,1.0,0.6,0.8,0.8,1.0,1.0,1.0,0.4,0.4,0.2,0.6,0.8,0.4,0.4,0.2,0.2,0.4,1.0,0.4,84.0,22.0,,25.0,27.0,30.0,36.0,24.0,29.0,36.0,31.0,33.0,17.0,29.0,40.0,1.0,7.0,8.0,2.0,,,,6.0,,3.0,4.0,,,,5.0,1.0,2.0,3.0,,,,,5.0,,4.0,6.0,,,7.0,8.0,4.0,5.0,6.0,9.0,,10.0,,11.0,,7.0,8.0,3.0,2.0,,1.0,7.0,8.0,9.0,4.0,,12.0,6.0,11.0,,10.0,13.0,5.0,3.0,2.0,1.0,5.0,6.0,7.0,10.0,12.0,8.0,9.0,,,11.0,,4.0,3.0,2.0,1.0,,,,,,,,,,,,,2.0,3.0,1.0,1.0,2.0,3.0,6.0,10.0,,11.0,5.0,,4.0,,,8.0,9.0,7.0,8.0,9.0,2.0,1.0,10.0,11.0,12.0,7.0,,4.0,3.0,,13.0,6.0,5.0,66.66,40.0,152.0,206.0,45.0,154.0,87.0,0.32,6.0,0.1,0.0,0.0,[1.0],['2 coffees'],[1.0],['1 margarita'],"['No', 'No']","[nan, 'trying to remember what I would need to remember']",[-0.5],[-0.5],"['No', 'No']","[nan, 'trying to remember what I would need to remember']",[0.0],['The items you picked up'],"[1.0, 1.0, 0.8, 0.6, nan, nan, nan, 'No specific strategy']",[nan],['No specific strategy'],['Yes'],"['No, I did not apply any mnemonic techniques']",[nan]
A073,3,1.0,1.0,1.0,1.0,1.0,0.0,0.0,1.0,1.0,1.0,0.0,1.0,0.0,0.0,0.0,0.0,1.0,1.0,1.0,1.0,0.0,0.0,0.0,0.0,1.0,1.0,1.0,1.0,0.0,1.0,0.0,0.0,0.0,0.5,0.0,0.25,0.5,0.5,0.0,0.0,1.0,0.0,1.0,0.0,0.5,0.0,0.0,0.0,1.0,1.0,1.0,1.0,1.0,1.0,1.0,1.0,1.0,1.0,1.0,1.0,1.0,1.0,0.0,0.5,0.5,0.5,0.5,1.0,0.0,0.5,1.0,0.0,0.5,0.0,0.0,0.0,0.0,0.0,0.0,1.0,1.0,1.0,1.0,1.0,1.0,1.0,1.0,1.0,1.0,1.0,1.0,1.0,1.0,1.0,0.0,0.5,0.5,1.0,0.5,0.0,0.5,0.5,1.0,0.0,1.0,0.6,0.8,0.6,0.8,1.0,0.8,0.4,0.8,0.8,0.6,0.2,0.6,0.6,0.6,0.4,0.4,0.8,0.8,0.8,0.8,0.8,0.8,0.4,0.4,0.6,0.4,0.8,0.6,0.6,0.6,0.2,0.4,0.8,0.4,0.4,0.6,0.8,0.4,0.6,0.4,0.4,0.4,0.8,0.4,0.4,0.4,0.4,0.6,1.0,1.0,0.8,0.8,0.6,0.6,0.6,0.8,0.8,0.6,0.6,0.8,0.6,0.4,0.6,0.4,0.4,0.6,0.6,0.4,0.6,0.6,1.0,0.4,0.6,0.4,0.4,0.4,0.2,0.6,0.6,0.6,0.4,1.0,0.8,1.0,1.0,1.0,1.0,0.8,0.6,1.0,1.0,1.0,1.0,0.4,0.6,0.4,0.4,0.4,0.4,0.4,0.4,0.4,1.0,0.4,0.4,84.0,22.0,,25.0,27.0,30.0,36.0,24.0,29.0,36.0,31.0,33.0,17.0,29.0,40.0,1.0,7.0,8.0,2.0,,,,6.0,,3.0,4.0,,,,5.0,1.0,2.0,3.0,,,,,5.0,,4.0,6.0,,,7.0,8.0,4.0,5.0,6.0,9.0,,10.0,,11.0,,7.0,8.0,3.0,2.0,,1.0,7.0,8.0,9.0,4.0,,12.0,6.0,11.0,,10.0,13.0,5.0,3.0,2.0,1.0,5.0,6.0,7.0,10.0,12.0,8.0,9.0,,,11.0,,4.0,3.0,2.0,1.0,,,,,,,,,,,,,2.0,3.0,1.0,1.0,2.0,3.0,6.0,10.0,,11.0,5.0,,4.0,,,8.0,9.0,7.0,8.0,9.0,2.0,1.0,10.0,11.0,12.0,7.0,,4.0,3.0,,13.0,6.0,5.0,66.9,19.0,164.0,262.0,27.0,111.0,64.0,0.16,7.0,0.27,0.5,0.0,[1.0],['2 coffees'],[0.0],[nan],"['No', 'Yes']","[nan, 'trying to remember what I would need to remember']",[-0.5],[0.0],"['No', 'Yes']","[nan, 'trying to remember what I would need to remember']",[0.25],['The items you picked up'],"[1.0, 1.0, 0.6, 0.8, nan, nan, nan, 'No specific strategy']",[nan],['No specific strategy'],['Yes'],"['No, I did not apply any mnemonic techniques']",[nan]
A073,4,1.0,1.0,0.0,1.0,1.0,1.0,1.0,1.0,1.0,0.0,0.0,0.0,1.0,1.0,0.0,0.0,1.0,1.0,1.0,1.0,0.0,0.0,1.0,1.0,1.0,1.0,1.0,1.0,0.25,1.0,1.0,0.0,0.0,0.0,1.0,1.0,1.0,0.5,0.0,1.0,0.5,0.0,0.5,0.0,0.0,0.5,0.0,1.0,1.0,1.0,1.0,1.0,1.0,1.0,1.0,1.0,1.0,1.0,0.5,1.0,1.0,1.0,0.0,0.0,1.0,0.0,1.0,1.0,0.0,1.0,1.0,1.0,0.5,0.0,0.5,1.0,1.0,1.0,1.0,1.0,1.0,1.0,1.0,0.0,0.0,1.0,1.0,1.0,1.0,1.0,0.25,1.0,1.0,0.5,0.5,1.0,0.5,1.0,1.0,1.0,0.0,0.5,0.5,0.5,0.5,0.4,0.6,0.2,0.4,1.0,0.8,0.8,0.6,0.6,0.2,0.4,0.2,0.8,0.4,0.4,0.4,0.6,0.4,0.6,0.2,0.4,0.8,0.4,0.6,1.0,0.8,0.8,1.0,0.2,0.2,0.2,0.2,0.8,0.6,0.2,0.4,0.2,0.2,0.4,0.6,0.2,0.2,0.2,0.2,0.4,0.6,0.6,0.6,0.2,0.6,0.8,0.8,0.8,0.4,1.0,0.6,0.8,0.8,0.6,0.8,1.0,0.4,0.2,0.2,0.4,0.4,0.4,0.2,0.4,0.2,0.4,0.4,0.4,0.6,0.4,0.8,0.4,0.8,0.4,0.8,0.8,0.8,0.8,0.8,0.8,1.0,1.0,0.6,0.8,0.8,0.8,1.0,1.0,0.4,0.4,0.6,0.6,0.4,0.4,0.4,0.4,0.4,0.4,0.4,0.4,84.0,22.0,,25.0,27.0,30.0,36.0,24.0,29.0,36.0,31.0,33.0,17.0,29.0,40.0,1.0,7.0,8.0,2.0,,,,6.0,,3.0,4.0,,,,5.0,1.0,2.0,3.0,,,,,5.0,,4.0,6.0,,,7.0,8.0,4.0,5.0,6.0,9.0,,10.0,,11.0,,7.0,8.0,3.0,2.0,,1.0,7.0,8.0,9.0,4.0,,12.0,6.0,11.0,,10.0,13.0,5.0,3.0,2.0,1.0,5.0,6.0,7.0,10.0,12.0,8.0,9.0,,,11.0,,4.0,3.0,2.0,1.0,,,,,,,,,,,,,2.0,3.0,1.0,1.0,2.0,3.0,6.0,10.0,,11.0,5.0,,4.0,,,8.0,9.0,7.0,8.0,9.0,2.0,1.0,10.0,11.0,12.0,7.0,,4.0,3.0,,13.0,6.0,5.0,140.12,23.0,141.0,189.0,34.0,126.0,46.0,0.21,8.0,0.27,0.5,0.5,[1.0],['2 coffees'],[0.0],[nan],"['No', 'No']","[nan, 'trying to remember what I would need to remember']",[-0.5],[0.0],"['No', 'No']","[nan, 'trying to remember what I would need to remember']",[0.0],['The items you picked up'],"[1.0, 1.0, 0.4, 0.6, nan, nan, nan, 'No specific strategy']",[nan],['No specific strategy'],['Yes'],"['No, I did not apply any mnemonic techniques']",[nan]
A074,1,1.0,1.0,1.0,1.0,1.0,0.0,0.0,0.0,1.0,1.0,1.0,1.0,1.0,1.0,1.0,0.0,1.0,1.0,1.0,1.0,1.0,0.5,1.0,1.0,1.0,1.0,1.0,1.0,0.5,0.5,1.0,0.5,0.5,0.5,1.0,0.5,0.0,0.0,0.5,0.0,0.0,0.0,0.0,0.0,0.0,1.0,0.0,0.0,1.0,1.0,1.0,1.0,1.0,1.0,1.0,1.0,1.0,1.0,1.0,1.0,1.0,1.0,0.0,0.5,1.0,0.5,0.0,1.0,0.0,0.0,1.0,0.0,0.5,1.0,0.0,1.0,0.0,1.0,1.0,1.0,1.0,1.0,1.0,1.0,0.0,1.0,1.0,1.0,1.0,1.0,0.5,1.0,1.0,1.0,1.0,0.0,1.0,1.0,1.0,1.0,0.0,0.5,0.5,0.5,1.0,1.0,1.0,1.0,1.0,1.0,1.0,1.0,0.6,1.0,1.0,1.0,0.2,1.0,1.0,0.4,0.8,1.0,1.0,1.0,1.0,1.0,0.8,0.4,0.4,1.0,1.0,1.0,1.0,1.0,0.2,0.4,0.2,0.2,0.2,0.2,0.2,0.2,0.2,0.2,0.2,0.2,0.2,0.2,0.6,0.2,0.2,0.2,0.2,1.0,1.0,1.0,1.0,1.0,1.0,1.0,1.0,1.0,1.0,0.2,1.0,1.0,0.4,0.2,0.2,1.0,0.2,0.2,0.4,0.6,0.2,0.2,0.2,0.2,1.0,1.0,0.8,0.2,1.0,1.0,1.0,1.0,1.0,1.0,1.0,1.0,1.0,1.0,1.0,1.0,1.0,0.4,1.0,1.0,0.6,0.4,0.6,1.0,0.2,0.2,1.0,0.2,0.2,0.2,0.2,0.2,181.0,16.0,264.0,36.0,32.0,24.0,24.0,19.0,36.0,34.0,23.0,43.0,26.0,26.0,30.0,1.0,,2.0,,3.0,4.0,,,6.0,,8.0,7.0,,5.0,9.0,1.0,2.0,3.0,11.0,,,,4.0,5.0,7.0,6.0,10.0,,8.0,9.0,1.0,2.0,3.0,8.0,4.0,5.0,7.0,,6.0,11.0,9.0,10.0,,13.0,12.0,,12.0,13.0,11.0,7.0,8.0,,10.0,9.0,4.0,6.0,5.0,3.0,2.0,1.0,1.0,2.0,3.0,8.0,4.0,5.0,7.0,,6.0,11.0,9.0,10.0,14.0,13.0,12.0,5.0,4.0,,,,,,,,,,3.0,,1.0,2.0,2.0,3.0,1.0,7.0,4.0,5.0,6.0,,,9.0,8.0,10.0,12.0,13.0,11.0,1.0,2.0,3.0,6.0,4.0,5.0,7.0,,8.0,11.0,9.0,10.0,12.0,14.0,13.0,1.0,79.0,453.0,935.0,189.0,359.0,116.0,0.3,7.0,0.31,0.0,-0.5,[0.0],[nan],[0.0],[nan],"['No', nan]","[nan, nan]",[0.0],[nan],"['No', nan]","[nan, nan]",[nan],['The location of furniture/fixtures/objects'],"[1.0, 1.0, 1.0, 1.0, nan, nan, nan, 'No specific strategy']",[nan],['No specific strategy'],['No'],"['No, I did not apply any mnemonic techniques']",[nan]
A074,2,1.0,1.0,1.0,1.0,1.0,0.0,0.0,0.0,1.0,0.0,1.0,0.0,0.0,1.0,0.0,0.0,1.0,1.0,1.0,1.0,0.0,1.0,0.0,1.0,1.0,1.0,0.0,0.5,1.0,1.0,1.0,0.5,0.0,0.0,1.0,0.0,0.0,0.0,0.5,0.0,1.0,0.0,1.0,0.5,0.0,0.0,0.5,0.0,1.0,1.0,1.0,1.0,1.0,0.0,1.0,1.0,0.5,1.0,1.0,0.0,1.0,0.5,0.25,1.0,1.0,0.5,0.5,0.0,0.0,1.0,0.5,0.0,0.0,0.0,1.0,0.0,1.0,0.0,0.0,1.0,1.0,1.0,1.0,1.0,1.0,1.0,1.0,1.0,0.0,1.0,1.0,1.0,1.0,0.5,0.5,1.0,1.0,0.0,0.5,0.0,0.0,1.0,0.5,0.0,0.0,1.0,1.0,0.2,1.0,1.0,0.6,0.2,0.4,0.2,0.4,1.0,0.8,0.6,1.0,0.2,0.2,1.0,1.0,1.0,1.0,1.0,0.4,0.8,1.0,1.0,1.0,0.2,0.2,0.2,0.2,0.2,1.0,1.0,0.4,0.2,0.2,0.2,0.2,0.2,0.2,0.2,0.2,0.2,0.4,0.2,0.2,0.2,0.2,1.0,1.0,0.6,1.0,1.0,1.0,0.8,0.2,0.4,1.0,1.0,1.0,0.8,0.2,0.2,1.0,1.0,1.0,0.6,0.2,0.2,0.2,0.2,0.2,0.2,0.6,0.4,0.4,0.4,0.4,0.4,0.6,1.0,1.0,1.0,1.0,0.8,1.0,1.0,0.4,0.2,1.0,1.0,0.8,0.6,0.6,0.2,1.0,1.0,0.2,0.4,0.2,0.2,0.2,0.2,0.2,0.2,181.0,16.0,264.0,36.0,32.0,24.0,24.0,19.0,36.0,34.0,23.0,43.0,26.0,26.0,30.0,1.0,,2.0,,3.0,4.0,,,6.0,,8.0,7.0,,5.0,9.0,1.0,2.0,3.0,11.0,,,,4.0,5.0,7.0,6.0,10.0,,8.0,9.0,1.0,2.0,3.0,8.0,4.0,5.0,7.0,,6.0,11.0,9.0,10.0,,13.0,12.0,,12.0,13.0,11.0,7.0,8.0,,10.0,9.0,4.0,6.0,5.0,3.0,2.0,1.0,1.0,2.0,3.0,8.0,4.0,5.0,7.0,,6.0,11.0,9.0,10.0,14.0,13.0,12.0,5.0,4.0,,,,,,,,,,3.0,,1.0,2.0,2.0,3.0,1.0,7.0,4.0,5.0,6.0,,,9.0,8.0,10.0,12.0,13.0,11.0,1.0,2.0,3.0,6.0,4.0,5.0,7.0,,8.0,11.0,9.0,10.0,12.0,14.0,13.0,29.33,47.0,1040.0,610.0,102.0,354.0,128.0,0.52,8.0,0.31,0.0,-0.5,[0.0],[nan],[0.0],[nan],"['No', 'Unsure']","[nan, 'nil']",[-0.5],[-0.5],"['No', 'Unsure']","[nan, 'nil']",[0.0],['The furniture/fixtures/objects in the room'],"[1.0, 1.0, 1.0, 1.0, nan, nan, nan, 'No specific strategy']",[nan],['No specific strategy'],['No'],"['No, I did not apply any mnemonic techniques']",[nan]
A074,3,1.0,1.0,1.0,0.0,1.0,0.0,0.0,0.0,0.0,0.0,1.0,1.0,1.0,1.0,0.0,1.0,1.0,1.0,1.0,0.5,0.0,0.0,0.0,0.0,1.0,1.0,0.5,0.5,1.0,1.0,0.0,0.0,0.0,1.0,1.0,1.0,1.0,0.0,1.0,0.0,0.0,0.0,0.0,0.0,0.0,0.0,0.0,0.5,1.0,0.0,1.0,1.0,1.0,1.0,1.0,0.0,0.25,0.25,1.0,1.0,0.0,0.5,0.0,1.0,1.0,1.0,1.0,0.5,0.0,1.0,0.0,0.5,0.0,1.0,1.0,0.0,0.0,0.0,1.0,1.0,1.0,0.0,1.0,1.0,1.0,1.0,1.0,0.5,0.25,0.0,1.0,1.0,0.0,0.0,0.0,0.25,0.25,1.0,1.0,0.5,0.0,1.0,0.0,0.5,0.0,1.0,1.0,0.2,0.2,1.0,0.6,0.6,0.2,0.2,0.2,1.0,0.2,0.2,0.8,0.2,0.2,1.0,1.0,1.0,1.0,0.6,0.6,0.2,0.2,1.0,0.2,0.2,0.2,0.2,0.2,0.2,0.2,0.2,1.0,0.2,0.2,0.2,0.2,0.2,0.2,0.2,0.2,0.2,0.2,0.2,0.2,0.2,0.2,1.0,0.6,0.4,0.2,1.0,1.0,0.6,0.2,0.2,0.2,1.0,1.0,0.2,0.2,0.2,0.2,0.2,1.0,0.2,0.2,0.2,0.2,0.2,0.2,0.2,0.4,0.2,0.4,0.2,1.0,0.2,1.0,1.0,0.2,1.0,1.0,1.0,1.0,1.0,0.2,0.2,0.2,1.0,1.0,0.2,0.2,0.2,0.4,0.2,1.0,1.0,0.2,0.2,0.2,0.2,0.2,0.2,181.0,16.0,264.0,36.0,32.0,24.0,24.0,19.0,36.0,34.0,23.0,43.0,26.0,26.0,30.0,1.0,,2.0,,3.0,4.0,,,6.0,,8.0,7.0,,5.0,9.0,1.0,2.0,3.0,11.0,,,,4.0,5.0,7.0,6.0,10.0,,8.0,9.0,1.0,2.0,3.0,8.0,4.0,5.0,7.0,,6.0,11.0,9.0,10.0,,13.0,12.0,,12.0,13.0,11.0,7.0,8.0,,10.0,9.0,4.0,6.0,5.0,3.0,2.0,1.0,1.0,2.0,3.0,8.0,4.0,5.0,7.0,,6.0,11.0,9.0,10.0,14.0,13.0,12.0,5.0,4.0,,,,,,,,,,3.0,,1.0,2.0,2.0,3.0,1.0,7.0,4.0,5.0,6.0,,,9.0,8.0,10.0,12.0,13.0,11.0,1.0,2.0,3.0,6.0,4.0,5.0,7.0,,8.0,11.0,9.0,10.0,12.0,14.0,13.0,73.02,26.0,482.0,811.0,41.0,296.0,132.0,0.34,7.0,0.31,0.0,-0.5,[0.0],[nan],[0.0],[nan],"['No', 'No']","[nan, nan]",[-1.0],[-0.5],"['No', 'No']","[nan, nan]",[0.25],"['The furniture/fixtures/objects in the room, The location of furniture/fixtures/objects']","[1.0, 1.0, 1.0, 1.0, nan, nan, nan, 'No specific strategy']",[nan],['No specific strategy'],['No'],"['No, I did not apply any mnemonic techniques']",[nan]
A074,4,1.0,1.0,1.0,1.0,1.0,0.0,0.0,0.0,0.0,1.0,1.0,0.0,0.0,1.0,0.0,1.0,1.0,0.5,0.5,1.0,0.0,0.0,0.0,0.0,1.0,1.0,0.5,1.0,1.0,0.0,0.5,0.5,0.5,1.0,0.0,1.0,0.0,0.5,0.5,1.0,0.5,1.0,0.0,1.0,0.0,1.0,0.5,0.5,1.0,0.0,0.0,1.0,1.0,1.0,0.0,0.0,0.5,1.0,1.0,0.0,0.0,0.0,0.0,1.0,0.0,1.0,0.0,1.0,0.5,1.0,0.5,0.5,0.0,0.5,0.0,1.0,0.5,0.0,0.0,1.0,1.0,1.0,0.0,1.0,1.0,0.0,0.0,0.0,0.5,1.0,1.0,0.0,1.0,0.5,1.0,1.0,0.0,0.0,0.5,0.0,0.0,1.0,0.5,0.5,0.0,0.8,0.8,0.8,1.0,1.0,0.6,0.6,1.0,0.2,1.0,1.0,0.2,0.2,1.0,0.2,0.2,1.0,1.0,1.0,1.0,0.6,0.2,0.2,0.2,1.0,1.0,0.2,1.0,0.6,0.2,0.2,0.2,0.2,0.2,1.0,0.2,0.2,0.4,0.2,1.0,0.4,0.2,0.2,0.4,0.4,0.4,0.2,0.2,1.0,0.8,0.2,1.0,1.0,1.0,0.2,0.2,0.2,1.0,1.0,0.2,0.2,0.2,0.2,0.6,1.0,0.2,0.2,0.2,0.2,1.0,0.8,0.2,0.2,0.2,0.2,0.6,0.2,0.6,0.2,1.0,1.0,0.4,1.0,0.4,1.0,0.8,0.2,0.2,0.2,1.0,1.0,0.2,0.2,0.2,0.2,0.4,1.0,0.2,0.2,0.2,0.2,0.8,0.6,0.2,0.2,181.0,16.0,264.0,36.0,32.0,24.0,24.0,19.0,36.0,34.0,23.0,43.0,26.0,26.0,30.0,1.0,,2.0,,3.0,4.0,,,6.0,,8.0,7.0,,5.0,9.0,1.0,2.0,3.0,11.0,,,,4.0,5.0,7.0,6.0,10.0,,8.0,9.0,1.0,2.0,3.0,8.0,4.0,5.0,7.0,,6.0,11.0,9.0,10.0,,13.0,12.0,,12.0,13.0,11.0,7.0,8.0,,10.0,9.0,4.0,6.0,5.0,3.0,2.0,1.0,1.0,2.0,3.0,8.0,4.0,5.0,7.0,,6.0,11.0,9.0,10.0,14.0,13.0,12.0,5.0,4.0,,,,,,,,,,3.0,,1.0,2.0,2.0,3.0,1.0,7.0,4.0,5.0,6.0,,,9.0,8.0,10.0,12.0,13.0,11.0,1.0,2.0,3.0,6.0,4.0,5.0,7.0,,8.0,11.0,9.0,10.0,12.0,14.0,13.0,147.21,36.0,358.0,785.33,47.0,365.0,101.0,0.45,7.0,0.29,0.0,-0.5,[0.0],[nan],[0.0],[nan],"['No', 'No']","[nan, nan]",[-1.0],[-0.5],"['No', 'No']","[nan, nan]",[0.25],"['The furniture/fixtures/objects in the room, The location of furniture/fixtures/objects, The items you picked up']","[1.0, 1.0, 0.8, 1.0, nan, nan, nan, 'No specific strategy']",[nan],['No specific strategy'],['No'],"['No, I did not apply any mnemonic techniques']",[nan]
A075,1,1.0,1.0,1.0,1.0,0.0,1.0,0.0,1.0,1.0,0.0,0.0,0.0,0.0,1.0,0.0,1.0,1.0,1.0,1.0,1.0,1.0,0.0,1.0,1.0,0.5,1.0,1.0,1.0,0.0,0.5,0.5,0.0,0.0,0.5,0.5,1.0,0.0,0.5,0.5,0.5,0.5,0.0,0.5,0.5,0.0,1.0,1.0,0.0,1.0,1.0,1.0,1.0,1.0,1.0,1.0,1.0,1.0,1.0,1.0,1.0,1.0,1.0,1.0,1.0,0.0,0.0,0.0,0.5,0.0,1.0,0.5,1.0,0.0,0.5,0.0,0.0,1.0,1.0,1.0,0.0,1.0,1.0,1.0,1.0,1.0,1.0,1.0,1.0,1.0,1.0,1.0,1.0,1.0,0.25,0.25,1.0,1.0,0.0,0.0,0.0,0.0,0.0,0.0,1.0,0.0,1.0,1.0,0.8,1.0,0.4,1.0,0.4,0.2,1.0,0.2,0.2,0.2,0.2,0.8,1.0,1.0,1.0,1.0,1.0,1.0,0.6,0.4,1.0,0.8,0.4,0.6,0.2,0.2,0.2,0.2,0.2,0.2,0.2,0.2,0.2,0.2,0.2,0.2,0.2,0.2,0.2,0.2,0.2,0.8,0.6,0.2,0.4,0.6,1.0,0.8,1.0,1.0,1.0,1.0,1.0,0.6,1.0,0.8,1.0,1.0,0.6,0.6,0.6,0.6,0.4,0.4,0.8,0.2,0.6,0.2,0.2,0.8,0.2,1.0,0.8,0.4,1.0,1.0,1.0,1.0,1.0,1.0,1.0,1.0,1.0,1.0,1.0,0.8,1.0,1.0,1.0,1.0,1.0,0.2,0.2,1.0,0.4,0.6,0.6,0.2,0.4,0.2,0.2,1.0,0.2,79.0,27.0,260.0,32.0,50.0,31.0,23.0,25.0,34.0,27.0,35.0,42.0,16.0,33.0,43.0,1.0,,,2.0,,6.0,,4.0,,,3.0,,,5.0,,,4.0,5.0,,8.0,,,7.0,6.0,,,3.0,,2.0,1.0,4.0,,,1.0,,5.0,,,,2.0,,,,3.0,,9.0,2.0,,6.0,,7.0,3.0,5.0,4.0,8.0,,,,10.0,1.0,5.0,12.0,8.0,6.0,13.0,7.0,10.0,9.0,,11.0,,4.0,3.0,2.0,1.0,,4.0,,,,3.0,,,,,,,1.0,,2.0,1.0,2.0,9.0,3.0,,6.0,7.0,4.0,,5.0,,,,,8.0,1.0,8.0,2.0,3.0,,5.0,6.0,,,4.0,,,9.0,,7.0,1.0,50.0,228.0,402.0,79.0,199.0,103.0,0.16,2.0,0.48,-1.0,-1.0,[0.0],[nan],[0.0],[nan],"['No', nan]","[nan, nan]",[-0.5],[nan],"['No', nan]","[nan, nan]",[nan],"['The furniture/fixtures/objects in the room, The items you picked up, The order you completed items and tasks']","[1.0, 1.0, 1.0, 1.0, nan, nan, nan, 'Visualising the room layout, Associating items with personal experiences']",[nan],['Visualising the room layout'],['No'],"['No, I did not apply any mnemonic techniques']",[nan]
A075,2,1.0,1.0,1.0,1.0,1.0,1.0,0.0,0.0,1.0,1.0,1.0,0.0,0.0,0.0,1.0,0.0,1.0,1.0,1.0,1.0,0.0,1.0,1.0,0.0,1.0,0.5,1.0,1.0,1.0,0.5,0.0,0.0,0.0,1.0,0.5,0.5,0.5,0.0,0.0,1.0,1.0,1.0,1.0,0.0,0.0,0.5,0.0,0.5,1.0,1.0,1.0,1.0,1.0,1.0,1.0,1.0,1.0,1.0,1.0,1.0,0.0,0.5,0.0,1.0,0.25,0.0,1.0,0.5,0.0,0.5,1.0,0.5,0.5,1.0,1.0,0.0,0.0,1.0,1.0,0.0,1.0,1.0,1.0,1.0,1.0,1.0,1.0,1.0,1.0,1.0,0.25,1.0,0.0,0.5,0.0,1.0,0.0,0.5,1.0,0.5,0.0,0.5,1.0,0.5,0.0,1.0,1.0,1.0,1.0,0.4,1.0,0.8,0.2,0.4,1.0,1.0,0.2,0.2,0.8,0.8,1.0,1.0,1.0,1.0,1.0,0.2,0.2,1.0,0.2,1.0,1.0,1.0,1.0,0.2,0.2,0.2,1.0,0.6,0.2,0.2,0.2,0.2,0.2,0.2,0.2,0.2,0.2,0.2,1.0,0.4,0.6,0.4,0.2,1.0,0.4,1.0,1.0,1.0,1.0,1.0,0.4,1.0,1.0,1.0,0.4,0.4,0.4,0.4,1.0,0.4,0.4,0.8,0.2,0.2,0.2,1.0,0.2,0.2,0.2,0.2,0.2,0.2,1.0,1.0,1.0,1.0,1.0,1.0,1.0,1.0,1.0,1.0,0.8,1.0,1.0,0.2,0.2,0.2,0.4,0.4,1.0,0.2,0.2,0.4,0.2,0.2,0.2,1.0,0.2,0.2,79.0,27.0,260.0,32.0,50.0,31.0,23.0,25.0,34.0,27.0,35.0,42.0,16.0,33.0,43.0,1.0,,,2.0,,6.0,,4.0,,,3.0,,,5.0,,,4.0,5.0,,8.0,,,7.0,6.0,,,3.0,,2.0,1.0,4.0,,,1.0,,5.0,,,,2.0,,,,3.0,,9.0,2.0,,6.0,,7.0,3.0,5.0,4.0,8.0,,,,10.0,1.0,5.0,12.0,8.0,6.0,13.0,7.0,10.0,9.0,,11.0,,4.0,3.0,2.0,1.0,,4.0,,,,3.0,,,,,,,1.0,,2.0,1.0,2.0,9.0,3.0,,6.0,7.0,4.0,,5.0,,,,,8.0,1.0,8.0,2.0,3.0,,5.0,6.0,,,4.0,,,9.0,,7.0,28.68,41.0,1032.0,1046.0,59.0,177.33,91.0,0.58,10.0,0.25,0.5,0.0,[0.0],[nan],[0.0],[nan],"['No', 'No']","[nan, nan]",[-1.0],[-0.5],"['No', 'No']","[nan, nan]",[0.25],['The location of furniture/fixtures/objects'],"[1.0, 1.0, 1.0, 1.0, nan, nan, nan, 'Visualising the room layout, Associating items with personal experiences']",[nan],['No specific strategy'],['No'],"['No, I did not apply any mnemonic techniques']",[nan]
A075,3,1.0,1.0,0.0,1.0,1.0,1.0,0.0,1.0,0.0,0.0,0.0,0.0,0.0,0.0,0.0,0.0,1.0,1.0,1.0,1.0,0.0,0.0,0.0,0.0,0.25,1.0,0.5,0.0,1.0,0.0,0.5,1.0,0.0,0.0,0.0,0.5,1.0,0.5,1.0,0.5,1.0,1.0,1.0,0.0,0.0,0.0,0.0,0.0,1.0,1.0,1.0,1.0,0.0,1.0,1.0,0.5,0.25,0.0,0.0,0.0,0.0,0.0,0.0,0.0,0.5,0.0,0.25,1.0,0.0,0.5,0.5,0.5,1.0,0.0,0.0,0.0,0.0,1.0,0.0,1.0,0.5,1.0,1.0,0.0,0.0,1.0,1.0,1.0,1.0,0.5,0.0,0.5,0.0,0.5,0.0,0.25,0.0,0.0,0.5,1.0,0.0,0.5,0.0,0.0,0.0,0.6,0.4,0.2,0.4,0.2,0.4,0.6,0.2,0.2,1.0,0.2,0.2,0.2,0.8,0.4,0.6,1.0,1.0,1.0,0.2,0.4,0.2,0.4,0.2,0.2,1.0,0.2,0.2,0.2,0.2,0.2,0.2,0.2,0.2,0.2,0.2,0.2,0.2,0.2,0.2,0.2,0.2,0.2,0.6,0.6,0.4,0.2,0.4,1.0,0.8,0.6,0.2,0.2,0.2,0.2,0.2,0.2,0.2,0.2,0.2,0.2,0.2,0.2,0.2,0.2,0.2,0.2,0.2,0.2,0.2,0.2,0.2,0.2,0.4,0.4,0.4,0.4,0.4,0.4,0.6,0.4,0.6,0.6,0.4,0.4,0.8,0.6,0.2,0.2,0.2,0.2,0.2,0.2,0.2,0.2,0.2,0.2,0.2,0.2,0.2,0.2,0.2,0.2,0.2,0.2,79.0,27.0,260.0,32.0,50.0,31.0,23.0,25.0,34.0,27.0,35.0,42.0,16.0,33.0,43.0,1.0,,,2.0,,6.0,,4.0,,,3.0,,,5.0,,,4.0,5.0,,8.0,,,7.0,6.0,,,3.0,,2.0,1.0,4.0,,,1.0,,5.0,,,,2.0,,,,3.0,,9.0,2.0,,6.0,,7.0,3.0,5.0,4.0,8.0,,,,10.0,1.0,5.0,12.0,8.0,6.0,13.0,7.0,10.0,9.0,,11.0,,4.0,3.0,2.0,1.0,,4.0,,,,3.0,,,,,,,1.0,,2.0,1.0,2.0,9.0,3.0,,6.0,7.0,4.0,,5.0,,,,,8.0,1.0,8.0,2.0,3.0,,5.0,6.0,,,4.0,,,9.0,,7.0,71.37,41.67,474.33,141.0,44.0,157.0,136.0,0.32,8.0,0.29,-0.5,-0.5,[1.0],['I can of energy drink'],[0.0],[nan],"['No', 'No']","[nan, nan]",[-1.0],[-1.0],"['No', 'No']","[nan, nan]",[0.25],['The items you picked up'],"[1.0, 1.0, 0.6, 1.0, nan, nan, nan, 'No specific strategy']",[nan],['No specific strategy'],['No'],"['No, I did not apply any mnemonic techniques']",[nan]
A075,4,1.0,0.0,1.0,1.0,1.0,1.0,0.0,0.0,0.0,1.0,1.0,0.0,0.0,1.0,0.0,0.0,1.0,1.0,1.0,1.0,0.0,0.5,0.0,1.0,1.0,0.0,1.0,1.0,0.5,0.25,0.0,0.0,0.5,0.5,0.0,0.0,0.0,0.0,0.0,0.0,0.0,1.0,0.0,1.0,0.0,0.0,1.0,0.0,1.0,0.0,1.0,1.0,1.0,0.0,1.0,0.0,0.5,1.0,0.0,0.0,0.0,0.0,1.0,0.0,0.5,1.0,0.0,0.0,0.0,0.0,1.0,0.5,0.0,0.5,0.0,0.0,0.0,1.0,1.0,0.0,1.0,1.0,1.0,1.0,1.0,0.0,1.0,1.0,0.5,1.0,1.0,0.0,0.5,1.0,1.0,0.0,0.0,0.5,1.0,0.0,0.0,0.0,0.5,0.5,0.0,1.0,1.0,1.0,1.0,1.0,1.0,1.0,1.0,0.2,1.0,0.2,0.2,0.2,0.6,0.2,0.4,1.0,1.0,1.0,1.0,0.4,0.4,0.4,0.4,1.0,0.2,0.2,1.0,0.2,0.2,0.2,0.6,0.2,0.6,0.2,0.2,0.2,0.2,0.2,0.2,0.2,0.2,0.2,0.6,0.6,0.4,0.4,0.6,1.0,0.8,0.8,1.0,0.2,0.2,0.2,0.4,0.4,1.0,0.2,0.2,0.2,1.0,0.8,0.4,0.2,0.2,0.2,0.2,0.2,0.2,0.2,0.2,0.2,0.2,0.2,0.4,0.4,1.0,0.4,0.8,1.0,1.0,1.0,0.8,1.0,0.4,0.8,0.6,0.4,1.0,0.6,0.2,0.2,0.2,0.4,0.4,0.4,0.2,0.2,0.2,0.2,0.2,0.2,0.2,0.2,79.0,27.0,260.0,32.0,50.0,31.0,23.0,25.0,34.0,27.0,35.0,42.0,16.0,33.0,43.0,1.0,,,2.0,,6.0,,4.0,,,3.0,,,5.0,,,4.0,5.0,,8.0,,,7.0,6.0,,,3.0,,2.0,1.0,4.0,,,1.0,,5.0,,,,2.0,,,,3.0,,9.0,2.0,,6.0,,7.0,3.0,5.0,4.0,8.0,,,,10.0,1.0,5.0,12.0,8.0,6.0,13.0,7.0,10.0,9.0,,11.0,,4.0,3.0,2.0,1.0,,4.0,,,,3.0,,,,,,,1.0,,2.0,1.0,2.0,9.0,3.0,,6.0,7.0,4.0,,5.0,,,,,8.0,1.0,8.0,2.0,3.0,,5.0,6.0,,,4.0,,,9.0,,7.0,244.53,34.0,163.0,201.0,41.0,176.0,127.0,0.58,6.0,0.25,-0.5,-0.5,[0.0],[nan],[0.0],[nan],"['No', 'Yes']","[nan, 'Elimination of the portraits']",[-1.0],[-0.5],"['No', 'Yes']","[nan, 'Elimination of the portraits']",[0.25],['The items you picked up'],"[1.0, 1.0, 1.0, 1.0, nan, nan, nan, 'No specific strategy']",[nan],['No specific strategy'],['No'],"['No, I did not apply any mnemonic techniques']",[nan]
A076,1,0.0,1.0,1.0,0.0,0.0,1.0,1.0,1.0,1.0,0.0,1.0,0.0,0.0,0.0,1.0,0.0,0.5,1.0,0.25,0.5,1.0,0.5,1.0,0.0,0.5,1.0,0.5,0.5,0.0,1.0,0.25,0.5,0.0,0.0,0.25,0.25,0.0,0.0,1.0,0.0,1.0,0.5,1.0,0.0,0.5,0.5,0.0,0.0,1.0,1.0,1.0,1.0,1.0,1.0,0.0,1.0,0.5,1.0,0.0,1.0,0.5,0.25,1.0,0.5,0.5,0.0,0.5,0.0,0.0,1.0,1.0,0.5,0.0,1.0,0.0,1.0,0.0,1.0,1.0,1.0,1.0,1.0,1.0,1.0,1.0,1.0,0.0,1.0,1.0,1.0,0.5,1.0,0.0,0.5,0.0,1.0,0.0,0.0,0.0,0.0,0.0,1.0,1.0,0.5,0.0,0.6,0.8,0.6,0.2,0.8,0.6,0.2,0.2,0.2,0.2,0.2,0.2,0.2,1.0,0.8,0.6,0.4,0.6,0.8,0.2,0.8,0.8,0.8,0.8,0.8,0.4,0.2,0.2,0.2,0.2,0.2,0.2,0.2,0.2,0.2,0.2,0.2,0.2,0.2,0.4,0.4,0.2,0.2,0.4,0.6,0.6,0.6,1.0,1.0,0.8,0.2,1.0,1.0,1.0,0.2,0.4,0.2,0.8,1.0,0.6,0.4,0.2,0.2,0.4,0.4,0.6,0.4,0.4,0.2,1.0,0.4,0.8,0.4,0.6,0.4,0.6,0.4,1.0,1.0,1.0,1.0,1.0,1.0,1.0,1.0,1.0,1.0,1.0,0.4,1.0,0.6,1.0,0.2,0.4,0.4,1.0,0.6,0.4,0.2,0.4,0.2,1.0,0.8,0.6,0.6,98.0,27.0,380.0,40.0,36.0,37.0,25.0,18.0,14.0,19.0,22.0,26.0,19.0,22.0,37.0,1.0,3.0,,,,,,,4.0,,2.0,,,,,5.0,7.0,8.0,,,,,,6.0,,,4.0,1.0,2.0,3.0,,4.0,5.0,,,6.0,,,7.0,,8.0,3.0,,1.0,2.0,,8.0,6.0,9.0,,7.0,,,3.0,5.0,1.0,2.0,4.0,,,,7.0,5.0,9.0,,6.0,,,8.0,,,3.0,4.0,1.0,2.0,,,,,,,,,,,,,2.0,3.0,1.0,,,1.0,3.0,,7.0,,,2.0,5.0,,6.0,4.0,,,,,,2.0,,3.0,,,1.0,,,4.0,,,,1.0,67.0,601.0,576.0,155.0,548.0,160.0,0.36,8.0,0.25,0.5,-0.5,[1.0],['2 cups of coffee'],[0.0],[nan],"['No', nan]","[nan, nan]",[-1.0],[nan],"['No', nan]","[nan, nan]",[nan],"['The items you picked up, Where you picked up and put down items']","[0.0, 0.5, 0.6, 0.4, 1.0, 1.0, nan, 'No specific strategy']",[nan],['No specific strategy'],['No'],"['No, I did not apply any mnemonic techniques']",[nan]
A076,2,1.0,1.0,1.0,1.0,1.0,0.0,1.0,1.0,0.0,0.0,1.0,0.0,0.0,0.0,0.0,0.0,1.0,0.5,0.5,1.0,0.0,1.0,1.0,0.0,1.0,0.0,1.0,0.5,0.0,0.5,1.0,0.0,0.25,0.0,0.5,1.0,0.0,0.0,0.0,1.0,0.0,1.0,0.0,0.0,1.0,0.0,0.5,0.0,1.0,1.0,0.0,1.0,1.0,1.0,1.0,0.5,0.5,1.0,1.0,0.5,1.0,0.5,0.25,0.25,0.0,0.0,0.0,0.0,0.0,0.5,1.0,0.0,0.0,0.0,0.0,1.0,1.0,1.0,1.0,1.0,1.0,1.0,1.0,1.0,1.0,1.0,1.0,0.5,1.0,0.5,1.0,0.5,0.0,0.5,0.0,0.25,0.5,0.0,0.0,0.0,1.0,0.0,1.0,0.0,0.0,0.6,0.6,0.8,0.6,0.8,0.6,0.4,0.4,0.2,0.4,0.4,0.4,0.4,0.8,0.6,0.6,0.6,0.8,0.8,0.6,0.6,0.6,0.4,0.4,0.8,0.4,0.4,0.4,0.2,0.2,0.2,0.4,0.4,0.4,0.2,0.2,0.2,0.2,0.4,0.2,0.2,0.2,0.2,0.6,0.6,0.4,0.4,0.4,1.0,1.0,1.0,1.0,1.0,0.6,1.0,0.4,0.4,0.4,0.2,0.2,0.2,0.4,0.4,0.2,0.2,0.2,0.2,0.4,0.4,0.2,0.6,0.2,0.4,0.4,0.8,0.4,0.4,1.0,0.6,1.0,1.0,1.0,1.0,1.0,1.0,1.0,1.0,0.4,0.2,0.2,0.4,0.4,0.2,0.2,0.2,0.4,0.4,0.4,0.2,0.2,0.2,0.4,0.2,0.4,0.2,98.0,27.0,380.0,40.0,36.0,37.0,25.0,18.0,14.0,19.0,22.0,26.0,19.0,22.0,37.0,1.0,3.0,,,,,,,4.0,,2.0,,,,,5.0,7.0,8.0,,,,,,6.0,,,4.0,1.0,2.0,3.0,,4.0,5.0,,,6.0,,,7.0,,8.0,3.0,,1.0,2.0,,8.0,6.0,9.0,,7.0,,,3.0,5.0,1.0,2.0,4.0,,,,7.0,5.0,9.0,,6.0,,,8.0,,,3.0,4.0,1.0,2.0,,,,,,,,,,,,,2.0,3.0,1.0,,,1.0,3.0,,7.0,,,2.0,5.0,,6.0,4.0,,,,,,2.0,,3.0,,,1.0,,,4.0,,,,27.3,49.0,474.67,484.0,103.67,522.0,310.0,0.5,6.0,0.25,-1.0,-1.0,[1.0],['2 cups of coffee'],[1.0],[nan],"['No', 'Yes']","[nan, 'it made me remember different items I had forgotte about']",[-0.5],[-0.5],"['No', 'Yes']","[nan, 'it made me remember different items I had forgotte about']",[0.25],['The furniture/fixtures/objects in the room'],"[1.0, 1.0, 0.6, 0.6, nan, nan, nan, 'No specific strategy']",[nan],['No specific strategy'],['No'],"['No, I did not apply any mnemonic techniques']",[nan]
A076,3,1.0,1.0,1.0,0.0,1.0,0.0,0.0,0.0,1.0,0.0,1.0,0.0,0.0,0.0,0.0,1.0,1.0,1.0,1.0,1.0,1.0,0.0,0.0,0.0,1.0,0.5,0.0,0.0,1.0,0.0,0.5,0.0,0.5,0.0,0.0,0.5,0.0,1.0,0.5,1.0,1.0,1.0,0.5,0.0,0.0,0.5,0.5,1.0,1.0,0.0,0.0,0.0,1.0,1.0,0.0,1.0,0.0,0.0,1.0,0.0,0.5,0.0,1.0,0.0,1.0,0.0,0.5,0.5,0.0,1.0,0.0,0.5,0.5,1.0,1.0,0.0,0.5,1.0,1.0,1.0,1.0,0.0,1.0,1.0,1.0,1.0,1.0,1.0,0.5,0.0,1.0,0.0,0.0,0.0,0.0,0.0,0.0,0.0,1.0,0.5,0.5,0.5,1.0,0.5,0.0,0.4,0.6,0.4,0.4,0.2,0.4,0.4,0.4,0.6,0.4,1.0,0.2,0.2,0.8,0.6,0.4,0.6,0.8,0.6,0.4,0.4,0.4,0.4,0.2,0.2,1.0,0.4,0.6,0.6,0.4,0.2,0.4,0.4,0.4,0.4,0.4,0.2,0.2,0.4,0.4,0.4,0.4,0.2,0.2,0.2,0.2,0.2,0.2,1.0,0.2,0.4,0.4,1.0,0.6,0.2,0.2,0.4,0.2,0.2,0.4,0.2,0.2,0.4,0.2,0.4,0.4,0.4,0.2,0.4,0.2,0.2,0.4,0.4,0.4,0.4,0.8,0.6,0.6,0.2,0.8,1.0,0.6,1.0,1.0,1.0,1.0,1.0,0.6,0.4,0.4,1.0,0.4,0.4,0.2,0.4,0.2,0.4,0.2,0.2,0.2,0.2,0.4,0.2,0.6,0.4,98.0,27.0,380.0,40.0,36.0,37.0,25.0,18.0,14.0,19.0,22.0,26.0,19.0,22.0,37.0,1.0,3.0,,,,,,,4.0,,2.0,,,,,5.0,7.0,8.0,,,,,,6.0,,,4.0,1.0,2.0,3.0,,4.0,5.0,,,6.0,,,7.0,,8.0,3.0,,1.0,2.0,,8.0,6.0,9.0,,7.0,,,3.0,5.0,1.0,2.0,4.0,,,,7.0,5.0,9.0,,6.0,,,8.0,,,3.0,4.0,1.0,2.0,,,,,,,,,,,,,2.0,3.0,1.0,,,1.0,3.0,,7.0,,,2.0,5.0,,6.0,4.0,,,,,,2.0,,3.0,,,1.0,,,4.0,,,,74.88,44.0,449.0,325.0,106.0,669.0,234.0,0.48,6.0,0.25,-0.5,-1.0,[0.0],[nan],[0.0],[nan],"['No', 'Yes']","[nan, 'they just jogged my memory about other items that might be in the bedroom']",[-0.5],[0.0],"['No', 'Yes']","[nan, 'they just jogged my memory about other items that might be in the bedroom']",[0.25],['The furniture/fixtures/objects in the room'],"[1.0, 1.0, 0.4, 0.6, nan, nan, nan, 'No specific strategy']",[nan],['No specific strategy'],['No'],"['No, I did not apply any mnemonic techniques']",[nan]
A076,4,1.0,1.0,0.0,0.0,0.0,0.0,0.0,0.0,0.0,1.0,0.0,0.0,0.0,1.0,0.0,0.0,1.0,0.5,0.5,0.25,0.0,0.0,0.0,0.0,0.5,0.5,1.0,0.0,0.5,0.5,0.0,0.25,0.0,0.0,0.5,0.0,0.5,1.0,0.0,0.0,1.0,1.0,1.0,0.0,0.5,1.0,0.5,0.0,1.0,0.0,1.0,1.0,0.0,1.0,0.0,0.5,1.0,0.5,0.0,0.25,0.0,0.5,0.0,0.5,0.0,0.0,0.25,1.0,0.0,0.5,0.5,0.5,1.0,0.0,0.0,1.0,0.0,0.0,0.0,1.0,0.5,0.0,1.0,0.0,1.0,1.0,1.0,0.5,1.0,1.0,0.0,0.0,1.0,0.5,0.0,0.5,0.0,0.0,0.0,1.0,0.0,0.5,0.5,0.5,1.0,0.6,0.4,0.4,0.4,0.2,0.4,0.4,0.2,0.4,0.2,0.2,0.2,0.2,1.0,0.4,0.4,0.4,0.4,0.4,0.2,0.4,0.4,0.2,0.4,0.2,0.2,0.4,0.2,0.2,0.2,0.2,0.4,0.2,0.2,0.2,0.2,0.2,0.2,0.2,0.2,0.2,0.2,0.2,0.4,0.4,0.4,0.2,0.2,0.2,0.2,0.2,0.2,0.2,0.2,0.2,0.2,0.4,0.2,0.2,0.2,0.2,0.2,0.2,0.2,0.2,0.2,0.2,0.2,0.2,0.2,0.2,0.2,0.2,0.4,0.2,1.0,0.2,0.2,0.2,1.0,0.2,0.6,1.0,0.6,0.4,1.0,0.4,0.4,0.4,0.2,0.2,0.2,0.2,0.2,0.4,0.2,0.4,0.2,0.2,0.2,0.4,0.4,0.2,0.2,0.2,98.0,27.0,380.0,40.0,36.0,37.0,25.0,18.0,14.0,19.0,22.0,26.0,19.0,22.0,37.0,1.0,3.0,,,,,,,4.0,,2.0,,,,,5.0,7.0,8.0,,,,,,6.0,,,4.0,1.0,2.0,3.0,,4.0,5.0,,,6.0,,,7.0,,8.0,3.0,,1.0,2.0,,8.0,6.0,9.0,,7.0,,,3.0,5.0,1.0,2.0,4.0,,,,7.0,5.0,9.0,,6.0,,,8.0,,,3.0,4.0,1.0,2.0,,,,,,,,,,,,,2.0,3.0,1.0,,,1.0,3.0,,7.0,,,2.0,5.0,,6.0,4.0,,,,,,2.0,,3.0,,,1.0,,,4.0,,,,149.28,50.0,374.0,354.0,50.0,403.0,209.0,0.54,6.0,0.29,-0.5,-1.0,[1.0],['2 cups of coffee'],[0.0],[nan],"['No', 'No']","[nan, nan]",[-1.0],[-1.0],"['No', 'No']","[nan, nan]",[0.25],['The furniture/fixtures/objects in the room'],"[1.0, 1.0, 0.6, 0.4, nan, nan, nan, 'No specific strategy']",[nan],['No specific strategy'],['No'],"['No, I did not apply any mnemonic techniques']",[nan]
A077,1,1.0,1.0,1.0,1.0,1.0,1.0,1.0,1.0,1.0,0.0,1.0,1.0,1.0,1.0,1.0,1.0,1.0,1.0,1.0,1.0,1.0,0.5,1.0,1.0,1.0,1.0,1.0,0.0,1.0,1.0,1.0,1.0,1.0,0.0,1.0,0.0,0.0,1.0,1.0,1.0,1.0,1.0,1.0,0.0,0.0,0.0,0.0,0.0,1.0,1.0,1.0,1.0,1.0,1.0,1.0,1.0,0.25,0.0,1.0,1.0,1.0,1.0,0.0,0.0,1.0,0.0,0.0,1.0,1.0,1.0,1.0,0.0,0.0,1.0,0.5,1.0,1.0,1.0,1.0,1.0,1.0,1.0,1.0,1.0,1.0,1.0,1.0,1.0,1.0,0.0,1.0,1.0,1.0,1.0,0.0,0.0,1.0,0.0,0.0,1.0,1.0,1.0,0.5,0.0,0.5,1.0,0.8,0.8,0.8,1.0,1.0,1.0,1.0,1.0,0.2,1.0,1.0,1.0,1.0,1.0,1.0,1.0,1.0,1.0,1.0,1.0,1.0,0.8,0.8,1.0,1.0,1.0,0.4,0.4,0.4,0.4,0.4,0.2,0.4,0.4,1.0,0.2,0.4,0.4,0.4,0.4,0.8,0.4,0.4,0.4,0.6,0.4,0.4,1.0,1.0,1.0,1.0,1.0,1.0,1.0,1.0,1.0,1.0,1.0,1.0,1.0,1.0,0.4,0.6,0.6,0.4,0.4,1.0,0.4,0.4,0.4,0.6,0.4,1.0,1.0,1.0,1.0,1.0,1.0,1.0,1.0,1.0,1.0,1.0,1.0,1.0,1.0,1.0,1.0,1.0,1.0,1.0,1.0,1.0,0.2,0.4,0.4,0.4,0.4,1.0,0.4,0.2,0.4,0.4,0.2,166.0,36.0,540.0,46.0,32.0,37.0,30.0,24.0,31.0,,,,26.0,31.0,29.0,9.0,10.0,8.0,,6.0,7.0,,,4.0,5.0,11.0,3.0,,2.0,1.0,12.0,13.0,15.0,7.0,8.0,9.0,10.0,11.0,5.0,6.0,14.0,4.0,1.0,2.0,3.0,,,,,,,,,,,,,,,,,,,,,,,,,,,,,,,,,,,,,,,,,,,,,,6.0,8.0,,,,,7.0,,,5.0,4.0,,1.0,2.0,3.0,1.0,2.0,3.0,,9.0,10.0,8.0,7.0,5.0,6.0,4.0,,,,,1.0,2.0,3.0,4.0,5.0,6.0,10.0,7.0,9.0,11.0,8.0,12.0,,,,1.0,51.0,377.0,880.0,198.0,366.0,87.0,0.21,7.0,0.25,0.0,0.0,[1.0],['1 cup of coffee'],[0.0],[nan],"['No', nan]","[nan, nan]",[-0.5],[nan],"['No', nan]","[nan, nan]",[nan],"['The furniture/fixtures/objects in the room, The location of furniture/fixtures/objects, The items you picked up, Where you picked up and put down items, The order you completed items and tasks']","[1.0, 1.0, 1.0, 1.0, nan, nan, nan, 'Visualising the room layout']",[nan],['Visualising the room layout'],['Yes'],"['No, I did not apply any mnemonic techniques']",[nan]
A077,2,1.0,1.0,1.0,1.0,1.0,1.0,1.0,0.0,0.0,0.0,1.0,1.0,0.0,1.0,1.0,1.0,1.0,1.0,1.0,0.5,0.0,1.0,1.0,0.0,0.5,1.0,0.5,1.0,1.0,1.0,0.5,1.0,0.25,1.0,1.0,1.0,0.0,0.5,1.0,0.5,0.5,0.0,0.5,0.5,0.5,0.0,0.0,0.5,1.0,1.0,1.0,1.0,1.0,1.0,1.0,0.5,0.5,1.0,1.0,1.0,1.0,1.0,0.25,0.25,0.0,0.5,0.0,0.0,0.0,0.0,0.5,0.0,0.5,0.0,0.5,1.0,0.0,1.0,1.0,1.0,1.0,1.0,1.0,1.0,1.0,1.0,1.0,0.25,0.0,0.5,1.0,1.0,1.0,0.5,0.0,0.25,0.0,0.0,0.0,0.0,0.0,1.0,0.5,0.0,0.0,1.0,1.0,1.0,1.0,0.6,1.0,1.0,0.2,0.2,1.0,1.0,1.0,0.8,1.0,0.8,1.0,1.0,1.0,1.0,1.0,0.4,0.8,1.0,0.8,1.0,1.0,1.0,0.2,0.2,0.2,0.2,0.6,0.4,0.4,0.2,0.2,0.2,0.2,0.4,0.2,0.2,0.2,0.2,0.2,0.4,0.6,0.6,0.2,1.0,1.0,0.8,0.8,1.0,1.0,1.0,0.2,0.2,0.2,1.0,1.0,0.6,0.2,0.2,0.2,0.2,0.4,0.4,0.2,0.2,0.2,0.8,0.2,0.2,0.8,0.8,0.6,0.8,1.0,1.0,0.8,1.0,1.0,1.0,1.0,1.0,1.0,1.0,0.2,0.2,0.2,1.0,1.0,0.2,0.4,0.2,0.4,0.2,0.2,0.2,0.2,0.2,0.2,0.6,0.2,0.2,166.0,36.0,540.0,46.0,32.0,37.0,30.0,24.0,31.0,,,,26.0,31.0,29.0,9.0,10.0,8.0,,6.0,7.0,,,4.0,5.0,11.0,3.0,,2.0,1.0,12.0,13.0,15.0,7.0,8.0,9.0,10.0,11.0,5.0,6.0,14.0,4.0,1.0,2.0,3.0,,,,,,,,,,,,,,,,,,,,,,,,,,,,,,,,,,,,,,,,,,,,,,6.0,8.0,,,,,7.0,,,5.0,4.0,,1.0,2.0,3.0,1.0,2.0,3.0,,9.0,10.0,8.0,7.0,5.0,6.0,4.0,,,,,1.0,2.0,3.0,4.0,5.0,6.0,10.0,7.0,9.0,11.0,8.0,12.0,,,,53.88,61.0,398.0,586.0,158.0,354.0,173.0,0.43,6.0,0.27,0.0,0.5,[0.0],[nan],[0.0],[nan],"['No', 'Unsure']","[nan, nan]",[-1.0],[-0.5],"['No', 'Unsure']","[nan, nan]",[0.25],"['The furniture/fixtures/objects in the room, The location of furniture/fixtures/objects']","[1.0, 1.0, 1.0, 1.0, nan, nan, nan, 'No specific strategy, Visualising the room layout']",[nan],"['No specific strategy, Visualising the room layout']",['Yes'],"['No, I did not apply any mnemonic techniques']",['This room is the least vivid memory I have.']
A077,3,1.0,1.0,1.0,1.0,1.0,1.0,1.0,1.0,0.0,1.0,1.0,0.0,0.0,1.0,1.0,1.0,1.0,1.0,1.0,1.0,0.0,0.5,1.0,1.0,1.0,1.0,0.0,1.0,1.0,0.0,0.25,0.0,0.0,0.0,0.0,0.5,0.25,0.0,0.5,1.0,1.0,0.0,0.0,0.0,0.5,0.5,0.5,0.0,1.0,1.0,1.0,1.0,1.0,1.0,0.0,1.0,0.5,1.0,1.0,1.0,0.5,0.5,0.5,0.0,0.0,0.5,1.0,0.0,0.0,1.0,1.0,0.5,0.5,0.0,0.5,1.0,1.0,1.0,1.0,1.0,1.0,1.0,1.0,0.0,1.0,1.0,1.0,1.0,0.5,1.0,1.0,0.0,0.5,0.0,1.0,0.0,0.0,0.25,0.0,0.0,0.0,1.0,0.0,0.5,0.5,1.0,1.0,1.0,1.0,1.0,1.0,1.0,1.0,1.0,1.0,0.8,0.2,0.2,0.8,0.8,0.8,1.0,1.0,1.0,1.0,0.6,0.8,0.6,0.6,1.0,1.0,1.0,1.0,0.6,0.2,0.2,0.6,0.2,0.2,0.6,1.0,1.0,0.6,0.2,0.6,0.2,0.2,0.2,0.4,0.4,0.4,0.4,0.4,0.4,1.0,0.4,1.0,1.0,0.2,0.2,1.0,0.2,1.0,0.6,0.2,0.2,0.4,0.2,0.2,0.6,0.2,0.2,0.6,0.2,0.8,0.2,0.2,0.2,0.2,0.4,1.0,0.8,1.0,1.0,1.0,1.0,1.0,0.6,0.8,0.6,0.6,0.4,1.0,0.2,1.0,0.4,0.2,0.2,0.4,0.2,0.2,0.6,0.2,0.4,0.6,0.2,1.0,0.2,0.2,0.2,166.0,36.0,540.0,46.0,32.0,37.0,30.0,24.0,31.0,,,,26.0,31.0,29.0,9.0,10.0,8.0,,6.0,7.0,,,4.0,5.0,11.0,3.0,,2.0,1.0,12.0,13.0,15.0,7.0,8.0,9.0,10.0,11.0,5.0,6.0,14.0,4.0,1.0,2.0,3.0,,,,,,,,,,,,,,,,,,,,,,,,,,,,,,,,,,,,,,,,,,,,,,6.0,8.0,,,,,7.0,,,5.0,4.0,,1.0,2.0,3.0,1.0,2.0,3.0,,9.0,10.0,8.0,7.0,5.0,6.0,4.0,,,,,1.0,2.0,3.0,4.0,5.0,6.0,10.0,7.0,9.0,11.0,8.0,12.0,,,,78.36,72.0,335.67,1397.0,52.0,309.0,119.33,0.43,7.0,0.29,0.0,0.0,[0.0],[nan],[0.0],[nan],"['No', 'Unsure']","[nan, nan]",[0.0],[0.5],"['No', 'Unsure']","[nan, nan]",[0.25],['The furniture/fixtures/objects in the room'],"[1.0, 1.0, 1.0, 1.0, nan, nan, nan, 'No specific strategy, Visualising the room layout']",[nan],"['No specific strategy, Visualising the room layout']",['Yes'],"['No, I did not apply any mnemonic techniques']","['I really thought I had this room still clear in my mind, I am also disappointed I totally forgot the door.']"
A077,4,1.0,1.0,1.0,1.0,1.0,1.0,0.0,1.0,0.0,1.0,1.0,1.0,1.0,1.0,0.0,0.0,1.0,1.0,1.0,1.0,1.0,1.0,1.0,1.0,1.0,0.5,0.25,1.0,1.0,1.0,1.0,0.0,0.0,1.0,0.5,1.0,0.0,0.5,0.5,0.0,0.0,0.0,0.0,1.0,0.5,0.0,0.5,0.0,1.0,1.0,1.0,1.0,1.0,1.0,1.0,0.5,0.25,1.0,1.0,0.5,1.0,0.0,0.0,1.0,1.0,0.5,1.0,0.5,0.5,0.0,0.0,0.0,0.0,1.0,1.0,1.0,0.0,1.0,1.0,1.0,1.0,1.0,1.0,1.0,1.0,1.0,1.0,0.5,1.0,1.0,1.0,0.5,1.0,0.25,0.0,1.0,0.0,1.0,0.0,0.5,0.5,0.0,0.5,0.0,0.0,1.0,0.6,0.6,0.6,1.0,1.0,1.0,0.2,0.2,1.0,0.6,0.4,1.0,1.0,0.6,0.6,1.0,1.0,1.0,1.0,0.6,1.0,0.6,0.6,1.0,1.0,1.0,0.2,0.2,0.2,1.0,0.2,1.0,0.4,0.4,0.2,0.2,0.2,0.4,0.2,0.2,0.2,0.2,0.4,0.4,0.4,0.4,0.4,1.0,1.0,1.0,1.0,1.0,1.0,1.0,0.4,0.2,1.0,1.0,0.4,1.0,0.2,0.2,1.0,0.2,0.6,0.2,0.2,0.2,0.2,0.2,0.2,0.2,0.4,1.0,1.0,0.6,1.0,0.6,0.8,1.0,1.0,1.0,1.0,1.0,1.0,1.0,0.4,0.6,1.0,1.0,0.2,1.0,0.2,0.2,1.0,0.4,0.4,0.4,0.2,0.2,0.2,0.4,0.2,0.2,166.0,36.0,540.0,46.0,32.0,37.0,30.0,24.0,31.0,,,,26.0,31.0,29.0,9.0,10.0,8.0,,6.0,7.0,,,4.0,5.0,11.0,3.0,,2.0,1.0,12.0,13.0,15.0,7.0,8.0,9.0,10.0,11.0,5.0,6.0,14.0,4.0,1.0,2.0,3.0,,,,,,,,,,,,,,,,,,,,,,,,,,,,,,,,,,,,,,,,,,,,,,6.0,8.0,,,,,7.0,,,5.0,4.0,,1.0,2.0,3.0,1.0,2.0,3.0,,9.0,10.0,8.0,7.0,5.0,6.0,4.0,,,,,1.0,2.0,3.0,4.0,5.0,6.0,10.0,7.0,9.0,11.0,8.0,12.0,,,,149.75,122.0,232.0,954.33,56.0,307.0,98.0,0.45,7.0,0.25,0.0,0.0,[0.0],[nan],[0.0],[nan],"['No', 'Unsure']","[nan, nan]",[0.0],[0.0],"['No', 'Unsure']","[nan, nan]",[0.25],['The location of furniture/fixtures/objects'],"[1.0, 1.0, 1.0, 1.0, nan, nan, nan, 'Visualising the room layout']",[nan],['Visualising the room layout'],['Yes'],"['No, I did not apply any mnemonic techniques']",['Was really fun!!']
A078,1,1.0,0.0,1.0,1.0,1.0,1.0,1.0,0.0,0.0,0.0,1.0,0.0,0.0,1.0,1.0,1.0,1.0,1.0,1.0,1.0,0.0,1.0,1.0,1.0,1.0,0.0,0.5,0.5,1.0,0.0,0.5,0.5,1.0,0.5,0.0,1.0,1.0,0.0,0.0,0.5,0.5,1.0,0.0,1.0,0.0,1.0,0.0,1.0,1.0,1.0,1.0,1.0,1.0,1.0,1.0,0.25,1.0,0.5,1.0,1.0,1.0,0.5,0.5,0.25,0.0,0.0,0.0,0.0,0.5,0.5,0.0,1.0,0.0,1.0,1.0,1.0,1.0,1.0,1.0,1.0,1.0,1.0,1.0,1.0,1.0,1.0,1.0,0.25,1.0,0.5,1.0,1.0,1.0,0.5,0.5,1.0,0.0,0.0,0.0,0.0,0.5,0.5,1.0,0.5,0.0,0.6,0.2,0.2,0.6,0.6,0.8,0.6,0.2,0.2,0.2,0.4,0.2,0.2,0.6,0.6,0.6,0.2,0.4,1.0,1.0,0.2,0.2,0.4,0.4,1.0,0.8,0.2,0.2,0.2,0.2,0.2,0.2,0.2,0.2,0.2,0.2,0.2,0.2,0.2,0.2,0.2,0.2,0.2,0.4,0.2,0.2,0.2,0.4,1.0,0.4,0.6,0.6,0.6,1.0,1.0,0.4,1.0,0.2,0.8,1.0,0.6,0.2,0.2,0.2,0.2,0.2,0.4,0.2,0.2,0.2,0.2,0.4,0.2,0.4,0.4,0.4,0.6,0.6,0.6,1.0,1.0,1.0,1.0,1.0,1.0,1.0,1.0,0.4,0.6,0.4,0.8,0.8,0.6,0.4,0.2,0.4,0.2,0.2,0.6,0.4,0.4,0.2,0.2,0.2,0.2,142.0,22.0,194.0,40.0,45.0,45.0,34.0,22.0,28.0,39.0,35.0,34.0,22.0,37.0,42.0,4.0,3.0,,5.0,1.0,2.0,6.0,,,,,,,,,4.0,2.0,5.0,,6.0,7.0,,,,8.0,3.0,,,,,1.0,3.0,2.0,4.0,5.0,6.0,8.0,,10.0,9.0,7.0,,12.0,13.0,11.0,1.0,2.0,3.0,4.0,5.0,6.0,7.0,,,10.0,,9.0,8.0,11.0,12.0,1.0,3.0,2.0,4.0,5.0,6.0,14.0,,13.0,8.0,10.0,7.0,9.0,11.0,12.0,1.0,3.0,2.0,,,,,,,,,,,,,2.0,,1.0,9.0,5.0,6.0,8.0,,4.0,11.0,3.0,,,10.0,7.0,1.0,,2.0,3.0,7.0,8.0,,5.0,,4.0,9.0,,10.0,6.0,11.0,1.0,60.0,549.0,679.0,162.0,511.0,254.0,0.23,7.0,0.25,0.0,0.0,[1.0],[nan],[1.0],[nan],"['Yes', nan]","[nan, nan]",[-0.5],[nan],"['Yes', nan]","[nan, nan]",[nan],['The items you picked up'],"[1.0, 1.0, 0.6, 0.2, nan, nan, nan, 'Visualising the room layout']",[nan],['Visualising the room layout'],['No'],"['No, I did not apply any mnemonic techniques']","[""My first VR experience was really fun. I guess I put too much focus on following the instructions and didn't pay too much attention to the details of the objects &amp; locations etc. So didn't remember much sorry! But it was interesting. Thank you!""]"
A078,2,1.0,1.0,1.0,1.0,1.0,1.0,0.0,1.0,1.0,1.0,0.0,0.0,0.0,0.0,0.0,0.0,1.0,1.0,1.0,1.0,1.0,0.0,1.0,0.0,1.0,0.0,1.0,1.0,0.25,0.0,0.0,1.0,0.0,1.0,1.0,1.0,0.5,0.0,1.0,0.5,1.0,1.0,0.0,0.5,0.0,0.0,0.0,0.0,1.0,1.0,1.0,1.0,1.0,1.0,1.0,0.0,1.0,1.0,1.0,1.0,1.0,1.0,0.0,0.5,0.5,0.5,0.0,0.5,0.0,1.0,0.5,0.0,0.0,1.0,0.0,0.0,0.0,1.0,1.0,1.0,1.0,1.0,1.0,1.0,1.0,1.0,1.0,0.0,1.0,1.0,1.0,1.0,0.0,0.25,0.0,1.0,0.5,1.0,0.5,0.5,0.5,0.5,0.0,0.5,1.0,0.4,0.4,0.2,0.2,0.4,0.4,0.4,0.2,0.2,0.2,0.4,0.2,0.4,0.4,0.2,0.4,0.6,0.8,0.6,0.6,0.4,0.4,0.4,0.6,1.0,0.4,0.4,0.2,0.6,0.8,0.2,0.2,0.4,0.4,0.2,0.4,0.2,0.2,0.2,0.2,0.2,0.2,0.2,0.4,0.4,0.2,0.2,0.6,0.8,0.2,1.0,0.8,1.0,1.0,0.8,0.4,1.0,0.8,0.6,0.2,0.2,0.6,0.2,0.4,0.2,0.2,0.2,0.2,0.2,0.2,0.2,0.2,0.2,0.4,0.4,0.4,0.4,0.8,0.8,1.0,1.0,1.0,1.0,1.0,0.6,1.0,0.6,0.4,1.0,1.0,0.6,0.4,0.4,0.4,0.4,0.2,0.2,0.4,0.2,0.4,0.2,0.2,0.2,0.2,0.2,142.0,22.0,194.0,40.0,45.0,45.0,34.0,22.0,28.0,39.0,35.0,34.0,22.0,37.0,42.0,4.0,3.0,,5.0,1.0,2.0,6.0,,,,,,,,,4.0,2.0,5.0,,6.0,7.0,,,,8.0,3.0,,,,,1.0,3.0,2.0,4.0,5.0,6.0,8.0,,10.0,9.0,7.0,,12.0,13.0,11.0,1.0,2.0,3.0,4.0,5.0,6.0,7.0,,,10.0,,9.0,8.0,11.0,12.0,1.0,3.0,2.0,4.0,5.0,6.0,14.0,,13.0,8.0,10.0,7.0,9.0,11.0,12.0,1.0,3.0,2.0,,,,,,,,,,,,,2.0,,1.0,9.0,5.0,6.0,8.0,,4.0,11.0,3.0,,,10.0,7.0,1.0,,2.0,3.0,7.0,8.0,,5.0,,4.0,9.0,,10.0,6.0,11.0,26.17,36.0,453.0,822.0,77.0,378.0,265.0,0.28,7.0,0.29,0.0,0.0,[0.0],[nan],[0.0],[nan],"['No', 'Yes']","[nan, 'you can predict what kind of questions you will get asked.']",[-0.5],[0.0],"['No', 'Yes']","[nan, 'you can predict what kind of questions you will get asked.']",[0.25],['The location of furniture/fixtures/objects'],"[1.0, 1.0, 0.4, 0.6, nan, nan, nan, 'Visualising the room layout']",[nan],['Visualising the room layout'],['No'],"['Yes, visual imagery']",[nan]
A078,3,1.0,1.0,0.0,1.0,1.0,0.0,1.0,0.0,0.0,1.0,0.0,0.0,0.0,1.0,1.0,1.0,0.25,0.25,0.5,1.0,0.0,0.5,1.0,1.0,0.25,1.0,1.0,1.0,0.0,0.5,0.0,1.0,0.0,0.5,0.0,1.0,1.0,0.0,0.0,0.0,0.0,0.5,1.0,0.0,0.0,0.5,0.0,1.0,1.0,1.0,1.0,1.0,1.0,1.0,1.0,0.5,0.0,0.5,1.0,0.0,0.0,1.0,0.5,0.0,0.25,1.0,1.0,0.0,0.0,0.5,0.0,0.0,0.0,0.0,0.5,0.0,0.0,1.0,0.0,1.0,1.0,1.0,1.0,1.0,0.0,1.0,1.0,0.5,0.0,0.5,1.0,1.0,1.0,0.5,0.5,1.0,0.5,0.0,0.5,0.0,0.0,0.5,0.5,0.5,0.5,0.2,0.2,0.2,0.4,0.4,0.4,0.2,0.2,0.2,0.2,0.2,0.2,0.2,0.2,0.2,0.2,0.6,0.2,0.2,0.2,0.2,0.2,0.4,0.2,0.6,0.2,0.2,0.2,0.2,0.2,0.2,0.2,0.2,0.2,0.2,0.2,0.2,0.2,0.2,0.2,0.2,0.2,0.2,0.2,0.2,0.2,0.2,0.2,0.2,0.8,0.8,0.8,1.0,0.4,1.0,0.4,0.6,0.2,1.0,0.2,0.2,0.4,0.2,0.2,0.4,0.2,0.2,0.2,0.2,0.2,0.2,0.2,0.2,0.2,0.2,0.4,0.2,0.2,0.2,1.0,1.0,1.0,1.0,1.0,1.0,1.0,1.0,0.4,0.4,0.4,0.8,0.4,0.4,0.4,0.2,0.4,0.4,0.2,0.2,0.2,0.2,0.2,0.4,0.2,0.2,142.0,22.0,194.0,40.0,45.0,45.0,34.0,22.0,28.0,39.0,35.0,34.0,22.0,37.0,42.0,4.0,3.0,,5.0,1.0,2.0,6.0,,,,,,,,,4.0,2.0,5.0,,6.0,7.0,,,,8.0,3.0,,,,,1.0,3.0,2.0,4.0,5.0,6.0,8.0,,10.0,9.0,7.0,,12.0,13.0,11.0,1.0,2.0,3.0,4.0,5.0,6.0,7.0,,,10.0,,9.0,8.0,11.0,12.0,1.0,3.0,2.0,4.0,5.0,6.0,14.0,,13.0,8.0,10.0,7.0,9.0,11.0,12.0,1.0,3.0,2.0,,,,,,,,,,,,,2.0,,1.0,9.0,5.0,6.0,8.0,,4.0,11.0,3.0,,,10.0,7.0,1.0,,2.0,3.0,7.0,8.0,,5.0,,4.0,9.0,,10.0,6.0,11.0,72.3,54.0,505.0,401.0,85.0,831.0,270.33,0.22,7.0,0.27,0.0,0.0,[0.0],[nan],[0.0],[nan],"['No', 'Unsure']","[nan, nan]",[-0.5],[0.0],"['No', 'Unsure']","[nan, nan]",[0.25],"['The furniture/fixtures/objects in the room, The location of furniture/fixtures/objects, The items you picked up']","[1.0, 0.25, 0.2, 0.6, nan, 1.0, nan, 'No specific strategy']",[nan],['No specific strategy'],['No'],"['Yes, visual imagery']",[nan]
A078,4,1.0,0.0,1.0,0.0,1.0,1.0,1.0,1.0,0.0,1.0,1.0,0.0,0.0,1.0,0.0,1.0,1.0,1.0,0.25,0.25,1.0,0.5,0.0,0.0,1.0,0.0,0.5,0.0,0.5,0.25,1.0,0.0,0.5,0.5,0.0,0.0,0.25,0.0,1.0,0.0,0.5,1.0,0.0,1.0,0.0,0.0,0.5,0.0,1.0,1.0,1.0,1.0,1.0,1.0,1.0,0.0,0.5,1.0,0.25,0.5,1.0,0.0,0.5,0.5,0.0,0.0,0.25,0.0,0.0,0.0,1.0,1.0,1.0,0.0,0.5,0.0,0.0,1.0,0.0,0.0,1.0,1.0,1.0,1.0,1.0,1.0,1.0,0.0,0.5,0.0,0.25,0.0,1.0,0.0,1.0,0.25,0.0,0.25,0.5,0.0,0.5,0.5,0.5,0.5,0.0,0.4,0.2,0.4,0.2,0.6,0.4,0.2,0.8,0.2,0.6,0.4,0.2,0.2,0.4,0.4,0.4,0.8,0.4,0.4,0.2,0.2,0.2,0.4,0.2,0.8,0.2,0.2,0.2,0.2,0.2,0.2,0.8,0.2,0.4,0.2,0.2,0.2,0.2,0.2,0.2,0.2,0.2,0.2,0.2,0.2,0.2,0.2,0.4,0.6,0.8,0.4,1.0,0.6,0.4,0.4,0.2,0.4,0.2,0.2,0.2,0.2,0.4,0.2,0.2,0.4,0.2,0.2,0.2,0.2,0.2,0.2,0.2,0.2,0.2,0.2,0.4,0.4,0.6,0.4,0.8,1.0,1.0,0.4,0.4,0.8,0.4,0.4,0.6,0.4,0.4,0.4,0.2,0.2,0.8,0.2,0.4,0.4,0.4,0.4,0.2,0.2,0.2,0.4,0.2,0.2,142.0,22.0,194.0,40.0,45.0,45.0,34.0,22.0,28.0,39.0,35.0,34.0,22.0,37.0,42.0,4.0,3.0,,5.0,1.0,2.0,6.0,,,,,,,,,4.0,2.0,5.0,,6.0,7.0,,,,8.0,3.0,,,,,1.0,3.0,2.0,4.0,5.0,6.0,8.0,,10.0,9.0,7.0,,12.0,13.0,11.0,1.0,2.0,3.0,4.0,5.0,6.0,7.0,,,10.0,,9.0,8.0,11.0,12.0,1.0,3.0,2.0,4.0,5.0,6.0,14.0,,13.0,8.0,10.0,7.0,9.0,11.0,12.0,1.0,3.0,2.0,,,,,,,,,,,,,2.0,,1.0,9.0,5.0,6.0,8.0,,4.0,11.0,3.0,,,10.0,7.0,1.0,,2.0,3.0,7.0,8.0,,5.0,,4.0,9.0,,10.0,6.0,11.0,140.08,31.0,442.0,624.0,61.0,402.0,292.0,0.11,8.0,0.21,0.5,0.0,[0.0],[nan],[0.0],[nan],"['No', 'Unsure']","[nan, nan]",[-0.5],[0.0],"['No', 'Unsure']","[nan, nan]",[0.25],['The furniture/fixtures/objects in the room'],"[1.0, 1.0, 0.4, 0.8, nan, nan, nan, 'Visualising the room layout, Associating items with personal experiences']",[nan],['Visualising the room layout'],['No'],"['Yes, visual imagery']",[nan]
A079,1,1.0,1.0,1.0,1.0,0.0,1.0,0.0,0.0,0.0,1.0,1.0,1.0,1.0,1.0,0.0,1.0,1.0,1.0,1.0,1.0,1.0,1.0,1.0,1.0,0.5,0.0,0.0,1.0,0.5,0.5,1.0,1.0,0.5,0.25,1.0,0.5,1.0,0.0,0.5,0.5,1.0,0.5,0.5,0.5,0.0,0.0,0.5,1.0,1.0,1.0,0.0,1.0,1.0,1.0,1.0,0.0,1.0,1.0,1.0,1.0,1.0,1.0,0.0,1.0,1.0,1.0,1.0,0.5,0.5,0.5,1.0,0.0,0.0,1.0,1.0,0.0,0.0,1.0,1.0,1.0,1.0,1.0,1.0,1.0,1.0,0.0,1.0,0.0,1.0,1.0,1.0,0.5,1.0,1.0,0.0,1.0,1.0,1.0,1.0,0.0,1.0,0.5,1.0,0.0,0.0,1.0,1.0,1.0,0.6,0.6,0.6,1.0,0.4,0.2,0.8,1.0,0.2,1.0,1.0,0.6,1.0,1.0,1.0,1.0,0.4,0.8,0.8,0.6,0.4,0.6,1.0,1.0,0.6,0.4,0.2,0.2,0.8,1.0,0.6,1.0,0.2,0.2,1.0,0.4,0.6,0.4,0.2,0.2,0.6,0.6,0.4,0.4,0.4,1.0,0.6,0.6,0.8,1.0,1.0,1.0,0.2,0.2,0.6,1.0,0.2,1.0,0.6,0.2,0.8,0.4,1.0,1.0,0.2,0.2,0.2,1.0,0.4,1.0,1.0,0.4,0.6,0.4,1.0,0.6,1.0,1.0,0.8,1.0,1.0,1.0,1.0,1.0,0.4,0.8,1.0,1.0,0.2,1.0,0.6,0.6,0.6,0.6,1.0,1.0,0.2,0.2,0.6,1.0,0.6,0.8,94.0,32.0,549.0,71.0,32.0,36.0,191.0,28.0,31.0,48.0,54.0,64.0,29.0,56.0,125.0,1.0,,,3.0,5.0,,,,2.0,4.0,,,,,,9.0,10.0,7.0,,6.0,8.0,11.0,12.0,5.0,4.0,,3.0,,1.0,2.0,10.0,9.0,7.0,8.0,6.0,5.0,11.0,14.0,13.0,12.0,,1.0,4.0,3.0,2.0,9.0,10.0,6.0,7.0,3.0,4.0,,11.0,12.0,13.0,5.0,8.0,14.0,2.0,1.0,6.0,7.0,15.0,10.0,9.0,8.0,11.0,12.0,13.0,14.0,5.0,3.0,4.0,2.0,1.0,1.0,5.0,,6.0,7.0,,,,,,,,2.0,3.0,4.0,13.0,11.0,4.0,3.0,8.0,9.0,10.0,12.0,2.0,1.0,6.0,5.0,,7.0,14.0,1.0,2.0,10.0,3.0,4.0,5.0,12.0,11.0,7.0,6.0,9.0,8.0,,14.0,13.0,1.0,62.0,581.0,991.0,109.0,360.0,144.0,0.29,6.0,0.33,0.0,-0.5,[0.0],[nan],[0.0],[nan],"['No', nan]","[nan, nan]",[-0.5],[nan],"['No', nan]","[nan, nan]",[nan],['The furniture/fixtures/objects in the room'],"[1.0, 1.0, 1.0, 1.0, nan, nan, nan, 'Associating items with personal experiences']",[nan],['No specific strategy'],['No'],['Unsure'],"['Need 60 seconds at end to walk around bedroom/room to have a look at what has changed etc,']"
A079,2,1.0,1.0,1.0,0.0,1.0,0.0,0.0,1.0,0.0,1.0,1.0,0.0,0.0,1.0,0.0,1.0,1.0,0.5,1.0,0.5,1.0,0.0,0.0,0.0,1.0,1.0,0.5,1.0,1.0,1.0,0.5,0.25,0.5,0.0,0.0,0.0,0.5,1.0,1.0,0.5,1.0,1.0,0.0,0.0,1.0,0.0,0.0,0.0,1.0,1.0,0.0,1.0,1.0,1.0,1.0,1.0,0.25,1.0,0.5,1.0,0.5,1.0,1.0,0.0,0.0,0.0,0.5,0.0,0.0,1.0,0.0,0.0,0.0,0.5,0.0,0.0,0.0,1.0,1.0,1.0,1.0,1.0,0.0,0.0,1.0,0.0,1.0,1.0,0.25,1.0,0.5,1.0,0.5,1.0,0.5,0.0,0.0,0.0,1.0,0.0,0.5,1.0,0.0,0.0,0.0,1.0,1.0,1.0,0.4,1.0,0.4,0.6,1.0,1.0,1.0,0.2,1.0,0.4,0.8,0.6,0.8,1.0,0.6,1.0,0.8,0.4,0.6,0.4,0.6,1.0,1.0,1.0,1.0,0.2,1.0,0.2,0.2,0.2,0.2,0.4,0.4,0.2,0.2,0.2,0.2,0.2,0.2,0.2,0.4,0.4,0.4,0.4,0.6,1.0,1.0,1.0,1.0,1.0,1.0,1.0,1.0,0.4,1.0,0.4,1.0,0.4,0.4,0.6,0.2,0.4,0.6,0.4,0.6,0.2,0.4,0.2,0.2,0.2,0.8,0.6,0.6,0.4,0.8,0.4,1.0,1.0,1.0,1.0,1.0,1.0,0.8,1.0,1.0,0.4,1.0,0.8,1.0,0.6,0.2,0.6,0.6,0.4,0.8,0.8,0.2,0.2,0.6,0.2,0.2,0.2,94.0,32.0,549.0,71.0,32.0,36.0,191.0,28.0,31.0,48.0,54.0,64.0,29.0,56.0,125.0,1.0,,,3.0,5.0,,,,2.0,4.0,,,,,,9.0,10.0,7.0,,6.0,8.0,11.0,12.0,5.0,4.0,,3.0,,1.0,2.0,10.0,9.0,7.0,8.0,6.0,5.0,11.0,14.0,13.0,12.0,,1.0,4.0,3.0,2.0,9.0,10.0,6.0,7.0,3.0,4.0,,11.0,12.0,13.0,5.0,8.0,14.0,2.0,1.0,6.0,7.0,15.0,10.0,9.0,8.0,11.0,12.0,13.0,14.0,5.0,3.0,4.0,2.0,1.0,1.0,5.0,,6.0,7.0,,,,,,,,2.0,3.0,4.0,13.0,11.0,4.0,3.0,8.0,9.0,10.0,12.0,2.0,1.0,6.0,5.0,,7.0,14.0,1.0,2.0,10.0,3.0,4.0,5.0,12.0,11.0,7.0,6.0,9.0,8.0,,14.0,13.0,26.11,68.0,721.0,750.0,143.0,450.0,286.0,0.42,6.0,0.29,-0.5,-0.5,[1.0],['Two coffees.'],[0.0],[nan],"['No', 'Yes']","[nan, 'I knew what to expect.']",[-0.5],[0.5],"['No', 'Yes']","[nan, 'I knew what to expect.']",[0.25],"['The furniture/fixtures/objects in the room, The location of furniture/fixtures/objects']","[1.0, 1.0, 1.0, 1.0, nan, nan, nan, 'Visualising the room layout']",[nan],['Visualising the room layout'],['No'],"['Yes, visual imagery']",['Really questioning my sanity at this point. Hard to remember things with so many questions.']
A079,3,1.0,1.0,1.0,1.0,0.0,1.0,0.0,0.0,1.0,1.0,1.0,0.0,0.0,1.0,1.0,1.0,1.0,1.0,1.0,1.0,0.0,0.0,0.0,1.0,1.0,1.0,1.0,1.0,1.0,0.0,0.0,0.5,0.5,1.0,0.0,0.5,0.5,0.0,0.5,1.0,0.0,0.0,1.0,0.5,0.5,0.0,0.0,0.0,1.0,1.0,0.0,1.0,1.0,0.0,1.0,0.5,0.0,1.0,0.5,0.5,1.0,0.5,0.0,1.0,0.0,0.5,0.0,0.0,0.0,1.0,0.0,0.0,1.0,0.0,0.0,0.0,0.0,1.0,0.0,0.0,0.0,0.0,1.0,1.0,1.0,1.0,1.0,0.5,1.0,0.5,1.0,0.0,1.0,0.5,0.5,1.0,0.0,1.0,0.0,0.5,0.0,1.0,0.0,0.0,0.0,1.0,1.0,1.0,1.0,0.6,0.4,0.4,0.2,0.4,0.6,0.6,0.4,0.6,1.0,0.4,0.4,1.0,1.0,1.0,1.0,0.4,0.4,0.4,0.4,0.6,0.4,0.4,0.2,0.6,0.2,0.2,0.4,0.4,0.2,0.2,0.4,0.2,0.2,0.2,0.2,0.2,0.2,0.2,0.4,0.4,0.4,0.4,0.4,1.0,0.8,0.8,1.0,1.0,1.0,1.0,0.2,0.8,0.6,0.8,0.2,1.0,0.2,0.8,0.6,0.2,0.2,1.0,0.2,0.2,0.2,0.2,0.2,0.2,0.8,0.6,0.8,0.6,0.8,0.8,1.0,0.4,1.0,1.0,1.0,1.0,0.6,1.0,0.4,1.0,0.4,0.8,0.2,1.0,0.2,0.2,0.8,0.4,0.2,1.0,0.2,0.2,0.2,0.2,0.2,0.2,94.0,32.0,549.0,71.0,32.0,36.0,191.0,28.0,31.0,48.0,54.0,64.0,29.0,56.0,125.0,1.0,,,3.0,5.0,,,,2.0,4.0,,,,,,9.0,10.0,7.0,,6.0,8.0,11.0,12.0,5.0,4.0,,3.0,,1.0,2.0,10.0,9.0,7.0,8.0,6.0,5.0,11.0,14.0,13.0,12.0,,1.0,4.0,3.0,2.0,9.0,10.0,6.0,7.0,3.0,4.0,,11.0,12.0,13.0,5.0,8.0,14.0,2.0,1.0,6.0,7.0,15.0,10.0,9.0,8.0,11.0,12.0,13.0,14.0,5.0,3.0,4.0,2.0,1.0,1.0,5.0,,6.0,7.0,,,,,,,,2.0,3.0,4.0,13.0,11.0,4.0,3.0,8.0,9.0,10.0,12.0,2.0,1.0,6.0,5.0,,7.0,14.0,1.0,2.0,10.0,3.0,4.0,5.0,12.0,11.0,7.0,6.0,9.0,8.0,,14.0,13.0,74.0,69.0,942.0,569.0,92.0,381.0,254.0,0.39,6.0,0.31,1.0,-0.5,[1.0],['1 Coffee'],[0.0],[nan],"['No', 'Yes']","[nan, 'Knew the routine.']",[-1.0],[-1.0],"['No', 'Yes']","[nan, 'Knew the routine.']",[0.25],['The furniture/fixtures/objects in the room'],"[1.0, 1.0, 1.0, 1.0, nan, nan, nan, 'Visualising the room layout']",[nan],['Visualising the room layout'],['No'],['Unsure'],[nan]
A079,4,1.0,0.0,0.0,1.0,0.0,1.0,1.0,0.0,1.0,1.0,0.0,0.0,0.0,1.0,0.0,1.0,1.0,1.0,1.0,1.0,1.0,0.5,0.0,0.0,0.5,0.0,0.0,1.0,0.5,0.0,0.0,0.0,0.25,0.5,0.25,0.5,0.25,1.0,0.0,0.0,1.0,0.5,1.0,0.5,0.5,0.5,1.0,0.0,1.0,1.0,1.0,1.0,0.0,1.0,1.0,1.0,1.0,1.0,0.5,0.0,1.0,0.25,0.0,0.25,0.25,1.0,0.0,0.5,0.0,1.0,0.0,0.5,0.0,1.0,0.5,0.0,0.0,1.0,0.0,1.0,1.0,1.0,1.0,1.0,0.0,1.0,1.0,0.0,0.0,1.0,0.5,0.0,1.0,0.0,0.25,0.5,0.5,0.25,0.0,1.0,0.0,0.5,0.0,0.5,0.5,1.0,0.4,0.6,1.0,0.2,0.4,0.4,0.6,0.6,0.2,0.2,0.2,0.4,1.0,0.6,0.4,1.0,1.0,0.4,0.4,0.6,0.4,0.4,0.4,0.2,0.4,0.2,0.2,0.2,0.2,0.2,0.2,0.2,0.4,0.2,0.2,0.2,0.2,0.2,0.2,0.2,0.2,0.2,0.6,0.4,0.4,0.6,0.4,1.0,1.0,1.0,1.0,0.2,0.2,0.6,0.8,0.8,1.0,0.2,0.2,0.4,0.4,0.6,0.4,0.2,0.2,0.2,0.2,0.2,0.2,0.2,0.2,0.2,0.6,0.6,0.4,0.4,0.8,0.8,0.4,0.2,1.0,1.0,1.0,0.6,1.0,1.0,0.6,0.8,1.0,0.4,0.2,0.2,0.4,1.0,0.8,0.2,0.2,0.6,0.4,0.4,0.4,0.2,0.2,0.2,94.0,32.0,549.0,71.0,32.0,36.0,191.0,28.0,31.0,48.0,54.0,64.0,29.0,56.0,125.0,1.0,,,3.0,5.0,,,,2.0,4.0,,,,,,9.0,10.0,7.0,,6.0,8.0,11.0,12.0,5.0,4.0,,3.0,,1.0,2.0,10.0,9.0,7.0,8.0,6.0,5.0,11.0,14.0,13.0,12.0,,1.0,4.0,3.0,2.0,9.0,10.0,6.0,7.0,3.0,4.0,,11.0,12.0,13.0,5.0,8.0,14.0,2.0,1.0,6.0,7.0,15.0,10.0,9.0,8.0,11.0,12.0,13.0,14.0,5.0,3.0,4.0,2.0,1.0,1.0,5.0,,6.0,7.0,,,,,,,,2.0,3.0,4.0,13.0,11.0,4.0,3.0,8.0,9.0,10.0,12.0,2.0,1.0,6.0,5.0,,7.0,14.0,1.0,2.0,10.0,3.0,4.0,5.0,12.0,11.0,7.0,6.0,9.0,8.0,,14.0,13.0,194.42,50.0,428.0,329.0,60.0,337.0,269.0,0.45,5.0,0.27,-0.5,-0.5,[0.0],[nan],[0.0],[nan],"['No', 'Yes']","[nan, 'Expectations.']",[-1.0],[-1.0],"['No', 'Yes']","[nan, 'Expectations.']",[0.25],['The location of furniture/fixtures/objects'],"[1.0, 1.0, 1.0, 1.0, nan, nan, nan, 'No specific strategy']",[nan],['No specific strategy'],['No'],"['No, I did not apply any mnemonic techniques']","[""Apologies for doing this test late. Can't believe I forgot the fridge. Surprised I remembered some things correctly.""]"
A080,1,1.0,1.0,0.0,1.0,1.0,1.0,1.0,0.0,1.0,1.0,1.0,0.0,0.0,1.0,1.0,1.0,1.0,1.0,1.0,1.0,1.0,0.0,1.0,0.0,1.0,0.5,1.0,0.5,0.5,0.5,0.5,1.0,1.0,1.0,1.0,0.0,0.0,0.5,0.0,1.0,1.0,0.0,1.0,1.0,0.0,0.0,0.0,0.0,1.0,1.0,1.0,1.0,1.0,1.0,1.0,1.0,1.0,0.5,1.0,1.0,1.0,0.25,0.5,0.25,1.0,0.5,0.0,0.0,0.5,0.5,0.0,1.0,0.5,1.0,0.0,1.0,0.0,1.0,1.0,0.0,1.0,1.0,1.0,1.0,1.0,1.0,1.0,1.0,1.0,0.5,1.0,1.0,1.0,1.0,0.5,1.0,1.0,0.0,0.0,1.0,0.5,0.5,1.0,1.0,0.0,1.0,1.0,0.2,1.0,1.0,1.0,0.4,0.4,0.8,1.0,1.0,0.6,0.2,1.0,1.0,1.0,1.0,1.0,1.0,0.2,1.0,0.8,1.0,0.4,1.0,1.0,1.0,1.0,1.0,0.2,0.2,0.6,1.0,0.2,1.0,0.2,1.0,0.8,0.8,0.2,0.6,0.2,0.2,0.6,0.6,0.8,0.8,0.8,1.0,1.0,1.0,1.0,1.0,1.0,1.0,1.0,1.0,0.6,1.0,1.0,0.8,0.6,0.6,1.0,0.8,0.4,0.4,0.6,0.6,0.4,0.4,1.0,0.4,0.6,0.4,0.6,0.6,1.0,0.6,0.8,1.0,1.0,1.0,1.0,1.0,1.0,1.0,1.0,1.0,0.6,1.0,1.0,1.0,1.0,0.8,1.0,1.0,0.6,0.6,0.6,0.6,0.6,0.6,1.0,0.6,70.0,40.0,250.0,41.0,34.0,40.0,25.0,24.0,30.0,30.0,26.0,30.0,30.0,29.0,37.0,6.0,,7.0,,5.0,4.0,,,,,,8.0,3.0,1.0,2.0,9.0,,8.0,11.0,7.0,6.0,,5.0,4.0,,10.0,3.0,,2.0,1.0,12.0,,13.0,10.0,,11.0,9.0,8.0,5.0,4.0,6.0,7.0,2.0,1.0,3.0,12.0,9.0,11.0,10.0,,,13.0,3.0,8.0,7.0,6.0,5.0,4.0,2.0,1.0,10.0,11.0,9.0,12.0,,,13.0,4.0,7.0,8.0,6.0,5.0,3.0,2.0,1.0,,5.0,7.0,,,6.0,,,,,4.0,3.0,2.0,,1.0,,2.0,,3.0,9.0,10.0,11.0,12.0,4.0,8.0,7.0,,5.0,1.0,6.0,5.0,11.0,4.0,12.0,9.0,8.0,13.0,,3.0,1.0,2.0,10.0,6.0,,7.0,1.0,45.0,332.0,686.0,130.0,276.0,152.0,0.17,7.0,0.29,0.5,0.5,[0.0],[nan],[0.0],[nan],"['No', nan]","[nan, nan]",[-0.5],[nan],"['No', nan]","[nan, nan]",[nan],"['The furniture/fixtures/objects in the room, The location of furniture/fixtures/objects, The items you picked up, Where you picked up and put down items, The order you completed items and tasks']","[1.0, 1.0, 1.0, 1.0, nan, nan, nan, 'Visualising the room layout']",[nan],['Visualising the room layout'],['Yes'],"['Yes, visual imagery']",[nan]
A080,2,1.0,1.0,1.0,1.0,1.0,0.0,1.0,1.0,1.0,1.0,1.0,0.0,0.0,0.0,0.0,0.0,1.0,1.0,1.0,1.0,1.0,0.5,0.0,1.0,1.0,1.0,1.0,1.0,1.0,1.0,0.25,0.0,0.5,1.0,0.0,0.0,0.25,0.0,0.0,1.0,0.0,1.0,0.5,1.0,0.5,0.5,0.0,0.0,1.0,1.0,1.0,1.0,1.0,1.0,1.0,1.0,1.0,1.0,1.0,0.0,0.5,0.0,0.5,1.0,0.0,0.25,0.25,1.0,0.5,1.0,0.0,0.5,1.0,0.5,0.5,1.0,1.0,1.0,1.0,0.0,1.0,1.0,1.0,1.0,1.0,1.0,1.0,1.0,1.0,1.0,1.0,0.0,1.0,0.0,0.5,1.0,0.0,1.0,0.5,0.5,0.5,1.0,0.0,0.5,0.0,1.0,1.0,1.0,1.0,1.0,0.6,0.6,1.0,0.4,1.0,1.0,0.2,0.2,1.0,0.4,0.6,1.0,1.0,1.0,1.0,0.6,0.6,0.4,0.6,1.0,1.0,0.4,1.0,0.6,0.2,0.2,0.4,0.6,1.0,1.0,0.2,0.2,0.6,0.4,1.0,0.8,0.2,0.2,0.6,0.6,0.6,0.6,0.4,1.0,1.0,1.0,1.0,1.0,0.4,1.0,1.0,1.0,1.0,1.0,0.4,0.4,0.4,0.4,1.0,1.0,0.4,0.4,0.4,0.4,1.0,0.8,0.4,0.4,0.6,0.6,0.8,0.6,0.6,0.4,1.0,1.0,1.0,1.0,1.0,1.0,1.0,1.0,1.0,0.6,1.0,0.6,0.6,0.6,1.0,0.6,1.0,1.0,0.6,0.4,0.4,0.4,1.0,0.6,0.4,0.4,70.0,40.0,250.0,41.0,34.0,40.0,25.0,24.0,30.0,30.0,26.0,30.0,30.0,29.0,37.0,6.0,,7.0,,5.0,4.0,,,,,,8.0,3.0,1.0,2.0,9.0,,8.0,11.0,7.0,6.0,,5.0,4.0,,10.0,3.0,,2.0,1.0,12.0,,13.0,10.0,,11.0,9.0,8.0,5.0,4.0,6.0,7.0,2.0,1.0,3.0,12.0,9.0,11.0,10.0,,,13.0,3.0,8.0,7.0,6.0,5.0,4.0,2.0,1.0,10.0,11.0,9.0,12.0,,,13.0,4.0,7.0,8.0,6.0,5.0,3.0,2.0,1.0,,5.0,7.0,,,6.0,,,,,4.0,3.0,2.0,,1.0,,2.0,,3.0,9.0,10.0,11.0,12.0,4.0,8.0,7.0,,5.0,1.0,6.0,5.0,11.0,4.0,12.0,9.0,8.0,13.0,,3.0,1.0,2.0,10.0,6.0,,7.0,29.03,28.0,349.0,699.0,89.0,335.0,158.0,0.38,8.0,0.29,0.5,0.5,[0.0],[nan],[0.0],[nan],"['No', 'Yes']","[nan, 'I knew the kind of questions that would be asked']",[0.0],[0.5],"['No', 'Yes']","[nan, 'I knew the kind of questions that would be asked']",[0.25],"['The furniture/fixtures/objects in the room, The location of furniture/fixtures/objects, The items you picked up, Where you picked up and put down items']","[1.0, 1.0, 1.0, 1.0, nan, nan, nan, 'Visualising the room layout, Associating items with personal experiences']",[nan],['Visualising the room layout'],['Yes'],"['Yes, visual imagery']",['The bathroom seemed easier to remember.']
A080,3,1.0,1.0,1.0,1.0,1.0,1.0,1.0,1.0,1.0,0.0,0.0,0.0,1.0,1.0,1.0,1.0,1.0,1.0,1.0,1.0,1.0,0.0,1.0,0.0,1.0,0.0,1.0,0.25,0.25,1.0,0.0,1.0,0.0,1.0,0.5,1.0,1.0,0.5,1.0,0.0,1.0,0.5,1.0,0.0,0.0,0.0,1.0,1.0,1.0,1.0,1.0,1.0,1.0,1.0,1.0,0.0,1.0,1.0,1.0,1.0,0.0,1.0,0.0,1.0,0.25,1.0,1.0,1.0,0.5,0.0,0.5,0.0,1.0,1.0,0.0,1.0,0.5,1.0,0.5,0.0,1.0,1.0,1.0,1.0,1.0,1.0,1.0,1.0,1.0,1.0,1.0,0.5,0.0,0.0,0.0,1.0,0.0,1.0,0.5,0.0,0.0,0.0,1.0,0.0,0.0,1.0,1.0,1.0,1.0,1.0,0.6,0.8,0.6,0.6,0.4,0.6,0.4,1.0,1.0,0.8,0.8,1.0,1.0,1.0,1.0,0.6,1.0,0.8,0.6,1.0,0.4,0.6,0.4,0.4,0.4,0.6,1.0,0.6,0.8,0.4,0.4,0.4,0.4,0.4,0.4,0.4,0.4,0.4,0.8,0.6,0.6,0.6,0.6,1.0,1.0,0.4,1.0,1.0,0.6,1.0,1.0,0.4,1.0,1.0,0.6,0.6,1.0,0.2,0.8,0.4,0.6,0.8,0.4,0.2,1.0,0.4,0.4,0.6,0.4,0.6,0.8,0.6,1.0,0.4,0.6,1.0,1.0,1.0,1.0,1.0,1.0,1.0,0.8,0.6,0.8,0.8,0.6,0.4,0.4,0.6,0.6,0.4,0.6,1.0,1.0,0.4,0.6,0.6,0.4,0.4,70.0,40.0,250.0,41.0,34.0,40.0,25.0,24.0,30.0,30.0,26.0,30.0,30.0,29.0,37.0,6.0,,7.0,,5.0,4.0,,,,,,8.0,3.0,1.0,2.0,9.0,,8.0,11.0,7.0,6.0,,5.0,4.0,,10.0,3.0,,2.0,1.0,12.0,,13.0,10.0,,11.0,9.0,8.0,5.0,4.0,6.0,7.0,2.0,1.0,3.0,12.0,9.0,11.0,10.0,,,13.0,3.0,8.0,7.0,6.0,5.0,4.0,2.0,1.0,10.0,11.0,9.0,12.0,,,13.0,4.0,7.0,8.0,6.0,5.0,3.0,2.0,1.0,,5.0,7.0,,,6.0,,,,,4.0,3.0,2.0,,1.0,,2.0,,3.0,9.0,10.0,11.0,12.0,4.0,8.0,7.0,,5.0,1.0,6.0,5.0,11.0,4.0,12.0,9.0,8.0,13.0,,3.0,1.0,2.0,10.0,6.0,,7.0,72.87,56.0,204.0,260.0,48.0,290.33,106.0,0.22,7.0,0.27,0.5,0.5,[1.0],['1 cup of coffee'],[0.0],[nan],"['No', 'Yes']","[nan, 'I knew the kind of questions that would be asked']",[0.0],[0.5],"['No', 'Yes']","[nan, 'I knew the kind of questions that would be asked']",[0.25],['The furniture/fixtures/objects in the room'],"[1.0, 1.0, 1.0, 1.0, nan, nan, nan, 'Visualising the room layout']",[nan],['Visualising the room layout'],['Yes'],"['Yes, visual imagery']",[nan]
A080,4,1.0,1.0,1.0,1.0,0.0,0.0,1.0,1.0,0.0,1.0,0.0,0.0,0.0,0.0,0.0,0.0,1.0,1.0,1.0,1.0,0.0,0.0,1.0,1.0,0.5,1.0,1.0,0.0,0.5,1.0,1.0,1.0,1.0,0.0,0.5,0.0,0.0,0.5,0.5,0.0,0.5,0.0,0.0,1.0,0.0,0.0,0.5,0.5,1.0,1.0,1.0,1.0,0.0,1.0,1.0,1.0,0.0,0.0,0.5,0.0,0.0,1.0,1.0,0.0,0.5,1.0,0.25,0.5,0.5,0.0,0.0,0.0,0.5,0.0,0.5,1.0,1.0,0.0,0.0,1.0,1.0,1.0,1.0,1.0,0.0,1.0,1.0,1.0,0.0,0.0,0.0,0.5,1.0,1.0,0.5,0.0,0.0,0.0,0.0,0.5,0.0,0.0,0.0,0.5,0.0,0.6,0.2,0.6,0.6,0.2,0.4,0.2,0.8,0.2,0.4,0.4,0.2,0.2,0.4,0.4,0.4,0.6,0.6,0.6,0.6,0.4,0.4,0.4,0.2,0.2,0.4,0.6,0.4,0.2,0.2,0.2,0.4,0.6,0.4,0.2,0.2,0.2,0.2,0.4,0.4,0.2,0.2,0.2,0.4,0.4,0.4,0.4,0.4,0.6,1.0,1.0,1.0,0.4,0.4,0.4,1.0,0.8,0.8,0.4,0.2,0.4,1.0,0.4,0.4,0.2,0.2,0.2,1.0,0.4,0.4,0.4,0.2,0.2,0.4,0.4,0.6,0.4,0.4,0.4,0.6,0.4,1.0,1.0,0.8,0.8,1.0,1.0,0.8,0.6,0.4,0.4,0.4,0.6,1.0,0.4,0.4,0.4,0.4,0.2,0.6,0.4,0.4,0.2,0.2,0.2,70.0,40.0,250.0,41.0,34.0,40.0,25.0,24.0,30.0,30.0,26.0,30.0,30.0,29.0,37.0,6.0,,7.0,,5.0,4.0,,,,,,8.0,3.0,1.0,2.0,9.0,,8.0,11.0,7.0,6.0,,5.0,4.0,,10.0,3.0,,2.0,1.0,12.0,,13.0,10.0,,11.0,9.0,8.0,5.0,4.0,6.0,7.0,2.0,1.0,3.0,12.0,9.0,11.0,10.0,,,13.0,3.0,8.0,7.0,6.0,5.0,4.0,2.0,1.0,10.0,11.0,9.0,12.0,,,13.0,4.0,7.0,8.0,6.0,5.0,3.0,2.0,1.0,,5.0,7.0,,,6.0,,,,,4.0,3.0,2.0,,1.0,,2.0,,3.0,9.0,10.0,11.0,12.0,4.0,8.0,7.0,,5.0,1.0,6.0,5.0,11.0,4.0,12.0,9.0,8.0,13.0,,3.0,1.0,2.0,10.0,6.0,,7.0,145.77,27.0,293.0,255.0,40.0,260.0,164.0,0.3,8.0,0.23,0.5,0.0,[1.0],['1 cup of coffee'],[0.0],[nan],"['No', 'Yes']","[nan, 'I knew the kind of questions that would be asked']",[-0.5],[-0.5],"['No', 'Yes']","[nan, 'I knew the kind of questions that would be asked']",[0.25],"['The furniture/fixtures/objects in the room, The location of furniture/fixtures/objects']","[1.0, 1.0, 0.6, 0.6, nan, nan, nan, 'Visualising the room layout']",[nan],['Visualising the room layout'],['Yes'],"['Yes, visual imagery']",['Thanks']
A081,1,1.0,1.0,1.0,1.0,1.0,1.0,1.0,0.0,0.0,1.0,1.0,0.0,0.0,1.0,1.0,0.0,1.0,1.0,1.0,1.0,1.0,1.0,1.0,1.0,1.0,0.0,0.5,0.25,0.0,0.5,0.0,0.25,0.0,1.0,0.0,1.0,0.5,1.0,0.5,1.0,1.0,1.0,1.0,0.5,1.0,1.0,0.0,0.5,1.0,1.0,1.0,1.0,1.0,1.0,1.0,1.0,1.0,1.0,0.0,1.0,1.0,0.0,0.0,0.5,0.0,1.0,0.0,0.5,0.0,0.5,1.0,0.0,0.5,1.0,1.0,1.0,0.0,1.0,1.0,1.0,1.0,1.0,0.0,1.0,1.0,1.0,1.0,1.0,1.0,1.0,0.0,1.0,1.0,0.0,0.0,1.0,0.0,1.0,1.0,1.0,0.5,1.0,1.0,0.0,0.5,1.0,1.0,1.0,1.0,1.0,1.0,0.8,0.4,0.4,0.4,1.0,0.2,0.4,1.0,1.0,0.8,1.0,1.0,1.0,1.0,1.0,1.0,1.0,1.0,1.0,0.6,0.6,0.4,0.4,0.4,0.2,1.0,0.6,0.6,0.2,0.4,0.2,1.0,0.4,0.6,0.2,0.4,0.2,0.8,0.8,0.8,0.8,0.8,0.8,0.8,0.8,1.0,1.0,1.0,1.0,0.8,0.8,1.0,1.0,1.0,1.0,0.4,0.8,0.8,1.0,1.0,0.8,0.4,0.6,0.6,1.0,1.0,0.6,0.8,0.8,0.8,0.6,1.0,1.0,1.0,1.0,1.0,1.0,1.0,1.0,1.0,1.0,1.0,1.0,1.0,1.0,1.0,1.0,0.4,1.0,1.0,1.0,1.0,1.0,0.4,0.4,0.6,1.0,0.8,0.6,82.0,28.0,309.0,46.0,57.0,46.0,38.0,15.0,16.0,16.0,13.0,27.0,17.0,26.0,44.0,1.0,3.0,,2.0,,6.0,,,,4.0,,5.0,,,,,7.0,8.0,,6.0,5.0,4.0,,2.0,3.0,9.0,4.0,,,1.0,,7.0,,6.0,4.0,,8.0,5.0,1.0,9.0,3.0,2.0,,,,,6.0,,5.0,9.0,8.0,,3.0,1.0,7.0,,2.0,10.0,,4.0,10.0,,6.0,5.0,8.0,7.0,9.0,3.0,1.0,4.0,,2.0,,,11.0,,,,6.0,,3.0,,,,,4.0,5.0,,1.0,2.0,1.0,3.0,,2.0,7.0,6.0,,,,4.0,5.0,,,,8.0,1.0,2.0,7.0,,4.0,5.0,8.0,,,3.0,,,,,6.0,1.0,76.0,469.0,749.0,128.0,442.0,170.0,0.15,7.0,0.29,0.0,0.5,[1.0],['1 cup of coffee'],[0.0],[nan],"['No', 'Unsure']","[nan, nan]",[-0.5],[0.0],"['No', 'Unsure']","[nan, nan]",[0.0],"['The furniture/fixtures/objects in the room, The location of furniture/fixtures/objects, The items you picked up, Where you picked up and put down items, The order you completed items and tasks']","[1.0, 1.0, 1.0, 1.0, nan, nan, nan, 'Visualising the room layout']",[nan],['Visualising the room layout'],['No'],"['No, I did not apply any mnemonic techniques']","['Excellent Test, First Rate.']"
A081,2,1.0,1.0,0.0,1.0,1.0,0.0,0.0,0.0,1.0,1.0,1.0,0.0,1.0,1.0,0.0,0.0,1.0,1.0,1.0,1.0,0.0,0.0,1.0,1.0,1.0,0.5,1.0,1.0,1.0,0.5,1.0,0.5,0.0,0.5,0.5,0.0,0.0,1.0,0.5,1.0,1.0,0.0,0.5,0.5,0.5,0.5,0.0,0.5,1.0,1.0,1.0,1.0,1.0,0.0,1.0,0.5,1.0,1.0,1.0,0.25,1.0,1.0,0.0,0.25,1.0,0.0,0.0,0.0,0.5,1.0,1.0,0.0,1.0,0.0,0.0,1.0,0.0,0.0,1.0,1.0,1.0,1.0,1.0,1.0,1.0,1.0,1.0,0.5,1.0,1.0,1.0,0.5,1.0,1.0,0.0,0.25,1.0,0.0,0.0,0.0,0.5,1.0,1.0,0.5,0.5,0.8,0.8,0.8,0.8,0.8,0.6,0.6,0.8,1.0,0.6,1.0,0.6,0.8,0.6,0.8,0.6,1.0,1.0,1.0,1.0,0.6,0.6,0.6,0.4,1.0,0.6,0.8,1.0,1.0,1.0,0.4,0.8,0.2,0.4,0.2,0.2,0.8,0.8,0.8,0.6,0.8,0.6,0.6,0.6,0.6,0.8,0.8,0.8,1.0,1.0,1.0,1.0,1.0,0.8,1.0,0.6,1.0,1.0,0.8,0.6,1.0,1.0,0.4,0.2,0.6,0.6,0.4,0.6,0.6,0.6,0.8,0.8,0.6,0.6,0.6,1.0,0.4,0.8,0.8,1.0,1.0,1.0,1.0,0.8,1.0,1.0,1.0,0.6,1.0,1.0,1.0,0.4,1.0,0.8,0.4,0.2,0.4,0.4,0.4,0.4,0.6,0.8,0.6,0.4,0.8,82.0,28.0,309.0,46.0,57.0,46.0,38.0,15.0,16.0,16.0,13.0,27.0,17.0,26.0,44.0,1.0,3.0,,2.0,,6.0,,,,4.0,,5.0,,,,,7.0,8.0,,6.0,5.0,4.0,,2.0,3.0,9.0,4.0,,,1.0,,7.0,,6.0,4.0,,8.0,5.0,1.0,9.0,3.0,2.0,,,,,6.0,,5.0,9.0,8.0,,3.0,1.0,7.0,,2.0,10.0,,4.0,10.0,,6.0,5.0,8.0,7.0,9.0,3.0,1.0,4.0,,2.0,,,11.0,,,,6.0,,3.0,,,,,4.0,5.0,,1.0,2.0,1.0,3.0,,2.0,7.0,6.0,,,,4.0,5.0,,,,8.0,1.0,2.0,7.0,,4.0,5.0,8.0,,,3.0,,,,,6.0,31.39,73.0,590.0,783.0,126.67,430.0,302.0,0.46,6.0,0.29,-1.0,-0.5,[1.0],['1 cup of Coffee'],[0.0],[nan],"['No', 'Yes']","[nan, ""I can understand the specifics about each question much faster this time, don't need to read and reread the question.""]",[-0.5],[0.0],"['No', 'Yes']","[nan, ""I can understand the specifics about each question much faster this time, don't need to read and reread the question.""]",[0.75],"['The furniture/fixtures/objects in the room, The items you picked up, Where you picked up and put down items']","[1.0, 1.0, 0.8, 1.0, nan, nan, nan, 'Visualising the room layout']",[nan],['Visualising the room layout'],['No'],"['No, I did not apply any mnemonic techniques']","['I am aware that some layout memories are wrong, after seeing the actual Kitchen layout in this set of questions, which has a minor confidence-reducing effect for the next set of questions']"
A081,3,1.0,1.0,1.0,1.0,1.0,1.0,0.0,1.0,0.0,1.0,1.0,1.0,0.0,0.0,0.0,1.0,1.0,1.0,1.0,1.0,0.0,0.5,1.0,0.0,1.0,1.0,0.5,1.0,0.0,1.0,0.0,0.5,0.5,1.0,1.0,0.0,0.0,0.5,1.0,0.5,0.0,0.0,0.0,1.0,0.0,1.0,1.0,0.0,1.0,1.0,1.0,1.0,1.0,1.0,1.0,1.0,1.0,1.0,0.0,1.0,1.0,0.5,1.0,1.0,1.0,1.0,1.0,0.5,0.0,0.5,0.0,0.0,0.0,0.0,1.0,1.0,1.0,1.0,1.0,1.0,1.0,1.0,1.0,1.0,1.0,1.0,1.0,1.0,0.5,1.0,0.0,1.0,1.0,0.25,1.0,1.0,1.0,1.0,0.5,0.5,0.0,0.5,0.0,0.0,0.0,1.0,0.6,0.6,1.0,1.0,0.8,0.4,1.0,0.4,1.0,0.8,0.8,0.6,0.6,0.8,0.8,1.0,1.0,1.0,1.0,0.6,0.6,1.0,0.6,1.0,1.0,0.4,0.8,0.8,0.6,0.6,0.2,0.4,0.4,0.8,0.4,0.8,0.6,0.4,0.8,0.6,0.8,0.6,0.8,0.6,0.6,0.6,0.6,1.0,1.0,1.0,1.0,1.0,1.0,1.0,1.0,0.6,1.0,1.0,1.0,0.4,0.4,0.4,0.4,1.0,0.6,0.2,0.6,0.4,0.8,0.6,0.8,0.2,0.6,0.6,1.0,0.8,1.0,1.0,0.8,1.0,1.0,1.0,0.8,1.0,1.0,1.0,1.0,0.4,1.0,0.8,1.0,0.4,0.2,0.6,0.6,0.8,0.6,0.4,0.4,0.4,0.6,0.6,0.6,0.4,82.0,28.0,309.0,46.0,57.0,46.0,38.0,15.0,16.0,16.0,13.0,27.0,17.0,26.0,44.0,1.0,3.0,,2.0,,6.0,,,,4.0,,5.0,,,,,7.0,8.0,,6.0,5.0,4.0,,2.0,3.0,9.0,4.0,,,1.0,,7.0,,6.0,4.0,,8.0,5.0,1.0,9.0,3.0,2.0,,,,,6.0,,5.0,9.0,8.0,,3.0,1.0,7.0,,2.0,10.0,,4.0,10.0,,6.0,5.0,8.0,7.0,9.0,3.0,1.0,4.0,,2.0,,,11.0,,,,6.0,,3.0,,,,,4.0,5.0,,1.0,2.0,1.0,3.0,,2.0,7.0,6.0,,,,4.0,5.0,,,,8.0,1.0,2.0,7.0,,4.0,5.0,8.0,,,3.0,,,,,6.0,80.13,106.0,538.67,749.0,159.0,683.0,217.0,0.49,6.0,0.29,0.0,0.0,[1.0],['1 Cup of Coffee'],[0.0],[nan],"['No', 'Yes']","[nan, 'I knew some items that were all ready accounted for']",[-0.5],[0.5],"['No', 'Yes']","[nan, 'I knew some items that were all ready accounted for']",[0.5],"['The furniture/fixtures/objects in the room, The location of furniture/fixtures/objects, The items you picked up, Where you picked up and put down items, The order you completed items and tasks']","[1.0, 1.0, 1.0, 1.0, nan, nan, nan, 'No specific strategy, Visualising the room layout']",[nan],"['No specific strategy, Visualising the room layout']",['No'],"['No, I did not apply any mnemonic techniques']","['My Memory is worse than I had previously thought. Some items are for some reason much easier to recall, such as the little yellow duck, but plain black glasses are not. The picture of the young girl was also easier to recall, perhaps more striking than the Man and the old woman but I think the image is in reverse in the VR than the test. The bathroom is slightly easier to recall overall as from memory it is lighter and brighter in the VR simulation and that has an effect.']"
A081,4,1.0,1.0,1.0,1.0,1.0,1.0,0.0,1.0,1.0,1.0,0.0,1.0,1.0,0.0,0.0,1.0,1.0,1.0,1.0,1.0,0.0,1.0,1.0,0.0,1.0,0.0,1.0,1.0,0.5,0.0,1.0,0.0,1.0,1.0,0.5,1.0,1.0,0.0,0.0,1.0,1.0,1.0,0.0,0.5,0.0,0.0,0.5,0.0,1.0,1.0,1.0,1.0,0.0,1.0,1.0,0.0,1.0,1.0,0.0,0.0,1.0,0.0,0.5,1.0,0.5,0.5,1.0,0.0,0.0,0.5,0.0,0.5,0.0,0.0,0.0,0.0,0.0,1.0,1.0,1.0,1.0,1.0,1.0,1.0,0.0,1.0,1.0,1.0,1.0,1.0,0.0,0.0,1.0,1.0,0.5,1.0,0.5,1.0,1.0,0.0,0.0,0.5,0.0,0.5,0.0,1.0,1.0,1.0,1.0,1.0,0.8,0.6,1.0,1.0,1.0,0.2,1.0,1.0,0.6,0.6,0.8,1.0,1.0,1.0,1.0,0.6,0.6,0.6,0.6,1.0,0.4,0.8,0.6,0.8,0.4,0.8,1.0,0.6,0.6,0.8,0.4,0.8,0.6,0.4,0.6,0.6,0.4,0.6,0.6,0.4,0.4,0.6,0.6,1.0,1.0,1.0,1.0,1.0,1.0,1.0,0.8,0.8,1.0,0.4,0.4,1.0,0.6,0.6,0.6,0.6,0.8,0.6,0.4,0.6,0.6,0.4,0.6,0.6,0.6,0.6,0.6,0.6,0.6,0.6,1.0,1.0,1.0,1.0,0.8,1.0,0.8,0.8,0.6,0.8,0.8,0.4,0.6,0.8,0.8,0.8,0.6,0.4,0.8,0.6,0.6,0.6,0.6,0.4,0.4,0.6,82.0,28.0,309.0,46.0,57.0,46.0,38.0,15.0,16.0,16.0,13.0,27.0,17.0,26.0,44.0,1.0,3.0,,2.0,,6.0,,,,4.0,,5.0,,,,,7.0,8.0,,6.0,5.0,4.0,,2.0,3.0,9.0,4.0,,,1.0,,7.0,,6.0,4.0,,8.0,5.0,1.0,9.0,3.0,2.0,,,,,6.0,,5.0,9.0,8.0,,3.0,1.0,7.0,,2.0,10.0,,4.0,10.0,,6.0,5.0,8.0,7.0,9.0,3.0,1.0,4.0,,2.0,,,11.0,,,,6.0,,3.0,,,,,4.0,5.0,,1.0,2.0,1.0,3.0,,2.0,7.0,6.0,,,,4.0,5.0,,,,8.0,1.0,2.0,7.0,,4.0,5.0,8.0,,,3.0,,,,,6.0,154.53,78.0,557.0,715.0,93.0,347.0,227.0,0.57,6.0,0.31,0.0,0.0,[1.0],['1 cup of coffee'],[1.0],['1 glass of wine'],"['No', 'Yes']","[nan, 'I think learning to sequence actions in my minds eye/theatre of the mind, helps to improve recall']",[-0.5],[-0.5],"['No', 'Yes']","[nan, 'I think learning to sequence actions in my minds eye/theatre of the mind, helps to improve recall']",[0.5],"['The furniture/fixtures/objects in the room, The location of furniture/fixtures/objects, The items you picked up, Where you picked up and put down items, The order you completed items and tasks']","[1.0, 1.0, 1.0, 1.0, nan, nan, nan, 'Visualising the room layout']","['Drawing the room from memory, but i got it very wrong, not the furniture but the door, window and Pictures']","['Visualising the room layout, Other (please specify)']",['No'],"['No, I did not apply any mnemonic techniques']","['Having a longer time in each room would improve memory, and interacting with the room would also solidify things. The item room is by far the most difficult to separate between rooms as it is the same for all. I enjoyed the testing, it is well done, well done to you Richard. All the best.']"
A082,1,1.0,1.0,1.0,1.0,1.0,1.0,1.0,0.0,1.0,1.0,1.0,0.0,1.0,1.0,0.0,0.0,1.0,1.0,1.0,1.0,1.0,1.0,1.0,0.0,1.0,0.0,1.0,1.0,0.5,0.25,1.0,0.0,0.0,0.5,1.0,0.0,1.0,1.0,1.0,1.0,0.0,1.0,0.0,1.0,1.0,1.0,1.0,1.0,1.0,1.0,1.0,1.0,1.0,1.0,1.0,0.5,1.0,1.0,0.5,1.0,1.0,1.0,0.0,0.0,1.0,0.0,0.0,1.0,1.0,0.5,0.0,0.5,1.0,1.0,0.5,1.0,0.0,1.0,1.0,1.0,1.0,1.0,1.0,1.0,1.0,1.0,1.0,0.5,1.0,1.0,0.5,1.0,1.0,1.0,0.0,0.5,1.0,0.0,0.0,1.0,0.5,0.0,0.0,0.5,1.0,0.8,0.6,0.6,0.8,1.0,0.8,0.8,0.4,1.0,1.0,0.8,0.4,1.0,0.8,0.6,0.8,0.4,1.0,0.4,0.4,0.6,0.8,1.0,0.6,0.8,0.4,1.0,0.8,1.0,1.0,0.2,0.4,0.2,0.4,0.2,0.6,0.2,0.6,0.2,0.4,0.2,0.2,0.2,0.4,0.4,0.4,0.6,0.6,1.0,1.0,1.0,1.0,1.0,1.0,1.0,1.0,0.8,1.0,0.6,1.0,0.8,0.4,0.2,0.2,1.0,0.2,0.2,0.6,0.2,0.2,0.2,0.2,0.2,0.6,0.6,1.0,0.4,1.0,0.8,1.0,1.0,1.0,1.0,1.0,1.0,1.0,1.0,1.0,1.0,1.0,0.8,1.0,1.0,0.4,0.4,0.6,0.6,0.2,0.2,0.2,0.6,0.2,0.2,0.2,0.2,72.0,49.0,429.0,50.0,47.0,43.0,33.0,25.0,20.0,33.0,45.0,25.0,19.0,41.0,41.0,,7.0,8.0,,,9.0,10.0,,,5.0,6.0,1.0,2.0,3.0,4.0,6.0,7.0,8.0,12.0,,10.0,11.0,13.0,9.0,1.0,,2.0,3.0,4.0,5.0,7.0,8.0,9.0,12.0,10.0,11.0,,,13.0,1.0,2.0,4.0,3.0,5.0,6.0,5.0,6.0,7.0,10.0,8.0,9.0,13.0,11.0,,1.0,3.0,2.0,4.0,,12.0,8.0,10.0,9.0,11.0,14.0,15.0,12.0,13.0,1.0,2.0,3.0,4.0,5.0,6.0,7.0,6.0,8.0,,,,,7.0,9.0,,,1.0,2.0,3.0,4.0,5.0,1.0,2.0,3.0,,5.0,4.0,10.0,6.0,,8.0,9.0,7.0,11.0,12.0,,1.0,2.0,3.0,,13.0,6.0,8.0,5.0,9.0,10.0,12.0,11.0,7.0,4.0,14.0,1.0,49.0,346.0,384.0,86.0,315.0,154.0,0.2,7.0,0.27,0.5,0.0,[1.0],['1 cup coffee'],[0.0],[nan],"['No', 'No']","[nan, nan]",[-0.5],[0.0],"['No', 'No']","[nan, nan]",[0.25],"['The furniture/fixtures/objects in the room, The location of furniture/fixtures/objects, Where you picked up and put down items']","[1.0, 1.0, 0.8, 0.4, nan, nan, nan, 'Visualising the room layout']",[nan],['Visualising the room layout'],['Yes'],"['Yes, visual imagery']",[nan]
A082,2,1.0,1.0,1.0,1.0,1.0,1.0,1.0,1.0,0.0,1.0,1.0,1.0,0.0,0.0,0.0,1.0,1.0,1.0,1.0,1.0,0.0,0.5,1.0,1.0,1.0,1.0,1.0,1.0,1.0,1.0,0.25,0.5,1.0,1.0,0.0,1.0,0.5,1.0,0.5,1.0,0.5,0.5,0.5,1.0,0.0,0.5,1.0,0.0,1.0,1.0,1.0,1.0,1.0,1.0,1.0,1.0,1.0,1.0,1.0,1.0,1.0,0.5,0.5,0.0,0.0,1.0,1.0,0.5,1.0,0.0,0.0,0.0,0.0,0.0,0.5,1.0,0.5,1.0,1.0,1.0,1.0,1.0,1.0,1.0,1.0,1.0,1.0,1.0,0.5,1.0,0.5,1.0,1.0,1.0,1.0,1.0,0.0,1.0,1.0,0.0,0.5,1.0,0.0,0.5,0.0,1.0,1.0,1.0,1.0,1.0,0.4,0.6,1.0,0.2,1.0,0.6,1.0,0.2,0.4,0.2,0.2,1.0,1.0,1.0,1.0,0.2,0.6,0.4,0.4,1.0,1.0,0.2,1.0,0.4,1.0,0.2,0.4,0.2,0.2,0.2,0.4,0.2,0.2,0.2,0.8,0.2,0.2,0.2,0.2,0.2,0.2,0.2,0.2,1.0,1.0,1.0,1.0,1.0,1.0,1.0,1.0,0.4,1.0,0.6,1.0,0.2,0.2,0.2,0.2,0.4,0.6,0.4,0.2,0.2,0.2,0.2,0.2,0.2,0.4,0.4,1.0,0.8,1.0,1.0,1.0,1.0,1.0,1.0,0.8,1.0,1.0,1.0,1.0,0.4,1.0,0.6,1.0,0.4,0.2,0.4,0.4,0.4,1.0,0.4,0.4,0.2,1.0,0.2,0.4,0.2,72.0,49.0,429.0,50.0,47.0,43.0,33.0,25.0,20.0,33.0,45.0,25.0,19.0,41.0,41.0,,7.0,8.0,,,9.0,10.0,,,5.0,6.0,1.0,2.0,3.0,4.0,6.0,7.0,8.0,12.0,,10.0,11.0,13.0,9.0,1.0,,2.0,3.0,4.0,5.0,7.0,8.0,9.0,12.0,10.0,11.0,,,13.0,1.0,2.0,4.0,3.0,5.0,6.0,5.0,6.0,7.0,10.0,8.0,9.0,13.0,11.0,,1.0,3.0,2.0,4.0,,12.0,8.0,10.0,9.0,11.0,14.0,15.0,12.0,13.0,1.0,2.0,3.0,4.0,5.0,6.0,7.0,6.0,8.0,,,,,7.0,9.0,,,1.0,2.0,3.0,4.0,5.0,1.0,2.0,3.0,,5.0,4.0,10.0,6.0,,8.0,9.0,7.0,11.0,12.0,,1.0,2.0,3.0,,13.0,6.0,8.0,5.0,9.0,10.0,12.0,11.0,7.0,4.0,14.0,27.97,51.0,781.0,358.0,91.0,324.0,113.0,0.39,5.0,0.25,0.0,0.0,[1.0],['1 cup of coffee'],[0.0],[nan],"['No', 'No']","[nan, ""I don't think previous tests helped.""]",[-0.5],[0.0],"['No', 'No']","[nan, ""I don't think previous tests helped.""]",[0.25],"['The items you picked up, Where you picked up and put down items']","[1.0, 1.0, 1.0, 1.0, nan, nan, nan, 'Visualising the room layout, Associating items with personal experiences']",[nan],"['Visualising the room layout, Associating items with personal experiences']",['Yes'],"['Yes, visual imagery']",[nan]
A082,3,1.0,1.0,1.0,1.0,1.0,1.0,0.0,1.0,1.0,0.0,1.0,0.0,1.0,1.0,1.0,0.0,1.0,1.0,1.0,1.0,0.0,0.0,0.0,0.0,1.0,1.0,1.0,0.5,1.0,0.5,1.0,0.0,0.0,0.5,0.5,0.5,0.0,0.0,0.0,0.5,1.0,0.0,0.0,0.5,1.0,0.0,0.5,0.0,1.0,1.0,1.0,1.0,1.0,1.0,1.0,1.0,1.0,1.0,1.0,1.0,1.0,0.0,0.0,0.25,0.25,1.0,0.0,0.0,0.0,0.5,1.0,1.0,1.0,0.0,0.0,1.0,0.5,1.0,0.5,1.0,1.0,1.0,1.0,1.0,1.0,1.0,1.0,1.0,1.0,1.0,1.0,1.0,1.0,0.0,0.0,0.25,0.25,0.5,0.0,0.0,0.5,0.0,1.0,1.0,0.5,0.8,0.8,0.8,0.8,0.8,0.4,0.4,1.0,0.2,0.2,1.0,0.2,0.8,0.4,0.2,0.2,1.0,1.0,1.0,1.0,0.2,0.6,0.8,0.4,1.0,0.8,0.8,0.2,0.2,0.2,0.8,0.2,0.2,0.2,0.2,0.2,0.2,0.2,0.6,0.2,0.2,0.2,0.2,0.2,0.2,0.2,0.2,0.6,1.0,1.0,0.6,1.0,1.0,1.0,1.0,1.0,0.6,0.8,1.0,0.6,1.0,0.2,0.2,0.4,0.2,0.2,0.2,0.2,0.2,0.2,1.0,0.2,0.2,0.4,0.6,0.6,0.2,1.0,0.6,1.0,1.0,1.0,1.0,1.0,1.0,1.0,1.0,1.0,0.8,0.8,1.0,0.6,1.0,0.2,0.2,0.4,0.2,0.2,0.2,0.2,0.2,0.2,1.0,0.2,0.2,72.0,49.0,429.0,50.0,47.0,43.0,33.0,25.0,20.0,33.0,45.0,25.0,19.0,41.0,41.0,,7.0,8.0,,,9.0,10.0,,,5.0,6.0,1.0,2.0,3.0,4.0,6.0,7.0,8.0,12.0,,10.0,11.0,13.0,9.0,1.0,,2.0,3.0,4.0,5.0,7.0,8.0,9.0,12.0,10.0,11.0,,,13.0,1.0,2.0,4.0,3.0,5.0,6.0,5.0,6.0,7.0,10.0,8.0,9.0,13.0,11.0,,1.0,3.0,2.0,4.0,,12.0,8.0,10.0,9.0,11.0,14.0,15.0,12.0,13.0,1.0,2.0,3.0,4.0,5.0,6.0,7.0,6.0,8.0,,,,,7.0,9.0,,,1.0,2.0,3.0,4.0,5.0,1.0,2.0,3.0,,5.0,4.0,10.0,6.0,,8.0,9.0,7.0,11.0,12.0,,1.0,2.0,3.0,,13.0,6.0,8.0,5.0,9.0,10.0,12.0,11.0,7.0,4.0,14.0,75.71,129.0,303.0,298.0,53.0,251.0,141.0,0.26,8.0,0.38,-0.5,0.5,[1.0],['1 cup of coffee'],[0.0],[nan],"['No', 'No']","[nan, ""I'm not sure they did help.""]",[-0.5],[-0.5],"['No', 'No']","[nan, ""I'm not sure they did help.""]",[0.25],"['The furniture/fixtures/objects in the room, The items you picked up']","[1.0, 1.0, 0.8, 1.0, nan, nan, nan, 'Visualising the room layout']",[nan],['Visualising the room layout'],['No'],"['Yes, visual imagery']",[nan]
A082,4,1.0,1.0,1.0,1.0,1.0,1.0,1.0,0.0,0.0,1.0,1.0,0.0,0.0,0.0,0.0,0.0,1.0,1.0,1.0,1.0,0.0,1.0,1.0,0.0,1.0,0.25,0.25,1.0,1.0,0.0,0.0,0.5,1.0,1.0,0.0,1.0,0.5,0.5,0.5,0.5,0.5,1.0,0.5,0.0,0.0,0.0,0.0,0.0,1.0,1.0,1.0,1.0,1.0,1.0,1.0,1.0,1.0,0.5,1.0,0.0,1.0,0.25,0.25,1.0,0.0,0.25,0.0,0.5,1.0,0.0,0.0,0.5,0.5,0.0,0.5,1.0,0.0,1.0,1.0,1.0,1.0,1.0,1.0,1.0,1.0,1.0,1.0,0.25,1.0,0.5,1.0,0.5,1.0,0.5,1.0,1.0,0.0,0.0,0.0,0.5,0.0,1.0,0.0,0.0,0.0,0.6,0.4,0.2,0.6,0.6,0.6,0.6,0.2,0.6,0.8,0.6,0.6,0.2,0.6,0.6,0.6,1.0,0.4,1.0,0.4,0.6,0.6,0.6,0.4,0.8,1.0,0.4,1.0,0.6,0.2,0.2,0.2,0.8,0.2,0.2,0.2,0.2,0.2,0.2,0.2,0.2,0.2,0.2,0.2,0.2,0.4,0.6,0.2,1.0,0.6,0.6,1.0,0.6,1.0,0.6,0.2,0.4,0.2,0.6,0.2,0.4,0.2,0.2,0.8,0.2,0.4,0.2,0.2,0.2,0.2,0.2,0.2,0.2,0.4,0.4,0.4,0.4,1.0,0.6,1.0,1.0,1.0,1.0,1.0,1.0,1.0,1.0,0.4,0.2,0.4,0.6,0.4,0.4,0.2,0.2,0.8,0.2,0.2,0.4,0.2,0.2,0.2,0.2,0.2,0.2,72.0,49.0,429.0,50.0,47.0,43.0,33.0,25.0,20.0,33.0,45.0,25.0,19.0,41.0,41.0,,7.0,8.0,,,9.0,10.0,,,5.0,6.0,1.0,2.0,3.0,4.0,6.0,7.0,8.0,12.0,,10.0,11.0,13.0,9.0,1.0,,2.0,3.0,4.0,5.0,7.0,8.0,9.0,12.0,10.0,11.0,,,13.0,1.0,2.0,4.0,3.0,5.0,6.0,5.0,6.0,7.0,10.0,8.0,9.0,13.0,11.0,,1.0,3.0,2.0,4.0,,12.0,8.0,10.0,9.0,11.0,14.0,15.0,12.0,13.0,1.0,2.0,3.0,4.0,5.0,6.0,7.0,6.0,8.0,,,,,7.0,9.0,,,1.0,2.0,3.0,4.0,5.0,1.0,2.0,3.0,,5.0,4.0,10.0,6.0,,8.0,9.0,7.0,11.0,12.0,,1.0,2.0,3.0,,13.0,6.0,8.0,5.0,9.0,10.0,12.0,11.0,7.0,4.0,14.0,170.25,41.0,367.0,267.0,47.0,320.0,107.0,0.26,7.0,0.31,0.5,0.0,[1.0],['1 cup of coffee'],[0.0],[nan],"['No', 'No']","[nan, 'Previous tests were not helpful. If anything I found I was getting interference from objects and layouts encountered in previous tests.']",[-1.0],[-0.5],"['No', 'No']","[nan, 'Previous tests were not helpful. If anything I found I was getting interference from objects and layouts encountered in previous tests.']",[0.25],"['The furniture/fixtures/objects in the room, The location of furniture/fixtures/objects']","[1.0, 1.0, 0.6, 1.0, nan, nan, nan, 'Visualising the room layout']",[nan],['Visualising the room layout'],['Yes'],"['Yes, visual imagery']",[nan]
A083,1,1.0,1.0,1.0,1.0,1.0,1.0,1.0,1.0,1.0,1.0,0.0,1.0,1.0,1.0,0.0,1.0,1.0,1.0,1.0,1.0,1.0,0.5,1.0,1.0,1.0,1.0,1.0,1.0,1.0,1.0,1.0,0.5,1.0,0.0,0.5,1.0,0.25,0.5,1.0,1.0,0.0,0.5,0.5,0.0,1.0,1.0,1.0,0.0,1.0,1.0,0.0,1.0,1.0,1.0,1.0,1.0,1.0,1.0,1.0,1.0,1.0,0.25,1.0,0.0,0.0,1.0,1.0,0.5,1.0,1.0,0.0,0.5,0.5,1.0,0.0,1.0,1.0,1.0,1.0,0.0,1.0,1.0,1.0,1.0,1.0,1.0,1.0,1.0,1.0,1.0,1.0,1.0,1.0,0.25,1.0,1.0,0.0,1.0,1.0,0.5,1.0,1.0,0.0,0.5,0.5,1.0,1.0,1.0,1.0,1.0,1.0,1.0,1.0,1.0,1.0,0.2,1.0,1.0,1.0,0.6,1.0,1.0,1.0,1.0,1.0,1.0,1.0,1.0,1.0,1.0,1.0,1.0,0.4,0.2,1.0,0.4,0.4,1.0,0.2,0.2,1.0,1.0,0.2,0.6,1.0,0.2,0.4,0.6,0.2,0.2,0.2,0.2,0.8,1.0,1.0,1.0,1.0,1.0,1.0,1.0,0.4,1.0,1.0,0.6,1.0,0.6,0.2,1.0,0.4,0.2,1.0,1.0,0.2,0.2,1.0,0.2,0.4,0.2,1.0,0.4,1.0,1.0,1.0,1.0,1.0,1.0,1.0,1.0,1.0,1.0,1.0,1.0,1.0,1.0,1.0,1.0,1.0,0.6,0.6,1.0,0.6,1.0,1.0,1.0,0.2,0.8,1.0,0.2,0.2,0.4,3480.0,50.0,307.0,33.0,41.0,39.0,21.0,13.0,17.0,13.0,26.0,29.0,17.0,19.0,29.0,1.0,3.0,2.0,4.0,5.0,6.0,9.0,10.0,,,,,,7.0,11.0,1.0,3.0,2.0,4.0,5.0,6.0,7.0,8.0,,,,,,9.0,10.0,5.0,7.0,6.0,8.0,9.0,11.0,12.0,10.0,1.0,,2.0,3.0,,,4.0,1.0,3.0,2.0,4.0,5.0,6.0,7.0,8.0,9.0,,10.0,11.0,,,12.0,5.0,7.0,6.0,8.0,11.0,12.0,9.0,10.0,,1.0,3.0,4.0,2.0,,13.0,1.0,2.0,,,,,,,6.0,,,,3.0,4.0,5.0,1.0,3.0,2.0,4.0,5.0,6.0,7.0,8.0,,9.0,10.0,11.0,12.0,,13.0,1.0,3.0,2.0,4.0,5.0,8.0,6.0,7.0,,,10.0,,9.0,,11.0,1.0,96.0,377.0,469.0,73.0,287.0,115.0,0.39,6.0,0.23,0.5,0.0,[1.0],['2 cups coffee'],[0.0],[nan],"['No', nan]","[nan, nan]",[-0.5],[nan],"['No', nan]","[nan, nan]",[nan],"['The location of furniture/fixtures/objects, The items you picked up, Where you picked up and put down items']","[1.0, 1.0, 1.0, 1.0, nan, nan, nan, 'No specific strategy']",[nan],['No specific strategy'],['No'],"['No, I did not apply any mnemonic techniques']",[nan]
A083,2,1.0,1.0,1.0,1.0,1.0,1.0,0.0,0.0,1.0,1.0,1.0,1.0,1.0,1.0,0.0,0.0,1.0,1.0,1.0,1.0,0.0,1.0,1.0,0.0,1.0,0.0,1.0,0.5,1.0,1.0,0.25,0.5,1.0,0.25,1.0,0.0,0.25,0.5,0.0,0.5,0.0,1.0,0.0,0.5,1.0,0.0,0.5,0.0,1.0,1.0,0.0,1.0,1.0,1.0,1.0,1.0,0.25,1.0,1.0,1.0,1.0,0.25,0.0,0.25,1.0,0.0,0.0,0.0,0.0,0.0,0.5,0.0,0.0,0.0,1.0,1.0,1.0,1.0,1.0,1.0,1.0,1.0,1.0,1.0,1.0,1.0,1.0,1.0,1.0,1.0,1.0,1.0,1.0,0.25,1.0,1.0,1.0,0.0,0.0,0.0,0.5,0.5,0.0,0.0,0.0,0.8,0.8,0.8,0.8,1.0,0.6,0.6,1.0,1.0,0.2,0.6,1.0,0.4,1.0,0.4,0.4,1.0,1.0,1.0,1.0,0.6,1.0,0.4,0.6,1.0,0.6,1.0,1.0,1.0,0.4,0.2,0.6,0.6,0.4,0.6,0.2,0.2,0.6,0.2,0.2,1.0,0.2,0.2,0.4,0.4,0.4,0.6,0.4,1.0,0.6,1.0,1.0,1.0,1.0,1.0,0.6,1.0,0.6,0.6,1.0,0.2,0.6,0.4,0.6,0.4,0.4,0.2,0.4,0.2,0.4,0.2,0.2,0.2,0.4,1.0,1.0,0.8,1.0,0.8,1.0,1.0,1.0,1.0,1.0,1.0,1.0,1.0,0.6,1.0,0.8,1.0,1.0,0.6,0.6,0.8,0.6,0.6,0.4,0.6,0.2,0.4,0.2,0.2,0.2,0.4,3480.0,50.0,307.0,33.0,41.0,39.0,21.0,13.0,17.0,13.0,26.0,29.0,17.0,19.0,29.0,1.0,3.0,2.0,4.0,5.0,6.0,9.0,10.0,,,,,,7.0,11.0,1.0,3.0,2.0,4.0,5.0,6.0,7.0,8.0,,,,,,9.0,10.0,5.0,7.0,6.0,8.0,9.0,11.0,12.0,10.0,1.0,,2.0,3.0,,,4.0,1.0,3.0,2.0,4.0,5.0,6.0,7.0,8.0,9.0,,10.0,11.0,,,12.0,5.0,7.0,6.0,8.0,11.0,12.0,9.0,10.0,,1.0,3.0,4.0,2.0,,13.0,1.0,2.0,,,,,,,6.0,,,,3.0,4.0,5.0,1.0,3.0,2.0,4.0,5.0,6.0,7.0,8.0,,9.0,10.0,11.0,12.0,,13.0,1.0,3.0,2.0,4.0,5.0,8.0,6.0,7.0,,,10.0,,9.0,,11.0,25.15,51.0,282.0,361.0,80.0,280.0,99.0,0.4,7.0,0.27,0.5,-0.5,[1.0],['2 cups coffee'],[0.0],[nan],"['No', 'No']","[nan, 'discounted items fencountered in bathroom']",[0.0],[-0.5],"['No', 'No']","[nan, 'discounted items fencountered in bathroom']",[0.25],"['The furniture/fixtures/objects in the room, The location of furniture/fixtures/objects, The items you picked up']","[1.0, 1.0, 0.8, 1.0, nan, nan, nan, 'Visualising the room layout']",[nan],['Visualising the room layout'],['No'],"['No, I did not apply any mnemonic techniques']",[nan]
A083,3,1.0,1.0,1.0,1.0,1.0,0.0,0.0,1.0,1.0,0.0,1.0,0.0,1.0,1.0,0.0,0.0,1.0,1.0,1.0,1.0,0.0,0.5,1.0,1.0,1.0,0.25,1.0,0.0,0.25,0.0,1.0,0.5,0.0,0.0,1.0,0.25,0.0,0.5,0.5,0.5,0.0,1.0,0.0,0.0,0.0,1.0,0.0,0.0,1.0,1.0,1.0,1.0,1.0,1.0,1.0,0.5,1.0,1.0,1.0,1.0,1.0,0.25,0.0,1.0,1.0,0.0,0.0,0.0,0.5,0.0,0.5,0.0,0.5,0.0,0.0,1.0,1.0,1.0,1.0,1.0,1.0,1.0,1.0,1.0,1.0,0.0,1.0,0.5,1.0,1.0,1.0,1.0,1.0,0.25,0.0,0.5,0.5,0.0,0.0,0.5,0.0,0.0,0.0,1.0,0.0,0.4,1.0,0.8,0.8,1.0,1.0,1.0,0.4,1.0,0.2,1.0,1.0,1.0,1.0,0.4,0.4,1.0,1.0,1.0,1.0,0.4,1.0,0.6,0.6,1.0,1.0,1.0,1.0,0.2,0.2,0.4,0.4,0.2,0.2,0.8,0.2,0.4,0.2,0.2,0.8,0.4,0.2,0.2,0.6,0.6,0.6,0.6,0.6,1.0,0.8,1.0,1.0,1.0,1.0,1.0,0.8,1.0,1.0,0.6,0.8,1.0,0.8,0.4,0.6,0.8,0.4,0.4,0.4,1.0,0.6,0.6,0.4,0.4,1.0,0.8,1.0,0.6,1.0,1.0,1.0,1.0,1.0,1.0,1.0,1.0,1.0,1.0,0.4,1.0,1.0,0.4,0.8,1.0,0.4,0.4,0.6,0.6,0.6,0.4,0.4,0.4,0.4,1.0,0.4,0.4,3480.0,50.0,307.0,33.0,41.0,39.0,21.0,13.0,17.0,13.0,26.0,29.0,17.0,19.0,29.0,1.0,3.0,2.0,4.0,5.0,6.0,9.0,10.0,,,,,,7.0,11.0,1.0,3.0,2.0,4.0,5.0,6.0,7.0,8.0,,,,,,9.0,10.0,5.0,7.0,6.0,8.0,9.0,11.0,12.0,10.0,1.0,,2.0,3.0,,,4.0,1.0,3.0,2.0,4.0,5.0,6.0,7.0,8.0,9.0,,10.0,11.0,,,12.0,5.0,7.0,6.0,8.0,11.0,12.0,9.0,10.0,,1.0,3.0,4.0,2.0,,13.0,1.0,2.0,,,,,,,6.0,,,,3.0,4.0,5.0,1.0,3.0,2.0,4.0,5.0,6.0,7.0,8.0,,9.0,10.0,11.0,12.0,,13.0,1.0,3.0,2.0,4.0,5.0,8.0,6.0,7.0,,,10.0,,9.0,,11.0,74.3,66.0,348.0,421.0,68.0,195.0,108.0,0.49,7.0,0.23,0.0,-0.5,[1.0],['2 cups coffee'],[0.0],[nan],"['No', 'No']","[nan, 'focus on kitchen-related items']",[-0.5],[-0.5],"['No', 'No']","[nan, 'focus on kitchen-related items']",[0.25],"['The location of furniture/fixtures/objects, The items you picked up']","[1.0, 1.0, 0.4, 1.0, nan, nan, nan, 'Visualising the room layout']",[nan],['Visualising the room layout'],['No'],"['No, I did not apply any mnemonic techniques']",[nan]
A083,4,1.0,1.0,1.0,1.0,0.0,1.0,0.0,1.0,0.0,1.0,0.0,0.0,1.0,1.0,1.0,0.0,1.0,1.0,1.0,1.0,1.0,0.0,1.0,0.0,0.5,0.0,1.0,1.0,0.0,0.5,1.0,1.0,0.0,1.0,0.0,1.0,0.0,0.0,1.0,1.0,1.0,1.0,0.0,0.5,0.0,1.0,0.0,0.0,1.0,1.0,0.0,1.0,0.0,1.0,1.0,0.0,0.0,1.0,0.0,1.0,1.0,1.0,1.0,1.0,0.0,1.0,0.0,1.0,1.0,1.0,0.0,1.0,0.0,1.0,0.0,0.0,0.5,1.0,0.5,1.0,1.0,1.0,1.0,1.0,1.0,1.0,1.0,0.0,1.0,1.0,1.0,1.0,1.0,1.0,0.0,1.0,1.0,1.0,0.0,0.5,1.0,1.0,0.0,0.5,0.5,1.0,1.0,1.0,1.0,1.0,1.0,1.0,1.0,0.2,1.0,0.2,0.2,1.0,1.0,0.4,0.4,1.0,1.0,1.0,1.0,1.0,0.6,1.0,1.0,1.0,1.0,0.8,0.6,0.2,0.2,0.2,0.6,1.0,1.0,0.2,0.2,0.2,0.4,0.6,0.6,0.2,0.2,0.2,0.6,0.6,0.6,0.6,0.6,1.0,1.0,0.4,1.0,0.6,0.8,1.0,0.6,0.4,0.8,0.4,0.6,1.0,1.0,0.4,1.0,0.6,0.6,0.6,0.6,0.4,0.6,0.2,1.0,0.4,0.6,0.8,0.6,0.6,1.0,1.0,0.6,0.6,1.0,1.0,1.0,1.0,1.0,1.0,0.6,0.4,0.6,0.8,0.4,1.0,1.0,0.4,1.0,0.4,0.8,0.6,0.4,0.4,0.6,0.4,0.4,0.6,3480.0,50.0,307.0,33.0,41.0,39.0,21.0,13.0,17.0,13.0,26.0,29.0,17.0,19.0,29.0,1.0,3.0,2.0,4.0,5.0,6.0,9.0,10.0,,,,,,7.0,11.0,1.0,3.0,2.0,4.0,5.0,6.0,7.0,8.0,,,,,,9.0,10.0,5.0,7.0,6.0,8.0,9.0,11.0,12.0,10.0,1.0,,2.0,3.0,,,4.0,1.0,3.0,2.0,4.0,5.0,6.0,7.0,8.0,9.0,,10.0,11.0,,,12.0,5.0,7.0,6.0,8.0,11.0,12.0,9.0,10.0,,1.0,3.0,4.0,2.0,,13.0,1.0,2.0,,,,,,,6.0,,,,3.0,4.0,5.0,1.0,3.0,2.0,4.0,5.0,6.0,7.0,8.0,,9.0,10.0,11.0,12.0,,13.0,1.0,3.0,2.0,4.0,5.0,8.0,6.0,7.0,,,10.0,,9.0,,11.0,144.91,33.0,199.0,244.0,42.0,202.0,94.0,0.41,8.0,0.25,0.5,0.0,[1.0],['2 cups coffee'],[0.0],[nan],"['No', 'No']","[nan, 'exclude previous items encountered']",[-0.5],[0.0],"['No', 'No']","[nan, 'exclude previous items encountered']",[0.25],"['The items you picked up, Where you picked up and put down items']","[1.0, 1.0, 1.0, 1.0, nan, nan, nan, 'Visualising the room layout']",[nan],['Visualising the room layout'],['No'],"['No, I did not apply any mnemonic techniques']",[nan]
A084,1,1.0,1.0,1.0,1.0,1.0,0.0,1.0,1.0,0.0,1.0,1.0,0.0,0.0,0.0,0.0,0.0,1.0,1.0,1.0,1.0,1.0,0.5,1.0,1.0,1.0,0.5,0.0,1.0,0.25,0.5,0.0,1.0,1.0,0.5,1.0,0.0,1.0,1.0,0.0,1.0,0.0,1.0,1.0,1.0,0.0,0.5,1.0,0.0,1.0,1.0,1.0,1.0,1.0,1.0,1.0,1.0,1.0,1.0,1.0,1.0,1.0,1.0,1.0,0.5,1.0,0.25,0.25,1.0,0.0,0.5,0.0,0.0,0.5,1.0,0.5,1.0,0.0,0.0,0.0,1.0,1.0,1.0,1.0,1.0,1.0,1.0,1.0,1.0,1.0,1.0,1.0,1.0,1.0,1.0,0.0,0.5,1.0,0.25,1.0,1.0,0.0,0.5,0.0,0.0,1.0,0.8,0.2,0.8,0.8,0.4,0.2,0.2,0.4,0.2,0.6,0.2,0.2,0.2,0.8,0.4,0.4,0.8,1.0,1.0,1.0,0.6,0.4,0.4,0.2,0.4,0.2,0.6,0.2,0.2,0.2,0.2,0.6,0.2,0.6,0.2,0.2,0.2,0.2,0.2,0.2,0.2,0.2,0.2,0.4,0.4,0.4,0.4,0.4,0.4,0.8,0.6,0.8,0.8,0.6,0.6,0.8,0.6,0.8,0.8,0.6,0.4,0.8,0.6,0.4,0.8,0.2,0.4,0.8,0.6,0.4,0.4,0.2,0.4,0.6,0.4,0.6,0.4,0.6,0.6,0.6,0.6,1.0,1.0,0.8,1.0,0.8,0.8,0.8,0.8,0.6,0.8,0.8,0.6,0.8,0.4,0.6,0.8,0.4,0.4,0.8,0.4,0.4,0.4,0.4,0.4,85.0,28.0,,17.0,30.0,30.0,36.0,21.0,22.0,21.0,19.0,47.0,18.0,22.0,23.0,3.0,4.0,,,,,,,,,,5.0,,1.0,2.0,8.0,7.0,,,6.0,5.0,,,,,4.0,3.0,,1.0,2.0,4.0,,5.0,,6.0,7.0,,,,,8.0,,1.0,2.0,3.0,1.0,2.0,,3.0,4.0,5.0,8.0,9.0,,,,,,7.0,6.0,,7.0,,8.0,9.0,,10.0,11.0,,1.0,2.0,3.0,4.0,5.0,6.0,,,,4.0,,,,,,,,3.0,1.0,,2.0,,3.0,,2.0,1.0,4.0,6.0,7.0,,,,,5.0,,,,1.0,2.0,4.0,3.0,,6.0,7.0,,,,,8.0,,5.0,1.0,101.0,686.0,1075.0,97.0,381.0,181.0,0.39,7.0,0.25,-0.5,-1.0,[0.0],[nan],[0.0],[nan],"['No', nan]","[nan, nan]",[-0.5],[nan],"['No', nan]","[nan, nan]",[nan],['The location of furniture/fixtures/objects'],"[1.0, 1.0, 0.8, 0.8, nan, nan, nan, 'Visualising the room layout']",[nan],['Visualising the room layout'],['Yes'],"['Yes, visual imagery']",[nan]
A084,2,1.0,1.0,1.0,1.0,1.0,0.0,0.0,1.0,0.0,1.0,0.0,0.0,0.0,1.0,1.0,1.0,1.0,1.0,1.0,1.0,0.0,1.0,1.0,0.0,1.0,0.0,0.25,0.5,1.0,0.0,1.0,0.5,0.5,0.5,0.25,1.0,0.0,0.5,0.5,0.5,0.5,1.0,1.0,0.0,0.0,0.0,0.0,0.0,1.0,1.0,0.0,1.0,1.0,0.0,1.0,1.0,0.0,1.0,1.0,0.0,1.0,1.0,0.0,1.0,0.0,0.5,0.5,0.0,1.0,0.0,0.5,1.0,0.0,0.0,0.0,0.0,0.0,0.0,0.0,0.0,1.0,1.0,1.0,1.0,1.0,1.0,1.0,1.0,1.0,1.0,1.0,1.0,1.0,0.5,1.0,0.5,0.0,0.0,0.0,0.0,0.5,0.5,1.0,0.5,0.0,0.6,0.2,0.2,0.4,0.4,0.2,0.2,0.2,0.2,0.2,0.2,0.4,0.2,0.4,0.4,0.2,0.4,0.4,0.6,0.6,0.2,0.2,0.2,0.2,0.6,0.2,0.2,0.2,0.2,0.2,0.2,0.4,0.2,0.2,0.2,0.2,0.2,0.2,0.2,0.2,0.2,0.2,0.2,0.4,0.4,0.4,0.4,0.6,1.0,0.6,0.6,0.4,0.4,0.4,0.2,0.6,0.6,0.4,0.2,0.4,0.2,0.6,0.6,0.2,0.2,0.4,0.2,0.2,0.2,0.2,0.2,0.4,0.2,0.4,0.2,0.6,0.2,0.4,0.4,0.4,0.8,1.0,1.0,1.0,0.6,0.8,0.6,0.8,0.8,0.8,0.4,0.6,0.4,0.4,0.4,0.4,0.4,0.2,0.2,0.2,0.2,0.2,0.2,0.2,0.2,85.0,28.0,,17.0,30.0,30.0,36.0,21.0,22.0,21.0,19.0,47.0,18.0,22.0,23.0,3.0,4.0,,,,,,,,,,5.0,,1.0,2.0,8.0,7.0,,,6.0,5.0,,,,,4.0,3.0,,1.0,2.0,4.0,,5.0,,6.0,7.0,,,,,8.0,,1.0,2.0,3.0,1.0,2.0,,3.0,4.0,5.0,8.0,9.0,,,,,,7.0,6.0,,7.0,,8.0,9.0,,10.0,11.0,,1.0,2.0,3.0,4.0,5.0,6.0,,,,4.0,,,,,,,,3.0,1.0,,2.0,,3.0,,2.0,1.0,4.0,6.0,7.0,,,,,5.0,,,,1.0,2.0,4.0,3.0,,6.0,7.0,,,,,8.0,,5.0,27.25,46.0,693.0,624.0,134.0,474.0,240.0,0.52,7.0,0.25,0.0,-1.0,[0.0],[nan],[0.0],[nan],"['No', 'Unsure']","[nan, nan]",[-1.0],[-0.5],"['No', 'Unsure']","[nan, nan]",[0.0],['The furniture/fixtures/objects in the room'],"[1.0, 1.0, 0.6, 0.4, nan, nan, nan, 'Visualising the room layout']",[nan],['Visualising the room layout'],['Yes'],"['Yes, visual imagery']",[nan]
A084,3,1.0,1.0,1.0,1.0,1.0,0.0,1.0,1.0,0.0,1.0,1.0,0.0,0.0,1.0,0.0,1.0,1.0,1.0,1.0,1.0,0.0,0.5,1.0,1.0,1.0,1.0,0.5,1.0,0.5,1.0,0.5,1.0,0.25,1.0,0.0,0.0,0.5,0.0,0.0,1.0,1.0,0.0,1.0,0.5,0.0,0.0,0.0,0.0,1.0,1.0,0.0,1.0,1.0,1.0,1.0,1.0,1.0,1.0,0.5,0.0,0.25,0.25,1.0,1.0,0.0,1.0,0.5,0.0,0.0,1.0,0.5,0.5,0.0,0.5,0.0,1.0,0.0,1.0,1.0,1.0,1.0,1.0,0.0,1.0,1.0,0.0,1.0,1.0,1.0,1.0,0.5,0.0,0.5,0.25,0.5,1.0,0.0,1.0,0.5,0.0,0.0,1.0,1.0,1.0,0.0,0.6,0.6,1.0,1.0,1.0,0.2,0.2,1.0,0.2,1.0,0.8,0.2,0.2,0.8,0.4,0.4,1.0,1.0,1.0,1.0,0.8,0.2,0.2,0.2,1.0,1.0,0.2,1.0,0.2,0.2,0.2,0.2,0.2,0.4,0.2,0.2,0.2,0.2,0.2,0.6,0.2,0.2,0.2,0.2,0.2,0.2,0.2,0.2,0.8,0.6,0.4,0.6,0.6,0.4,0.2,0.6,0.4,0.6,0.6,0.2,0.2,0.2,0.4,0.4,0.4,0.4,0.2,0.4,0.2,0.6,0.4,0.2,0.2,0.2,0.2,0.2,0.2,0.4,0.2,0.4,0.8,0.8,1.0,0.6,0.8,0.6,0.2,1.0,0.8,0.6,0.8,0.2,0.2,0.4,0.6,0.6,0.4,0.2,0.2,0.4,0.4,0.6,0.2,0.2,0.2,85.0,28.0,,17.0,30.0,30.0,36.0,21.0,22.0,21.0,19.0,47.0,18.0,22.0,23.0,3.0,4.0,,,,,,,,,,5.0,,1.0,2.0,8.0,7.0,,,6.0,5.0,,,,,4.0,3.0,,1.0,2.0,4.0,,5.0,,6.0,7.0,,,,,8.0,,1.0,2.0,3.0,1.0,2.0,,3.0,4.0,5.0,8.0,9.0,,,,,,7.0,6.0,,7.0,,8.0,9.0,,10.0,11.0,,1.0,2.0,3.0,4.0,5.0,6.0,,,,4.0,,,,,,,,3.0,1.0,,2.0,,3.0,,2.0,1.0,4.0,6.0,7.0,,,,,5.0,,,,1.0,2.0,4.0,3.0,,6.0,7.0,,,,,8.0,,5.0,91.97,48.0,450.0,761.0,47.0,389.0,157.0,0.22,7.0,0.25,0.0,-0.5,[1.0],['1 cup of coffee'],[0.0],[nan],"['No', 'No']","[nan, nan]",[-1.0],[-0.5],"['No', 'No']","[nan, nan]",[0.25],['The location of furniture/fixtures/objects'],"[1.0, 1.0, 0.6, 1.0, nan, nan, nan, 'Visualising the room layout']",[nan],['Visualising the room layout'],['Yes'],"['Yes, visual imagery']",[nan]
A084,4,1.0,1.0,1.0,0.0,1.0,1.0,0.0,0.0,0.0,1.0,1.0,0.0,1.0,1.0,1.0,0.0,1.0,1.0,1.0,1.0,0.0,0.0,1.0,1.0,1.0,0.0,0.0,0.5,1.0,0.5,1.0,1.0,0.0,1.0,0.5,1.0,1.0,1.0,1.0,0.5,1.0,1.0,0.5,0.5,0.0,0.0,0.5,0.5,1.0,1.0,1.0,1.0,1.0,1.0,1.0,0.0,1.0,1.0,1.0,0.5,0.0,0.25,0.0,0.5,0.5,1.0,1.0,0.0,0.5,1.0,1.0,0.0,0.5,1.0,0.0,0.0,1.0,1.0,1.0,1.0,1.0,1.0,1.0,1.0,1.0,0.0,0.0,0.0,1.0,1.0,1.0,0.5,0.5,0.5,0.0,1.0,0.5,1.0,1.0,0.0,1.0,0.5,1.0,0.0,0.0,0.6,0.6,0.2,0.2,0.8,0.4,0.4,0.2,0.2,0.6,0.6,0.2,0.6,0.6,0.4,0.4,0.6,0.6,0.6,0.6,0.2,0.4,0.4,0.4,0.8,0.4,0.6,0.2,0.2,0.2,0.2,0.2,0.6,0.2,0.2,0.2,0.2,0.6,0.4,0.2,0.2,0.2,0.2,0.4,0.4,0.4,0.4,0.6,0.8,0.2,0.6,0.6,0.6,0.4,0.6,0.2,0.6,0.6,0.6,0.4,0.4,0.2,0.2,0.4,0.2,0.4,0.4,0.2,0.2,0.4,0.6,0.4,0.4,0.2,0.4,0.2,0.2,0.6,0.6,0.8,0.8,0.2,0.6,1.0,0.8,0.4,0.8,0.2,0.6,1.0,0.8,0.4,0.4,0.2,0.2,0.6,0.6,0.4,0.8,0.2,0.2,0.6,0.8,0.4,0.6,85.0,28.0,,17.0,30.0,30.0,36.0,21.0,22.0,21.0,19.0,47.0,18.0,22.0,23.0,3.0,4.0,,,,,,,,,,5.0,,1.0,2.0,8.0,7.0,,,6.0,5.0,,,,,4.0,3.0,,1.0,2.0,4.0,,5.0,,6.0,7.0,,,,,8.0,,1.0,2.0,3.0,1.0,2.0,,3.0,4.0,5.0,8.0,9.0,,,,,,7.0,6.0,,7.0,,8.0,9.0,,10.0,11.0,,1.0,2.0,3.0,4.0,5.0,6.0,,,,4.0,,,,,,,,3.0,1.0,,2.0,,3.0,,2.0,1.0,4.0,6.0,7.0,,,,,5.0,,,,1.0,2.0,4.0,3.0,,6.0,7.0,,,,,8.0,,5.0,162.51,29.0,330.0,584.0,74.0,257.0,152.0,0.18,5.0,0.23,-1.0,-1.0,[0.0],[nan],[0.0],[nan],"['No', 'No']","[nan, nan]",[-1.0],[-0.5],"['No', 'No']","[nan, nan]",[0.5],['The furniture/fixtures/objects in the room'],"[1.0, 1.0, 0.6, 0.6, nan, nan, nan, 'Visualising the room layout']",[nan],['Visualising the room layout'],['Yes'],"['Yes, visual imagery']",[nan]
A085,1,1.0,1.0,1.0,1.0,1.0,1.0,1.0,1.0,0.0,0.0,0.0,0.0,0.0,1.0,1.0,1.0,1.0,1.0,1.0,1.0,0.0,1.0,1.0,1.0,1.0,1.0,1.0,1.0,0.0,0.5,1.0,1.0,0.5,0.5,1.0,0.5,0.0,0.5,0.5,0.0,1.0,0.5,0.0,0.5,0.0,0.5,0.5,0.5,1.0,1.0,0.0,1.0,1.0,1.0,1.0,1.0,0.0,1.0,0.0,0.0,1.0,1.0,0.0,1.0,1.0,0.5,0.0,0.5,0.0,0.5,0.0,1.0,0.0,0.0,1.0,0.0,1.0,1.0,1.0,1.0,1.0,1.0,1.0,1.0,1.0,1.0,1.0,0.5,1.0,1.0,1.0,0.0,1.0,1.0,0.25,1.0,0.0,1.0,0.0,0.5,1.0,0.0,0.0,1.0,0.0,1.0,1.0,1.0,1.0,1.0,1.0,1.0,1.0,0.2,0.2,0.2,0.2,0.2,1.0,1.0,1.0,1.0,1.0,1.0,1.0,1.0,1.0,1.0,1.0,1.0,0.2,0.2,0.2,0.2,0.2,0.2,0.2,0.2,0.2,0.2,1.0,0.2,0.2,0.2,0.2,0.2,0.2,0.2,1.0,0.4,0.4,0.4,0.4,1.0,1.0,1.0,1.0,1.0,1.0,1.0,1.0,1.0,0.6,1.0,0.2,1.0,1.0,0.6,1.0,1.0,0.2,1.0,0.2,0.2,0.4,0.4,0.2,0.4,1.0,1.0,1.0,1.0,1.0,0.2,1.0,1.0,1.0,1.0,1.0,1.0,1.0,1.0,1.0,1.0,1.0,1.0,1.0,1.0,1.0,1.0,1.0,1.0,1.0,1.0,0.4,0.2,0.4,0.4,0.4,0.4,70.0,28.0,587.0,40.0,45.0,45.0,23.0,27.0,28.0,23.0,23.0,30.0,12.0,53.0,51.0,1.0,2.0,3.0,4.0,,,,,,,,,,5.0,6.0,,6.0,,7.0,,,,,1.0,2.0,,3.0,4.0,,5.0,8.0,6.0,10.0,7.0,11.0,9.0,,,1.0,2.0,4.0,3.0,,,5.0,8.0,9.0,10.0,11.0,5.0,7.0,,,6.0,,,4.0,1.0,2.0,3.0,7.0,8.0,9.0,,10.0,11.0,1.0,2.0,3.0,,,4.0,,6.0,5.0,3.0,,,4.0,,1.0,,,,,,,,,2.0,2.0,1.0,4.0,7.0,3.0,5.0,,,8.0,,,9.0,,,6.0,1.0,2.0,4.0,8.0,6.0,3.0,,,5.0,9.0,,,,,7.0,1.0,53.0,367.0,661.0,104.0,412.0,133.0,0.48,8.0,0.29,1.0,0.0,[1.0],[nan],[1.0],[nan],"['Yes', nan]","[nan, nan]",[-0.5],[nan],"['Yes', nan]","[nan, nan]",[nan],"['The furniture/fixtures/objects in the room, The location of furniture/fixtures/objects, The items you picked up, Where you picked up and put down items, The order you completed items and tasks']","[1.0, 1.0, 1.0, 1.0, nan, nan, nan, 'Visualising the room layout']",[nan],['Visualising the room layout'],['No'],"['No, I did not apply any mnemonic techniques']",[nan]
A085,2,1.0,1.0,1.0,1.0,1.0,1.0,1.0,1.0,0.0,1.0,1.0,1.0,0.0,1.0,1.0,0.0,1.0,1.0,1.0,1.0,1.0,1.0,1.0,1.0,1.0,1.0,1.0,1.0,1.0,1.0,0.0,0.0,0.0,1.0,1.0,1.0,0.5,0.0,1.0,0.5,1.0,0.0,0.5,0.5,0.0,1.0,0.0,1.0,1.0,1.0,0.0,1.0,1.0,1.0,1.0,1.0,1.0,1.0,1.0,1.0,1.0,0.0,0.0,1.0,1.0,1.0,0.0,0.0,1.0,1.0,1.0,0.5,0.5,1.0,1.0,1.0,1.0,1.0,1.0,1.0,1.0,1.0,0.0,1.0,1.0,1.0,1.0,1.0,0.5,1.0,1.0,1.0,1.0,0.0,0.0,1.0,1.0,1.0,0.0,0.5,0.5,0.5,1.0,0.0,0.5,1.0,1.0,1.0,1.0,1.0,1.0,0.4,1.0,1.0,1.0,1.0,1.0,0.4,1.0,1.0,1.0,1.0,1.0,1.0,1.0,0.6,0.6,0.2,0.2,1.0,0.4,1.0,1.0,0.4,1.0,1.0,1.0,0.2,1.0,0.6,0.2,0.2,0.2,0.2,0.2,0.2,0.2,0.2,1.0,1.0,1.0,0.6,0.6,1.0,1.0,1.0,1.0,1.0,1.0,1.0,1.0,1.0,1.0,1.0,1.0,1.0,0.6,1.0,1.0,0.6,1.0,0.4,0.2,0.2,0.4,0.6,0.6,0.2,1.0,1.0,0.6,0.6,1.0,1.0,1.0,1.0,1.0,1.0,1.0,1.0,1.0,1.0,1.0,0.6,1.0,1.0,1.0,1.0,0.4,0.2,1.0,1.0,1.0,0.4,0.2,0.2,0.2,1.0,0.2,0.2,70.0,28.0,587.0,40.0,45.0,45.0,23.0,27.0,28.0,23.0,23.0,30.0,12.0,53.0,51.0,1.0,2.0,3.0,4.0,,,,,,,,,,5.0,6.0,,6.0,,7.0,,,,,1.0,2.0,,3.0,4.0,,5.0,8.0,6.0,10.0,7.0,11.0,9.0,,,1.0,2.0,4.0,3.0,,,5.0,8.0,9.0,10.0,11.0,5.0,7.0,,,6.0,,,4.0,1.0,2.0,3.0,7.0,8.0,9.0,,10.0,11.0,1.0,2.0,3.0,,,4.0,,6.0,5.0,3.0,,,4.0,,1.0,,,,,,,,,2.0,2.0,1.0,4.0,7.0,3.0,5.0,,,8.0,,,9.0,,,6.0,1.0,2.0,4.0,8.0,6.0,3.0,,,5.0,9.0,,,,,7.0,24.51,87.0,629.0,473.0,102.0,338.0,131.0,0.53,7.0,0.27,0.5,0.5,[0.0],[nan],[0.0],[nan],"['No', 'Yes']","[nan, 'I knew the sequence of questions coming - not many of the answers though!!']",[-0.5],[0.0],"['No', 'Yes']","[nan, 'I knew the sequence of questions coming - not many of the answers though!!']",[0.25],"['The furniture/fixtures/objects in the room, The location of furniture/fixtures/objects, The items you picked up, Where you picked up and put down items, The order you completed items and tasks']","[1.0, 1.0, 1.0, 1.0, nan, nan, nan, 'Visualising the room layout']",[nan],['Visualising the room layout'],['No'],"['No, I did not apply any mnemonic techniques']",[nan]
A085,3,1.0,1.0,1.0,1.0,1.0,0.0,0.0,1.0,1.0,1.0,1.0,0.0,0.0,0.0,0.0,0.0,1.0,1.0,1.0,1.0,1.0,1.0,0.0,0.0,1.0,1.0,1.0,1.0,1.0,0.0,0.5,0.5,1.0,0.0,0.0,0.5,1.0,0.0,0.5,1.0,1.0,0.5,0.0,1.0,0.5,1.0,0.5,1.0,1.0,1.0,1.0,1.0,1.0,1.0,1.0,1.0,1.0,1.0,1.0,0.0,0.5,0.5,0.5,0.0,0.0,0.5,0.5,0.0,0.0,1.0,1.0,0.5,0.0,0.5,1.0,1.0,0.0,1.0,0.0,1.0,1.0,1.0,1.0,1.0,1.0,1.0,1.0,1.0,1.0,1.0,1.0,0.0,0.5,0.5,0.5,0.0,0.0,0.5,0.5,0.0,0.0,0.5,0.5,1.0,0.0,1.0,1.0,1.0,1.0,1.0,1.0,1.0,1.0,1.0,1.0,1.0,0.2,0.2,0.6,1.0,0.4,1.0,1.0,1.0,1.0,1.0,1.0,1.0,1.0,1.0,1.0,1.0,1.0,1.0,0.2,0.2,0.4,1.0,0.2,1.0,1.0,0.2,1.0,0.2,1.0,0.2,0.2,0.2,1.0,1.0,1.0,1.0,1.0,1.0,1.0,1.0,1.0,1.0,0.6,1.0,1.0,1.0,1.0,1.0,0.2,1.0,0.2,0.2,0.2,1.0,0.2,1.0,1.0,0.2,1.0,1.0,0.2,0.2,1.0,1.0,0.2,0.2,1.0,0.2,1.0,1.0,1.0,1.0,1.0,1.0,1.0,1.0,1.0,1.0,1.0,1.0,0.2,0.2,0.2,0.4,0.2,0.2,0.2,0.2,0.4,0.2,0.2,0.2,0.2,0.2,70.0,28.0,587.0,40.0,45.0,45.0,23.0,27.0,28.0,23.0,23.0,30.0,12.0,53.0,51.0,1.0,2.0,3.0,4.0,,,,,,,,,,5.0,6.0,,6.0,,7.0,,,,,1.0,2.0,,3.0,4.0,,5.0,8.0,6.0,10.0,7.0,11.0,9.0,,,1.0,2.0,4.0,3.0,,,5.0,8.0,9.0,10.0,11.0,5.0,7.0,,,6.0,,,4.0,1.0,2.0,3.0,7.0,8.0,9.0,,10.0,11.0,1.0,2.0,3.0,,,4.0,,6.0,5.0,3.0,,,4.0,,1.0,,,,,,,,,2.0,2.0,1.0,4.0,7.0,3.0,5.0,,,8.0,,,9.0,,,6.0,1.0,2.0,4.0,8.0,6.0,3.0,,,5.0,9.0,,,,,7.0,71.4,53.0,483.0,629.0,58.0,367.0,222.0,0.46,7.0,0.29,0.0,0.5,[0.0],[nan],[0.0],[nan],"['No', 'Unsure']","[nan, nan]",[0.0],[0.0],"['No', 'Unsure']","[nan, nan]",[0.25],"['The furniture/fixtures/objects in the room, The location of furniture/fixtures/objects, The items you picked up, Where you picked up and put down items, The order you completed items and tasks']","[1.0, 1.0, 1.0, 1.0, nan, nan, nan, 'Visualising the room layout']",[nan],['Visualising the room layout'],['No'],"['No, I did not apply any mnemonic techniques']",[nan]
A085,4,1.0,1.0,0.0,1.0,1.0,1.0,0.0,0.0,0.0,1.0,0.0,0.0,0.0,0.0,1.0,0.0,1.0,1.0,1.0,1.0,0.0,0.5,1.0,0.0,1.0,0.0,0.0,1.0,0.5,0.0,0.0,0.0,1.0,0.5,0.5,0.5,1.0,0.5,1.0,0.5,0.5,0.5,1.0,0.0,0.5,0.5,0.0,0.5,1.0,1.0,0.0,1.0,0.0,1.0,0.0,1.0,0.0,1.0,1.0,0.0,0.0,0.5,1.0,0.0,0.5,0.25,1.0,0.5,0.5,0.5,1.0,0.5,1.0,0.0,0.5,1.0,1.0,1.0,1.0,0.0,1.0,1.0,0.0,0.0,0.0,1.0,0.0,1.0,0.0,1.0,0.5,0.0,1.0,0.5,1.0,1.0,0.5,0.25,0.0,0.5,1.0,0.5,1.0,0.5,1.0,1.0,1.0,0.2,1.0,1.0,0.6,0.2,0.2,0.2,1.0,1.0,0.2,0.2,1.0,0.2,1.0,1.0,1.0,1.0,0.2,0.6,0.2,1.0,0.2,1.0,1.0,0.6,0.2,0.2,0.2,0.2,0.2,0.2,0.2,0.2,0.2,0.2,0.2,0.2,0.2,0.2,0.2,0.2,1.0,0.4,1.0,0.6,0.4,1.0,1.0,1.0,1.0,1.0,1.0,0.4,1.0,0.2,1.0,0.2,1.0,0.2,0.2,0.2,0.2,0.2,0.2,0.2,0.2,0.2,1.0,0.2,0.2,0.2,0.2,0.2,1.0,0.2,1.0,1.0,1.0,1.0,1.0,0.4,1.0,0.4,1.0,0.6,0.8,0.2,1.0,0.2,1.0,0.6,0.6,0.2,0.2,0.2,0.6,0.2,0.4,0.4,1.0,0.2,0.2,0.2,70.0,28.0,587.0,40.0,45.0,45.0,23.0,27.0,28.0,23.0,23.0,30.0,12.0,53.0,51.0,1.0,2.0,3.0,4.0,,,,,,,,,,5.0,6.0,,6.0,,7.0,,,,,1.0,2.0,,3.0,4.0,,5.0,8.0,6.0,10.0,7.0,11.0,9.0,,,1.0,2.0,4.0,3.0,,,5.0,8.0,9.0,10.0,11.0,5.0,7.0,,,6.0,,,4.0,1.0,2.0,3.0,7.0,8.0,9.0,,10.0,11.0,1.0,2.0,3.0,,,4.0,,6.0,5.0,3.0,,,4.0,,1.0,,,,,,,,,2.0,2.0,1.0,4.0,7.0,3.0,5.0,,,8.0,,,9.0,,,6.0,1.0,2.0,4.0,8.0,6.0,3.0,,,5.0,9.0,,,,,7.0,170.65,85.0,403.0,430.0,65.0,276.0,185.0,0.61,7.0,0.27,-0.5,0.0,[0.0],[nan],[1.0],['2.5 glasses'],"['No', 'No']","[nan, nan]",[-0.5],[-0.5],"['No', 'No']","[nan, nan]",[0.25],"['The furniture/fixtures/objects in the room, The location of furniture/fixtures/objects, The items you picked up, Where you picked up and put down items, The order you completed items and tasks']","[1.0, 1.0, 1.0, 1.0, nan, nan, nan, 'Visualising the room layout']",[nan],['Visualising the room layout'],['No'],"['No, I did not apply any mnemonic techniques']",[nan]
A086,1,1.0,1.0,1.0,1.0,1.0,1.0,1.0,1.0,0.0,1.0,0.0,0.0,0.0,1.0,1.0,1.0,1.0,1.0,1.0,1.0,1.0,0.0,1.0,1.0,1.0,1.0,0.5,1.0,0.5,0.0,0.0,0.5,0.5,1.0,0.0,1.0,0.0,0.5,1.0,1.0,0.5,1.0,1.0,0.0,0.0,0.0,0.0,0.0,1.0,1.0,1.0,1.0,1.0,1.0,1.0,1.0,1.0,1.0,1.0,1.0,0.5,0.5,0.5,1.0,0.0,0.0,1.0,0.5,0.0,1.0,0.0,0.5,1.0,0.5,0.0,1.0,1.0,1.0,1.0,1.0,1.0,1.0,1.0,1.0,1.0,1.0,1.0,1.0,1.0,1.0,1.0,1.0,0.25,0.5,1.0,1.0,0.0,0.0,1.0,0.5,0.5,1.0,0.5,0.5,0.5,1.0,1.0,1.0,1.0,1.0,1.0,1.0,1.0,0.2,1.0,0.2,0.2,0.2,1.0,0.8,1.0,1.0,1.0,1.0,1.0,1.0,1.0,1.0,1.0,1.0,1.0,0.2,1.0,0.2,0.2,0.2,0.6,0.2,1.0,0.2,1.0,0.2,0.6,0.2,1.0,0.2,0.2,0.2,0.4,0.4,0.4,0.4,0.6,1.0,1.0,1.0,1.0,1.0,1.0,1.0,1.0,1.0,1.0,1.0,1.0,0.8,0.6,0.6,1.0,0.6,0.6,1.0,0.4,0.4,1.0,0.6,0.4,0.8,1.0,0.6,1.0,0.8,1.0,0.8,1.0,1.0,1.0,1.0,1.0,1.0,1.0,1.0,1.0,1.0,1.0,1.0,1.0,1.0,0.8,1.0,1.0,0.4,0.6,1.0,0.6,0.6,1.0,0.6,0.2,0.6,70.0,40.0,209.0,16.0,26.0,26.0,23.0,12.0,22.0,23.0,21.0,19.0,8.0,17.0,20.0,7.0,8.0,5.0,,,,,6.0,,4.0,,3.0,,1.0,2.0,6.0,7.0,8.0,11.0,9.0,10.0,,12.0,,,1.0,2.0,3.0,4.0,5.0,6.0,7.0,8.0,9.0,10.0,11.0,5.0,,,,12.0,1.0,2.0,3.0,4.0,6.0,7.0,8.0,9.0,11.0,10.0,,12.0,1.0,2.0,4.0,3.0,,,5.0,7.0,8.0,9.0,10.0,13.0,12.0,11.0,14.0,6.0,5.0,,1.0,2.0,3.0,4.0,,,,,,,,,,,,1.0,2.0,3.0,4.0,1.0,2.0,3.0,4.0,5.0,6.0,7.0,8.0,10.0,9.0,11.0,,,,,1.0,2.0,3.0,4.0,5.0,6.0,7.0,8.0,10.0,9.0,,,,,,1.0,62.0,293.0,467.0,58.0,217.0,102.0,0.32,8.0,0.29,0.0,0.0,[1.0],['1 coffee @10 am'],[0.0],[nan],"['No', nan]","[nan, nan]",[-0.5],[nan],"['No', nan]","[nan, nan]",[nan],"['The furniture/fixtures/objects in the room, The location of furniture/fixtures/objects']","[1.0, 1.0, 1.0, 1.0, nan, nan, nan, 'Visualising the room layout']",[nan],['Visualising the room layout'],['Unsure'],"['No, I did not apply any mnemonic techniques']",[nan]
A086,2,1.0,1.0,1.0,1.0,0.0,0.0,0.0,0.0,0.0,0.0,0.0,1.0,0.0,1.0,1.0,1.0,1.0,1.0,1.0,1.0,0.0,0.0,1.0,0.0,0.5,0.5,0.5,0.5,0.0,1.0,0.0,1.0,0.5,0.0,1.0,1.0,0.5,0.5,0.0,1.0,0.5,1.0,1.0,0.5,0.5,0.5,1.0,0.5,1.0,1.0,1.0,1.0,1.0,1.0,1.0,0.5,1.0,1.0,1.0,1.0,1.0,1.0,0.5,1.0,0.0,0.0,0.0,0.0,1.0,0.0,0.0,1.0,0.5,0.0,0.0,0.0,0.0,0.0,1.0,1.0,1.0,1.0,1.0,1.0,1.0,1.0,1.0,0.5,1.0,1.0,1.0,1.0,1.0,1.0,1.0,1.0,0.0,1.0,0.0,0.0,0.0,0.5,1.0,1.0,0.0,1.0,1.0,1.0,1.0,1.0,0.8,0.6,1.0,0.6,0.2,1.0,0.8,1.0,1.0,0.6,0.6,1.0,1.0,1.0,1.0,0.8,0.8,1.0,0.8,1.0,0.8,0.8,1.0,1.0,1.0,0.4,0.4,1.0,0.4,0.4,0.4,0.2,0.4,1.0,0.4,0.4,0.4,0.2,0.8,0.6,0.6,0.6,0.6,1.0,1.0,1.0,1.0,1.0,1.0,1.0,0.8,1.0,1.0,1.0,1.0,1.0,1.0,0.4,1.0,0.6,0.4,0.4,0.6,0.6,0.6,0.4,1.0,0.2,0.6,0.8,0.6,0.4,0.6,1.0,1.0,1.0,1.0,1.0,1.0,1.0,1.0,1.0,1.0,1.0,1.0,1.0,1.0,1.0,1.0,0.4,0.8,0.6,0.8,0.6,0.6,0.8,0.6,0.4,0.8,0.4,70.0,40.0,209.0,16.0,26.0,26.0,23.0,12.0,22.0,23.0,21.0,19.0,8.0,17.0,20.0,7.0,8.0,5.0,,,,,6.0,,4.0,,3.0,,1.0,2.0,6.0,7.0,8.0,11.0,9.0,10.0,,12.0,,,1.0,2.0,3.0,4.0,5.0,6.0,7.0,8.0,9.0,10.0,11.0,5.0,,,,12.0,1.0,2.0,3.0,4.0,6.0,7.0,8.0,9.0,11.0,10.0,,12.0,1.0,2.0,4.0,3.0,,,5.0,7.0,8.0,9.0,10.0,13.0,12.0,11.0,14.0,6.0,5.0,,1.0,2.0,3.0,4.0,,,,,,,,,,,,1.0,2.0,3.0,4.0,1.0,2.0,3.0,4.0,5.0,6.0,7.0,8.0,10.0,9.0,11.0,,,,,1.0,2.0,3.0,4.0,5.0,6.0,7.0,8.0,10.0,9.0,,,,,,23.47,42.0,319.0,334.0,42.0,265.0,124.0,0.3,7.0,0.29,0.0,-0.5,[1.0],['1 cup coffee at 9am'],[0.0],[nan],"['No', 'No']","[nan, nan]",[-0.5],[0.0],"['No', 'No']","[nan, nan]",[0.25],['The furniture/fixtures/objects in the room'],"[1.0, 1.0, 1.0, 1.0, nan, nan, nan, 'No specific strategy']",[nan],['No specific strategy'],['No'],"['No, I did not apply any mnemonic techniques']",[nan]
A086,3,1.0,1.0,0.0,1.0,1.0,0.0,0.0,1.0,0.0,0.0,0.0,0.0,0.0,0.0,0.0,0.0,1.0,1.0,1.0,1.0,0.0,0.5,1.0,0.0,1.0,0.0,0.0,0.5,1.0,1.0,0.0,0.0,0.5,0.5,0.5,0.0,0.5,0.5,1.0,0.0,1.0,0.0,1.0,0.0,1.0,1.0,0.0,1.0,1.0,1.0,1.0,1.0,1.0,1.0,0.0,0.0,1.0,1.0,0.0,0.0,0.0,0.0,0.0,1.0,0.0,0.0,0.25,0.0,0.0,0.0,0.0,0.0,0.5,0.0,0.5,1.0,0.0,0.0,0.0,1.0,1.0,1.0,1.0,1.0,1.0,1.0,1.0,0.0,1.0,0.25,0.0,0.0,1.0,0.0,0.0,1.0,0.0,0.25,0.0,0.5,0.0,0.0,0.0,0.0,1.0,0.6,0.4,0.4,0.8,0.4,0.4,0.4,0.4,0.2,0.2,0.6,0.2,0.2,0.6,0.4,0.6,0.6,0.4,0.4,0.4,0.4,0.4,0.6,0.2,0.8,0.4,0.4,0.2,0.2,0.2,0.2,0.4,0.4,0.2,0.2,0.2,0.2,0.2,0.4,0.2,0.2,0.2,0.2,0.6,0.4,0.4,0.4,0.4,1.0,1.0,1.0,1.0,1.0,1.0,0.6,0.2,1.0,0.6,0.6,0.8,0.2,0.8,0.6,1.0,0.6,0.4,0.2,0.4,0.4,0.8,0.4,0.4,0.2,0.6,0.4,0.8,0.8,0.6,0.8,1.0,0.6,1.0,1.0,1.0,1.0,1.0,1.0,0.6,0.8,0.6,0.6,0.6,1.0,0.6,0.6,1.0,0.6,0.6,0.6,0.4,0.4,0.4,0.4,0.4,0.4,70.0,40.0,209.0,16.0,26.0,26.0,23.0,12.0,22.0,23.0,21.0,19.0,8.0,17.0,20.0,7.0,8.0,5.0,,,,,6.0,,4.0,,3.0,,1.0,2.0,6.0,7.0,8.0,11.0,9.0,10.0,,12.0,,,1.0,2.0,3.0,4.0,5.0,6.0,7.0,8.0,9.0,10.0,11.0,5.0,,,,12.0,1.0,2.0,3.0,4.0,6.0,7.0,8.0,9.0,11.0,10.0,,12.0,1.0,2.0,4.0,3.0,,,5.0,7.0,8.0,9.0,10.0,13.0,12.0,11.0,14.0,6.0,5.0,,1.0,2.0,3.0,4.0,,,,,,,,,,,,1.0,2.0,3.0,4.0,1.0,2.0,3.0,4.0,5.0,6.0,7.0,8.0,10.0,9.0,11.0,,,,,1.0,2.0,3.0,4.0,5.0,6.0,7.0,8.0,10.0,9.0,,,,,,145.29,28.0,381.0,208.0,48.0,219.0,97.0,0.37,8.0,0.29,0.0,0.0,[0.0],[nan],[0.0],[nan],"['No', 'No']","[nan, nan]",[-1.0],[-0.5],"['No', 'No']","[nan, nan]",[0.25],['The furniture/fixtures/objects in the room'],"[1.0, 1.0, 0.6, 0.6, nan, nan, nan, 'No specific strategy']",[nan],['No specific strategy'],['No'],"['No, I did not apply any mnemonic techniques']",[nan]
A086,4,1.0,1.0,0.0,1.0,0.0,1.0,0.0,1.0,1.0,0.0,0.0,0.0,0.0,0.0,0.0,1.0,0.5,1.0,0.5,0.25,0.0,0.0,0.0,0.0,1.0,1.0,0.5,0.5,0.5,0.0,0.5,0.0,0.0,0.5,0.25,0.0,0.0,1.0,0.0,0.0,0.0,1.0,1.0,0.5,0.5,0.0,0.5,0.5,1.0,1.0,1.0,1.0,1.0,1.0,1.0,1.0,1.0,0.0,0.5,0.0,0.25,0.0,0.0,0.0,1.0,0.0,0.0,1.0,0.0,0.5,0.0,1.0,0.0,1.0,0.0,0.0,0.0,1.0,0.5,1.0,1.0,1.0,1.0,1.0,1.0,1.0,1.0,1.0,1.0,0.0,1.0,0.0,0.5,0.0,0.0,0.0,0.5,0.0,0.0,1.0,0.0,0.5,0.0,0.5,0.0,0.8,1.0,0.2,0.6,0.2,0.4,0.4,0.8,0.8,0.2,0.2,0.2,0.2,1.0,0.6,0.4,0.8,0.8,0.6,0.2,0.4,0.4,0.4,0.4,0.2,0.6,0.8,0.2,0.2,0.2,0.2,0.8,0.4,0.2,0.2,0.2,0.2,0.6,0.4,0.2,0.2,0.2,0.2,0.4,0.4,0.4,0.6,0.2,1.0,1.0,1.0,1.0,1.0,1.0,0.8,0.6,1.0,0.4,0.6,0.6,0.6,0.6,0.6,0.4,0.6,0.4,0.4,0.4,0.6,0.4,0.4,0.4,0.4,0.4,0.4,0.6,0.6,0.8,0.4,0.6,0.6,1.0,1.0,1.0,1.0,1.0,1.0,0.6,1.0,0.6,0.6,0.6,0.6,0.4,0.6,0.6,0.6,0.6,0.6,0.6,0.6,0.6,0.6,0.6,0.6,70.0,40.0,209.0,16.0,26.0,26.0,23.0,12.0,22.0,23.0,21.0,19.0,8.0,17.0,20.0,7.0,8.0,5.0,,,,,6.0,,4.0,,3.0,,1.0,2.0,6.0,7.0,8.0,11.0,9.0,10.0,,12.0,,,1.0,2.0,3.0,4.0,5.0,6.0,7.0,8.0,9.0,10.0,11.0,5.0,,,,12.0,1.0,2.0,3.0,4.0,6.0,7.0,8.0,9.0,11.0,10.0,,12.0,1.0,2.0,4.0,3.0,,,5.0,7.0,8.0,9.0,10.0,13.0,12.0,11.0,14.0,6.0,5.0,,1.0,2.0,3.0,4.0,,,,,,,,,,,,1.0,2.0,3.0,4.0,1.0,2.0,3.0,4.0,5.0,6.0,7.0,8.0,10.0,9.0,11.0,,,,,1.0,2.0,3.0,4.0,5.0,6.0,7.0,8.0,10.0,9.0,,,,,,169.55,21.0,270.0,187.0,37.0,250.0,91.0,0.34,8.0,0.33,0.0,-0.5,[0.0],[nan],[0.0],[nan],"['No', 'No']","[nan, nan]",[-1.0],[-0.5],"['No', 'No']","[nan, nan]",[0.25],['The furniture/fixtures/objects in the room'],"[1.0, 0.5, 0.8, 0.8, nan, 1.0, nan, 'No specific strategy']",[nan],['No specific strategy'],['No'],"['No, I did not apply any mnemonic techniques']",[nan]
A087,1,1.0,1.0,1.0,1.0,1.0,1.0,1.0,1.0,1.0,1.0,1.0,0.0,1.0,1.0,0.0,1.0,1.0,1.0,1.0,1.0,1.0,1.0,1.0,1.0,1.0,1.0,1.0,0.5,1.0,0.25,1.0,1.0,1.0,1.0,1.0,0.5,1.0,1.0,0.5,0.5,0.5,0.0,0.5,0.0,1.0,1.0,0.0,0.5,1.0,1.0,1.0,1.0,1.0,1.0,1.0,0.5,1.0,1.0,1.0,0.0,1.0,1.0,1.0,0.5,1.0,0.25,1.0,1.0,0.0,1.0,0.5,0.5,0.0,0.0,1.0,1.0,1.0,1.0,1.0,1.0,1.0,1.0,1.0,1.0,1.0,1.0,1.0,0.5,1.0,1.0,1.0,0.0,1.0,1.0,1.0,0.5,1.0,1.0,1.0,1.0,0.0,1.0,0.5,0.0,0.0,1.0,1.0,1.0,1.0,1.0,1.0,1.0,1.0,1.0,1.0,1.0,0.2,1.0,1.0,0.8,1.0,1.0,1.0,1.0,1.0,1.0,1.0,1.0,1.0,1.0,1.0,1.0,1.0,1.0,1.0,0.2,1.0,1.0,1.0,1.0,0.6,0.2,1.0,1.0,0.6,1.0,0.6,0.2,0.4,1.0,0.4,0.4,1.0,1.0,1.0,1.0,1.0,1.0,1.0,1.0,1.0,1.0,1.0,1.0,0.4,1.0,1.0,1.0,0.4,1.0,0.4,1.0,1.0,0.4,0.6,0.4,0.4,0.4,0.8,0.6,1.0,0.4,1.0,1.0,1.0,1.0,1.0,1.0,1.0,0.8,1.0,1.0,1.0,1.0,1.0,0.6,0.2,1.0,1.0,1.0,0.4,0.4,0.6,1.0,0.4,0.2,0.2,0.2,0.2,0.2,52.0,45.0,315.0,35.0,38.0,32.0,26.0,20.0,28.0,27.0,18.0,29.0,19.0,21.0,27.0,1.0,,3.0,4.0,6.0,5.0,,,,,7.0,2.0,,,,1.0,2.0,3.0,9.0,8.0,5.0,,,,6.0,7.0,4.0,,,,9.0,8.0,7.0,6.0,11.0,10.0,3.0,,,,,4.0,5.0,1.0,2.0,9.0,8.0,7.0,10.0,11.0,12.0,,,1.0,2.0,3.0,4.0,,5.0,6.0,12.0,13.0,14.0,6.0,11.0,10.0,1.0,2.0,,9.0,7.0,3.0,8.0,4.0,5.0,1.0,2.0,,,,,,,,,4.0,,,,3.0,3.0,1.0,2.0,6.0,4.0,7.0,9.0,,,,5.0,,,,8.0,1.0,2.0,3.0,7.0,5.0,6.0,9.0,,,4.0,8.0,11.0,,,10.0,1.0,68.0,285.0,908.0,94.0,295.0,140.0,0.31,5.0,0.31,0.0,-1.0,[1.0],"['coffee at 10 am, tea at 7:30, 8 and 1;15']",[1.0],[nan],"['Yes', nan]","[nan, nan]",[-0.5],[nan],"['Yes', nan]","[nan, nan]",[nan],['The items you picked up'],"[1.0, 1.0, 1.0, 1.0, nan, nan, nan, 'Visualising the room layout']",[nan],['Visualising the room layout'],['Unsure'],['Unsure'],"[""It was tough! I hate to think how I'll go with the other rooms in a few days. It made me realise that I am okay with objects, but paid no attention to the time frame or order in which I did things.""]"
A087,2,1.0,1.0,1.0,1.0,1.0,1.0,0.0,1.0,1.0,1.0,1.0,0.0,1.0,1.0,0.0,1.0,1.0,1.0,1.0,1.0,1.0,0.0,1.0,0.0,1.0,0.25,1.0,1.0,1.0,0.0,0.5,1.0,0.0,1.0,1.0,1.0,0.0,0.5,0.0,1.0,0.5,0.0,1.0,0.5,1.0,1.0,1.0,0.5,1.0,1.0,1.0,1.0,1.0,1.0,1.0,1.0,1.0,1.0,1.0,1.0,1.0,1.0,1.0,1.0,1.0,0.0,0.5,0.0,0.0,0.5,0.0,0.5,0.0,1.0,0.0,0.0,0.0,1.0,1.0,0.0,1.0,1.0,1.0,1.0,1.0,1.0,1.0,1.0,1.0,1.0,1.0,1.0,1.0,1.0,1.0,1.0,1.0,0.0,0.5,0.0,0.0,0.5,0.0,0.0,0.0,1.0,1.0,1.0,1.0,0.6,1.0,1.0,0.6,1.0,1.0,1.0,0.2,1.0,0.4,0.2,0.8,1.0,1.0,1.0,1.0,0.4,1.0,0.6,0.6,1.0,1.0,0.6,1.0,1.0,0.2,0.2,0.6,1.0,1.0,1.0,0.2,0.2,0.4,0.4,0.2,0.2,0.2,0.2,1.0,0.4,0.4,0.4,1.0,1.0,1.0,1.0,1.0,1.0,1.0,1.0,0.4,1.0,1.0,1.0,0.4,0.4,0.4,1.0,1.0,1.0,0.2,0.2,0.2,0.6,0.4,0.2,0.4,0.4,0.6,1.0,1.0,1.0,1.0,0.6,1.0,1.0,1.0,1.0,0.8,1.0,1.0,1.0,0.4,1.0,1.0,1.0,0.8,0.4,0.4,1.0,1.0,1.0,0.4,0.4,0.2,0.6,0.4,0.4,0.4,0.4,52.0,45.0,315.0,35.0,38.0,32.0,26.0,20.0,28.0,27.0,18.0,29.0,19.0,21.0,27.0,1.0,,3.0,4.0,6.0,5.0,,,,,7.0,2.0,,,,1.0,2.0,3.0,9.0,8.0,5.0,,,,6.0,7.0,4.0,,,,9.0,8.0,7.0,6.0,11.0,10.0,3.0,,,,,4.0,5.0,1.0,2.0,9.0,8.0,7.0,10.0,11.0,12.0,,,1.0,2.0,3.0,4.0,,5.0,6.0,12.0,13.0,14.0,6.0,11.0,10.0,1.0,2.0,,9.0,7.0,3.0,8.0,4.0,5.0,1.0,2.0,,,,,,,,,4.0,,,,3.0,3.0,1.0,2.0,6.0,4.0,7.0,9.0,,,,5.0,,,,8.0,1.0,2.0,3.0,7.0,5.0,6.0,9.0,,,4.0,8.0,11.0,,,10.0,31.07,91.0,342.0,450.0,104.0,454.0,162.0,0.69,6.0,0.23,0.0,-0.5,[1.0],[nan],[1.0],"['1 glass of wine at 5:30, now 10pm']","['Yes', 'Unsure']","[nan, 'maybe because I knew where it was going']",[0.0],[0.5],"['Yes', 'Unsure']","[nan, 'maybe because I knew where it was going']",[0.25],"['The furniture/fixtures/objects in the room, The location of furniture/fixtures/objects, The items you picked up']","[1.0, 1.0, 1.0, 1.0, nan, nan, nan, 'Visualising the room layout']",[nan],['Visualising the room layout'],['Unsure'],"['Yes, visual imagery']","[""It seemed easier than the kitchen, but I couldn't believe how wrong I had got the window nor the fact that I completely forgot the electric screwdriver.""]"
A087,3,1.0,1.0,0.0,1.0,1.0,0.0,0.0,1.0,0.0,1.0,0.0,1.0,1.0,1.0,0.0,1.0,1.0,1.0,0.25,1.0,1.0,1.0,0.0,0.0,1.0,1.0,0.25,1.0,0.5,1.0,0.0,1.0,0.0,0.5,0.0,1.0,0.5,0.5,0.0,1.0,1.0,0.0,0.5,0.5,1.0,0.0,0.0,0.0,1.0,1.0,1.0,1.0,1.0,1.0,1.0,1.0,0.25,0.5,0.5,1.0,0.0,1.0,0.0,0.5,0.0,1.0,0.5,1.0,0.0,1.0,0.0,0.0,0.0,1.0,1.0,0.0,0.0,1.0,0.0,1.0,1.0,1.0,1.0,1.0,1.0,1.0,1.0,1.0,0.25,1.0,0.0,1.0,0.0,1.0,0.0,1.0,0.0,1.0,1.0,0.5,0.0,0.5,0.0,0.0,0.0,1.0,1.0,1.0,1.0,1.0,1.0,0.2,1.0,0.2,1.0,1.0,1.0,0.2,1.0,0.4,0.6,1.0,1.0,1.0,1.0,0.4,1.0,0.2,0.4,1.0,1.0,1.0,1.0,0.4,0.2,0.2,0.2,1.0,0.4,0.6,0.2,1.0,0.4,0.2,0.4,0.4,0.2,0.2,0.6,0.4,0.4,0.4,1.0,1.0,1.0,1.0,0.2,1.0,1.0,1.0,1.0,0.2,0.2,0.4,1.0,0.4,1.0,0.6,0.2,0.4,0.8,0.6,0.2,0.2,0.2,0.2,0.2,0.2,0.4,1.0,0.4,0.4,1.0,0.4,1.0,1.0,1.0,1.0,1.0,1.0,1.0,1.0,1.0,0.4,1.0,0.2,1.0,0.4,1.0,0.4,0.4,0.2,0.2,0.4,0.6,0.2,0.2,0.2,0.2,0.2,52.0,45.0,315.0,35.0,38.0,32.0,26.0,20.0,28.0,27.0,18.0,29.0,19.0,21.0,27.0,1.0,,3.0,4.0,6.0,5.0,,,,,7.0,2.0,,,,1.0,2.0,3.0,9.0,8.0,5.0,,,,6.0,7.0,4.0,,,,9.0,8.0,7.0,6.0,11.0,10.0,3.0,,,,,4.0,5.0,1.0,2.0,9.0,8.0,7.0,10.0,11.0,12.0,,,1.0,2.0,3.0,4.0,,5.0,6.0,12.0,13.0,14.0,6.0,11.0,10.0,1.0,2.0,,9.0,7.0,3.0,8.0,4.0,5.0,1.0,2.0,,,,,,,,,4.0,,,,3.0,3.0,1.0,2.0,6.0,4.0,7.0,9.0,,,,5.0,,,,8.0,1.0,2.0,3.0,7.0,5.0,6.0,9.0,,,4.0,8.0,11.0,,,10.0,72.8,59.0,344.0,328.0,53.0,294.0,369.0,0.4,6.0,0.25,0.0,-0.5,[1.0],['1 coffee about 10am'],[1.0],[nan],"['Yes', 'No']","[nan, nan]",[-0.5],[0.0],"['Yes', 'No']","[nan, nan]",[0.25],"['The furniture/fixtures/objects in the room, The location of furniture/fixtures/objects']","[1.0, 1.0, 1.0, 1.0, nan, nan, nan, 'Visualising the room layout']",[nan],['Visualising the room layout'],['Unsure'],"['Yes, visual imagery, No, I did not apply any mnemonic techniques']",[nan]
A087,4,1.0,1.0,1.0,1.0,1.0,1.0,1.0,1.0,1.0,1.0,1.0,1.0,0.0,1.0,0.0,1.0,1.0,1.0,1.0,0.5,1.0,0.5,0.0,1.0,1.0,1.0,1.0,1.0,0.0,1.0,0.0,0.25,1.0,0.0,1.0,0.5,0.0,0.5,0.0,1.0,0.5,0.0,0.0,0.5,0.5,0.0,0.5,0.0,1.0,1.0,1.0,1.0,1.0,1.0,0.0,1.0,1.0,1.0,0.0,1.0,0.0,0.5,1.0,0.0,0.5,0.0,0.0,0.0,0.0,0.5,0.5,0.0,0.0,0.5,0.0,1.0,0.0,1.0,0.0,1.0,1.0,1.0,1.0,0.0,1.0,1.0,1.0,1.0,1.0,1.0,1.0,1.0,0.25,0.25,1.0,0.0,0.0,0.0,0.5,0.5,0.0,0.0,0.0,0.0,0.0,1.0,1.0,1.0,1.0,1.0,1.0,1.0,1.0,1.0,1.0,1.0,1.0,0.2,1.0,0.6,0.4,1.0,1.0,1.0,1.0,0.2,1.0,0.6,1.0,1.0,1.0,1.0,1.0,0.6,1.0,0.2,0.2,0.4,0.4,1.0,0.4,0.2,0.2,0.2,0.2,0.2,0.2,0.2,0.6,0.4,0.4,0.4,1.0,1.0,1.0,1.0,1.0,1.0,1.0,0.4,1.0,1.0,1.0,1.0,1.0,0.4,0.2,0.2,0.2,0.4,0.4,0.2,0.2,0.2,0.2,0.2,0.2,0.2,0.4,1.0,0.8,0.4,1.0,0.4,0.8,1.0,1.0,1.0,0.8,1.0,1.0,1.0,1.0,1.0,1.0,0.4,1.0,0.2,0.2,0.6,0.2,0.4,0.4,0.2,0.2,0.2,0.2,0.2,0.2,0.2,52.0,45.0,315.0,35.0,38.0,32.0,26.0,20.0,28.0,27.0,18.0,29.0,19.0,21.0,27.0,1.0,,3.0,4.0,6.0,5.0,,,,,7.0,2.0,,,,1.0,2.0,3.0,9.0,8.0,5.0,,,,6.0,7.0,4.0,,,,9.0,8.0,7.0,6.0,11.0,10.0,3.0,,,,,4.0,5.0,1.0,2.0,9.0,8.0,7.0,10.0,11.0,12.0,,,1.0,2.0,3.0,4.0,,5.0,6.0,12.0,13.0,14.0,6.0,11.0,10.0,1.0,2.0,,9.0,7.0,3.0,8.0,4.0,5.0,1.0,2.0,,,,,,,,,4.0,,,,3.0,3.0,1.0,2.0,6.0,4.0,7.0,9.0,,,,5.0,,,,8.0,1.0,2.0,3.0,7.0,5.0,6.0,9.0,,,4.0,8.0,11.0,,,10.0,144.2,70.0,245.0,363.0,60.0,212.0,139.0,0.32,5.0,0.31,0.0,-0.5,[1.0],"['1 coffee at 11am, now 3pm']",[1.0],[nan],"['Yes', 'No']","[nan, nan]",[0.0],[0.0],"['Yes', 'No']","[nan, nan]",[0.25],"['The furniture/fixtures/objects in the room, The location of furniture/fixtures/objects, The items you picked up']","[1.0, 1.0, 1.0, 1.0, nan, nan, nan, 'Visualising the room layout']",[nan],['Visualising the room layout'],['Unsure'],"['Yes, visual imagery']","['wow, i found this really interesting, watching how my memory worked. I had absolutely no idea of the order of picking up any of the objects. I felt my memory was pretty good in remembering or identifying the objects in the rooms, but not so good on remembering the objects on the pillars. I could also recall placing more objects within the rooms, and less recall of object positioning and placement within the antechamber. I feel the questions asked during virtual reality experinece to describe the wall and floor coverings encouraged me to remember them, and meant that I was surprised that i had little memory of the positing of the """"fixtures"""" of the doors and windows, while I feel i was much better at the furniture. also, in the VR experiences as to where I placed the objects in the antechamber, I nearly always answered, """"in the centre, near where the lines crossed"""" whereas i would have done better saying I have put it at the back of pillar number 2.\nAnyway, hope you get some conclusive results from your study,\nMany thanks for involving me.\nSue Wensor']"
A088,1,1.0,1.0,1.0,1.0,1.0,1.0,0.0,1.0,1.0,0.0,1.0,1.0,0.0,1.0,1.0,1.0,1.0,1.0,1.0,1.0,0.0,1.0,1.0,1.0,1.0,1.0,1.0,0.0,1.0,1.0,1.0,0.5,1.0,0.0,1.0,1.0,0.5,0.0,0.5,0.0,0.5,1.0,0.0,0.5,0.0,0.5,0.5,0.0,1.0,1.0,1.0,1.0,1.0,1.0,1.0,1.0,1.0,1.0,1.0,1.0,1.0,0.5,1.0,1.0,1.0,0.5,1.0,0.0,0.0,0.5,0.5,1.0,1.0,0.0,1.0,1.0,1.0,1.0,1.0,0.0,1.0,1.0,1.0,1.0,1.0,0.0,1.0,1.0,1.0,1.0,1.0,1.0,1.0,0.5,1.0,1.0,1.0,1.0,1.0,0.0,1.0,0.5,0.5,1.0,0.0,0.8,0.8,0.4,0.8,1.0,0.6,0.2,1.0,0.6,0.2,0.8,1.0,0.2,0.4,0.6,0.6,0.6,0.8,0.8,0.8,0.6,0.6,0.6,0.8,1.0,0.4,1.0,0.4,0.2,1.0,0.2,0.4,1.0,1.0,0.2,1.0,0.2,0.4,0.2,0.2,0.2,1.0,0.2,0.4,0.4,0.4,0.4,0.4,1.0,0.2,0.6,0.8,1.0,1.0,1.0,0.2,0.6,0.8,1.0,1.0,1.0,0.2,0.6,0.8,1.0,1.0,0.4,0.2,0.4,0.4,0.4,1.0,0.4,0.4,0.6,0.8,0.8,0.8,0.8,0.8,0.8,1.0,1.0,1.0,1.0,1.0,1.0,1.0,1.0,1.0,1.0,1.0,1.0,1.0,0.6,1.0,1.0,1.0,0.6,0.2,0.2,0.4,0.4,1.0,0.2,107.0,25.0,480.0,30.0,37.0,37.0,30.0,22.0,26.0,32.0,22.0,34.0,16.0,30.0,22.0,1.0,4.0,2.0,3.0,,6.0,,,,,,,,,5.0,,,8.0,6.0,7.0,,4.0,9.0,,,,3.0,1.0,2.0,5.0,9.0,5.0,10.0,8.0,,,,7.0,1.0,2.0,3.0,4.0,,,6.0,9.0,,10.0,8.0,7.0,6.0,,,,1.0,2.0,,5.0,3.0,4.0,4.0,6.0,5.0,7.0,9.0,8.0,,10.0,,,12.0,11.0,1.0,2.0,3.0,,5.0,,,,,,,4.0,,,,1.0,2.0,3.0,1.0,3.0,2.0,4.0,6.0,5.0,10.0,11.0,,,7.0,8.0,,,9.0,1.0,3.0,2.0,4.0,9.0,8.0,6.0,5.0,,,10.0,11.0,,,7.0,1.0,84.0,430.0,1122.0,73.0,416.0,167.0,0.25,7.0,0.21,0.0,-0.5,[1.0],[2.0],[0.0],[nan],"['No', nan]","[nan, nan]",[-0.5],[nan],"['No', nan]","[nan, nan]",[nan],"['The furniture/fixtures/objects in the room, The location of furniture/fixtures/objects, The items you picked up, Where you picked up and put down items, The order you completed items and tasks']","[1.0, 1.0, 0.8, 0.6, nan, nan, nan, 'No specific strategy']",[nan],['Visualising the room layout'],['No'],"['No, I did not apply any mnemonic techniques']",[nan]
A088,2,1.0,1.0,1.0,1.0,1.0,1.0,1.0,1.0,1.0,1.0,1.0,0.0,1.0,1.0,1.0,1.0,1.0,1.0,1.0,1.0,0.0,1.0,1.0,1.0,1.0,1.0,1.0,1.0,1.0,0.25,1.0,1.0,1.0,1.0,1.0,0.0,1.0,0.0,0.5,0.5,1.0,1.0,0.5,0.5,0.0,1.0,0.0,0.5,1.0,1.0,1.0,1.0,1.0,1.0,1.0,1.0,1.0,1.0,1.0,1.0,1.0,1.0,1.0,1.0,1.0,1.0,1.0,0.5,0.5,0.5,1.0,0.5,0.0,0.0,1.0,1.0,1.0,1.0,1.0,1.0,1.0,1.0,1.0,1.0,1.0,1.0,1.0,1.0,1.0,1.0,1.0,1.0,1.0,1.0,1.0,1.0,1.0,1.0,1.0,0.5,1.0,0.5,1.0,0.0,0.0,1.0,1.0,1.0,0.8,1.0,0.6,0.4,1.0,1.0,1.0,1.0,0.2,0.8,0.6,0.8,0.4,1.0,1.0,1.0,1.0,0.2,0.4,0.6,0.4,1.0,0.8,0.8,1.0,0.8,0.8,0.2,0.8,0.8,1.0,1.0,0.4,0.2,0.2,0.8,1.0,0.4,0.4,0.2,0.4,0.4,0.6,0.4,0.4,1.0,1.0,1.0,1.0,1.0,1.0,1.0,1.0,0.8,1.0,1.0,0.8,1.0,1.0,0.2,1.0,1.0,0.4,1.0,0.2,0.2,0.4,1.0,0.4,0.4,0.4,0.4,0.6,0.6,1.0,1.0,1.0,1.0,1.0,1.0,1.0,1.0,1.0,0.6,1.0,1.0,1.0,1.0,0.8,0.8,1.0,0.4,1.0,1.0,0.4,0.8,0.2,0.4,0.4,0.6,0.4,0.4,107.0,25.0,480.0,30.0,37.0,37.0,30.0,22.0,26.0,32.0,22.0,34.0,16.0,30.0,22.0,1.0,4.0,2.0,3.0,,6.0,,,,,,,,,5.0,,,8.0,6.0,7.0,,4.0,9.0,,,,3.0,1.0,2.0,5.0,9.0,5.0,10.0,8.0,,,,7.0,1.0,2.0,3.0,4.0,,,6.0,9.0,,10.0,8.0,7.0,6.0,,,,1.0,2.0,,5.0,3.0,4.0,4.0,6.0,5.0,7.0,9.0,8.0,,10.0,,,12.0,11.0,1.0,2.0,3.0,,5.0,,,,,,,4.0,,,,1.0,2.0,3.0,1.0,3.0,2.0,4.0,6.0,5.0,10.0,11.0,,,7.0,8.0,,,9.0,1.0,3.0,2.0,4.0,9.0,8.0,6.0,5.0,,,10.0,11.0,,,7.0,24.25,49.0,573.0,612.0,62.0,347.0,142.0,0.26,6.0,0.21,0.0,0.0,[1.0],['2 CUPS OF COFFEE'],[0.0],[nan],"['No', 'Yes']","[nan, 'ELINATED SOME OF THE OBJECTS I REMEMBERED. HAD AN IDEA OF QUESTIONS TO BE ASKED THIS TIME']",[0.0],[0.5],"['No', 'Yes']","[nan, 'ELINATED SOME OF THE OBJECTS I REMEMBERED. HAD AN IDEA OF QUESTIONS TO BE ASKED THIS TIME']",[0.75],"['The furniture/fixtures/objects in the room, The location of furniture/fixtures/objects, The items you picked up, Where you picked up and put down items, The order you completed items and tasks']","[1.0, 1.0, 1.0, 1.0, nan, nan, nan, 'Visualising the room layout']",[nan],['Visualising the room layout'],['No'],"['No, I did not apply any mnemonic techniques']",['SPENT MORE TIME VISUALLY THE ROOM THIS TIME']
A088,3,1.0,1.0,1.0,1.0,1.0,0.0,1.0,1.0,1.0,1.0,0.0,1.0,1.0,0.0,0.0,0.0,1.0,1.0,1.0,1.0,0.0,1.0,0.0,1.0,1.0,1.0,1.0,1.0,0.0,1.0,1.0,0.5,1.0,0.5,0.0,0.0,1.0,0.0,0.0,1.0,0.0,0.5,0.0,0.0,1.0,0.5,0.0,0.5,1.0,1.0,1.0,1.0,1.0,1.0,1.0,1.0,1.0,1.0,0.5,1.0,1.0,1.0,1.0,0.5,0.5,0.0,0.25,0.0,0.0,1.0,0.5,0.5,0.0,0.0,0.0,1.0,1.0,0.0,0.0,1.0,1.0,1.0,1.0,0.0,1.0,0.0,1.0,1.0,1.0,1.0,0.0,1.0,1.0,1.0,1.0,0.5,0.5,0.0,0.0,0.0,0.0,1.0,0.0,0.5,0.0,0.8,0.8,0.8,0.8,1.0,0.2,0.4,1.0,1.0,0.8,0.2,1.0,0.4,0.4,0.2,0.2,0.8,0.8,0.8,0.8,0.2,0.4,0.4,0.2,1.0,1.0,0.8,0.8,0.2,1.0,0.4,0.6,0.8,0.8,0.2,0.4,0.4,0.4,0.6,0.8,0.2,0.2,0.4,0.4,0.4,0.4,0.4,0.4,1.0,1.0,1.0,1.0,1.0,1.0,1.0,1.0,1.0,1.0,0.2,1.0,0.6,0.6,1.0,1.0,0.4,0.2,0.4,0.4,0.4,1.0,0.2,0.4,0.2,0.4,0.4,0.8,0.6,0.2,0.2,0.8,0.8,1.0,1.0,0.8,1.0,1.0,0.4,1.0,0.8,0.8,0.6,1.0,0.6,0.4,0.8,0.8,0.2,0.4,0.4,0.4,0.4,0.6,0.2,0.6,0.4,107.0,25.0,480.0,30.0,37.0,37.0,30.0,22.0,26.0,32.0,22.0,34.0,16.0,30.0,22.0,1.0,4.0,2.0,3.0,,6.0,,,,,,,,,5.0,,,8.0,6.0,7.0,,4.0,9.0,,,,3.0,1.0,2.0,5.0,9.0,5.0,10.0,8.0,,,,7.0,1.0,2.0,3.0,4.0,,,6.0,9.0,,10.0,8.0,7.0,6.0,,,,1.0,2.0,,5.0,3.0,4.0,4.0,6.0,5.0,7.0,9.0,8.0,,10.0,,,12.0,11.0,1.0,2.0,3.0,,5.0,,,,,,,4.0,,,,1.0,2.0,3.0,1.0,3.0,2.0,4.0,6.0,5.0,10.0,11.0,,,7.0,8.0,,,9.0,1.0,3.0,2.0,4.0,9.0,8.0,6.0,5.0,,,10.0,11.0,,,7.0,74.91,57.0,605.0,904.0,72.0,878.0,239.0,0.37,8.0,0.21,0.5,0.0,[1.0],['2 cups coffee'],[0.0],[nan],"['No', 'Unsure']","[nan, 'Eliminated items I was sure were in previous rooms']",[-0.5],[-0.5],"['No', 'Unsure']","[nan, 'Eliminated items I was sure were in previous rooms']",[0.75],"['The furniture/fixtures/objects in the room, The location of furniture/fixtures/objects, The items you picked up, Where you picked up and put down items, The order you completed items and tasks']","[1.0, 1.0, 0.8, 0.8, nan, nan, nan, 'Visualising the room layout']",[nan],['No specific strategy'],['No'],['Unsure'],[nan]
A088,4,1.0,1.0,1.0,1.0,1.0,1.0,0.0,1.0,1.0,0.0,1.0,1.0,1.0,0.0,0.0,0.0,1.0,1.0,1.0,1.0,0.0,0.0,1.0,0.0,1.0,1.0,1.0,0.0,1.0,1.0,1.0,1.0,1.0,0.0,1.0,0.5,1.0,1.0,0.0,0.0,0.5,0.5,0.0,0.5,1.0,0.5,1.0,0.0,1.0,1.0,1.0,1.0,1.0,1.0,1.0,1.0,1.0,1.0,1.0,1.0,1.0,1.0,1.0,0.5,1.0,1.0,1.0,1.0,0.5,0.0,0.5,0.5,0.0,0.0,0.0,0.0,0.0,1.0,0.0,0.0,1.0,1.0,1.0,1.0,1.0,1.0,1.0,1.0,1.0,1.0,1.0,1.0,1.0,1.0,1.0,0.5,1.0,0.5,1.0,1.0,0.0,0.0,0.5,0.0,0.0,0.8,0.8,1.0,1.0,1.0,0.2,0.4,1.0,1.0,0.2,1.0,0.2,1.0,0.6,0.4,0.4,1.0,1.0,1.0,1.0,0.2,0.4,0.4,0.4,1.0,0.6,0.8,1.0,1.0,0.2,0.2,1.0,1.0,1.0,1.0,0.2,0.2,0.6,0.4,0.4,0.4,0.2,0.2,0.4,0.4,0.4,0.4,0.4,1.0,1.0,1.0,0.6,1.0,0.8,1.0,0.8,1.0,0.6,1.0,0.6,1.0,1.0,1.0,0.6,0.8,0.2,0.8,0.6,0.2,0.2,0.4,0.2,0.2,0.2,0.6,0.6,0.6,0.4,0.4,0.8,0.8,1.0,1.0,1.0,1.0,1.0,1.0,0.6,1.0,0.6,1.0,1.0,1.0,1.0,1.0,0.8,1.0,0.2,1.0,0.6,0.4,0.4,0.4,0.2,0.2,107.0,25.0,480.0,30.0,37.0,37.0,30.0,22.0,26.0,32.0,22.0,34.0,16.0,30.0,22.0,1.0,4.0,2.0,3.0,,6.0,,,,,,,,,5.0,,,8.0,6.0,7.0,,4.0,9.0,,,,3.0,1.0,2.0,5.0,9.0,5.0,10.0,8.0,,,,7.0,1.0,2.0,3.0,4.0,,,6.0,9.0,,10.0,8.0,7.0,6.0,,,,1.0,2.0,,5.0,3.0,4.0,4.0,6.0,5.0,7.0,9.0,8.0,,10.0,,,12.0,11.0,1.0,2.0,3.0,,5.0,,,,,,,4.0,,,,1.0,2.0,3.0,1.0,3.0,2.0,4.0,6.0,5.0,10.0,11.0,,,7.0,8.0,,,9.0,1.0,3.0,2.0,4.0,9.0,8.0,6.0,5.0,,,10.0,11.0,,,7.0,149.93,54.0,410.0,498.0,43.0,304.0,147.0,0.5,8.0,0.21,0.0,-0.5,[1.0],['2 CUPS OF COFFEE'],[0.0],[nan],"['No', 'Unsure']","[nan, 'tried to remember items I seen in previous rooms']",[0.0],[0.0],"['No', 'Unsure']","[nan, 'tried to remember items I seen in previous rooms']",[0.5],['The furniture/fixtures/objects in the room'],"[1.0, 1.0, 0.8, 1.0, nan, nan, nan, 'No specific strategy']",[nan],['No specific strategy'],['No'],"['No, I did not apply any mnemonic techniques']",['thinking if I spoke out everything I did and saw on the day it would of helped me remember']
A089,1,1.0,1.0,1.0,1.0,1.0,1.0,1.0,1.0,0.0,1.0,1.0,0.0,1.0,1.0,1.0,1.0,1.0,1.0,1.0,1.0,1.0,1.0,1.0,1.0,0.5,1.0,0.0,1.0,1.0,0.5,1.0,1.0,1.0,1.0,0.25,1.0,1.0,1.0,0.5,0.5,1.0,0.5,0.5,0.5,0.5,1.0,0.5,0.5,1.0,1.0,1.0,1.0,1.0,1.0,1.0,1.0,1.0,1.0,1.0,1.0,1.0,1.0,0.0,1.0,0.25,1.0,1.0,1.0,1.0,0.0,1.0,1.0,0.5,1.0,1.0,1.0,1.0,1.0,1.0,0.0,1.0,1.0,1.0,1.0,1.0,1.0,1.0,1.0,1.0,1.0,1.0,0.0,1.0,0.0,0.0,1.0,0.25,0.0,1.0,1.0,1.0,0.5,1.0,1.0,1.0,1.0,1.0,1.0,1.0,1.0,1.0,1.0,0.8,0.2,1.0,1.0,0.2,1.0,1.0,0.8,1.0,1.0,1.0,1.0,1.0,1.0,1.0,1.0,1.0,1.0,1.0,1.0,1.0,1.0,0.2,0.2,0.8,1.0,1.0,0.6,0.2,0.2,0.6,0.4,0.8,1.0,0.2,0.2,0.4,0.4,0.6,0.4,0.4,1.0,1.0,1.0,1.0,1.0,1.0,1.0,1.0,1.0,1.0,1.0,0.4,1.0,1.0,0.4,1.0,0.4,0.4,1.0,0.6,0.4,0.4,1.0,0.2,0.6,1.0,1.0,1.0,1.0,1.0,1.0,0.8,1.0,1.0,1.0,1.0,1.0,1.0,1.0,1.0,1.0,1.0,1.0,0.2,1.0,0.4,0.6,1.0,0.4,0.2,1.0,0.4,0.6,0.4,1.0,0.2,0.4,78.0,26.0,340.0,34.0,30.0,31.0,26.0,45.0,24.0,46.0,62.0,54.0,23.0,41.0,45.0,3.0,5.0,,,4.0,,,,,,6.0,,,1.0,2.0,4.0,3.0,9.0,6.0,2.0,,,,7.0,8.0,1.0,,,,5.0,7.0,10.0,,5.0,9.0,8.0,,,4.0,6.0,,3.0,,1.0,2.0,6.0,7.0,1.0,9.0,5.0,10.0,2.0,11.0,8.0,13.0,,12.0,3.0,,4.0,10.0,8.0,,,4.0,5.0,3.0,,6.0,7.0,,11.0,9.0,2.0,1.0,3.0,,,,,,,,,,,,2.0,,1.0,1.0,2.0,,,5.0,6.0,,7.0,3.0,4.0,,,8.0,,9.0,9.0,1.0,,,4.0,6.0,,5.0,2.0,3.0,,8.0,,,7.0,1.0,71.0,357.0,493.0,105.0,343.0,96.0,0.27,7.0,0.21,0.0,0.0,[1.0],['2 cup of coffee'],[0.0],[nan],"['No', nan]","[nan, nan]",[0.0],[nan],"['No', nan]","[nan, nan]",[nan],['Where you picked up and put down items'],"[1.0, 1.0, 1.0, 1.0, nan, nan, nan, 'Visualising the room layout']",[nan],['Visualising the room layout'],['No'],"['No, I did not apply any mnemonic techniques']",['i enjoyed the test!!!!']
A089,2,1.0,1.0,1.0,1.0,1.0,0.0,0.0,1.0,1.0,1.0,1.0,1.0,0.0,0.0,0.0,0.0,1.0,1.0,1.0,1.0,1.0,0.5,1.0,1.0,1.0,1.0,1.0,1.0,1.0,1.0,0.0,0.0,1.0,1.0,0.0,0.0,0.0,1.0,0.5,1.0,0.0,0.0,1.0,0.5,0.0,0.5,1.0,0.0,1.0,1.0,1.0,1.0,1.0,1.0,1.0,1.0,1.0,1.0,1.0,1.0,0.25,0.0,1.0,1.0,0.0,0.0,0.25,0.0,0.5,1.0,0.5,0.5,0.0,1.0,0.5,1.0,1.0,1.0,1.0,1.0,1.0,1.0,1.0,1.0,1.0,1.0,1.0,1.0,1.0,1.0,1.0,1.0,0.25,0.5,1.0,1.0,0.0,0.0,0.5,0.0,0.5,1.0,0.5,0.5,0.5,1.0,1.0,1.0,1.0,1.0,0.4,0.6,1.0,1.0,1.0,1.0,1.0,0.2,0.6,1.0,1.0,1.0,1.0,1.0,1.0,0.8,0.8,0.6,0.6,1.0,1.0,1.0,1.0,1.0,1.0,1.0,0.4,1.0,0.6,0.6,0.4,0.2,0.4,0.4,0.6,0.4,0.4,0.4,0.6,0.4,0.8,0.4,0.4,1.0,1.0,1.0,1.0,1.0,1.0,1.0,1.0,0.8,1.0,1.0,1.0,0.4,0.6,1.0,0.6,0.6,0.6,0.4,0.4,0.4,0.8,0.4,0.4,0.4,0.6,0.8,0.8,0.4,1.0,0.6,1.0,1.0,1.0,1.0,0.8,1.0,0.8,1.0,1.0,0.4,1.0,1.0,1.0,0.2,0.4,0.8,0.6,0.6,0.8,0.2,0.6,0.4,1.0,0.4,0.4,0.2,78.0,26.0,340.0,34.0,30.0,31.0,26.0,45.0,24.0,46.0,62.0,54.0,23.0,41.0,45.0,3.0,5.0,,,4.0,,,,,,6.0,,,1.0,2.0,4.0,3.0,9.0,6.0,2.0,,,,7.0,8.0,1.0,,,,5.0,7.0,10.0,,5.0,9.0,8.0,,,4.0,6.0,,3.0,,1.0,2.0,6.0,7.0,1.0,9.0,5.0,10.0,2.0,11.0,8.0,13.0,,12.0,3.0,,4.0,10.0,8.0,,,4.0,5.0,3.0,,6.0,7.0,,11.0,9.0,2.0,1.0,3.0,,,,,,,,,,,,2.0,,1.0,1.0,2.0,,,5.0,6.0,,7.0,3.0,4.0,,,8.0,,9.0,9.0,1.0,,,4.0,6.0,,5.0,2.0,3.0,,8.0,,,7.0,32.14,65.0,975.0,477.0,111.0,362.0,176.33,0.5,9.0,0.31,0.5,-0.5,[0.0],[nan],[0.0],[nan],"['No', 'No']","[nan, nan]",[-0.5],[-0.5],"['No', 'No']","[nan, nan]",[0.0],['The furniture/fixtures/objects in the room'],"[1.0, 1.0, 1.0, 1.0, nan, nan, nan, 'Visualising the room layout']",[nan],['Visualising the room layout'],['No'],"['No, I did not apply any mnemonic techniques']",['Tricky test ;)']
A089,3,1.0,1.0,1.0,1.0,1.0,1.0,1.0,0.0,1.0,1.0,0.0,0.0,1.0,1.0,1.0,1.0,1.0,1.0,1.0,1.0,0.0,0.5,1.0,1.0,1.0,0.0,1.0,1.0,0.0,0.25,1.0,0.0,1.0,0.0,0.0,0.5,0.0,0.0,0.0,1.0,0.0,1.0,1.0,0.5,0.0,0.0,0.0,0.0,1.0,1.0,1.0,1.0,1.0,1.0,1.0,0.5,1.0,1.0,1.0,1.0,1.0,1.0,1.0,0.5,1.0,0.5,0.0,0.0,0.0,0.0,0.0,0.0,1.0,1.0,0.5,1.0,0.0,0.0,1.0,1.0,1.0,1.0,1.0,1.0,1.0,1.0,1.0,0.5,1.0,1.0,1.0,1.0,1.0,1.0,1.0,1.0,0.5,0.5,0.0,0.0,0.0,0.0,0.0,0.0,0.0,1.0,1.0,1.0,1.0,1.0,0.8,0.4,0.2,1.0,1.0,0.2,0.2,1.0,0.8,0.8,0.8,1.0,1.0,1.0,1.0,0.2,1.0,0.6,0.4,1.0,1.0,1.0,1.0,0.2,0.2,0.2,0.4,0.2,0.4,0.2,0.2,0.2,0.2,0.4,0.2,0.2,0.2,0.2,0.4,0.4,0.6,0.4,0.4,1.0,0.8,1.0,1.0,0.6,0.8,1.0,0.8,1.0,1.0,0.6,0.8,1.0,0.6,0.8,0.2,0.4,0.2,0.4,0.4,0.6,0.2,0.2,0.2,0.2,0.4,0.8,1.0,0.6,0.6,0.4,1.0,1.0,1.0,1.0,0.8,1.0,1.0,0.8,1.0,1.0,1.0,0.8,0.8,1.0,0.6,0.8,0.2,0.6,0.2,0.4,0.4,0.6,0.2,0.4,0.4,0.2,78.0,26.0,340.0,34.0,30.0,31.0,26.0,45.0,24.0,46.0,62.0,54.0,23.0,41.0,45.0,3.0,5.0,,,4.0,,,,,,6.0,,,1.0,2.0,4.0,3.0,9.0,6.0,2.0,,,,7.0,8.0,1.0,,,,5.0,7.0,10.0,,5.0,9.0,8.0,,,4.0,6.0,,3.0,,1.0,2.0,6.0,7.0,1.0,9.0,5.0,10.0,2.0,11.0,8.0,13.0,,12.0,3.0,,4.0,10.0,8.0,,,4.0,5.0,3.0,,6.0,7.0,,11.0,9.0,2.0,1.0,3.0,,,,,,,,,,,,2.0,,1.0,1.0,2.0,,,5.0,6.0,,7.0,3.0,4.0,,,8.0,,9.0,9.0,1.0,,,4.0,6.0,,5.0,2.0,3.0,,8.0,,,7.0,79.34,52.0,405.0,485.0,77.0,342.0,285.0,0.49,8.0,0.29,0.0,0.0,[0.0],[nan],[0.0],[nan],"['No', 'Yes']","[nan, 'Little bit with selection of Pictures']",[-1.0],[-0.5],"['No', 'Yes']","[nan, 'Little bit with selection of Pictures']",[0.0],['The furniture/fixtures/objects in the room'],"[1.0, 1.0, 1.0, 1.0, nan, nan, nan, 'Visualising the room layout']",[nan],['Visualising the room layout'],['No'],"['No, I did not apply any mnemonic techniques']",['Pictures were more confusing']
A089,4,1.0,1.0,1.0,1.0,1.0,1.0,0.0,0.0,1.0,0.0,1.0,0.0,0.0,1.0,1.0,1.0,1.0,1.0,1.0,1.0,1.0,1.0,0.0,1.0,1.0,0.0,1.0,1.0,1.0,0.5,1.0,0.5,1.0,0.5,0.0,1.0,0.0,1.0,0.5,1.0,0.0,0.0,0.5,0.0,0.0,0.0,0.0,0.5,1.0,1.0,1.0,1.0,1.0,1.0,1.0,0.0,1.0,0.5,1.0,1.0,1.0,0.0,1.0,0.5,1.0,0.5,1.0,0.0,0.5,0.5,0.0,0.0,0.0,1.0,1.0,0.0,0.0,1.0,1.0,1.0,1.0,1.0,1.0,1.0,1.0,1.0,1.0,0.5,1.0,0.5,1.0,1.0,1.0,0.5,1.0,0.5,0.5,1.0,1.0,0.0,0.5,0.0,0.0,0.0,0.5,1.0,1.0,1.0,1.0,0.6,1.0,0.2,1.0,1.0,1.0,1.0,0.2,0.2,0.8,0.6,0.6,1.0,1.0,1.0,1.0,1.0,1.0,0.4,0.4,1.0,1.0,1.0,0.6,1.0,0.2,0.2,0.2,0.6,0.6,0.6,0.2,0.2,0.6,0.4,0.4,0.2,0.2,0.2,0.2,0.2,0.2,0.2,0.4,1.0,0.4,1.0,0.8,1.0,1.0,0.6,0.4,1.0,0.6,1.0,1.0,0.6,0.2,1.0,0.4,0.4,0.4,0.2,0.2,0.4,0.2,0.4,0.2,0.2,1.0,1.0,0.4,0.4,0.8,0.4,0.8,1.0,1.0,1.0,0.6,1.0,0.8,0.8,0.2,1.0,0.6,1.0,1.0,0.8,0.4,1.0,0.4,0.4,0.2,0.2,0.2,0.2,0.2,0.4,0.2,0.2,78.0,26.0,340.0,34.0,30.0,31.0,26.0,45.0,24.0,46.0,62.0,54.0,23.0,41.0,45.0,3.0,5.0,,,4.0,,,,,,6.0,,,1.0,2.0,4.0,3.0,9.0,6.0,2.0,,,,7.0,8.0,1.0,,,,5.0,7.0,10.0,,5.0,9.0,8.0,,,4.0,6.0,,3.0,,1.0,2.0,6.0,7.0,1.0,9.0,5.0,10.0,2.0,11.0,8.0,13.0,,12.0,3.0,,4.0,10.0,8.0,,,4.0,5.0,3.0,,6.0,7.0,,11.0,9.0,2.0,1.0,3.0,,,,,,,,,,,,2.0,,1.0,1.0,2.0,,,5.0,6.0,,7.0,3.0,4.0,,,8.0,,9.0,9.0,1.0,,,4.0,6.0,,5.0,2.0,3.0,,8.0,,,7.0,146.96,50.0,418.0,485.0,69.0,332.0,148.0,0.3,9.0,0.29,0.0,0.0,[1.0],['2 cup of coffee'],[0.0],[nan],"['No', 'Yes']","[nan, 'Remember some objects that were already in previous rooms']",[-1.0],[-0.5],"['No', 'Yes']","[nan, 'Remember some objects that were already in previous rooms']",[0.25],['The furniture/fixtures/objects in the room'],"[1.0, 1.0, 1.0, 1.0, nan, nan, nan, 'Visualising the room layout']",[nan],['Visualising the room layout'],['No'],"['No, I did not apply any mnemonic techniques']",['Weird to visualize a Flower vase instead of the lamp']
A090,1,1.0,0.0,1.0,1.0,1.0,1.0,1.0,1.0,1.0,1.0,0.0,1.0,0.0,0.0,0.0,0.0,1.0,1.0,1.0,1.0,1.0,0.5,1.0,1.0,1.0,1.0,1.0,1.0,1.0,1.0,0.0,1.0,1.0,0.5,1.0,0.0,0.25,0.5,0.0,0.0,0.5,0.0,1.0,0.0,0.5,1.0,0.0,1.0,1.0,0.0,1.0,1.0,1.0,1.0,1.0,0.0,1.0,1.0,0.25,0.0,1.0,0.0,0.5,0.5,1.0,0.5,0.0,0.5,0.0,0.5,0.5,1.0,0.5,1.0,0.0,1.0,0.0,1.0,0.0,0.0,1.0,1.0,1.0,1.0,1.0,1.0,1.0,0.5,1.0,1.0,1.0,0.0,1.0,1.0,1.0,1.0,1.0,0.5,0.0,1.0,0.0,0.0,0.0,0.0,1.0,0.8,0.6,0.6,0.6,0.6,0.6,0.6,1.0,0.6,0.6,0.6,0.6,0.2,0.6,0.4,0.4,0.6,0.6,0.6,0.6,0.6,0.6,0.2,0.6,0.8,0.6,0.6,0.6,0.4,0.4,0.2,0.6,0.4,0.6,0.4,0.2,0.2,0.4,0.4,0.2,0.2,0.2,0.2,0.4,0.4,0.4,0.6,0.4,1.0,0.2,0.4,0.4,0.6,0.8,0.4,0.2,0.4,0.4,0.4,0.4,0.4,0.2,0.4,0.4,0.4,0.4,0.2,0.2,0.4,0.4,0.4,0.2,0.4,0.4,0.4,0.4,0.4,0.4,0.4,0.8,0.6,0.8,1.0,0.6,0.8,1.0,0.8,0.6,0.6,0.4,0.4,0.4,0.8,0.6,0.6,0.4,0.4,0.2,0.4,0.6,0.4,0.4,0.4,0.4,0.4,71.0,38.0,235.0,36.0,31.0,33.0,30.0,31.0,27.0,29.0,23.0,24.0,15.0,28.0,25.0,1.0,2.0,7.0,,,5.0,6.0,,,,3.0,4.0,,,8.0,1.0,2.0,,,,3.0,,,6.0,5.0,8.0,4.0,,,7.0,1.0,2.0,,3.0,4.0,9.0,8.0,,,5.0,6.0,,10.0,11.0,7.0,5.0,4.0,6.0,13.0,12.0,7.0,11.0,,9.0,8.0,10.0,,1.0,2.0,3.0,1.0,2.0,3.0,4.0,5.0,,11.0,12.0,8.0,7.0,9.0,10.0,13.0,6.0,,1.0,2.0,,,,6.0,,,,,3.0,5.0,,,4.0,1.0,2.0,3.0,6.0,5.0,4.0,12.0,8.0,10.0,7.0,9.0,,,,11.0,1.0,2.0,3.0,12.0,11.0,4.0,9.0,,7.0,5.0,8.0,6.0,,,10.0,1.0,29.0,370.0,625.0,57.0,290.0,118.0,0.21,6.0,0.25,0.0,-0.5,[0.0],[nan],[0.0],[nan],"['No', nan]","[nan, nan]",[-0.5],[nan],"['No', nan]","[nan, nan]",[nan],"['The furniture/fixtures/objects in the room, The location of furniture/fixtures/objects, The items you picked up, Where you picked up and put down items, The order you completed items and tasks']","[1.0, 1.0, 0.8, 0.6, nan, nan, nan, 'Visualising the room layout']",[nan],['Visualising the room layout'],['No'],"['No, I did not apply any mnemonic techniques']",[nan]
A090,2,1.0,0.0,1.0,1.0,1.0,0.0,0.0,0.0,1.0,1.0,0.0,0.0,1.0,0.0,0.0,0.0,1.0,1.0,1.0,1.0,0.0,0.5,1.0,0.0,1.0,1.0,1.0,1.0,0.5,0.5,0.5,0.5,1.0,0.0,0.0,0.0,0.5,0.5,0.0,0.5,0.0,1.0,0.5,1.0,0.5,0.5,0.5,0.0,1.0,0.0,1.0,1.0,1.0,0.0,1.0,1.0,0.5,1.0,0.25,0.5,1.0,0.25,1.0,0.0,0.0,0.0,0.5,0.0,0.0,0.0,0.5,0.5,0.0,0.0,0.5,0.0,0.0,0.0,1.0,1.0,1.0,1.0,1.0,1.0,1.0,1.0,1.0,1.0,1.0,1.0,1.0,0.0,0.25,0.25,1.0,1.0,0.0,0.25,0.0,0.0,0.0,0.0,0.0,0.5,0.0,0.6,0.6,0.6,0.6,0.6,0.8,0.4,0.2,0.2,0.6,0.2,0.2,0.2,0.6,0.6,0.6,0.6,0.6,0.6,0.6,0.4,0.4,0.4,0.4,0.8,0.2,0.2,0.6,0.2,0.2,0.2,0.2,0.2,0.4,0.4,0.2,0.2,0.2,0.2,0.2,0.2,0.2,0.2,0.4,0.4,0.4,0.4,0.4,1.0,0.6,1.0,1.0,1.0,0.8,0.8,0.4,0.4,1.0,0.4,0.4,0.4,0.4,0.4,0.4,0.2,0.4,0.4,0.2,0.2,0.4,0.4,0.4,0.2,0.6,0.4,0.4,0.4,0.4,0.4,0.6,0.6,1.0,0.8,0.6,0.8,0.8,0.8,0.8,0.8,0.4,0.4,0.4,0.2,0.2,0.4,0.4,0.4,0.4,0.4,0.2,0.2,0.4,0.4,0.2,0.2,71.0,38.0,235.0,36.0,31.0,33.0,30.0,31.0,27.0,29.0,23.0,24.0,15.0,28.0,25.0,1.0,2.0,7.0,,,5.0,6.0,,,,3.0,4.0,,,8.0,1.0,2.0,,,,3.0,,,6.0,5.0,8.0,4.0,,,7.0,1.0,2.0,,3.0,4.0,9.0,8.0,,,5.0,6.0,,10.0,11.0,7.0,5.0,4.0,6.0,13.0,12.0,7.0,11.0,,9.0,8.0,10.0,,1.0,2.0,3.0,1.0,2.0,3.0,4.0,5.0,,11.0,12.0,8.0,7.0,9.0,10.0,13.0,6.0,,1.0,2.0,,,,6.0,,,,,3.0,5.0,,,4.0,1.0,2.0,3.0,6.0,5.0,4.0,12.0,8.0,10.0,7.0,9.0,,,,11.0,1.0,2.0,3.0,12.0,11.0,4.0,9.0,,7.0,5.0,8.0,6.0,,,10.0,23.54,24.0,484.67,406.67,93.0,283.0,112.0,0.17,7.0,0.27,-0.5,-0.5,[0.0],[nan],[0.0],[nan],"['No', 'No']","[nan, nan]",[-1.0],[0.0],"['No', 'No']","[nan, nan]",[0.75],"['The furniture/fixtures/objects in the room, The items you picked up']","[1.0, 1.0, 0.6, 0.6, nan, nan, nan, 'Associating items with personal experiences']",[nan],['Visualising the room layout'],['No'],"['No, I did not apply any mnemonic techniques']",[nan]
A090,3,1.0,0.0,0.0,1.0,0.0,0.0,0.0,0.0,0.0,0.0,0.0,1.0,0.0,0.0,0.0,0.0,1.0,1.0,1.0,1.0,0.0,0.0,1.0,0.0,0.25,0.5,0.5,0.5,0.0,1.0,0.5,1.0,1.0,0.25,1.0,0.0,1.0,0.5,0.5,0.5,0.5,1.0,0.0,0.5,0.5,0.0,0.5,0.0,1.0,0.0,0.0,1.0,0.0,1.0,1.0,0.0,0.25,1.0,1.0,1.0,0.0,0.25,1.0,1.0,0.0,0.0,0.5,0.0,0.0,0.5,1.0,0.0,0.0,0.0,0.0,0.0,0.0,0.0,1.0,1.0,1.0,0.0,1.0,1.0,0.0,1.0,1.0,0.0,0.5,0.0,1.0,0.25,1.0,0.25,0.5,0.0,0.0,0.0,0.0,0.0,0.5,0.5,1.0,0.0,0.0,0.4,0.4,0.4,0.4,0.4,0.6,0.6,0.2,0.4,0.4,0.2,0.4,0.2,0.4,0.4,0.4,0.4,0.4,0.6,0.4,0.4,0.4,0.4,0.4,0.4,0.2,0.4,0.2,0.2,0.2,0.2,0.2,0.4,0.2,0.2,0.2,0.2,0.2,0.2,0.2,0.2,0.2,0.2,0.4,0.4,0.4,0.4,0.6,0.8,0.2,0.6,0.6,0.4,0.6,0.2,0.2,0.4,0.2,0.4,0.4,0.2,0.2,0.2,0.4,0.2,0.2,0.2,0.2,0.4,0.4,0.2,0.2,0.2,0.2,0.4,0.2,0.4,0.4,0.4,0.4,0.2,0.6,0.6,0.6,0.6,0.6,0.6,0.4,0.4,0.4,0.4,0.2,0.2,0.4,0.2,0.4,0.2,0.2,0.4,0.2,0.2,0.2,0.2,0.2,0.2,71.0,38.0,235.0,36.0,31.0,33.0,30.0,31.0,27.0,29.0,23.0,24.0,15.0,28.0,25.0,1.0,2.0,7.0,,,5.0,6.0,,,,3.0,4.0,,,8.0,1.0,2.0,,,,3.0,,,6.0,5.0,8.0,4.0,,,7.0,1.0,2.0,,3.0,4.0,9.0,8.0,,,5.0,6.0,,10.0,11.0,7.0,5.0,4.0,6.0,13.0,12.0,7.0,11.0,,9.0,8.0,10.0,,1.0,2.0,3.0,1.0,2.0,3.0,4.0,5.0,,11.0,12.0,8.0,7.0,9.0,10.0,13.0,6.0,,1.0,2.0,,,,6.0,,,,,3.0,5.0,,,4.0,1.0,2.0,3.0,6.0,5.0,4.0,12.0,8.0,10.0,7.0,9.0,,,,11.0,1.0,2.0,3.0,12.0,11.0,4.0,9.0,,7.0,5.0,8.0,6.0,,,10.0,95.42,20.0,892.0,243.0,65.0,306.0,126.0,0.14,6.0,0.29,-0.5,-0.5,[0.0],[nan],[0.0],[nan],"['No', 'No']","[nan, 'it didnt really assist']",[-1.0],[-0.5],"['No', 'No']","[nan, 'it didnt really assist']",[0.25],"['The furniture/fixtures/objects in the room, The location of furniture/fixtures/objects, The items you picked up']","[1.0, 1.0, 0.4, 0.4, nan, nan, nan, 'No specific strategy']",[nan],['No specific strategy'],['No'],['Unsure'],[nan]
A090,4,1.0,1.0,0.0,1.0,1.0,0.0,0.0,0.0,1.0,0.0,1.0,0.0,0.0,1.0,1.0,0.0,0.5,1.0,0.5,0.25,0.0,0.0,0.0,0.0,1.0,1.0,0.5,0.5,0.0,0.5,0.5,0.0,0.0,0.5,0.0,0.0,0.0,0.0,0.5,0.5,1.0,0.5,0.5,0.0,0.0,0.0,0.0,0.0,1.0,1.0,1.0,0.0,1.0,1.0,1.0,1.0,0.0,0.5,0.0,0.5,0.0,1.0,1.0,0.5,0.0,1.0,1.0,0.5,0.0,1.0,0.0,0.5,0.0,0.0,0.0,0.0,0.0,1.0,0.5,1.0,1.0,1.0,1.0,1.0,1.0,1.0,1.0,0.0,0.5,1.0,0.0,1.0,0.0,0.5,0.0,0.5,0.0,0.5,0.25,0.5,0.0,1.0,0.0,0.5,0.0,0.4,0.6,0.2,0.6,0.4,0.4,0.4,0.2,0.2,0.4,0.6,0.2,0.4,0.2,1.0,0.2,0.4,0.8,0.4,0.2,0.2,0.4,0.4,0.4,0.2,0.2,0.4,0.2,0.2,0.2,0.2,0.2,0.4,0.2,0.2,0.2,0.2,0.2,0.2,0.2,0.2,0.2,0.2,0.4,0.4,0.4,0.4,0.4,0.6,0.4,0.4,0.4,0.6,0.4,0.4,0.2,0.4,0.4,0.4,0.4,0.4,0.2,0.4,0.4,0.4,0.4,0.4,0.2,0.4,0.4,0.4,0.2,0.2,0.2,0.2,0.4,0.4,0.4,0.4,0.4,0.4,0.4,0.4,0.4,0.6,0.6,0.4,0.4,0.4,0.4,0.4,0.4,0.4,0.4,0.4,0.4,0.4,0.4,0.4,0.2,0.2,0.4,0.2,0.2,0.2,71.0,38.0,235.0,36.0,31.0,33.0,30.0,31.0,27.0,29.0,23.0,24.0,15.0,28.0,25.0,1.0,2.0,7.0,,,5.0,6.0,,,,3.0,4.0,,,8.0,1.0,2.0,,,,3.0,,,6.0,5.0,8.0,4.0,,,7.0,1.0,2.0,,3.0,4.0,9.0,8.0,,,5.0,6.0,,10.0,11.0,7.0,5.0,4.0,6.0,13.0,12.0,7.0,11.0,,9.0,8.0,10.0,,1.0,2.0,3.0,1.0,2.0,3.0,4.0,5.0,,11.0,12.0,8.0,7.0,9.0,10.0,13.0,6.0,,1.0,2.0,,,,6.0,,,,,3.0,5.0,,,4.0,1.0,2.0,3.0,6.0,5.0,4.0,12.0,8.0,10.0,7.0,9.0,,,,11.0,1.0,2.0,3.0,12.0,11.0,4.0,9.0,,7.0,5.0,8.0,6.0,,,10.0,144.07,23.0,192.0,352.0,45.0,253.0,88.0,0.13,4.0,0.33,-1.0,-0.5,[0.0],[nan],[0.0],[nan],"['No', 'No']","[nan, nan]",[-1.0],[-1.0],"['No', 'No']","[nan, nan]",[0.25],['The location of furniture/fixtures/objects'],"[1.0, 0.5, 0.4, 0.4, nan, 1.0, nan, 'No specific strategy']",[nan],['No specific strategy'],['No'],"['No, I did not apply any mnemonic techniques']",[nan]
A091,1,1.0,1.0,1.0,1.0,1.0,1.0,0.0,1.0,0.0,1.0,0.0,0.0,1.0,1.0,1.0,1.0,1.0,1.0,1.0,1.0,1.0,0.0,1.0,1.0,1.0,1.0,0.5,0.5,0.0,1.0,1.0,0.0,0.0,0.5,0.0,1.0,1.0,1.0,1.0,0.5,0.0,1.0,0.0,0.0,0.5,0.5,0.0,0.5,1.0,1.0,1.0,1.0,1.0,1.0,1.0,1.0,1.0,1.0,1.0,0.25,1.0,0.0,0.0,1.0,0.5,1.0,1.0,0.5,0.0,1.0,0.0,1.0,0.0,1.0,0.0,1.0,0.0,1.0,1.0,1.0,1.0,1.0,1.0,1.0,0.0,1.0,1.0,1.0,0.5,1.0,1.0,1.0,1.0,0.0,0.0,0.5,0.5,1.0,1.0,1.0,0.0,0.0,0.0,1.0,0.0,1.0,0.8,1.0,0.8,1.0,1.0,1.0,1.0,0.2,0.6,0.2,0.2,1.0,1.0,1.0,0.8,1.0,1.0,1.0,1.0,1.0,1.0,0.8,0.8,1.0,1.0,1.0,0.6,0.2,0.2,0.2,1.0,0.8,1.0,0.2,0.2,0.2,0.6,0.8,0.6,0.2,0.2,0.2,0.6,0.6,0.6,0.6,0.6,1.0,1.0,1.0,1.0,1.0,1.0,1.0,1.0,0.6,1.0,1.0,1.0,1.0,0.6,0.6,0.6,0.6,0.6,1.0,0.2,0.6,0.6,0.6,0.6,0.6,0.6,1.0,0.6,0.6,1.0,0.8,1.0,1.0,1.0,1.0,1.0,1.0,1.0,1.0,1.0,0.6,0.8,1.0,0.6,1.0,0.6,0.8,0.6,0.6,0.2,1.0,0.6,0.6,0.6,0.4,0.4,0.4,70.0,36.0,318.0,23.0,41.0,37.0,22.0,19.0,14.0,28.0,36.0,40.0,12.0,21.0,25.0,6.0,5.0,2.0,,,,,,,4.0,,,,3.0,1.0,4.0,7.0,6.0,,,,,,,5.0,,2.0,4.0,3.0,1.0,4.0,5.0,7.0,6.0,11.0,10.0,,8.0,,9.0,,3.0,,2.0,1.0,8.0,13.0,7.0,11.0,6.0,5.0,1.0,10.0,2.0,9.0,3.0,4.0,11.0,,,5.0,6.0,9.0,7.0,12.0,13.0,14.0,11.0,,8.0,4.0,3.0,10.0,2.0,1.0,6.0,5.0,,,,,,,,,1.0,2.0,3.0,,4.0,,,5.0,2.0,4.0,3.0,1.0,7.0,,,,6.0,,,,,7.0,1.0,8.0,5.0,4.0,6.0,,,2.0,,,3.0,,,1.0,79.0,337.0,701.0,127.0,365.0,162.0,0.23,8.0,0.23,0.5,0.0,[1.0],['2 cups of coffee'],[0.0],[nan],"['No', nan]","[nan, nan]",[-0.5],[nan],"['No', nan]","[nan, nan]",[nan],"['The furniture/fixtures/objects in the room, The location of furniture/fixtures/objects, The items you picked up, Where you picked up and put down items, The order you completed items and tasks']","[1.0, 1.0, 1.0, 1.0, nan, nan, nan, 'No specific strategy']",[nan],['No specific strategy'],['Unsure'],"['No, I did not apply any mnemonic techniques']",[nan]
A091,2,1.0,1.0,1.0,1.0,0.0,0.0,0.0,1.0,0.0,1.0,1.0,0.0,1.0,1.0,0.0,0.0,1.0,1.0,1.0,1.0,1.0,0.0,0.0,1.0,0.5,1.0,1.0,0.0,0.5,0.25,0.5,0.5,0.25,1.0,0.0,0.0,0.25,0.5,1.0,1.0,0.5,0.0,0.0,0.0,1.0,0.5,1.0,0.0,1.0,1.0,1.0,1.0,1.0,0.0,1.0,1.0,1.0,0.0,1.0,0.25,0.5,0.0,1.0,1.0,0.0,0.5,1.0,0.5,0.0,0.0,0.0,0.5,1.0,0.5,0.0,1.0,1.0,1.0,1.0,1.0,1.0,1.0,1.0,1.0,1.0,1.0,1.0,1.0,1.0,0.0,1.0,1.0,0.5,0.25,0.25,0.5,0.0,0.0,0.5,1.0,1.0,0.0,0.0,0.0,0.0,1.0,0.8,0.8,1.0,0.8,0.6,0.6,1.0,0.8,0.8,0.8,0.8,1.0,0.6,0.6,0.6,1.0,0.8,0.8,1.0,0.6,0.8,0.6,0.2,0.8,0.6,0.6,0.6,0.8,0.8,0.6,0.6,0.6,0.6,0.6,0.6,1.0,0.6,0.6,0.6,0.6,0.6,0.6,0.6,0.6,0.6,0.6,0.6,1.0,1.0,1.0,1.0,1.0,0.6,1.0,1.0,0.6,0.2,0.6,0.6,0.6,0.6,0.6,0.2,0.6,0.6,1.0,0.6,0.2,0.2,0.2,0.2,0.2,0.6,0.6,0.6,0.4,0.6,0.6,1.0,1.0,1.0,1.0,1.0,1.0,1.0,1.0,1.0,0.6,0.6,0.8,1.0,0.8,0.6,0.6,0.2,0.6,0.4,1.0,0.2,0.2,0.2,0.2,0.2,0.2,70.0,36.0,318.0,23.0,41.0,37.0,22.0,19.0,14.0,28.0,36.0,40.0,12.0,21.0,25.0,6.0,5.0,2.0,,,,,,,4.0,,,,3.0,1.0,4.0,7.0,6.0,,,,,,,5.0,,2.0,4.0,3.0,1.0,4.0,5.0,7.0,6.0,11.0,10.0,,8.0,,9.0,,3.0,,2.0,1.0,8.0,13.0,7.0,11.0,6.0,5.0,1.0,10.0,2.0,9.0,3.0,4.0,11.0,,,5.0,6.0,9.0,7.0,12.0,13.0,14.0,11.0,,8.0,4.0,3.0,10.0,2.0,1.0,6.0,5.0,,,,,,,,,1.0,2.0,3.0,,4.0,,,5.0,2.0,4.0,3.0,1.0,7.0,,,,6.0,,,,,7.0,1.0,8.0,5.0,4.0,6.0,,,2.0,,,3.0,,,22.2,64.0,670.0,359.0,109.0,324.0,154.0,0.07,9.0,0.31,0.0,0.0,[1.0],['1 cup of coffee'],[0.0],[nan],"['No', 'Yes']","[nan, 'had an expectation of the questions.']",[-0.5],[0.5],"['No', 'Yes']","[nan, 'had an expectation of the questions.']",[0.25],"['The furniture/fixtures/objects in the room, The location of furniture/fixtures/objects']","[1.0, 1.0, 1.0, 1.0, nan, nan, nan, 'Visualising the room layout']",[nan],['No specific strategy'],['Unsure'],"['No, I did not apply any mnemonic techniques']",[nan]
A091,3,1.0,1.0,1.0,1.0,1.0,0.0,0.0,0.0,0.0,1.0,0.0,0.0,1.0,0.0,0.0,0.0,1.0,1.0,1.0,1.0,0.0,1.0,0.0,0.0,1.0,0.0,0.5,0.5,0.5,0.0,0.5,0.0,1.0,0.5,0.0,0.5,0.0,0.5,1.0,0.5,0.0,1.0,0.0,0.5,0.5,0.0,0.5,0.0,1.0,1.0,0.0,1.0,1.0,0.0,1.0,0.25,0.0,1.0,1.0,0.5,1.0,1.0,0.0,1.0,0.0,0.0,0.0,0.0,0.0,0.5,1.0,0.0,0.5,0.0,0.5,1.0,0.0,0.0,0.0,1.0,1.0,1.0,1.0,1.0,1.0,1.0,1.0,0.25,1.0,0.5,1.0,0.25,1.0,0.5,1.0,0.5,0.0,0.0,0.0,0.0,0.5,0.0,0.5,0.0,0.0,0.8,0.8,0.8,1.0,1.0,1.0,1.0,0.2,0.2,0.6,0.2,0.4,0.8,0.6,0.4,0.4,0.6,0.6,0.6,0.6,0.6,0.6,0.2,0.2,1.0,0.6,0.4,0.2,0.6,0.2,0.2,0.6,0.4,0.2,0.6,0.2,0.2,0.4,0.2,0.2,0.2,0.2,0.2,0.6,0.6,0.6,0.6,0.6,1.0,1.0,0.6,1.0,1.0,0.8,1.0,0.6,0.4,0.6,0.6,0.6,0.8,0.6,0.6,0.6,0.6,0.6,0.8,0.2,0.2,0.2,0.2,0.2,0.2,0.6,0.8,0.8,0.6,0.6,0.6,0.8,1.0,1.0,1.0,1.0,1.0,1.0,1.0,0.6,0.8,0.6,1.0,0.4,0.8,0.6,0.6,0.6,0.6,0.4,0.6,0.2,0.2,0.2,0.2,0.2,0.2,70.0,36.0,318.0,23.0,41.0,37.0,22.0,19.0,14.0,28.0,36.0,40.0,12.0,21.0,25.0,6.0,5.0,2.0,,,,,,,4.0,,,,3.0,1.0,4.0,7.0,6.0,,,,,,,5.0,,2.0,4.0,3.0,1.0,4.0,5.0,7.0,6.0,11.0,10.0,,8.0,,9.0,,3.0,,2.0,1.0,8.0,13.0,7.0,11.0,6.0,5.0,1.0,10.0,2.0,9.0,3.0,4.0,11.0,,,5.0,6.0,9.0,7.0,12.0,13.0,14.0,11.0,,8.0,4.0,3.0,10.0,2.0,1.0,6.0,5.0,,,,,,,,,1.0,2.0,3.0,,4.0,,,5.0,2.0,4.0,3.0,1.0,7.0,,,,6.0,,,,,7.0,1.0,8.0,5.0,4.0,6.0,,,2.0,,,3.0,,,73.64,58.0,392.0,605.0,62.0,260.0,183.0,0.21,9.0,0.31,0.0,0.0,[1.0],['3x Coffee'],[0.0],[nan],"['No', 'No']","[nan, 'More overall picture of all the rooms']",[-0.5],[0.0],"['No', 'No']","[nan, 'More overall picture of all the rooms']",[0.25],"['The location of furniture/fixtures/objects, The items you picked up']","[1.0, 1.0, 0.8, 0.6, nan, nan, nan, 'No specific strategy']",[nan],['No specific strategy'],['Unsure'],"['No, I did not apply any mnemonic techniques']",[nan]
A091,4,1.0,1.0,1.0,1.0,0.0,1.0,1.0,0.0,0.0,1.0,1.0,0.0,1.0,0.0,0.0,0.0,1.0,1.0,1.0,1.0,0.0,0.5,1.0,1.0,0.5,0.0,0.5,0.0,0.0,1.0,1.0,1.0,0.0,0.0,0.0,0.0,1.0,0.0,1.0,0.5,0.5,0.5,0.0,0.0,1.0,0.5,0.0,1.0,1.0,1.0,1.0,1.0,1.0,0.0,1.0,0.5,1.0,0.0,0.0,0.0,1.0,0.5,0.0,0.0,0.0,0.5,1.0,1.0,0.0,0.5,0.0,0.5,1.0,0.0,0.0,1.0,0.0,1.0,1.0,1.0,0.5,1.0,1.0,1.0,1.0,1.0,1.0,0.5,1.0,0.0,0.0,0.25,1.0,0.5,0.0,0.0,0.0,0.0,1.0,1.0,0.0,0.5,0.5,0.0,0.0,0.6,0.6,0.6,0.6,0.2,1.0,1.0,0.2,0.2,1.0,1.0,0.2,1.0,0.4,0.6,0.6,0.6,1.0,0.6,1.0,0.4,0.8,0.8,0.6,0.2,0.4,1.0,0.6,0.2,0.2,0.2,1.0,1.0,0.4,0.2,0.2,0.2,0.2,0.2,0.2,0.2,0.2,0.2,0.6,0.4,0.4,0.4,0.4,1.0,1.0,1.0,1.0,1.0,0.6,1.0,0.6,1.0,0.6,0.6,0.6,1.0,0.4,0.6,1.0,0.4,0.4,1.0,0.2,0.2,0.2,0.2,0.2,0.2,0.6,0.6,1.0,0.6,0.8,0.6,0.8,0.4,1.0,1.0,0.8,1.0,1.0,1.0,0.8,1.0,0.6,0.6,0.6,1.0,0.6,0.6,1.0,0.6,0.2,1.0,0.2,0.2,0.2,0.2,0.2,0.2,70.0,36.0,318.0,23.0,41.0,37.0,22.0,19.0,14.0,28.0,36.0,40.0,12.0,21.0,25.0,6.0,5.0,2.0,,,,,,,4.0,,,,3.0,1.0,4.0,7.0,6.0,,,,,,,5.0,,2.0,4.0,3.0,1.0,4.0,5.0,7.0,6.0,11.0,10.0,,8.0,,9.0,,3.0,,2.0,1.0,8.0,13.0,7.0,11.0,6.0,5.0,1.0,10.0,2.0,9.0,3.0,4.0,11.0,,,5.0,6.0,9.0,7.0,12.0,13.0,14.0,11.0,,8.0,4.0,3.0,10.0,2.0,1.0,6.0,5.0,,,,,,,,,1.0,2.0,3.0,,4.0,,,5.0,2.0,4.0,3.0,1.0,7.0,,,,6.0,,,,,7.0,1.0,8.0,5.0,4.0,6.0,,,2.0,,,3.0,,,142.61,51.0,463.0,376.0,78.0,349.0,133.0,0.13,8.0,0.27,1.0,0.0,[1.0],['2x coffee'],[0.0],[nan],"['No', 'Yes']","[nan, 'Covering the extent of items']",[-0.5],[0.0],"['No', 'Yes']","[nan, 'Covering the extent of items']",[0.25],"['The items you picked up, Where you picked up and put down items']","[1.0, 1.0, 0.6, 0.6, nan, nan, nan, 'No specific strategy']",[nan],['No specific strategy'],['Unsure'],"['No, I did not apply any mnemonic techniques']",['The VR experience was excellent and a pleasant experience. Well done.']
A092,1,1.0,1.0,1.0,1.0,1.0,1.0,0.0,0.0,0.0,0.0,0.0,0.0,1.0,1.0,0.0,1.0,1.0,1.0,1.0,1.0,0.0,0.0,1.0,0.0,1.0,1.0,0.0,0.5,0.0,0.0,1.0,0.5,0.5,0.5,1.0,0.0,0.0,0.0,0.0,0.0,0.5,1.0,0.5,0.5,0.0,0.0,0.5,0.0,1.0,1.0,1.0,1.0,1.0,1.0,1.0,1.0,1.0,1.0,1.0,1.0,1.0,1.0,0.5,0.5,0.0,0.5,0.0,0.0,0.5,0.5,0.5,0.0,0.0,0.0,0.0,0.0,0.0,0.0,1.0,0.0,1.0,1.0,1.0,1.0,0.0,1.0,1.0,0.5,1.0,0.5,0.0,1.0,1.0,0.5,0.5,1.0,0.5,1.0,0.0,0.0,0.0,0.5,0.5,0.0,0.0,1.0,1.0,1.0,1.0,1.0,0.4,0.8,0.2,0.2,0.4,0.2,0.2,0.6,1.0,0.6,1.0,1.0,1.0,1.0,1.0,1.0,0.6,1.0,0.6,1.0,1.0,0.2,1.0,1.0,0.2,0.2,0.4,0.6,0.2,0.2,0.2,0.2,0.2,0.2,0.2,0.2,0.2,0.2,0.4,0.4,0.4,0.4,0.4,1.0,0.6,1.0,1.0,1.0,1.0,1.0,0.4,1.0,1.0,0.6,1.0,1.0,0.4,0.4,1.0,0.2,0.4,0.2,0.2,0.4,0.4,0.2,0.2,0.2,0.6,0.6,0.6,0.4,0.6,0.6,1.0,1.0,1.0,1.0,1.0,1.0,1.0,1.0,1.0,1.0,1.0,1.0,1.0,1.0,1.0,0.2,1.0,0.4,1.0,1.0,0.2,0.2,0.2,0.2,0.2,0.2,75.0,37.0,212.0,25.0,48.0,42.0,61.0,29.0,23.0,23.0,19.0,20.0,18.0,24.0,41.0,1.0,,,,,3.0,,,,2.0,,,,,,,2.0,,6.0,1.0,3.0,7.0,,,4.0,,,,,5.0,9.0,,8.0,,3.0,7.0,6.0,,,5.0,,2.0,,4.0,,9.0,,10.0,11.0,8.0,7.0,5.0,,,4.0,,6.0,3.0,2.0,1.0,7.0,11.0,6.0,,10.0,8.0,5.0,,,9.0,1.0,4.0,,2.0,3.0,5.0,,,,,,6.0,,,,,3.0,4.0,2.0,1.0,3.0,,4.0,,6.0,5.0,2.0,,,1.0,,7.0,,,,1.0,,2.0,,6.0,5.0,3.0,,,4.0,,7.0,,,,1.0,83.0,640.0,818.0,169.0,535.0,181.0,0.31,6.0,0.29,-0.5,-0.5,[1.0],['1 cup of coffee'],[0.0],[nan],"['No', nan]","[nan, nan]",[0.0],[nan],"['No', nan]","[nan, nan]",[nan],"['The furniture/fixtures/objects in the room, The location of furniture/fixtures/objects, The items you picked up']","[1.0, 1.0, 1.0, 1.0, nan, nan, nan, 'Visualising the room layout']",[nan],['Visualising the room layout'],['No'],"['No, I did not apply any mnemonic techniques']",['Dropping a couple of the items impacted on my memory of where I picked them up/put them down. I recalled them falling down more readily.']
A092,2,1.0,1.0,1.0,1.0,1.0,1.0,1.0,0.0,0.0,1.0,1.0,0.0,0.0,0.0,1.0,1.0,1.0,1.0,1.0,1.0,1.0,0.5,0.0,1.0,1.0,0.0,0.5,1.0,1.0,0.0,0.25,0.0,0.25,0.0,0.5,1.0,0.5,0.5,1.0,1.0,0.5,0.5,1.0,1.0,0.0,1.0,0.5,0.5,1.0,0.0,0.0,1.0,1.0,1.0,1.0,0.0,1.0,1.0,1.0,0.0,0.25,0.0,0.25,0.0,0.0,0.5,0.5,0.5,0.0,1.0,0.5,1.0,0.0,0.0,0.5,0.0,0.0,1.0,0.0,1.0,1.0,1.0,0.0,1.0,1.0,0.0,1.0,0.0,1.0,1.0,1.0,0.5,0.5,0.0,1.0,0.0,0.0,0.5,0.5,0.5,0.0,1.0,0.0,0.5,0.0,1.0,1.0,1.0,1.0,1.0,0.6,0.6,0.2,0.2,1.0,1.0,0.2,0.2,0.8,0.8,0.6,1.0,1.0,1.0,1.0,0.8,0.8,0.6,0.8,1.0,0.2,0.8,1.0,1.0,0.8,0.2,0.2,0.2,0.4,0.4,0.2,0.2,0.2,0.2,0.6,0.2,0.2,0.2,0.6,0.6,0.6,0.6,0.6,0.6,0.4,1.0,1.0,1.0,1.0,0.4,0.8,1.0,1.0,1.0,1.0,0.4,0.2,0.4,0.2,0.6,0.4,0.4,0.2,0.2,1.0,0.2,0.2,0.2,0.6,0.6,0.4,0.4,0.4,0.4,1.0,1.0,1.0,1.0,1.0,1.0,1.0,1.0,0.6,1.0,1.0,1.0,1.0,0.2,0.6,0.4,0.2,0.6,0.4,0.4,0.2,0.2,1.0,0.2,0.2,0.2,75.0,37.0,212.0,25.0,48.0,42.0,61.0,29.0,23.0,23.0,19.0,20.0,18.0,24.0,41.0,1.0,,,,,3.0,,,,2.0,,,,,,,2.0,,6.0,1.0,3.0,7.0,,,4.0,,,,,5.0,9.0,,8.0,,3.0,7.0,6.0,,,5.0,,2.0,,4.0,,9.0,,10.0,11.0,8.0,7.0,5.0,,,4.0,,6.0,3.0,2.0,1.0,7.0,11.0,6.0,,10.0,8.0,5.0,,,9.0,1.0,4.0,,2.0,3.0,5.0,,,,,,6.0,,,,,3.0,4.0,2.0,1.0,3.0,,4.0,,6.0,5.0,2.0,,,1.0,,7.0,,,,1.0,,2.0,,6.0,5.0,3.0,,,4.0,,7.0,,,,22.83,90.0,481.0,1026.0,126.0,459.0,192.0,0.31,6.0,0.25,0.0,0.0,[1.0],['1 cup of Coffee 1 cup of Tea'],[0.0],[nan],"['No', 'No']","[nan, ""It didn't, I don't recall yesterdays answers and feel some items in today's test were mentioned in yesterdays test?""]",[-0.5],[0.0],"['No', 'No']","[nan, ""It didn't, I don't recall yesterdays answers and feel some items in today's test were mentioned in yesterdays test?""]",[0.0],"['The furniture/fixtures/objects in the room, The location of furniture/fixtures/objects']","[1.0, 1.0, 1.0, 1.0, nan, nan, nan, 'Visualising the room layout, Creating a mental story or narrative']",[nan],['No specific strategy'],['Yes'],"['No, I did not apply any mnemonic techniques']",[nan]
A092,3,1.0,1.0,1.0,1.0,0.0,1.0,1.0,0.0,0.0,0.0,0.0,0.0,0.0,1.0,0.0,1.0,1.0,1.0,1.0,1.0,1.0,1.0,1.0,0.0,1.0,0.25,0.0,0.5,1.0,1.0,1.0,0.5,0.25,0.5,0.25,0.0,1.0,1.0,1.0,1.0,1.0,0.0,0.0,0.5,0.0,0.0,0.0,0.0,1.0,1.0,1.0,1.0,0.0,1.0,1.0,0.5,0.0,0.0,0.5,1.0,1.0,1.0,0.5,0.0,1.0,0.0,0.0,0.5,0.0,0.0,0.0,0.0,1.0,1.0,1.0,1.0,0.0,1.0,1.0,1.0,1.0,1.0,1.0,1.0,0.0,1.0,1.0,0.5,0.0,0.0,0.25,1.0,1.0,1.0,0.25,0.0,0.5,0.0,0.0,0.0,0.0,1.0,0.0,0.5,0.0,0.8,0.8,1.0,1.0,0.8,0.6,0.6,0.4,0.2,1.0,0.4,0.4,0.2,0.4,0.6,0.6,1.0,1.0,0.6,0.8,0.4,0.6,0.6,0.6,0.8,1.0,0.4,0.4,0.2,0.2,0.2,0.2,0.6,0.6,0.2,0.4,0.2,0.2,0.2,0.2,0.2,0.2,0.2,0.6,0.4,0.8,0.4,0.4,1.0,1.0,1.0,1.0,0.2,0.2,0.6,0.6,0.6,0.6,0.2,0.6,0.4,1.0,0.2,0.4,0.2,0.2,0.2,0.2,0.2,0.2,0.2,0.2,0.2,0.4,0.4,1.0,0.8,1.0,0.8,0.6,0.8,1.0,1.0,0.6,1.0,1.0,1.0,0.6,0.6,1.0,0.2,1.0,1.0,1.0,0.6,0.4,0.4,0.2,1.0,0.2,0.2,0.2,0.2,0.2,0.2,75.0,37.0,212.0,25.0,48.0,42.0,61.0,29.0,23.0,23.0,19.0,20.0,18.0,24.0,41.0,1.0,,,,,3.0,,,,2.0,,,,,,,2.0,,6.0,1.0,3.0,7.0,,,4.0,,,,,5.0,9.0,,8.0,,3.0,7.0,6.0,,,5.0,,2.0,,4.0,,9.0,,10.0,11.0,8.0,7.0,5.0,,,4.0,,6.0,3.0,2.0,1.0,7.0,11.0,6.0,,10.0,8.0,5.0,,,9.0,1.0,4.0,,2.0,3.0,5.0,,,,,,6.0,,,,,3.0,4.0,2.0,1.0,3.0,,4.0,,6.0,5.0,2.0,,,1.0,,7.0,,,,1.0,,2.0,,6.0,5.0,3.0,,,4.0,,7.0,,,,71.31,66.0,579.67,688.0,102.0,412.0,147.0,0.31,6.0,0.27,0.0,0.0,[1.0],['2 cups of coffee'],[0.0],[nan],"['No', 'No']","[nan, ""Didn't, I found my recall for this room somewhat difficult and more so than for the living room (Test 1)""]",[-0.5],[-0.5],"['No', 'No']","[nan, ""Didn't, I found my recall for this room somewhat difficult and more so than for the living room (Test 1)""]",[0.25],['The location of furniture/fixtures/objects'],"[1.0, 1.0, 0.8, 1.0, nan, nan, nan, 'Visualising the room layout']",[nan],['No specific strategy'],['Yes'],"['Yes, visual imagery']",[nan]
A092,4,1.0,1.0,1.0,0.0,1.0,0.0,0.0,0.0,0.0,0.0,0.0,0.0,0.0,1.0,1.0,1.0,1.0,1.0,1.0,1.0,1.0,0.0,0.0,0.0,0.5,0.0,1.0,0.5,0.5,1.0,1.0,1.0,0.0,0.0,0.0,0.5,0.0,0.5,0.5,1.0,0.5,0.5,1.0,0.0,0.0,0.5,0.0,0.5,1.0,1.0,1.0,1.0,1.0,1.0,0.0,0.0,1.0,0.0,1.0,0.5,0.0,1.0,0.0,0.0,0.25,1.0,0.5,0.5,0.0,1.0,0.0,0.0,0.5,0.0,0.0,0.0,0.0,0.0,0.0,1.0,0.5,1.0,1.0,1.0,1.0,1.0,1.0,0.0,1.0,1.0,1.0,0.5,0.0,0.5,0.0,1.0,0.5,0.5,0.5,0.5,0.0,0.5,0.0,0.5,0.0,0.6,0.6,0.8,0.2,0.2,0.4,0.2,0.2,0.2,0.2,0.2,0.8,0.2,1.0,0.6,0.4,1.0,1.0,1.0,1.0,0.4,0.4,1.0,0.8,1.0,0.6,0.4,0.2,0.6,0.8,0.6,0.8,0.4,0.2,0.4,0.8,0.4,0.2,0.2,0.2,0.2,0.2,0.2,1.0,1.0,0.8,1.0,1.0,1.0,0.6,0.2,0.6,0.8,0.6,0.4,0.6,0.4,0.2,0.6,0.4,0.2,0.4,0.2,0.2,0.2,0.2,0.4,0.2,0.2,0.2,0.2,0.2,0.2,0.4,0.4,0.4,1.0,1.0,1.0,1.0,1.0,1.0,1.0,1.0,1.0,1.0,1.0,0.6,0.6,0.8,1.0,0.8,0.4,0.2,0.2,0.2,0.4,0.4,0.4,0.2,0.2,0.2,0.2,0.2,0.2,75.0,37.0,212.0,25.0,48.0,42.0,61.0,29.0,23.0,23.0,19.0,20.0,18.0,24.0,41.0,1.0,,,,,3.0,,,,2.0,,,,,,,2.0,,6.0,1.0,3.0,7.0,,,4.0,,,,,5.0,9.0,,8.0,,3.0,7.0,6.0,,,5.0,,2.0,,4.0,,9.0,,10.0,11.0,8.0,7.0,5.0,,,4.0,,6.0,3.0,2.0,1.0,7.0,11.0,6.0,,10.0,8.0,5.0,,,9.0,1.0,4.0,,2.0,3.0,5.0,,,,,,6.0,,,,,3.0,4.0,2.0,1.0,3.0,,4.0,,6.0,5.0,2.0,,,1.0,,7.0,,,,1.0,,2.0,,6.0,5.0,3.0,,,4.0,,7.0,,,,146.16,130.0,618.0,677.0,99.0,663.0,203.0,0.38,7.0,0.31,0.5,0.0,[1.0],['1 cup of coffee'],[1.0],['1 glass of red wine'],"['No', 'Unsure']","[nan, 'I knew bedroom was todays topic by elimination and so I tried to think about it over the past couple of days and I Think it helped me recall a couple of items/events']",[-0.5],[0.0],"['No', 'Unsure']","[nan, 'I knew bedroom was todays topic by elimination and so I tried to think about it over the past couple of days and I Think it helped me recall a couple of items/events']",[0.5],"['The furniture/fixtures/objects in the room, The location of furniture/fixtures/objects']","[1.0, 1.0, 0.6, 1.0, nan, nan, nan, 'Visualising the room layout, Creating a mental story or narrative']",[nan],['Visualising the room layout'],['Yes'],"['Yes, visual imagery']",[nan]
A093,1,1.0,1.0,1.0,1.0,1.0,1.0,0.0,1.0,1.0,1.0,1.0,0.0,0.0,1.0,1.0,0.0,1.0,1.0,1.0,1.0,1.0,1.0,1.0,0.0,1.0,1.0,1.0,1.0,0.0,0.0,0.5,0.5,1.0,0.0,0.5,1.0,0.5,0.0,0.0,1.0,1.0,1.0,0.0,1.0,0.0,0.0,0.5,0.0,1.0,1.0,1.0,1.0,1.0,1.0,1.0,1.0,1.0,1.0,0.0,0.0,1.0,0.5,1.0,0.0,1.0,0.5,1.0,0.0,0.0,1.0,0.5,1.0,0.0,0.5,0.0,0.0,0.0,1.0,1.0,1.0,1.0,1.0,1.0,1.0,1.0,1.0,1.0,1.0,1.0,1.0,0.0,0.0,1.0,0.5,1.0,0.0,1.0,1.0,1.0,0.0,0.0,1.0,0.0,0.5,0.5,1.0,1.0,1.0,1.0,1.0,1.0,0.6,0.8,1.0,1.0,1.0,0.2,0.2,1.0,1.0,0.8,1.0,1.0,1.0,1.0,1.0,0.8,1.0,1.0,1.0,1.0,1.0,1.0,1.0,0.2,0.2,0.8,1.0,1.0,0.4,0.2,0.2,1.0,0.8,1.0,0.8,0.2,0.2,0.8,0.8,0.8,0.8,0.8,1.0,1.0,1.0,1.0,1.0,0.8,1.0,1.0,1.0,1.0,1.0,0.6,1.0,0.8,1.0,0.8,1.0,0.6,1.0,0.8,1.0,1.0,0.8,0.8,1.0,0.8,0.6,0.6,0.6,1.0,0.6,1.0,1.0,1.0,1.0,0.8,1.0,1.0,1.0,1.0,1.0,1.0,0.8,0.6,1.0,0.8,1.0,0.8,0.4,0.6,1.0,0.8,0.8,1.0,0.6,0.6,0.6,136.0,23.0,555.0,52.0,49.0,44.0,35.0,23.0,32.0,30.0,42.0,61.0,16.0,26.0,45.0,1.0,2.0,3.0,,,,,,,,,,,4.0,5.0,7.0,8.0,5.0,6.0,3.0,,11.0,,9.0,4.0,,10.0,,2.0,1.0,7.0,8.0,,9.0,4.0,3.0,10.0,5.0,,6.0,,,,2.0,1.0,9.0,10.0,8.0,7.0,6.0,5.0,11.0,,,12.0,4.0,,3.0,2.0,1.0,1.0,2.0,12.0,3.0,9.0,10.0,4.0,6.0,7.0,5.0,8.0,,,,11.0,3.0,,5.0,,,4.0,,,,,,2.0,,,1.0,1.0,2.0,3.0,,,,4.0,5.0,8.0,6.0,9.0,,,,7.0,1.0,,3.0,2.0,,,6.0,,5.0,4.0,,8.0,,9.0,7.0,1.0,99.0,559.0,1109.0,111.0,334.0,171.0,0.22,7.0,0.27,0.0,0.0,[1.0],['1 coffee'],[0.0],[nan],"['No', nan]","[nan, nan]",[0.0],[nan],"['No', nan]","[nan, nan]",[nan],"['The location of furniture/fixtures/objects, The items you picked up, Where you picked up and put down items, The order you completed items and tasks']","[1.0, 1.0, 1.0, 1.0, nan, nan, nan, 'Visualising the room layout']",[nan],['Visualising the room layout'],['No'],"['No, I did not apply any mnemonic techniques']",[nan]
A093,2,1.0,0.0,1.0,1.0,0.0,1.0,0.0,1.0,1.0,1.0,1.0,1.0,1.0,0.0,0.0,0.0,1.0,0.5,0.5,1.0,0.0,0.5,1.0,1.0,0.5,1.0,1.0,1.0,1.0,1.0,1.0,1.0,0.0,0.5,0.25,0.0,0.0,0.0,1.0,0.5,0.5,0.0,0.0,0.0,0.5,1.0,0.0,1.0,1.0,1.0,1.0,1.0,1.0,1.0,1.0,1.0,1.0,1.0,1.0,1.0,1.0,0.25,0.0,0.5,0.5,0.0,0.0,0.5,0.5,0.5,0.5,0.5,1.0,0.0,0.5,0.0,0.0,1.0,0.0,0.0,1.0,1.0,1.0,1.0,1.0,1.0,1.0,1.0,1.0,1.0,1.0,1.0,1.0,0.25,0.0,0.5,0.25,0.0,0.0,0.0,0.0,1.0,0.0,0.5,1.0,0.8,0.8,0.8,0.8,0.8,0.8,0.8,0.8,0.8,0.8,0.8,0.8,0.8,1.0,0.8,0.8,0.8,0.8,0.8,0.8,0.8,0.8,0.8,0.8,0.8,0.8,0.8,0.8,0.8,0.8,0.8,0.8,0.8,0.6,0.8,0.6,0.8,0.6,0.6,0.6,0.6,0.8,0.6,0.8,0.8,0.8,0.8,0.8,0.8,0.8,0.8,0.8,0.8,0.8,1.0,0.8,0.8,0.8,0.8,0.8,0.8,0.6,0.6,0.8,0.8,0.8,0.6,0.6,0.6,0.6,0.6,0.6,0.6,0.6,0.6,0.8,0.6,0.8,0.6,0.8,0.8,0.8,0.8,0.8,0.6,0.8,0.8,0.8,0.8,0.6,0.8,0.8,0.8,0.6,0.8,0.6,0.6,0.8,0.6,0.6,0.6,0.6,0.6,0.6,0.6,136.0,23.0,555.0,52.0,49.0,44.0,35.0,23.0,32.0,30.0,42.0,61.0,16.0,26.0,45.0,1.0,2.0,3.0,,,,,,,,,,,4.0,5.0,7.0,8.0,5.0,6.0,3.0,,11.0,,9.0,4.0,,10.0,,2.0,1.0,7.0,8.0,,9.0,4.0,3.0,10.0,5.0,,6.0,,,,2.0,1.0,9.0,10.0,8.0,7.0,6.0,5.0,11.0,,,12.0,4.0,,3.0,2.0,1.0,1.0,2.0,12.0,3.0,9.0,10.0,4.0,6.0,7.0,5.0,8.0,,,,11.0,3.0,,5.0,,,4.0,,,,,,2.0,,,1.0,1.0,2.0,3.0,,,,4.0,5.0,8.0,6.0,9.0,,,,7.0,1.0,,3.0,2.0,,,6.0,,5.0,4.0,,8.0,,9.0,7.0,22.09,44.0,477.0,359.0,66.0,279.0,227.0,0.09,7.0,0.31,0.0,0.5,[0.0],[nan],[0.0],[nan],"['No', 'Yes']","[nan, 'Knew what to remember about the test']",[0.0],[0.0],"['No', 'Yes']","[nan, 'Knew what to remember about the test']",[0.5],"['The location of furniture/fixtures/objects, The items you picked up']","[1.0, 1.0, 0.8, 0.8, nan, nan, nan, 'Visualising the room layout']",[nan],['Visualising the room layout'],['No'],"['No, I did not apply any mnemonic techniques']",[nan]
A093,3,1.0,1.0,1.0,1.0,1.0,1.0,1.0,1.0,1.0,1.0,1.0,1.0,1.0,1.0,0.0,0.0,1.0,1.0,1.0,1.0,1.0,1.0,1.0,1.0,1.0,0.0,1.0,1.0,1.0,1.0,1.0,0.5,0.0,0.5,0.5,0.0,0.0,1.0,0.5,1.0,1.0,0.5,1.0,0.5,0.0,0.0,0.0,0.0,1.0,1.0,1.0,1.0,1.0,1.0,1.0,0.0,1.0,1.0,1.0,0.0,1.0,0.5,0.0,1.0,0.5,0.0,0.0,1.0,0.5,0.5,1.0,0.5,0.5,1.0,1.0,0.0,1.0,1.0,1.0,1.0,1.0,1.0,1.0,1.0,1.0,1.0,1.0,0.0,1.0,1.0,1.0,0.0,1.0,0.5,0.0,0.5,0.5,0.0,0.0,1.0,0.5,1.0,1.0,0.5,1.0,0.6,0.6,0.8,0.8,0.6,0.6,0.6,0.6,0.8,0.6,0.6,0.6,0.6,0.8,0.6,0.6,0.8,0.8,0.8,0.8,0.6,0.6,0.6,0.6,0.6,0.8,0.6,0.8,0.8,0.6,0.8,0.6,0.6,0.6,0.6,0.6,0.6,0.6,0.4,0.4,0.4,0.4,0.6,0.6,0.6,0.6,0.6,0.6,0.8,0.8,0.8,0.8,0.8,0.6,0.8,0.6,0.8,0.8,0.8,0.6,0.8,0.6,0.6,0.6,0.6,0.4,0.6,0.6,0.6,0.6,0.8,0.4,0.4,0.6,0.6,0.6,0.6,0.6,0.6,0.6,0.6,0.6,0.8,0.6,0.8,0.8,0.8,0.6,0.6,0.6,0.8,0.4,0.6,0.6,0.6,0.6,0.4,0.4,0.4,0.4,0.6,0.4,0.6,0.4,0.6,136.0,23.0,555.0,52.0,49.0,44.0,35.0,23.0,32.0,30.0,42.0,61.0,16.0,26.0,45.0,1.0,2.0,3.0,,,,,,,,,,,4.0,5.0,7.0,8.0,5.0,6.0,3.0,,11.0,,9.0,4.0,,10.0,,2.0,1.0,7.0,8.0,,9.0,4.0,3.0,10.0,5.0,,6.0,,,,2.0,1.0,9.0,10.0,8.0,7.0,6.0,5.0,11.0,,,12.0,4.0,,3.0,2.0,1.0,1.0,2.0,12.0,3.0,9.0,10.0,4.0,6.0,7.0,5.0,8.0,,,,11.0,3.0,,5.0,,,4.0,,,,,,2.0,,,1.0,1.0,2.0,3.0,,,,4.0,5.0,8.0,6.0,9.0,,,,7.0,1.0,,3.0,2.0,,,6.0,,5.0,4.0,,8.0,,9.0,7.0,70.22,44.0,335.0,299.0,98.0,256.0,191.0,0.1,7.0,0.31,0.0,0.0,[1.0],['1 cup coffee'],[0.0],[nan],"['No', 'Yes']","[nan, 'I knew what to try and rembember']",[0.0],[0.0],"['No', 'Yes']","[nan, 'I knew what to try and rembember']",[0.5],"['The furniture/fixtures/objects in the room, The location of furniture/fixtures/objects, The items you picked up']","[1.0, 1.0, 0.6, 0.8, nan, nan, nan, 'Visualising the room layout']",[nan],['Visualising the room layout'],['No'],"['No, I did not apply any mnemonic techniques']",[nan]
A093,4,1.0,1.0,0.0,1.0,1.0,1.0,0.0,1.0,1.0,0.0,1.0,1.0,1.0,0.0,0.0,1.0,1.0,1.0,1.0,1.0,1.0,1.0,1.0,1.0,1.0,0.5,1.0,0.5,1.0,1.0,1.0,0.5,0.5,0.5,0.0,0.0,0.0,0.0,0.5,0.5,0.0,1.0,0.0,1.0,0.0,0.5,0.5,1.0,1.0,1.0,1.0,0.0,1.0,1.0,1.0,1.0,1.0,0.0,1.0,1.0,1.0,0.5,1.0,0.0,0.0,0.0,0.0,0.0,0.5,0.5,1.0,0.0,0.0,1.0,1.0,0.0,1.0,1.0,1.0,1.0,1.0,1.0,1.0,0.0,0.0,0.0,1.0,1.0,1.0,0.5,1.0,1.0,1.0,0.25,0.5,0.25,0.0,0.0,0.0,0.0,0.5,0.0,0.5,1.0,0.0,0.6,0.6,0.6,0.6,0.6,0.4,0.6,0.6,0.6,0.6,0.6,0.6,0.6,0.4,0.4,0.6,0.6,0.6,0.6,0.6,0.6,0.6,0.4,0.4,0.6,0.6,0.6,0.6,0.4,0.6,0.6,0.6,0.6,0.6,0.4,0.4,0.4,0.4,0.4,0.6,0.4,0.4,0.4,0.6,0.6,0.6,0.6,0.6,0.6,0.6,0.6,0.6,0.6,0.6,0.6,0.6,0.6,0.6,0.6,0.6,0.6,0.4,0.4,0.4,0.4,0.4,0.6,0.4,0.4,0.4,0.4,0.4,0.6,0.6,0.6,0.4,0.4,0.6,0.4,0.6,0.6,0.6,0.6,0.4,0.6,0.6,0.6,0.6,0.6,0.4,0.6,0.6,0.4,0.4,0.4,0.4,0.6,0.6,0.4,0.4,0.4,0.4,0.4,0.4,0.4,136.0,23.0,555.0,52.0,49.0,44.0,35.0,23.0,32.0,30.0,42.0,61.0,16.0,26.0,45.0,1.0,2.0,3.0,,,,,,,,,,,4.0,5.0,7.0,8.0,5.0,6.0,3.0,,11.0,,9.0,4.0,,10.0,,2.0,1.0,7.0,8.0,,9.0,4.0,3.0,10.0,5.0,,6.0,,,,2.0,1.0,9.0,10.0,8.0,7.0,6.0,5.0,11.0,,,12.0,4.0,,3.0,2.0,1.0,1.0,2.0,12.0,3.0,9.0,10.0,4.0,6.0,7.0,5.0,8.0,,,,11.0,3.0,,5.0,,,4.0,,,,,,2.0,,,1.0,1.0,2.0,3.0,,,,4.0,5.0,8.0,6.0,9.0,,,,7.0,1.0,,3.0,2.0,,,6.0,,5.0,4.0,,8.0,,9.0,7.0,140.95,24.0,312.0,325.0,50.0,237.0,129.0,0.07,7.0,0.29,0.0,0.0,[0.0],[nan],[0.0],[nan],"['No', 'Yes']","[nan, 'Thought about the items more often']",[0.0],[0.0],"['No', 'Yes']","[nan, 'Thought about the items more often']",[0.75],"['The furniture/fixtures/objects in the room, The location of furniture/fixtures/objects, The items you picked up, Where you picked up and put down items']","[1.0, 1.0, 0.6, 0.6, nan, nan, nan, 'No specific strategy']",[nan],['Visualising the room layout'],['No'],"['No, I did not apply any mnemonic techniques']",[nan]
A094,1,1.0,1.0,0.0,1.0,1.0,1.0,1.0,0.0,0.0,1.0,0.0,0.0,0.0,1.0,0.0,0.0,1.0,1.0,1.0,1.0,1.0,0.0,1.0,0.0,0.5,0.0,0.0,0.0,1.0,0.0,1.0,0.0,1.0,0.0,0.5,0.5,0.5,0.5,0.5,0.5,0.0,0.5,0.0,0.0,0.0,0.5,1.0,0.0,1.0,1.0,1.0,1.0,1.0,1.0,1.0,1.0,1.0,1.0,0.0,0.0,1.0,1.0,0.0,0.5,1.0,0.0,0.0,0.0,0.0,0.5,0.0,0.0,1.0,1.0,0.0,1.0,0.0,1.0,1.0,1.0,0.5,1.0,1.0,1.0,1.0,1.0,1.0,0.0,0.5,0.0,0.0,0.0,0.5,0.0,0.0,0.0,0.25,0.5,0.25,1.0,0.0,0.5,0.0,1.0,0.0,1.0,0.2,0.2,1.0,1.0,1.0,0.8,0.2,0.2,0.6,0.2,0.2,0.2,1.0,0.6,1.0,1.0,1.0,0.2,0.2,0.6,0.6,1.0,0.8,1.0,0.6,0.2,0.2,0.2,0.2,0.2,0.6,0.2,0.2,0.2,0.2,0.2,0.6,0.2,0.2,0.2,0.2,0.2,0.6,0.6,0.6,0.6,0.6,1.0,1.0,1.0,1.0,1.0,0.8,1.0,1.0,0.4,0.8,0.4,0.4,0.6,0.4,0.2,0.4,0.4,0.4,0.4,0.4,0.2,0.4,0.4,0.2,0.4,0.6,0.6,1.0,0.6,1.0,1.0,1.0,0.8,1.0,1.0,1.0,1.0,0.6,1.0,0.6,0.4,0.4,0.4,0.2,0.6,0.6,0.4,0.4,0.4,0.2,0.4,0.6,0.4,0.2,0.4,0.2,0.2,54.0,42.0,320.0,60.0,50.0,38.0,52.0,18.0,43.0,44.0,45.0,38.0,40.0,22.0,46.0,7.0,,4.0,,6.0,5.0,,,,,,,2.0,3.0,1.0,7.0,,,,9.0,8.0,4.0,,6.0,,,5.0,1.0,2.0,3.0,4.0,,10.0,6.0,7.0,8.0,9.0,,,,,5.0,1.0,2.0,3.0,4.0,,,6.0,9.0,8.0,,10.0,,,7.0,5.0,1.0,2.0,3.0,5.0,9.0,,6.0,8.0,7.0,,,,4.0,3.0,2.0,,1.0,10.0,,,,,,5.0,,,4.0,,,5.0,2.0,3.0,1.0,1.0,,,5.0,7.0,6.0,,8.0,,,,2.0,,3.0,4.0,4.0,,,3.0,2.0,1.0,,,,,,,,6.0,5.0,1.0,65.0,728.0,1003.0,69.0,330.0,98.0,0.38,8.0,0.25,1.0,0.0,[1.0],['2 x coffee'],[0.0],[nan],"['No', nan]","[nan, nan]",[-1.0],[nan],"['No', nan]","[nan, nan]",[nan],"['The furniture/fixtures/objects in the room, The location of furniture/fixtures/objects, The items you picked up, Where you picked up and put down items, The order you completed items and tasks']","[1.0, 1.0, 1.0, 1.0, nan, nan, nan, 'Visualising the room layout']",[nan],['Visualising the room layout'],['Yes'],"['No, I did not apply any mnemonic techniques']",['I am just wondering how I manage to put one foot in front of the other! :)']
A094,2,1.0,1.0,1.0,1.0,1.0,0.0,0.0,1.0,0.0,0.0,0.0,0.0,1.0,1.0,1.0,0.0,1.0,1.0,1.0,1.0,0.0,1.0,1.0,0.0,1.0,0.5,1.0,1.0,0.5,1.0,0.0,0.0,0.0,0.5,0.5,0.5,0.5,0.0,0.0,0.5,0.0,1.0,0.5,0.0,0.5,0.0,1.0,0.5,1.0,1.0,1.0,1.0,1.0,1.0,1.0,1.0,1.0,1.0,0.5,0.0,0.5,0.0,0.0,0.5,0.5,0.0,0.5,1.0,0.0,0.5,0.0,1.0,1.0,0.0,0.0,1.0,0.0,1.0,1.0,1.0,1.0,1.0,1.0,1.0,1.0,1.0,0.0,1.0,1.0,0.0,1.0,1.0,0.0,0.0,0.0,0.0,0.5,1.0,1.0,0.5,0.0,0.0,0.0,0.5,0.0,0.6,0.6,0.4,0.6,0.6,0.6,0.8,0.4,0.4,0.2,0.4,0.2,0.2,0.6,0.6,0.6,0.6,0.6,0.6,0.4,0.6,0.6,0.6,0.8,0.4,0.4,0.4,0.2,0.4,0.2,0.2,0.4,0.4,0.2,0.4,0.2,0.2,0.4,0.4,0.2,0.4,0.2,0.2,0.4,0.4,0.4,0.4,0.4,1.0,0.8,1.0,1.0,1.0,0.6,1.0,0.4,1.0,0.6,0.4,0.4,0.4,0.4,0.4,0.4,0.4,0.4,0.4,0.4,0.4,0.4,0.4,0.4,0.4,0.4,0.4,0.6,0.4,0.4,0.4,0.8,0.6,1.0,1.0,1.0,1.0,1.0,1.0,0.8,1.0,0.4,0.4,0.4,0.4,0.6,0.6,0.4,0.4,0.4,0.4,0.6,0.4,0.4,0.4,0.4,0.4,54.0,42.0,320.0,60.0,50.0,38.0,52.0,18.0,43.0,44.0,45.0,38.0,40.0,22.0,46.0,7.0,,4.0,,6.0,5.0,,,,,,,2.0,3.0,1.0,7.0,,,,9.0,8.0,4.0,,6.0,,,5.0,1.0,2.0,3.0,4.0,,10.0,6.0,7.0,8.0,9.0,,,,,5.0,1.0,2.0,3.0,4.0,,,6.0,9.0,8.0,,10.0,,,7.0,5.0,1.0,2.0,3.0,5.0,9.0,,6.0,8.0,7.0,,,,4.0,3.0,2.0,,1.0,10.0,,,,,,5.0,,,4.0,,,5.0,2.0,3.0,1.0,1.0,,,5.0,7.0,6.0,,8.0,,,,2.0,,3.0,4.0,4.0,,,3.0,2.0,1.0,,,,,,,,6.0,5.0,22.98,54.0,266.0,431.0,80.0,264.0,169.0,0.11,4.0,0.48,-1.0,-0.5,[1.0],['4 cups coffee …night shift'],[0.0],[nan],"['No', 'No']","[nan, 'Only because I knew what was expected as it was a repeat task, but did it help me? Don’t think so!']",[-1.0],[0.0],"['No', 'No']","[nan, 'Only because I knew what was expected as it was a repeat task, but did it help me? Don’t think so!']",[0.25],"['The furniture/fixtures/objects in the room, The location of furniture/fixtures/objects, The items you picked up, Where you picked up and put down items, The order you completed items and tasks']","[1.0, 1.0, 0.6, 0.6, nan, nan, nan, 'Visualising the room layout']",[nan],['Visualising the room layout'],['No'],"['No, I did not apply any mnemonic techniques']","['It’s interesting that you complete the tasks with a narrative, you say out loud what/where etc… but whether or not it makes a difference?']"
A094,3,1.0,1.0,1.0,1.0,0.0,0.0,1.0,0.0,1.0,1.0,1.0,0.0,0.0,0.0,0.0,1.0,1.0,0.25,0.5,1.0,0.0,1.0,0.0,1.0,0.25,0.25,1.0,1.0,0.0,0.0,0.0,1.0,0.25,0.5,0.5,1.0,0.5,0.0,0.5,0.0,0.0,0.0,0.0,0.0,0.0,0.5,0.0,0.0,1.0,0.0,1.0,1.0,1.0,0.0,1.0,0.0,1.0,1.0,0.0,0.0,1.0,0.0,0.25,0.5,0.25,0.25,0.0,0.0,0.0,1.0,0.0,0.0,0.0,0.0,0.0,0.0,0.0,0.0,0.0,0.0,1.0,0.0,1.0,1.0,1.0,1.0,1.0,0.25,1.0,0.0,0.0,0.0,1.0,0.5,0.25,0.0,0.25,0.5,0.0,1.0,1.0,0.5,0.0,0.0,0.5,0.4,0.4,0.4,0.4,0.2,0.6,0.4,0.2,0.2,0.6,0.6,0.2,0.2,0.6,0.2,0.2,0.4,0.4,0.4,0.4,0.4,0.4,0.6,0.2,0.6,0.4,0.4,0.2,0.2,0.2,0.2,0.4,0.4,0.2,0.2,0.2,0.2,0.4,0.2,0.2,0.2,0.2,0.2,0.4,0.6,0.6,0.6,0.6,1.0,0.4,0.8,1.0,1.0,0.6,1.0,0.2,0.4,0.4,0.4,0.2,0.2,0.2,0.4,0.4,0.4,0.2,0.2,0.2,0.4,0.4,0.2,0.2,0.2,0.2,0.2,0.4,0.2,0.6,0.2,0.8,0.2,0.4,1.0,1.0,1.0,0.8,1.0,0.4,0.2,0.2,0.2,0.2,0.6,0.4,0.2,0.2,0.2,0.2,0.4,0.4,0.2,0.2,0.2,0.2,0.4,54.0,42.0,320.0,60.0,50.0,38.0,52.0,18.0,43.0,44.0,45.0,38.0,40.0,22.0,46.0,7.0,,4.0,,6.0,5.0,,,,,,,2.0,3.0,1.0,7.0,,,,9.0,8.0,4.0,,6.0,,,5.0,1.0,2.0,3.0,4.0,,10.0,6.0,7.0,8.0,9.0,,,,,5.0,1.0,2.0,3.0,4.0,,,6.0,9.0,8.0,,10.0,,,7.0,5.0,1.0,2.0,3.0,5.0,9.0,,6.0,8.0,7.0,,,,4.0,3.0,2.0,,1.0,10.0,,,,,,5.0,,,4.0,,,5.0,2.0,3.0,1.0,1.0,,,5.0,7.0,6.0,,8.0,,,,2.0,,3.0,4.0,4.0,,,3.0,2.0,1.0,,,,,,,,6.0,5.0,76.21,58.0,385.0,849.0,62.0,308.0,189.0,0.5,8.0,0.31,1.0,-0.5,[0.0],[nan],[0.0],[nan],"['No', 'No']","[nan, nan]",[-1.0],[0.0],"['No', 'No']","[nan, nan]",[0.25],"['The furniture/fixtures/objects in the room, The location of furniture/fixtures/objects, The items you picked up, Where you picked up and put down items, The order you completed items and tasks']","[1.0, 1.0, 0.4, 0.4, nan, nan, nan, 'Visualising the room layout']",[nan],['Visualising the room layout'],['No'],"['No, I did not apply any mnemonic techniques']",[nan]
A094,4,1.0,1.0,1.0,0.0,1.0,0.0,1.0,1.0,0.0,1.0,1.0,0.0,0.0,1.0,0.0,1.0,1.0,1.0,0.5,0.25,1.0,0.5,1.0,0.0,1.0,0.0,1.0,1.0,0.5,0.0,1.0,0.25,0.5,0.5,0.0,0.5,0.5,0.5,0.0,1.0,1.0,0.5,0.0,0.5,0.0,0.5,1.0,1.0,1.0,1.0,0.0,1.0,1.0,1.0,1.0,0.0,0.5,1.0,0.25,0.0,0.5,0.0,0.25,0.0,0.5,0.25,0.0,0.0,0.0,1.0,0.0,1.0,0.5,0.5,0.5,1.0,0.0,0.0,0.5,0.0,1.0,1.0,0.0,1.0,1.0,0.0,1.0,0.0,0.25,0.0,1.0,0.0,0.25,0.0,1.0,0.25,0.0,0.5,0.5,1.0,0.0,1.0,0.5,0.5,0.5,1.0,1.0,0.6,0.2,1.0,0.6,0.6,0.2,0.2,1.0,1.0,0.2,0.2,0.8,0.6,0.6,1.0,1.0,0.6,0.2,0.6,0.6,0.6,0.6,1.0,0.2,0.2,0.4,0.2,0.2,0.2,0.2,0.2,0.4,0.2,0.2,0.2,0.2,0.2,0.4,0.2,0.2,0.2,0.2,0.2,0.4,0.2,0.2,1.0,0.4,0.6,1.0,1.0,0.6,1.0,0.2,0.2,0.2,0.2,0.2,0.2,0.2,0.2,0.2,0.2,0.2,0.2,0.2,0.2,0.2,0.2,0.2,0.2,0.2,0.2,1.0,0.2,0.2,0.2,0.4,1.0,0.6,0.8,1.0,1.0,0.4,0.4,0.6,0.4,0.2,0.6,0.2,0.2,0.6,0.4,1.0,0.6,0.2,0.2,0.2,0.4,0.2,0.2,0.2,0.2,54.0,42.0,320.0,60.0,50.0,38.0,52.0,18.0,43.0,44.0,45.0,38.0,40.0,22.0,46.0,7.0,,4.0,,6.0,5.0,,,,,,,2.0,3.0,1.0,7.0,,,,9.0,8.0,4.0,,6.0,,,5.0,1.0,2.0,3.0,4.0,,10.0,6.0,7.0,8.0,9.0,,,,,5.0,1.0,2.0,3.0,4.0,,,6.0,9.0,8.0,,10.0,,,7.0,5.0,1.0,2.0,3.0,5.0,9.0,,6.0,8.0,7.0,,,,4.0,3.0,2.0,,1.0,10.0,,,,,,5.0,,,4.0,,,5.0,2.0,3.0,1.0,1.0,,,5.0,7.0,6.0,,8.0,,,,2.0,,3.0,4.0,4.0,,,3.0,2.0,1.0,,,,,,,,6.0,5.0,149.99,59.0,397.0,1113.0,123.0,367.0,129.0,0.4,4.0,0.48,-1.0,-0.5,[1.0],['3 cups coffee'],[0.0],[nan],"['No', 'No']","[nan, nan]",[-1.0],[-1.0],"['No', 'No']","[nan, nan]",[0.25],"['The furniture/fixtures/objects in the room, The location of furniture/fixtures/objects, The items you picked up, Where you picked up and put down items, The order you completed items and tasks']","[1.0, 1.0, 1.0, 1.0, nan, nan, nan, 'Visualising the room layout']",[nan],['Visualising the room layout'],['No'],"['Yes, visual imagery']","['I thought at the time I would remember more than I actually did,…I found it very hard and I remembered very little that I was actually certain about…']"
A095,1,1.0,1.0,1.0,1.0,1.0,1.0,1.0,1.0,0.0,1.0,0.0,1.0,1.0,1.0,1.0,1.0,1.0,1.0,1.0,1.0,1.0,0.5,0.0,1.0,1.0,1.0,1.0,1.0,0.5,0.0,1.0,0.5,1.0,1.0,0.0,0.0,0.25,0.0,0.0,1.0,0.0,0.0,0.5,0.0,0.0,0.5,0.5,0.0,1.0,1.0,1.0,1.0,1.0,1.0,1.0,1.0,1.0,1.0,1.0,1.0,1.0,1.0,1.0,1.0,0.0,0.0,1.0,0.5,1.0,1.0,0.0,0.5,0.5,1.0,0.0,1.0,0.5,1.0,1.0,1.0,1.0,1.0,1.0,1.0,1.0,1.0,0.0,1.0,1.0,1.0,1.0,1.0,1.0,0.5,0.25,1.0,0.0,0.0,1.0,1.0,0.0,1.0,0.0,0.5,0.5,1.0,1.0,0.8,0.8,1.0,0.8,0.6,1.0,0.2,1.0,0.2,0.2,1.0,0.8,0.6,0.6,1.0,1.0,1.0,1.0,0.6,0.8,0.6,0.6,1.0,1.0,0.2,1.0,0.2,0.2,0.6,0.6,0.2,0.8,1.0,0.2,0.6,0.8,0.2,1.0,0.2,0.2,0.6,0.6,0.6,0.6,0.6,0.6,1.0,1.0,1.0,1.0,1.0,1.0,1.0,1.0,1.0,1.0,1.0,0.8,1.0,0.4,1.0,1.0,0.6,0.4,1.0,0.6,0.4,1.0,0.6,0.4,0.6,1.0,0.6,0.8,0.6,0.8,0.8,1.0,1.0,1.0,1.0,1.0,1.0,1.0,1.0,1.0,1.0,1.0,1.0,1.0,1.0,0.6,0.6,1.0,1.0,0.6,1.0,0.6,0.4,1.0,0.6,0.6,0.6,53.0,47.0,233.0,39.0,52.0,32.0,30.0,48.0,52.0,57.0,47.0,35.0,51.0,54.0,49.0,7.0,6.0,2.0,,1.0,3.0,,,,4.0,,,,5.0,,11.0,8.0,9.0,,10.0,7.0,5.0,,,6.0,,2.0,3.0,4.0,1.0,,2.0,1.0,,3.0,,5.0,,9.0,,,7.0,8.0,6.0,4.0,,8.0,7.0,9.0,,,10.0,,,6.0,5.0,3.0,2.0,4.0,1.0,8.0,9.0,,4.0,10.0,11.0,7.0,,,6.0,,3.0,5.0,2.0,1.0,,,,,,,,,,,5.0,4.0,2.0,3.0,1.0,,2.0,1.0,,8.0,7.0,6.0,,,10.0,9.0,3.0,,4.0,5.0,,3.0,1.0,9.0,2.0,12.0,11.0,,10.0,5.0,7.0,6.0,,4.0,8.0,1.0,31.0,267.0,384.0,136.0,254.0,101.0,0.39,6.0,0.23,0.0,0.5,[0.0],[nan],[0.0],[nan],"['No', nan]","[nan, nan]",[0.0],[nan],"['No', nan]","[nan, nan]",[nan],"['The furniture/fixtures/objects in the room, The location of furniture/fixtures/objects, The items you picked up, Where you picked up and put down items, The order you completed items and tasks']","[1.0, 1.0, 1.0, 1.0, nan, nan, nan, 'Visualising the room layout']",[nan],['No specific strategy'],['Yes'],"['No, I did not apply any mnemonic techniques']",[nan]
A095,2,1.0,1.0,0.0,1.0,0.0,1.0,0.0,1.0,1.0,0.0,0.0,0.0,0.0,1.0,0.0,0.0,1.0,1.0,0.5,0.5,0.0,0.0,1.0,0.0,0.5,0.0,0.0,0.5,1.0,0.5,1.0,1.0,1.0,0.5,1.0,0.5,0.25,0.0,1.0,0.5,1.0,0.0,0.0,0.5,0.0,0.0,0.0,0.5,1.0,1.0,1.0,1.0,1.0,1.0,1.0,1.0,1.0,1.0,1.0,1.0,1.0,0.0,0.0,0.5,0.0,0.5,0.0,0.0,1.0,0.5,1.0,0.0,0.0,0.0,0.5,1.0,0.0,1.0,1.0,0.0,1.0,1.0,1.0,1.0,1.0,1.0,1.0,1.0,1.0,1.0,1.0,0.5,1.0,0.0,0.0,0.5,0.5,0.25,0.0,0.0,1.0,1.0,1.0,0.0,0.5,1.0,0.8,0.4,0.8,0.6,0.6,0.6,0.6,0.2,0.6,0.8,0.2,0.2,0.8,0.6,0.6,0.8,0.6,0.4,0.6,0.6,0.6,0.4,0.4,0.6,0.6,0.4,0.2,0.2,0.8,0.2,0.4,0.4,0.2,0.2,0.6,0.2,0.4,0.4,0.2,0.2,0.2,0.2,0.4,0.4,0.6,0.6,0.6,1.0,1.0,0.4,1.0,1.0,1.0,1.0,0.2,0.4,1.0,0.8,0.6,0.6,0.2,0.4,0.4,0.4,0.4,0.6,0.2,0.4,0.4,1.0,0.2,0.4,0.6,0.6,1.0,0.4,0.8,0.8,1.0,1.0,1.0,1.0,1.0,1.0,1.0,1.0,0.6,0.8,1.0,1.0,0.8,1.0,0.2,0.6,0.2,0.4,0.4,0.4,0.2,0.4,0.2,0.8,0.6,0.4,53.0,47.0,233.0,39.0,52.0,32.0,30.0,48.0,52.0,57.0,47.0,35.0,51.0,54.0,49.0,7.0,6.0,2.0,,1.0,3.0,,,,4.0,,,,5.0,,11.0,8.0,9.0,,10.0,7.0,5.0,,,6.0,,2.0,3.0,4.0,1.0,,2.0,1.0,,3.0,,5.0,,9.0,,,7.0,8.0,6.0,4.0,,8.0,7.0,9.0,,,10.0,,,6.0,5.0,3.0,2.0,4.0,1.0,8.0,9.0,,4.0,10.0,11.0,7.0,,,6.0,,3.0,5.0,2.0,1.0,,,,,,,,,,,5.0,4.0,2.0,3.0,1.0,,2.0,1.0,,8.0,7.0,6.0,,,10.0,9.0,3.0,,4.0,5.0,,3.0,1.0,9.0,2.0,12.0,11.0,,10.0,5.0,7.0,6.0,,4.0,8.0,29.71,58.0,295.0,326.0,45.0,213.0,91.0,0.61,7.0,0.25,0.5,0.0,[1.0],['1 cup of tea'],[0.0],[nan],"['No', 'Yes']","[nan, 'questions were in the same format']",[0.0],[0.0],"['No', 'Yes']","[nan, 'questions were in the same format']",[0.5],"['The furniture/fixtures/objects in the room, The location of furniture/fixtures/objects, The items you picked up, Where you picked up and put down items, The order you completed items and tasks']","[1.0, 1.0, 1.0, 0.8, nan, nan, nan, 'Visualising the room layout']",[nan],['Visualising the room layout'],['Yes'],"['No, I did not apply any mnemonic techniques']",[nan]
A095,3,1.0,1.0,0.0,1.0,1.0,1.0,1.0,0.0,1.0,0.0,0.0,0.0,1.0,1.0,0.0,0.0,0.5,1.0,0.5,1.0,0.0,0.0,0.0,0.0,1.0,0.5,1.0,0.5,0.0,1.0,1.0,0.5,0.0,1.0,0.0,0.0,0.0,0.0,0.0,0.0,0.5,1.0,0.5,0.0,0.5,0.5,0.0,0.5,1.0,1.0,1.0,1.0,0.0,1.0,1.0,1.0,1.0,1.0,0.0,0.0,1.0,1.0,0.0,0.5,0.0,0.25,0.0,0.5,0.0,0.0,0.0,0.5,1.0,1.0,0.5,0.0,0.0,1.0,0.0,1.0,1.0,1.0,1.0,1.0,1.0,1.0,1.0,1.0,1.0,0.0,0.25,1.0,1.0,1.0,0.0,0.0,1.0,0.0,0.0,0.5,0.0,0.0,0.5,1.0,0.0,0.6,0.6,0.6,0.8,1.0,1.0,0.6,0.2,0.2,0.2,0.2,0.2,1.0,1.0,1.0,1.0,0.6,0.6,0.6,0.2,0.6,0.6,0.6,0.4,0.8,0.6,1.0,0.2,0.2,0.2,0.2,0.2,0.4,0.2,0.2,0.2,0.2,0.2,0.4,0.2,0.2,0.2,0.2,0.2,0.4,0.6,0.4,0.4,1.0,1.0,1.0,1.0,1.0,1.0,1.0,1.0,1.0,0.6,0.4,0.6,1.0,0.6,0.2,0.2,0.4,0.4,0.4,0.2,0.4,0.4,0.2,0.2,0.8,0.6,0.4,1.0,0.4,0.8,0.8,1.0,0.8,1.0,1.0,1.0,1.0,1.0,1.0,1.0,1.0,1.0,0.2,1.0,1.0,0.4,0.6,0.8,0.2,0.4,0.6,0.4,0.8,0.4,0.6,0.4,0.4,53.0,47.0,233.0,39.0,52.0,32.0,30.0,48.0,52.0,57.0,47.0,35.0,51.0,54.0,49.0,7.0,6.0,2.0,,1.0,3.0,,,,4.0,,,,5.0,,11.0,8.0,9.0,,10.0,7.0,5.0,,,6.0,,2.0,3.0,4.0,1.0,,2.0,1.0,,3.0,,5.0,,9.0,,,7.0,8.0,6.0,4.0,,8.0,7.0,9.0,,,10.0,,,6.0,5.0,3.0,2.0,4.0,1.0,8.0,9.0,,4.0,10.0,11.0,7.0,,,6.0,,3.0,5.0,2.0,1.0,,,,,,,,,,,5.0,4.0,2.0,3.0,1.0,,2.0,1.0,,8.0,7.0,6.0,,,10.0,9.0,3.0,,4.0,5.0,,3.0,1.0,9.0,2.0,12.0,11.0,,10.0,5.0,7.0,6.0,,4.0,8.0,78.76,33.0,178.0,220.0,33.0,195.0,417.0,0.63,6.0,0.27,0.0,-0.5,[0.0],[nan],[1.0],['1 glass of wine'],"['No', 'Yes']","[nan, 'similar order of questions']",[-0.5],[0.0],"['No', 'Yes']","[nan, 'similar order of questions']",[0.25],"['The furniture/fixtures/objects in the room, The location of furniture/fixtures/objects, The items you picked up']","[1.0, 0.5, 0.6, 0.6, nan, 1.0, nan, 'No specific strategy']",[nan],['No specific strategy'],['Yes'],"['No, I did not apply any mnemonic techniques']",[nan]
A095,4,1.0,1.0,1.0,1.0,1.0,1.0,0.0,1.0,0.0,0.0,0.0,0.0,0.0,1.0,0.0,0.0,0.5,0.5,0.5,0.5,0.0,0.0,1.0,0.0,0.5,1.0,1.0,1.0,0.0,1.0,0.5,1.0,0.5,0.5,0.5,0.0,0.0,0.5,0.0,0.5,0.5,1.0,0.5,0.0,0.0,0.0,0.0,0.5,1.0,1.0,1.0,1.0,1.0,1.0,1.0,0.5,1.0,0.5,1.0,1.0,1.0,1.0,0.25,0.5,0.0,0.0,0.0,0.0,0.0,0.5,0.0,0.0,0.0,0.0,0.0,1.0,0.0,1.0,0.0,0.0,1.0,1.0,1.0,1.0,1.0,1.0,1.0,0.0,0.0,0.5,0.0,1.0,1.0,1.0,0.0,0.5,0.25,0.0,0.0,0.0,1.0,1.0,0.5,1.0,0.0,1.0,0.6,0.6,0.6,0.8,0.8,0.6,0.4,0.2,0.2,0.2,0.2,0.2,1.0,0.8,0.4,1.0,0.6,0.6,0.4,0.4,0.8,0.6,0.4,0.8,0.4,0.2,0.2,0.2,0.2,0.2,0.2,0.2,0.2,0.2,0.2,0.2,0.2,0.2,0.2,0.2,0.2,0.2,0.6,0.6,0.6,1.0,0.8,1.0,1.0,0.8,0.2,0.8,0.8,1.0,1.0,0.8,0.2,0.4,0.6,0.8,0.6,0.4,0.2,0.2,0.4,0.4,0.2,0.6,0.2,0.2,0.4,0.6,0.6,0.4,0.6,0.4,0.8,0.4,1.0,0.8,1.0,1.0,1.0,1.0,1.0,1.0,0.6,1.0,0.4,0.4,0.4,0.6,0.6,0.6,0.2,0.4,0.4,0.4,0.2,0.4,0.4,0.4,0.6,0.4,53.0,47.0,233.0,39.0,52.0,32.0,30.0,48.0,52.0,57.0,47.0,35.0,51.0,54.0,49.0,7.0,6.0,2.0,,1.0,3.0,,,,4.0,,,,5.0,,11.0,8.0,9.0,,10.0,7.0,5.0,,,6.0,,2.0,3.0,4.0,1.0,,2.0,1.0,,3.0,,5.0,,9.0,,,7.0,8.0,6.0,4.0,,8.0,7.0,9.0,,,10.0,,,6.0,5.0,3.0,2.0,4.0,1.0,8.0,9.0,,4.0,10.0,11.0,7.0,,,6.0,,3.0,5.0,2.0,1.0,,,,,,,,,,,5.0,4.0,2.0,3.0,1.0,,2.0,1.0,,8.0,7.0,6.0,,,10.0,9.0,3.0,,4.0,5.0,,3.0,1.0,9.0,2.0,12.0,11.0,,10.0,5.0,7.0,6.0,,4.0,8.0,148.79,33.0,189.0,243.0,33.0,177.0,103.0,0.63,4.0,0.19,-1.0,0.0,[1.0],['i can coke'],[0.0],[nan],"['No', 'Yes']","[nan, 'same order of questions']",[0.0],[0.0],"['No', 'Yes']","[nan, 'same order of questions']",[0.25],"['The furniture/fixtures/objects in the room, Where you picked up and put down items']","[1.0, 0.5, 1.0, 1.0, nan, 1.0, nan, 'Visualising the room layout']",[nan],['No specific strategy'],['Yes'],"['No, I did not apply any mnemonic techniques']",[nan]
A096,1,0.0,1.0,0.0,1.0,1.0,1.0,1.0,1.0,0.0,1.0,0.0,0.0,0.0,1.0,1.0,1.0,0.5,1.0,1.0,1.0,0.0,0.5,1.0,0.0,1.0,0.25,0.0,0.0,0.0,1.0,0.0,0.5,0.0,1.0,0.5,0.0,0.0,0.5,1.0,1.0,0.5,0.5,0.5,0.5,0.0,0.5,0.0,0.5,1.0,1.0,1.0,1.0,0.0,1.0,0.0,1.0,1.0,1.0,0.0,0.5,0.25,0.0,0.5,1.0,0.5,0.5,0.25,0.5,1.0,1.0,0.5,0.0,0.0,1.0,0.5,0.0,0.0,1.0,1.0,1.0,1.0,1.0,1.0,1.0,1.0,0.0,0.0,1.0,1.0,1.0,1.0,0.0,0.25,0.5,1.0,0.0,0.0,0.5,0.5,0.0,1.0,1.0,0.0,0.5,0.0,0.6,1.0,0.6,1.0,1.0,1.0,0.8,0.4,0.6,1.0,1.0,0.4,1.0,1.0,0.8,0.8,0.6,1.0,0.6,1.0,0.8,0.6,0.8,0.8,1.0,0.8,0.8,1.0,0.8,0.4,0.8,1.0,0.8,1.0,0.8,0.6,0.8,0.8,0.6,1.0,0.6,0.4,0.4,0.8,0.8,0.4,0.4,0.6,1.0,1.0,1.0,1.0,0.4,1.0,0.2,1.0,1.0,1.0,0.4,1.0,0.6,0.6,1.0,1.0,0.4,1.0,0.6,0.8,1.0,1.0,0.2,0.6,0.6,0.8,0.6,0.8,0.8,1.0,1.0,1.0,1.0,1.0,1.0,1.0,1.0,0.8,1.0,1.0,1.0,1.0,0.8,0.6,1.0,0.8,1.0,1.0,0.8,0.6,0.8,1.0,1.0,1.0,0.8,0.6,0.8,135.0,35.0,982.0,57.0,84.0,73.0,103.0,16.0,36.0,56.0,124.0,93.0,26.0,71.0,79.0,1.0,2.0,3.0,,,4.0,,,,,,5.0,,,,5.0,6.0,7.0,1.0,2.0,,,4.0,,,,8.0,,3.0,,1.0,2.0,3.0,6.0,,,,5.0,9.0,7.0,8.0,,,4.0,10.0,1.0,2.0,3.0,9.0,4.0,5.0,,10.0,,,7.0,,6.0,,8.0,1.0,2.0,3.0,9.0,7.0,41.0,,6.0,10.0,12.0,11.0,,13.0,5.0,8.0,1.0,2.0,3.0,,,,,,4.0,,,,,,5.0,1.0,2.0,3.0,4.0,5.0,7.0,,12.0,11.0,6.0,9.0,,8.0,,10.0,1.0,2.0,3.0,8.0,5.0,4.0,,9.0,11.0,6.0,10.0,,13.0,7.0,12.0,1.0,89.0,522.0,1113.0,132.0,615.0,168.0,0.41,7.0,0.25,1.0,1.0,[1.0],['1 cup of coffee'],[1.0],[nan],"['Yes', nan]","[nan, nan]",[-0.5],[nan],"['Yes', nan]","[nan, nan]",[nan],"['The location of furniture/fixtures/objects, The items you picked up, Where you picked up and put down items, The order you completed items and tasks']","[0.0, 0.5, 0.6, 0.6, 1.0, 1.0, nan, 'Visualising the room layout']",[nan],['Visualising the room layout'],['No'],"['No, I did not apply any mnemonic techniques']",['I thought some of my answers apply to items for other rooms as well.']
A096,2,1.0,1.0,0.0,0.0,0.0,0.0,0.0,0.0,0.0,0.0,0.0,0.0,0.0,1.0,0.0,1.0,1.0,1.0,0.5,1.0,1.0,0.0,0.0,0.0,0.25,0.5,1.0,0.25,0.5,1.0,0.5,0.0,0.0,0.5,0.5,0.5,0.0,0.5,0.5,1.0,0.5,0.5,1.0,0.0,0.0,0.5,0.0,0.5,0.0,0.0,0.0,1.0,1.0,1.0,0.0,1.0,1.0,1.0,0.0,1.0,0.25,0.0,0.25,1.0,0.25,0.5,0.5,0.5,0.5,1.0,0.0,0.5,0.0,0.0,0.0,0.0,0.0,1.0,0.0,1.0,1.0,1.0,1.0,0.0,1.0,1.0,0.0,1.0,1.0,1.0,1.0,0.5,0.0,0.0,0.0,0.5,0.5,1.0,0.25,0.0,0.0,0.0,0.0,1.0,0.0,1.0,0.8,0.8,1.0,0.8,1.0,0.8,0.6,0.2,0.2,0.2,0.2,1.0,1.0,0.8,0.8,1.0,0.8,1.0,0.8,0.8,0.6,1.0,0.8,0.8,1.0,1.0,0.6,1.0,0.6,0.4,0.6,0.8,0.8,1.0,0.2,0.6,1.0,0.8,0.8,0.8,0.6,0.6,0.8,0.8,0.6,0.4,0.6,0.6,0.8,0.2,0.6,0.2,0.8,0.2,0.8,0.2,0.6,0.2,0.6,0.4,0.8,0.2,0.6,0.2,0.6,0.4,0.8,0.2,0.6,0.2,0.6,0.4,0.8,0.6,0.8,0.8,0.6,0.8,1.0,1.0,1.0,1.0,1.0,1.0,1.0,0.6,1.0,1.0,1.0,1.0,0.6,0.6,0.6,0.6,0.8,1.0,0.6,0.6,0.6,0.8,0.8,0.8,0.4,0.6,135.0,35.0,982.0,57.0,84.0,73.0,103.0,16.0,36.0,56.0,124.0,93.0,26.0,71.0,79.0,1.0,2.0,3.0,,,4.0,,,,,,5.0,,,,5.0,6.0,7.0,1.0,2.0,,,4.0,,,,8.0,,3.0,,1.0,2.0,3.0,6.0,,,,5.0,9.0,7.0,8.0,,,4.0,10.0,1.0,2.0,3.0,9.0,4.0,5.0,,10.0,,,7.0,,6.0,,8.0,1.0,2.0,3.0,9.0,7.0,41.0,,6.0,10.0,12.0,11.0,,13.0,5.0,8.0,1.0,2.0,3.0,,,,,,4.0,,,,,,5.0,1.0,2.0,3.0,4.0,5.0,7.0,,12.0,11.0,6.0,9.0,,8.0,,10.0,1.0,2.0,3.0,8.0,5.0,4.0,,9.0,11.0,6.0,10.0,,13.0,7.0,12.0,24.49,90.0,1286.0,767.0,228.0,478.0,171.67,0.41,6.0,0.27,0.0,0.5,[0.0],[nan],[0.0],[nan],"['No', 'Unsure']","[nan, 'Help prepare for this test, realisation that layout is somewhat similar']",[-0.5],[-0.5],"['No', 'Unsure']","[nan, 'Help prepare for this test, realisation that layout is somewhat similar']",[0.25],"['The location of furniture/fixtures/objects, The items you picked up, The order you completed items and tasks']","[1.0, 1.0, 1.0, 1.0, nan, nan, nan, 'Visualising the room layout, Creating a mental story or narrative']",[nan],"['Visualising the room layout, Creating a mental story or narrative']",['No'],"['No, I did not apply any mnemonic techniques']",[nan]
A096,3,1.0,1.0,0.0,1.0,0.0,0.0,0.0,1.0,0.0,0.0,1.0,0.0,0.0,1.0,0.0,0.0,1.0,0.5,0.5,1.0,1.0,0.0,0.0,1.0,0.25,0.5,0.5,0.0,1.0,0.5,0.0,0.25,0.5,0.0,0.0,0.25,1.0,1.0,1.0,1.0,0.0,1.0,0.0,1.0,0.5,0.5,0.0,0.0,0.5,0.0,0.0,0.0,1.0,0.0,1.0,0.25,0.0,0.0,1.0,0.5,0.5,0.5,0.0,0.0,0.5,0.0,0.0,0.0,1.0,0.0,0.0,0.0,0.0,0.0,0.0,0.0,0.0,0.0,0.0,0.0,0.0,1.0,0.0,1.0,0.0,1.0,0.0,0.0,0.5,0.0,0.0,0.0,1.0,0.0,0.5,1.0,0.5,1.0,0.0,0.0,1.0,0.0,0.5,0.0,0.0,1.0,0.8,0.8,1.0,0.6,0.8,0.6,0.4,0.6,0.8,1.0,1.0,1.0,1.0,0.8,0.8,0.8,1.0,1.0,1.0,0.6,1.0,0.6,0.6,0.8,1.0,1.0,0.8,0.6,0.6,0.6,1.0,0.8,0.8,0.6,0.6,0.6,0.8,0.8,0.6,0.8,0.4,0.6,0.6,0.6,0.6,0.8,1.0,1.0,0.8,0.6,0.2,1.0,0.8,1.0,0.4,0.8,0.2,1.0,1.0,0.6,0.6,0.6,0.2,0.8,1.0,0.8,0.6,0.6,0.2,0.8,1.0,0.8,1.0,1.0,0.8,0.6,0.6,0.6,0.8,0.6,1.0,0.4,1.0,0.8,1.0,1.0,0.8,0.2,1.0,0.6,0.6,0.8,0.6,0.2,1.0,0.6,0.6,0.6,0.6,0.2,1.0,0.8,0.6,0.8,135.0,35.0,982.0,57.0,84.0,73.0,103.0,16.0,36.0,56.0,124.0,93.0,26.0,71.0,79.0,1.0,2.0,3.0,,,4.0,,,,,,5.0,,,,5.0,6.0,7.0,1.0,2.0,,,4.0,,,,8.0,,3.0,,1.0,2.0,3.0,6.0,,,,5.0,9.0,7.0,8.0,,,4.0,10.0,1.0,2.0,3.0,9.0,4.0,5.0,,10.0,,,7.0,,6.0,,8.0,1.0,2.0,3.0,9.0,7.0,41.0,,6.0,10.0,12.0,11.0,,13.0,5.0,8.0,1.0,2.0,3.0,,,,,,4.0,,,,,,5.0,1.0,2.0,3.0,4.0,5.0,7.0,,12.0,11.0,6.0,9.0,,8.0,,10.0,1.0,2.0,3.0,8.0,5.0,4.0,,9.0,11.0,6.0,10.0,,13.0,7.0,12.0,71.19,66.0,414.0,785.0,112.0,625.0,191.0,0.23,8.0,0.4,1.0,0.5,[0.0],[nan],[0.0],[nan],"['No', 'Unsure']","[nan, 'Previous tests somehow remind me of some objects already lodged in my memory about the previous rooms']",[0.0],[0.0],"['No', 'Unsure']","[nan, 'Previous tests somehow remind me of some objects already lodged in my memory about the previous rooms']",[0.75],"['The furniture/fixtures/objects in the room, The location of furniture/fixtures/objects, Where you picked up and put down items']","[1.0, 1.0, 1.0, 0.8, nan, nan, nan, 'Visualising the room layout']",[nan],['Visualising the room layout'],['No'],"['No, I did not apply any mnemonic techniques']","['I would like to obtain the score of my answers, if any, and errors in my answers. Also feedback about my episodic memory.']"
A096,4,1.0,0.0,1.0,1.0,0.0,1.0,0.0,0.0,1.0,1.0,1.0,0.0,0.0,1.0,0.0,0.0,1.0,0.25,1.0,1.0,0.0,0.5,1.0,1.0,0.5,0.5,0.0,1.0,1.0,0.0,0.5,0.5,1.0,1.0,0.5,1.0,0.0,0.0,1.0,1.0,0.0,0.5,0.0,0.5,0.5,1.0,0.5,0.5,1.0,0.0,1.0,1.0,1.0,0.0,0.0,0.0,0.0,0.0,1.0,0.25,0.0,0.0,1.0,0.0,0.5,0.0,1.0,0.0,0.5,1.0,0.0,0.0,0.5,0.0,0.0,0.0,1.0,0.0,1.0,1.0,1.0,0.0,0.0,0.0,0.0,1.0,1.0,0.0,0.0,0.0,0.5,0.0,0.0,0.0,0.5,0.0,0.5,0.25,0.5,0.0,0.5,1.0,0.0,1.0,0.5,1.0,1.0,1.0,1.0,0.6,1.0,0.6,0.2,1.0,1.0,1.0,1.0,1.0,1.0,1.0,0.8,1.0,1.0,1.0,1.0,0.6,1.0,1.0,0.8,0.6,0.8,1.0,1.0,1.0,0.8,0.4,0.8,0.8,0.6,0.6,0.6,0.2,1.0,0.8,0.8,0.6,0.8,0.2,0.4,0.4,0.4,0.6,0.6,0.8,0.2,1.0,1.0,1.0,1.0,0.4,0.4,0.8,0.6,1.0,0.8,0.6,0.4,0.6,1.0,0.8,0.8,0.6,0.4,1.0,0.8,1.0,1.0,0.4,0.6,1.0,0.6,0.6,0.6,0.6,0.6,0.6,0.6,1.0,1.0,1.0,0.6,0.2,0.8,1.0,0.8,1.0,0.6,0.2,0.4,0.6,1.0,0.6,0.6,0.2,0.6,1.0,1.0,1.0,0.6,0.2,135.0,35.0,982.0,57.0,84.0,73.0,103.0,16.0,36.0,56.0,124.0,93.0,26.0,71.0,79.0,1.0,2.0,3.0,,,4.0,,,,,,5.0,,,,5.0,6.0,7.0,1.0,2.0,,,4.0,,,,8.0,,3.0,,1.0,2.0,3.0,6.0,,,,5.0,9.0,7.0,8.0,,,4.0,10.0,1.0,2.0,3.0,9.0,4.0,5.0,,10.0,,,7.0,,6.0,,8.0,1.0,2.0,3.0,9.0,7.0,41.0,,6.0,10.0,12.0,11.0,,13.0,5.0,8.0,1.0,2.0,3.0,,,,,,4.0,,,,,,5.0,1.0,2.0,3.0,4.0,5.0,7.0,,12.0,11.0,6.0,9.0,,8.0,,10.0,1.0,2.0,3.0,8.0,5.0,4.0,,9.0,11.0,6.0,10.0,,13.0,7.0,12.0,143.66,57.0,425.0,403.0,69.0,793.0,156.0,0.29,7.0,0.35,0.0,0.0,[0.0],[nan],[0.0],[nan],"['No', 'Unsure']","[nan, nan]",[0.0],[0.0],"['No', 'Unsure']","[nan, nan]",[0.75],"['The furniture/fixtures/objects in the room, The location of furniture/fixtures/objects, The items you picked up, Where you picked up and put down items, The order you completed items and tasks']","[1.0, 1.0, 1.0, 1.0, nan, nan, nan, 'Visualising the room layout, Associating items with personal experiences']",[nan],"['Visualising the room layout, Creating a mental story or narrative']",['Yes'],"['No, I did not apply any mnemonic techniques']",[nan]
A097,1,1.0,1.0,1.0,1.0,1.0,1.0,1.0,1.0,0.0,1.0,1.0,1.0,0.0,1.0,1.0,1.0,1.0,1.0,1.0,1.0,0.0,0.0,1.0,1.0,1.0,1.0,0.0,0.25,1.0,1.0,0.0,0.0,0.0,1.0,0.5,0.25,0.5,0.0,0.5,1.0,1.0,0.0,0.5,0.5,0.0,1.0,0.0,0.5,1.0,1.0,0.0,1.0,1.0,1.0,1.0,1.0,0.0,0.5,1.0,0.25,1.0,1.0,0.0,0.5,0.25,0.25,0.25,0.0,0.0,0.5,1.0,0.0,0.0,0.0,0.0,1.0,0.0,1.0,1.0,1.0,0.5,1.0,1.0,1.0,1.0,1.0,1.0,1.0,1.0,1.0,1.0,1.0,1.0,0.0,0.0,0.5,0.5,0.25,1.0,0.5,0.5,0.5,1.0,0.5,0.0,1.0,1.0,1.0,0.6,1.0,1.0,0.8,0.4,0.4,1.0,1.0,0.4,0.4,1.0,1.0,1.0,1.0,0.6,0.6,0.6,0.6,0.8,0.6,1.0,1.0,0.4,1.0,0.2,0.4,0.2,0.2,0.4,0.6,0.2,0.2,0.2,0.2,0.4,1.0,0.2,0.2,0.2,0.2,0.4,0.4,0.4,0.4,0.4,0.4,0.4,0.2,0.4,1.0,0.4,1.0,0.4,0.2,0.2,0.8,0.2,0.2,0.2,0.2,0.2,0.4,0.2,0.2,0.2,0.2,0.2,1.0,0.2,0.2,0.2,0.8,1.0,0.4,1.0,1.0,1.0,0.8,1.0,1.0,1.0,1.0,1.0,1.0,0.4,0.2,0.4,0.6,0.4,1.0,0.2,0.2,0.4,0.4,0.4,0.4,0.2,0.2,0.4,1.0,0.4,0.4,93.0,35.0,286.0,16.0,21.0,30.0,32.0,19.0,24.0,23.0,22.0,34.0,35.0,35.0,43.0,1.0,,4.0,2.0,,,,,,,,,,,3.0,,6.0,,,1.0,,,,,5.0,,2.0,,3.0,4.0,,,1.0,,,,2.0,4.0,,,,6.0,,5.0,3.0,,,2.0,,,,,,,,1.0,,,,,1.0,2.0,,10.0,3.0,4.0,5.0,,,,9.0,8.0,,6.0,7.0,8.0,4.0,,7.0,,,,,6.0,,,5.0,1.0,2.0,3.0,,,,,,,1.0,,,,,,,,2.0,2.0,8.0,,1.0,6.0,7.0,,,,5.0,3.0,4.0,,,,1.0,53.0,432.0,791.0,55.0,296.0,109.0,0.3,8.0,0.31,-0.5,0.5,[1.0],['1 cup of coffee'],[0.0],[nan],"['No', nan]","[nan, nan]",[0.0],[nan],"['No', nan]","[nan, nan]",[nan],"['The furniture/fixtures/objects in the room, The location of furniture/fixtures/objects, The items you picked up, Where you picked up and put down items, The order you completed items and tasks']","[1.0, 1.0, 1.0, 1.0, nan, nan, nan, 'Visualising the room layout']",[nan],['Visualising the room layout'],['No'],"['No, I did not apply any mnemonic techniques']",['Have feelings of inadequacy as I thought my memory was better.']
A097,2,1.0,1.0,1.0,1.0,0.0,1.0,0.0,1.0,0.0,1.0,0.0,0.0,1.0,1.0,1.0,0.0,1.0,1.0,1.0,1.0,0.0,1.0,1.0,0.0,0.5,0.25,0.5,1.0,0.0,0.0,1.0,0.5,0.5,1.0,1.0,1.0,0.0,0.0,0.5,1.0,0.0,0.0,0.0,0.5,0.0,0.0,0.0,0.0,1.0,1.0,1.0,1.0,1.0,0.0,1.0,1.0,0.25,1.0,0.0,0.5,1.0,0.25,0.5,0.25,1.0,0.5,0.0,0.0,1.0,0.5,0.0,0.0,1.0,0.0,0.0,0.0,0.0,1.0,1.0,1.0,0.0,1.0,1.0,1.0,1.0,1.0,1.0,0.5,1.0,1.0,0.5,0.5,0.5,1.0,0.5,1.0,1.0,1.0,0.0,0.0,0.5,0.0,0.5,1.0,0.5,0.8,0.6,0.2,0.2,0.2,0.4,0.6,0.4,0.2,0.4,0.4,0.4,0.4,0.8,0.4,0.4,0.4,1.0,1.0,0.4,0.4,0.4,0.4,0.4,0.4,0.4,0.4,0.4,0.4,0.2,0.4,0.4,0.4,0.4,0.4,0.2,0.4,0.4,0.4,0.4,0.4,0.2,0.4,0.4,0.4,0.4,0.4,0.4,0.4,0.4,0.4,0.6,0.4,0.6,0.6,0.4,0.6,0.4,0.4,0.4,0.2,0.4,0.4,0.4,0.4,0.4,0.2,0.4,0.4,0.4,0.4,0.4,0.2,0.2,0.4,0.4,0.4,0.4,0.4,0.8,0.4,0.4,0.8,0.8,0.4,0.6,0.6,0.4,0.8,0.4,0.2,0.2,0.4,0.4,0.4,0.4,0.2,0.2,0.4,0.2,0.2,0.4,0.2,0.2,0.2,93.0,35.0,286.0,16.0,21.0,30.0,32.0,19.0,24.0,23.0,22.0,34.0,35.0,35.0,43.0,1.0,,4.0,2.0,,,,,,,,,,,3.0,,6.0,,,1.0,,,,,5.0,,2.0,,3.0,4.0,,,1.0,,,,2.0,4.0,,,,6.0,,5.0,3.0,,,2.0,,,,,,,,1.0,,,,,1.0,2.0,,10.0,3.0,4.0,5.0,,,,9.0,8.0,,6.0,7.0,8.0,4.0,,7.0,,,,,6.0,,,5.0,1.0,2.0,3.0,,,,,,,1.0,,,,,,,,2.0,2.0,8.0,,1.0,6.0,7.0,,,,5.0,3.0,4.0,,,,24.37,33.0,628.0,506.0,65.0,280.0,201.0,0.34,8.0,0.29,0.0,-0.5,[1.0],['2 cups of coffee'],[0.0],[nan],"['No', 'Yes']","[nan, 'Understand the structure of the questions.']",[-0.5],[-0.5],"['No', 'Yes']","[nan, 'Understand the structure of the questions.']",[0.25],"['The furniture/fixtures/objects in the room, The location of furniture/fixtures/objects, The items you picked up']","[1.0, 1.0, 0.8, 0.4, nan, nan, nan, 'Visualising the room layout']",[nan],['No specific strategy'],['No'],"['No, I did not apply any mnemonic techniques']",['Nope thank you.']
A097,3,1.0,1.0,1.0,1.0,1.0,1.0,1.0,1.0,0.0,1.0,0.0,1.0,0.0,1.0,1.0,0.0,1.0,1.0,1.0,1.0,1.0,0.5,1.0,1.0,1.0,1.0,1.0,1.0,0.0,1.0,0.25,0.5,1.0,0.0,0.0,0.5,1.0,0.0,0.0,0.5,0.5,0.5,0.0,1.0,0.5,1.0,0.5,1.0,1.0,1.0,1.0,1.0,0.0,1.0,1.0,1.0,0.0,1.0,0.0,1.0,1.0,0.5,0.0,0.0,1.0,0.5,0.5,0.0,0.0,0.5,1.0,0.5,0.0,1.0,1.0,1.0,1.0,1.0,1.0,1.0,1.0,1.0,0.0,0.0,1.0,1.0,1.0,1.0,1.0,1.0,0.0,1.0,1.0,0.5,1.0,0.0,0.25,0.5,0.5,0.0,0.0,0.0,0.5,1.0,0.0,0.4,0.6,0.4,0.6,1.0,0.4,0.4,0.6,0.4,0.8,0.4,0.4,0.2,0.8,0.4,0.4,0.6,0.6,0.6,0.8,0.4,0.4,0.4,0.4,0.6,0.4,0.4,0.8,0.4,0.2,0.2,0.4,0.4,0.4,0.4,0.2,0.2,0.4,0.4,0.4,0.4,0.2,0.2,0.6,0.6,0.6,0.6,0.6,0.6,0.6,0.4,1.0,0.2,0.6,0.6,0.4,0.4,0.4,0.2,0.4,0.4,0.4,0.4,0.4,0.2,0.4,0.4,0.4,0.4,0.4,0.2,0.4,0.4,0.6,0.6,0.8,0.6,1.0,0.6,0.6,0.8,0.8,0.4,0.6,0.8,0.6,0.8,0.6,0.4,0.6,0.4,0.4,0.4,0.4,0.4,0.4,0.4,0.4,0.4,0.4,0.4,0.4,0.4,0.4,0.4,93.0,35.0,286.0,16.0,21.0,30.0,32.0,19.0,24.0,23.0,22.0,34.0,35.0,35.0,43.0,1.0,,4.0,2.0,,,,,,,,,,,3.0,,6.0,,,1.0,,,,,5.0,,2.0,,3.0,4.0,,,1.0,,,,2.0,4.0,,,,6.0,,5.0,3.0,,,2.0,,,,,,,,1.0,,,,,1.0,2.0,,10.0,3.0,4.0,5.0,,,,9.0,8.0,,6.0,7.0,8.0,4.0,,7.0,,,,,6.0,,,5.0,1.0,2.0,3.0,,,,,,,1.0,,,,,,,,2.0,2.0,8.0,,1.0,6.0,7.0,,,,5.0,3.0,4.0,,,,70.83,33.0,283.0,499.0,45.0,279.0,112.0,0.25,9.0,0.31,1.0,0.5,[1.0],['1 cup of coffee'],[0.0],[nan],"['No', 'Yes']","[nan, 'Understand how the test is structured.']",[0.0],[-0.5],"['No', 'Yes']","[nan, 'Understand how the test is structured.']",[0.25],"['The furniture/fixtures/objects in the room, The location of furniture/fixtures/objects, The items you picked up']","[1.0, 1.0, 0.4, 0.6, nan, nan, nan, 'No specific strategy']",[nan],['No specific strategy'],['No'],"['No, I did not apply any mnemonic techniques']",['As the days go by - harder to recall the scenes and the objects.']
A097,4,1.0,1.0,1.0,1.0,1.0,1.0,1.0,1.0,0.0,1.0,1.0,0.0,0.0,1.0,0.0,1.0,1.0,1.0,1.0,1.0,1.0,1.0,1.0,1.0,1.0,1.0,0.0,0.5,0.5,0.25,0.0,1.0,1.0,1.0,1.0,0.0,1.0,1.0,0.5,0.0,0.5,0.5,0.5,0.5,0.0,0.0,0.0,0.0,1.0,1.0,1.0,1.0,1.0,1.0,1.0,1.0,1.0,0.0,0.25,0.0,0.0,1.0,0.0,0.0,1.0,0.5,0.25,1.0,0.0,0.5,0.5,0.0,0.0,1.0,1.0,1.0,1.0,1.0,1.0,1.0,1.0,1.0,0.0,1.0,1.0,1.0,1.0,0.5,0.5,0.5,1.0,0.5,1.0,1.0,0.0,0.5,1.0,0.0,0.0,1.0,0.0,0.0,0.5,0.5,0.5,0.6,0.6,0.8,0.8,0.4,0.6,0.4,0.4,0.2,0.4,0.4,0.2,0.2,0.6,0.4,0.4,0.6,0.8,0.8,0.8,0.8,0.6,0.4,0.6,0.4,0.2,0.2,0.2,0.2,0.2,0.2,0.2,0.4,0.2,0.2,0.2,0.2,0.2,0.4,0.2,0.2,0.2,0.2,0.4,0.4,0.4,0.4,0.4,0.4,0.6,0.4,0.6,0.4,0.4,0.4,0.4,0.2,0.4,0.4,0.2,0.4,0.4,0.2,0.2,0.4,0.2,0.4,0.4,0.2,0.2,0.2,0.2,0.2,0.6,0.6,0.4,0.4,0.8,0.6,0.6,0.4,0.6,0.4,0.6,0.4,0.6,0.6,0.4,0.4,0.2,0.4,0.2,0.4,0.4,0.4,0.2,0.4,0.4,0.4,0.4,0.4,0.2,0.4,0.2,0.2,93.0,35.0,286.0,16.0,21.0,30.0,32.0,19.0,24.0,23.0,22.0,34.0,35.0,35.0,43.0,1.0,,4.0,2.0,,,,,,,,,,,3.0,,6.0,,,1.0,,,,,5.0,,2.0,,3.0,4.0,,,1.0,,,,2.0,4.0,,,,6.0,,5.0,3.0,,,2.0,,,,,,,,1.0,,,,,1.0,2.0,,10.0,3.0,4.0,5.0,,,,9.0,8.0,,6.0,7.0,8.0,4.0,,7.0,,,,,6.0,,,5.0,1.0,2.0,3.0,,,,,,,1.0,,,,,,,,2.0,2.0,8.0,,1.0,6.0,7.0,,,,5.0,3.0,4.0,,,,144.85,35.0,284.0,254.0,45.0,233.0,153.0,0.34,9.0,0.31,1.0,0.5,[1.0],['1 cup of coffee'],[0.0],[nan],"['No', 'Yes']","[nan, 'I understood the structure of the questions']",[-0.5],[-0.5],"['No', 'Yes']","[nan, 'I understood the structure of the questions']",[0.25],"['The furniture/fixtures/objects in the room, The location of furniture/fixtures/objects, The items you picked up']","[1.0, 1.0, 0.6, 0.6, nan, nan, nan, 'No specific strategy']",[nan],['No specific strategy'],['No'],"['No, I did not apply any mnemonic techniques']",[nan]
A098,1,1.0,1.0,1.0,1.0,0.0,1.0,1.0,0.0,0.0,1.0,0.0,1.0,1.0,1.0,1.0,1.0,1.0,1.0,1.0,1.0,1.0,1.0,1.0,1.0,0.5,0.0,0.5,1.0,0.0,1.0,1.0,1.0,0.5,1.0,0.0,1.0,0.0,1.0,0.5,0.5,0.5,1.0,0.0,0.5,1.0,0.0,0.5,1.0,1.0,1.0,1.0,1.0,1.0,1.0,1.0,0.0,1.0,1.0,1.0,1.0,1.0,0.0,1.0,1.0,0.0,0.0,0.0,0.5,0.5,0.5,0.5,1.0,1.0,0.5,0.5,1.0,1.0,1.0,1.0,1.0,1.0,1.0,1.0,0.0,1.0,1.0,1.0,1.0,1.0,1.0,1.0,1.0,1.0,0.0,1.0,1.0,0.0,0.0,0.0,0.0,0.5,0.5,1.0,1.0,1.0,1.0,0.8,0.6,1.0,0.8,1.0,0.8,0.2,0.6,0.8,0.2,1.0,1.0,0.8,0.4,0.4,1.0,0.8,1.0,1.0,0.2,0.8,1.0,1.0,1.0,1.0,1.0,1.0,1.0,1.0,0.2,0.6,0.6,0.6,0.4,0.4,0.2,0.8,0.4,0.4,0.4,0.2,0.2,0.4,0.4,0.4,0.4,0.6,1.0,1.0,1.0,1.0,1.0,1.0,1.0,0.6,1.0,1.0,1.0,1.0,1.0,0.4,0.4,1.0,0.4,0.2,0.8,0.4,0.2,0.6,0.6,1.0,0.6,0.6,0.6,0.8,1.0,1.0,1.0,1.0,1.0,1.0,1.0,1.0,1.0,1.0,1.0,1.0,1.0,1.0,1.0,1.0,1.0,0.4,0.4,0.4,0.4,0.4,0.8,0.4,0.6,0.2,0.4,1.0,0.8,,48.0,223.0,40.0,39.0,38.0,25.0,18.0,28.0,33.0,25.0,33.0,20.0,24.0,30.0,4.0,,6.0,7.0,,5.0,,,,,,1.0,,2.0,3.0,5.0,6.0,7.0,,11.0,8.0,,,9.0,4.0,10.0,1.0,,2.0,3.0,1.0,2.0,6.0,3.0,5.0,4.0,,,9.0,8.0,10.0,11.0,12.0,7.0,13.0,1.0,2.0,4.0,3.0,5.0,6.0,,7.0,8.0,9.0,10.0,11.0,,12.0,13.0,1.0,2.0,4.0,3.0,5.0,6.0,8.0,7.0,9.0,10.0,11.0,12.0,13.0,,14.0,1.0,2.0,4.0,3.0,,6.0,,,,,,7.0,,,5.0,1.0,2.0,4.0,3.0,5.0,6.0,7.0,9.0,,10.0,8.0,11.0,,,12.0,1.0,2.0,4.0,3.0,6.0,5.0,8.0,9.0,11.0,10.0,12.0,,,,7.0,1.0,36.0,278.0,593.0,64.0,254.0,81.0,0.23,6.0,0.23,-0.5,0.0,[1.0],[2.0],[0.0],[nan],"['No', nan]","[nan, nan]",[-0.5],[nan],"['No', nan]","[nan, nan]",[nan],['The furniture/fixtures/objects in the room'],"[1.0, 1.0, 1.0, 1.0, nan, nan, nan, 'Visualising the room layout']",[nan],['Visualising the room layout'],['Yes'],"['No, I did not apply any mnemonic techniques']","['This question should allow for a zero answer - """"Since your virtual experience in the living-room, what kind of elements"""" If I have not thought of it at all how can I have thought of particular elements?']"
A098,2,1.0,1.0,0.0,1.0,1.0,1.0,1.0,1.0,0.0,1.0,0.0,0.0,0.0,1.0,1.0,0.0,1.0,1.0,1.0,1.0,0.0,0.0,1.0,1.0,1.0,1.0,0.0,1.0,0.5,1.0,1.0,1.0,0.5,1.0,0.5,0.0,1.0,0.5,0.5,0.5,0.0,1.0,0.5,0.0,0.0,1.0,0.0,1.0,1.0,1.0,1.0,1.0,1.0,1.0,1.0,1.0,0.0,1.0,0.0,0.0,1.0,1.0,0.5,0.0,0.0,0.5,1.0,0.0,0.0,0.0,0.0,0.5,1.0,0.0,0.0,1.0,1.0,1.0,1.0,0.0,1.0,1.0,1.0,1.0,1.0,1.0,1.0,1.0,0.0,1.0,0.0,0.0,1.0,1.0,0.25,1.0,0.5,1.0,1.0,0.0,0.5,0.0,0.5,0.5,0.5,1.0,0.8,0.6,0.8,0.6,1.0,1.0,0.4,0.2,1.0,0.2,0.4,0.4,1.0,0.4,0.6,1.0,1.0,1.0,1.0,0.6,1.0,1.0,1.0,1.0,0.2,1.0,1.0,0.6,0.2,0.2,0.2,0.2,0.2,0.2,0.2,0.2,0.2,0.2,0.2,0.2,0.2,0.2,0.6,0.2,0.2,0.2,0.2,1.0,1.0,0.6,1.0,1.0,1.0,1.0,1.0,0.4,1.0,1.0,1.0,1.0,0.4,0.4,0.2,0.2,0.2,0.4,0.4,0.4,0.2,0.4,0.2,0.4,0.2,0.6,1.0,1.0,1.0,1.0,1.0,1.0,1.0,1.0,1.0,1.0,1.0,1.0,1.0,0.4,1.0,1.0,1.0,1.0,0.6,0.2,0.4,0.4,0.2,0.4,0.4,0.2,0.2,0.4,0.2,0.4,,48.0,223.0,40.0,39.0,38.0,25.0,18.0,28.0,33.0,25.0,33.0,20.0,24.0,30.0,4.0,,6.0,7.0,,5.0,,,,,,1.0,,2.0,3.0,5.0,6.0,7.0,,11.0,8.0,,,9.0,4.0,10.0,1.0,,2.0,3.0,1.0,2.0,6.0,3.0,5.0,4.0,,,9.0,8.0,10.0,11.0,12.0,7.0,13.0,1.0,2.0,4.0,3.0,5.0,6.0,,7.0,8.0,9.0,10.0,11.0,,12.0,13.0,1.0,2.0,4.0,3.0,5.0,6.0,8.0,7.0,9.0,10.0,11.0,12.0,13.0,,14.0,1.0,2.0,4.0,3.0,,6.0,,,,,,7.0,,,5.0,1.0,2.0,4.0,3.0,5.0,6.0,7.0,9.0,,10.0,8.0,11.0,,,12.0,1.0,2.0,4.0,3.0,6.0,5.0,8.0,9.0,11.0,10.0,12.0,,,,7.0,25.77,32.0,224.0,369.0,57.0,249.0,101.0,0.26,7.0,0.27,-0.5,-0.5,[1.0],[2.0],[0.0],[nan],"['No', 'No']","[nan, ""didn't""]",[-0.5],[-0.5],"['No', 'No']","[nan, ""didn't""]",[0.25],"['The furniture/fixtures/objects in the room, The items you picked up']","[1.0, 1.0, 1.0, 1.0, nan, nan, nan, 'Visualising the room layout']",[nan],['Visualising the room layout'],['Yes'],"['No, I did not apply any mnemonic techniques']",[nan]
A098,3,1.0,1.0,1.0,1.0,0.0,1.0,1.0,1.0,1.0,1.0,0.0,1.0,0.0,1.0,1.0,0.0,1.0,1.0,1.0,1.0,1.0,1.0,1.0,1.0,1.0,1.0,1.0,1.0,0.0,1.0,1.0,0.0,0.0,0.25,0.0,1.0,0.5,1.0,0.0,0.0,0.0,1.0,0.0,0.5,0.5,0.0,1.0,0.0,1.0,1.0,1.0,1.0,1.0,1.0,1.0,1.0,1.0,1.0,1.0,1.0,0.5,0.0,0.0,0.5,0.25,1.0,0.5,1.0,0.0,1.0,0.5,1.0,0.0,1.0,1.0,1.0,1.0,1.0,1.0,0.0,1.0,1.0,1.0,1.0,1.0,1.0,1.0,1.0,1.0,1.0,1.0,1.0,1.0,0.0,0.0,0.5,0.25,1.0,1.0,1.0,0.0,0.5,1.0,1.0,0.0,1.0,1.0,1.0,1.0,0.6,1.0,1.0,1.0,1.0,1.0,1.0,1.0,0.2,1.0,0.8,0.6,1.0,1.0,1.0,1.0,0.8,1.0,0.8,1.0,0.8,1.0,1.0,1.0,1.0,1.0,0.2,1.0,0.6,0.4,0.4,0.4,0.2,1.0,0.4,0.4,0.2,0.2,0.2,0.2,0.2,0.2,0.2,0.4,1.0,1.0,1.0,1.0,1.0,1.0,1.0,1.0,1.0,1.0,0.8,1.0,0.6,0.4,0.4,0.4,0.2,1.0,0.6,0.6,0.4,0.2,0.2,1.0,0.6,0.4,1.0,1.0,0.8,1.0,1.0,0.2,0.2,1.0,1.0,1.0,1.0,0.6,1.0,1.0,1.0,1.0,1.0,1.0,0.4,0.4,0.6,0.6,0.6,1.0,0.6,0.4,0.6,0.8,0.4,1.0,1.0,,48.0,223.0,40.0,39.0,38.0,25.0,18.0,28.0,33.0,25.0,33.0,20.0,24.0,30.0,4.0,,6.0,7.0,,5.0,,,,,,1.0,,2.0,3.0,5.0,6.0,7.0,,11.0,8.0,,,9.0,4.0,10.0,1.0,,2.0,3.0,1.0,2.0,6.0,3.0,5.0,4.0,,,9.0,8.0,10.0,11.0,12.0,7.0,13.0,1.0,2.0,4.0,3.0,5.0,6.0,,7.0,8.0,9.0,10.0,11.0,,12.0,13.0,1.0,2.0,4.0,3.0,5.0,6.0,8.0,7.0,9.0,10.0,11.0,12.0,13.0,,14.0,1.0,2.0,4.0,3.0,,6.0,,,,,,7.0,,,5.0,1.0,2.0,4.0,3.0,5.0,6.0,7.0,9.0,,10.0,8.0,11.0,,,12.0,1.0,2.0,4.0,3.0,6.0,5.0,8.0,9.0,11.0,10.0,12.0,,,,7.0,78.84,27.0,235.0,234.0,34.0,169.0,91.0,0.45,7.0,0.29,0.0,-0.5,[0.0],[nan],[1.0],[3.0],"['No', 'Yes']","[nan, 'I knew the things i had already done']",[-1.0],[0.0],"['No', 'Yes']","[nan, 'I knew the things i had already done']",[0.25],"['The furniture/fixtures/objects in the room, The location of furniture/fixtures/objects, The items you picked up']","[1.0, 1.0, 1.0, 1.0, nan, nan, nan, 'No specific strategy']",[nan],['No specific strategy'],['Yes'],"['No, I did not apply any mnemonic techniques']",[nan]
A098,4,1.0,1.0,1.0,1.0,1.0,1.0,1.0,0.0,0.0,1.0,1.0,0.0,0.0,0.0,0.0,0.0,1.0,1.0,1.0,1.0,1.0,0.0,0.0,1.0,1.0,0.0,1.0,1.0,0.0,0.0,0.5,0.25,0.0,0.0,0.25,0.0,0.0,0.0,0.0,1.0,0.5,0.0,0.5,0.5,0.5,0.5,0.5,0.0,1.0,1.0,1.0,1.0,1.0,1.0,1.0,0.0,1.0,1.0,0.0,0.0,0.5,0.0,1.0,0.0,0.25,0.25,0.5,0.0,0.0,1.0,0.5,0.0,0.0,0.5,0.0,1.0,0.5,1.0,0.0,0.0,1.0,1.0,1.0,1.0,1.0,1.0,1.0,0.0,1.0,1.0,0.0,0.0,0.5,0.0,1.0,0.0,0.0,0.5,0.5,0.5,0.5,1.0,1.0,0.0,0.5,1.0,1.0,1.0,1.0,1.0,1.0,1.0,0.2,0.2,1.0,1.0,0.2,0.2,1.0,0.2,0.2,1.0,1.0,1.0,1.0,0.6,1.0,0.6,1.0,1.0,0.2,0.2,1.0,0.8,0.2,0.2,0.2,0.2,0.2,0.2,0.2,0.2,0.2,0.2,0.8,0.4,0.2,0.2,0.6,0.2,0.2,0.2,1.0,1.0,1.0,1.0,1.0,1.0,1.0,1.0,1.0,1.0,1.0,1.0,0.2,0.4,0.6,0.4,0.4,0.2,0.2,0.4,0.6,0.4,1.0,0.8,0.2,0.6,0.6,0.6,1.0,1.0,0.4,1.0,0.8,1.0,1.0,1.0,0.8,1.0,1.0,1.0,0.6,1.0,1.0,1.0,0.2,1.0,1.0,0.6,0.4,0.4,0.6,0.6,0.6,0.6,1.0,0.2,0.2,0.6,,48.0,223.0,40.0,39.0,38.0,25.0,18.0,28.0,33.0,25.0,33.0,20.0,24.0,30.0,4.0,,6.0,7.0,,5.0,,,,,,1.0,,2.0,3.0,5.0,6.0,7.0,,11.0,8.0,,,9.0,4.0,10.0,1.0,,2.0,3.0,1.0,2.0,6.0,3.0,5.0,4.0,,,9.0,8.0,10.0,11.0,12.0,7.0,13.0,1.0,2.0,4.0,3.0,5.0,6.0,,7.0,8.0,9.0,10.0,11.0,,12.0,13.0,1.0,2.0,4.0,3.0,5.0,6.0,8.0,7.0,9.0,10.0,11.0,12.0,13.0,,14.0,1.0,2.0,4.0,3.0,,6.0,,,,,,7.0,,,5.0,1.0,2.0,4.0,3.0,5.0,6.0,7.0,9.0,,10.0,8.0,11.0,,,12.0,1.0,2.0,4.0,3.0,6.0,5.0,8.0,9.0,11.0,10.0,12.0,,,,7.0,146.29,21.0,207.0,183.0,42.0,191.0,97.0,0.32,7.0,0.23,0.0,-0.5,[0.0],[nan],[0.0],[nan],"['No', 'Yes']","[nan, 'I knew the things i had already done']",[-1.0],[-0.5],"['No', 'Yes']","[nan, 'I knew the things i had already done']",[0.25],"['The furniture/fixtures/objects in the room, The location of furniture/fixtures/objects, The items you picked up']","[1.0, 1.0, 1.0, 1.0, nan, nan, nan, 'No specific strategy']",[nan],['No specific strategy'],['Yes'],"['No, I did not apply any mnemonic techniques']",[nan]
A099,1,1.0,1.0,1.0,1.0,1.0,1.0,1.0,1.0,0.0,0.0,1.0,0.0,1.0,1.0,1.0,0.0,1.0,1.0,1.0,1.0,1.0,0.0,1.0,1.0,1.0,1.0,1.0,0.25,1.0,0.5,1.0,1.0,0.0,1.0,0.5,1.0,1.0,0.0,0.5,0.5,1.0,0.0,0.5,1.0,0.5,0.5,0.5,0.5,1.0,1.0,1.0,1.0,1.0,1.0,1.0,0.0,1.0,1.0,1.0,1.0,1.0,1.0,0.0,0.5,1.0,1.0,1.0,0.5,0.0,1.0,1.0,1.0,0.5,1.0,0.0,1.0,0.5,1.0,1.0,1.0,1.0,1.0,1.0,1.0,1.0,1.0,1.0,0.0,1.0,1.0,1.0,1.0,1.0,1.0,0.0,1.0,0.5,1.0,1.0,0.5,0.0,0.0,1.0,1.0,0.5,1.0,1.0,1.0,1.0,1.0,1.0,1.0,1.0,0.6,0.8,1.0,0.4,1.0,1.0,1.0,1.0,1.0,1.0,1.0,1.0,1.0,1.0,1.0,1.0,1.0,1.0,1.0,1.0,1.0,1.0,0.4,1.0,1.0,1.0,1.0,0.6,0.4,1.0,0.6,0.6,0.6,0.6,0.4,0.8,0.8,0.8,0.8,1.0,1.0,1.0,1.0,1.0,1.0,1.0,1.0,0.6,0.4,0.4,1.0,0.8,1.0,1.0,0.4,0.4,1.0,0.8,1.0,0.4,0.4,0.4,1.0,0.4,0.6,1.0,1.0,0.6,0.6,1.0,1.0,1.0,1.0,1.0,1.0,1.0,1.0,1.0,1.0,0.6,0.6,0.6,1.0,0.8,1.0,1.0,0.6,0.6,1.0,0.8,1.0,0.6,0.4,0.4,1.0,0.4,0.4,55.0,30.0,431.0,41.0,55.0,45.0,76.0,46.0,32.0,71.0,49.0,46.0,27.0,58.0,73.0,1.0,,,,2.0,,,,,4.0,,,5.0,3.0,,,2.0,1.0,,,,6.0,,,,4.0,3.0,,,5.0,2.0,1.0,,7.0,3.0,,4.0,,,,5.0,,,,6.0,2.0,3.0,1.0,5.0,12.0,,7.0,8.0,,9.0,11.0,10.0,6.0,4.0,,3.0,2.0,1.0,6.0,9.0,13.0,10.0,8.0,5.0,11.0,,12.0,7.0,4.0,14.0,1.0,2.0,,3.0,,5.0,,,,,,,,,4.0,2.0,3.0,1.0,,7.0,8.0,12.0,5.0,,10.0,11.0,9.0,6.0,4.0,13.0,1.0,2.0,,3.0,11.0,12.0,8.0,9.0,13.0,6.0,5.0,7.0,4.0,,10.0,1.0,54.0,587.0,643.33,136.0,439.0,116.0,0.21,5.0,0.25,-0.5,0.0,[1.0],[2.0],[0.0],[nan],"['No', nan]","[nan, nan]",[0.0],[nan],"['No', nan]","[nan, nan]",[nan],"['The items you picked up, Where you picked up and put down items, The order you completed items and tasks']","[1.0, 1.0, 1.0, 1.0, nan, nan, nan, 'Visualising the room layout']",[nan],['Visualising the room layout'],['Yes'],"['No, I did not apply any mnemonic techniques']",[nan]
A099,2,1.0,1.0,1.0,1.0,1.0,1.0,0.0,1.0,1.0,1.0,0.0,0.0,1.0,1.0,0.0,0.0,1.0,1.0,1.0,1.0,1.0,1.0,1.0,1.0,1.0,1.0,1.0,1.0,0.5,1.0,1.0,1.0,1.0,0.5,0.5,0.0,0.0,0.0,1.0,0.5,0.5,0.0,0.0,1.0,0.0,1.0,0.0,0.5,1.0,1.0,1.0,1.0,1.0,1.0,1.0,1.0,1.0,1.0,1.0,1.0,1.0,0.5,1.0,0.5,0.5,0.0,0.0,0.0,0.0,1.0,1.0,1.0,0.0,1.0,1.0,1.0,1.0,1.0,1.0,1.0,1.0,1.0,1.0,1.0,1.0,1.0,1.0,0.5,1.0,1.0,1.0,1.0,1.0,0.5,1.0,0.0,1.0,0.0,0.0,0.5,0.0,0.5,0.5,0.5,0.0,1.0,1.0,1.0,1.0,1.0,1.0,0.8,0.6,1.0,1.0,0.6,0.6,1.0,1.0,0.8,0.8,1.0,1.0,1.0,1.0,1.0,1.0,1.0,1.0,1.0,1.0,1.0,1.0,1.0,0.6,0.6,0.6,1.0,0.8,0.8,0.8,0.6,0.6,0.4,0.4,0.4,0.4,0.4,0.4,0.4,0.4,0.4,0.6,1.0,0.4,1.0,1.0,1.0,1.0,1.0,0.4,1.0,1.0,1.0,0.8,1.0,0.4,1.0,1.0,0.8,0.6,0.6,0.4,0.8,0.4,0.4,0.2,0.4,1.0,1.0,1.0,0.8,1.0,1.0,1.0,1.0,0.4,1.0,1.0,1.0,1.0,1.0,0.4,1.0,1.0,0.8,1.0,1.0,0.8,1.0,1.0,0.6,0.4,0.8,0.4,0.6,0.6,0.4,0.4,0.4,55.0,30.0,431.0,41.0,55.0,45.0,76.0,46.0,32.0,71.0,49.0,46.0,27.0,58.0,73.0,1.0,,,,2.0,,,,,4.0,,,5.0,3.0,,,2.0,1.0,,,,6.0,,,,4.0,3.0,,,5.0,2.0,1.0,,7.0,3.0,,4.0,,,,5.0,,,,6.0,2.0,3.0,1.0,5.0,12.0,,7.0,8.0,,9.0,11.0,10.0,6.0,4.0,,3.0,2.0,1.0,6.0,9.0,13.0,10.0,8.0,5.0,11.0,,12.0,7.0,4.0,14.0,1.0,2.0,,3.0,,5.0,,,,,,,,,4.0,2.0,3.0,1.0,,7.0,8.0,12.0,5.0,,10.0,11.0,9.0,6.0,4.0,13.0,1.0,2.0,,3.0,11.0,12.0,8.0,9.0,13.0,6.0,5.0,7.0,4.0,,10.0,28.75,51.5,368.0,1085.0,116.0,436.0,162.0,0.41,6.0,0.25,0.0,-0.5,[0.0],[nan],[0.0],[nan],"['No', 'No']","[nan, 'I still have doubts about the order that I completed tasks']",[-0.5],[-0.5],"['No', 'No']","[nan, 'I still have doubts about the order that I completed tasks']",[0.25],"['The furniture/fixtures/objects in the room, The location of furniture/fixtures/objects, The items you picked up, Where you picked up and put down items, The order you completed items and tasks']","[1.0, 1.0, 1.0, 1.0, nan, nan, nan, 'Visualising the room layout, Associating items with personal experiences']",[nan],['Visualising the room layout'],['Yes'],"['No, I did not apply any mnemonic techniques']","[""Second questionnaire - I thought it may have assisted by completing the kitchen yesterday, but some of the items I can't recall/second doubt myself. For example, when shown the pictures of boxes/packages and letters, I know I chose letters, but my first thought went to the package with the Amazon logo(?), so now I'm not too confident about what item went with what room.""]"
A099,3,1.0,1.0,0.0,1.0,0.0,0.0,0.0,1.0,1.0,0.0,1.0,1.0,1.0,1.0,1.0,1.0,1.0,1.0,0.5,1.0,0.0,0.0,0.0,1.0,0.5,0.5,1.0,0.0,1.0,1.0,0.5,0.5,0.5,0.5,0.0,0.0,0.0,0.0,0.0,0.5,1.0,1.0,1.0,0.0,0.5,0.5,0.5,1.0,1.0,1.0,1.0,1.0,1.0,1.0,1.0,1.0,1.0,0.25,1.0,1.0,1.0,0.5,1.0,1.0,0.0,0.5,0.0,0.0,1.0,0.0,0.5,1.0,0.5,0.0,0.0,0.0,1.0,0.0,0.0,0.0,1.0,1.0,1.0,1.0,1.0,1.0,1.0,1.0,1.0,0.25,1.0,1.0,1.0,0.5,0.5,1.0,0.0,1.0,0.0,0.0,1.0,0.5,1.0,1.0,0.0,0.8,0.8,1.0,0.8,1.0,0.6,0.6,1.0,1.0,1.0,1.0,1.0,1.0,1.0,0.8,0.8,1.0,1.0,1.0,1.0,0.4,0.4,0.6,0.6,1.0,1.0,1.0,1.0,1.0,0.4,0.8,0.6,0.4,0.4,0.4,0.4,0.4,0.8,0.4,0.4,0.4,0.4,0.4,0.4,0.4,0.4,0.4,0.4,1.0,1.0,1.0,1.0,1.0,1.0,1.0,0.6,1.0,0.8,1.0,1.0,0.8,0.6,0.6,1.0,0.6,0.6,0.8,0.4,0.4,0.4,0.4,1.0,0.4,0.6,0.6,1.0,0.8,1.0,1.0,1.0,1.0,1.0,1.0,1.0,1.0,1.0,1.0,0.6,1.0,0.8,1.0,1.0,0.6,0.6,0.6,1.0,0.8,0.6,0.6,0.4,0.4,0.4,0.4,1.0,0.4,55.0,30.0,431.0,41.0,55.0,45.0,76.0,46.0,32.0,71.0,49.0,46.0,27.0,58.0,73.0,1.0,,,,2.0,,,,,4.0,,,5.0,3.0,,,2.0,1.0,,,,6.0,,,,4.0,3.0,,,5.0,2.0,1.0,,7.0,3.0,,4.0,,,,5.0,,,,6.0,2.0,3.0,1.0,5.0,12.0,,7.0,8.0,,9.0,11.0,10.0,6.0,4.0,,3.0,2.0,1.0,6.0,9.0,13.0,10.0,8.0,5.0,11.0,,12.0,7.0,4.0,14.0,1.0,2.0,,3.0,,5.0,,,,,,,,,4.0,2.0,3.0,1.0,,7.0,8.0,12.0,5.0,,10.0,11.0,9.0,6.0,4.0,13.0,1.0,2.0,,3.0,11.0,12.0,8.0,9.0,13.0,6.0,5.0,7.0,4.0,,10.0,78.57,49.0,368.0,415.0,43.0,692.0,122.0,0.46,7.0,0.27,0.5,0.0,[1.0],['1 coffee'],[0.0],[nan],"['No', 'Unsure']","[nan, 'I still had trouble remembering the portraits and prints on the walls']",[-0.5],[-0.5],"['No', 'Unsure']","[nan, 'I still had trouble remembering the portraits and prints on the walls']",[0.25],"['The furniture/fixtures/objects in the room, The location of furniture/fixtures/objects, The items you picked up, Where you picked up and put down items, The order you completed items and tasks']","[1.0, 1.0, 0.8, 1.0, nan, nan, nan, 'Visualising the room layout']",[nan],"['Visualising the room layout, Creating a mental story or narrative']",['Yes'],"['No, I did not apply any mnemonic techniques']",[nan]
A099,4,1.0,1.0,1.0,1.0,1.0,0.0,0.0,1.0,1.0,1.0,1.0,1.0,0.0,1.0,1.0,1.0,1.0,1.0,1.0,1.0,0.0,1.0,0.0,1.0,1.0,1.0,1.0,1.0,1.0,1.0,1.0,0.0,1.0,1.0,0.0,0.0,0.25,0.5,0.0,1.0,0.5,0.5,0.0,0.0,0.0,0.0,0.5,0.0,1.0,0.0,1.0,1.0,1.0,1.0,1.0,0.0,1.0,1.0,1.0,1.0,1.0,0.0,1.0,1.0,0.0,0.5,1.0,0.0,0.0,1.0,0.5,1.0,0.0,0.0,1.0,0.0,1.0,0.0,1.0,1.0,1.0,1.0,1.0,1.0,1.0,1.0,1.0,1.0,1.0,1.0,1.0,1.0,1.0,0.0,1.0,1.0,0.0,0.5,1.0,0.0,0.0,1.0,0.5,1.0,0.0,1.0,1.0,1.0,1.0,1.0,0.6,0.6,1.0,1.0,1.0,1.0,1.0,0.2,1.0,1.0,1.0,1.0,1.0,1.0,1.0,0.6,0.8,0.6,0.6,1.0,1.0,1.0,1.0,1.0,1.0,0.6,1.0,1.0,1.0,1.0,0.6,0.6,0.4,0.4,1.0,0.4,0.4,0.2,0.4,0.4,0.4,0.4,0.4,1.0,0.4,1.0,1.0,1.0,1.0,1.0,0.4,1.0,1.0,1.0,1.0,0.4,1.0,1.0,1.0,1.0,1.0,0.4,0.2,0.4,1.0,0.4,0.4,0.2,0.2,1.0,0.6,0.4,0.6,0.6,1.0,1.0,1.0,1.0,1.0,1.0,1.0,1.0,1.0,1.0,1.0,1.0,1.0,0.6,1.0,1.0,1.0,1.0,1.0,1.0,0.6,0.8,1.0,0.4,0.4,0.4,55.0,30.0,431.0,41.0,55.0,45.0,76.0,46.0,32.0,71.0,49.0,46.0,27.0,58.0,73.0,1.0,,,,2.0,,,,,4.0,,,5.0,3.0,,,2.0,1.0,,,,6.0,,,,4.0,3.0,,,5.0,2.0,1.0,,7.0,3.0,,4.0,,,,5.0,,,,6.0,2.0,3.0,1.0,5.0,12.0,,7.0,8.0,,9.0,11.0,10.0,6.0,4.0,,3.0,2.0,1.0,6.0,9.0,13.0,10.0,8.0,5.0,11.0,,12.0,7.0,4.0,14.0,1.0,2.0,,3.0,,5.0,,,,,,,,,4.0,2.0,3.0,1.0,,7.0,8.0,12.0,5.0,,10.0,11.0,9.0,6.0,4.0,13.0,1.0,2.0,,3.0,11.0,12.0,8.0,9.0,13.0,6.0,5.0,7.0,4.0,,10.0,143.51,51.5,149.0,430.0,47.0,206.0,184.0,0.17,7.0,0.27,0.0,0.0,[1.0],['2 coffee'],[0.0],[nan],"['No', 'Yes']","[nan, 'it started to narrow down the items I had left to choose']",[-0.5],[-0.5],"['No', 'Yes']","[nan, 'it started to narrow down the items I had left to choose']",[0.5],"['The furniture/fixtures/objects in the room, The location of furniture/fixtures/objects, The items you picked up, Where you picked up and put down items, The order you completed items and tasks']","[1.0, 1.0, 1.0, 1.0, nan, nan, nan, 'Visualising the room layout']",['What items did and did not belong in a bathroom'],"['Visualising the room layout, Other (please specify)']",['Yes'],"['No, I did not apply any mnemonic techniques']",['The landscape pictures all seemed to blend together by the end of the four questionnaires!']
A100,1,1.0,0.0,1.0,1.0,0.0,0.0,0.0,1.0,1.0,0.0,1.0,1.0,0.0,1.0,0.0,0.0,0.5,1.0,1.0,1.0,0.0,0.5,1.0,1.0,0.5,0.25,1.0,0.0,0.5,0.5,1.0,1.0,1.0,0.0,0.5,0.0,0.0,1.0,0.5,0.5,0.5,0.0,0.5,0.0,0.0,0.0,0.0,1.0,1.0,1.0,1.0,1.0,1.0,1.0,1.0,1.0,0.5,0.0,1.0,1.0,1.0,1.0,0.0,0.0,1.0,0.0,0.0,1.0,0.0,0.5,0.5,0.0,1.0,0.0,0.5,0.0,1.0,1.0,1.0,0.0,1.0,1.0,1.0,0.0,0.0,1.0,1.0,1.0,1.0,0.0,1.0,1.0,1.0,1.0,0.0,0.0,0.5,0.0,0.0,1.0,0.0,0.5,0.5,0.0,0.5,0.8,0.8,0.8,0.8,0.8,1.0,0.8,0.8,0.8,0.8,0.8,0.8,0.6,1.0,1.0,1.0,0.8,0.8,0.8,0.6,0.8,0.8,1.0,0.8,0.8,0.8,0.8,0.8,0.8,0.6,0.8,0.8,0.8,0.8,0.8,0.6,0.8,0.8,0.8,0.8,0.8,0.6,0.8,0.8,0.8,0.8,0.8,0.8,0.8,0.8,1.0,0.8,0.8,0.8,0.8,0.8,1.0,0.8,0.8,0.8,0.8,0.8,0.8,0.8,0.8,0.8,0.8,0.8,0.8,0.8,0.8,0.8,0.8,0.6,0.8,1.0,0.8,1.0,1.0,0.8,0.8,1.0,1.0,1.0,1.0,1.0,1.0,0.8,0.8,0.8,0.8,0.8,0.8,0.8,0.8,0.8,0.8,1.0,0.8,0.8,0.8,0.8,0.8,0.8,0.8,70.0,33.0,671.0,27.0,25.0,30.0,24.0,22.0,25.0,28.0,28.0,33.0,21.0,20.0,33.0,1.0,2.0,,,,,,,,,,4.0,,3.0,,6.0,5.0,9.0,,11.0,10.0,,7.0,8.0,,,3.0,4.0,2.0,1.0,8.0,,7.0,10.0,6.0,5.0,9.0,,,,,4.0,3.0,2.0,1.0,5.0,,,6.0,8.0,7.0,9.0,,,,,4.0,3.0,2.0,1.0,7.0,8.0,,9.0,11.0,10.0,6.0,,,,5.0,4.0,3.0,1.0,2.0,,,,,,,,,5.0,,,4.0,1.0,2.0,3.0,3.0,1.0,9.0,7.0,4.0,6.0,2.0,,,,,,,5.0,8.0,4.0,1.0,5.0,7.0,3.0,,8.0,,,,,,,2.0,6.0,1.0,76.0,430.0,737.0,117.0,252.0,116.0,0.27,7.0,0.21,0.0,0.5,[1.0],['Tea'],[1.0],[nan],"['Yes', nan]","[nan, nan]",[-0.5],[nan],"['Yes', nan]","[nan, nan]",[nan],"['The furniture/fixtures/objects in the room, The location of furniture/fixtures/objects, The items you picked up, Where you picked up and put down items, The order you completed items and tasks']","[1.0, 0.5, 0.8, 0.8, nan, 1.0, nan, 'Visualising the room layout']",[nan],['No specific strategy'],['No'],"['No, I did not apply any mnemonic techniques']",[nan]
A100,2,1.0,1.0,1.0,1.0,1.0,1.0,1.0,1.0,1.0,1.0,1.0,1.0,1.0,0.0,1.0,1.0,0.5,0.5,0.5,0.5,1.0,0.5,1.0,0.0,0.5,1.0,1.0,1.0,0.5,1.0,1.0,0.25,1.0,0.0,0.0,0.0,0.25,0.5,0.0,1.0,0.5,0.5,0.5,1.0,0.0,0.0,0.5,0.5,1.0,1.0,1.0,1.0,1.0,1.0,1.0,1.0,1.0,1.0,0.5,1.0,1.0,0.25,1.0,1.0,0.0,0.0,1.0,0.5,0.0,1.0,0.5,0.5,0.0,0.5,0.0,1.0,0.0,1.0,1.0,1.0,1.0,1.0,1.0,1.0,1.0,1.0,1.0,1.0,1.0,1.0,1.0,1.0,1.0,0.25,1.0,1.0,0.0,0.0,1.0,0.5,0.0,1.0,1.0,0.5,0.0,0.8,0.8,0.8,0.8,1.0,0.8,0.8,0.8,0.8,0.8,0.8,0.8,0.8,1.0,0.8,0.8,0.8,0.8,0.8,0.8,0.8,0.8,0.8,0.8,0.8,0.8,0.8,0.8,0.8,0.8,0.8,0.8,0.8,0.8,0.8,0.8,0.8,0.8,0.8,0.8,0.8,0.8,0.8,0.8,0.8,0.8,0.8,0.8,0.8,0.8,0.8,0.8,0.8,0.8,0.8,0.8,0.8,0.8,0.8,0.8,0.8,0.8,0.8,0.8,0.8,0.8,0.8,0.8,0.8,0.8,0.8,0.8,0.8,0.8,0.8,0.8,0.8,1.0,0.8,0.8,0.8,1.0,1.0,0.8,1.0,1.0,0.8,0.8,0.8,0.8,0.8,0.8,0.8,0.8,0.8,0.8,0.8,0.8,0.8,0.8,0.8,0.8,0.8,0.8,0.8,70.0,33.0,671.0,27.0,25.0,30.0,24.0,22.0,25.0,28.0,28.0,33.0,21.0,20.0,33.0,1.0,2.0,,,,,,,,,,4.0,,3.0,,6.0,5.0,9.0,,11.0,10.0,,7.0,8.0,,,3.0,4.0,2.0,1.0,8.0,,7.0,10.0,6.0,5.0,9.0,,,,,4.0,3.0,2.0,1.0,5.0,,,6.0,8.0,7.0,9.0,,,,,4.0,3.0,2.0,1.0,7.0,8.0,,9.0,11.0,10.0,6.0,,,,5.0,4.0,3.0,1.0,2.0,,,,,,,,,5.0,,,4.0,1.0,2.0,3.0,3.0,1.0,9.0,7.0,4.0,6.0,2.0,,,,,,,5.0,8.0,4.0,1.0,5.0,7.0,3.0,,8.0,,,,,,,2.0,6.0,31.14,60.0,369.0,344.0,127.0,439.0,183.0,0.54,6.0,0.23,0.0,0.0,[1.0],['1 coffee'],[1.0],[nan],"['Yes', 'Yes']","[nan, 'I became familiar with and understood the process']",[-0.5],[0.0],"['Yes', 'Yes']","[nan, 'I became familiar with and understood the process']",[0.0],"['The furniture/fixtures/objects in the room, The items you picked up, Where you picked up and put down items, The order you completed items and tasks']","[1.0, 0.5, 0.8, 0.8, nan, 1.0, nan, 'Visualising the room layout, Associating items with personal experiences']",[nan],['Visualising the room layout'],['No'],"['Yes, visual imagery']",[nan]
A100,3,1.0,1.0,1.0,1.0,1.0,1.0,1.0,0.0,1.0,1.0,1.0,0.0,1.0,1.0,1.0,0.0,1.0,1.0,0.5,1.0,0.0,0.0,1.0,0.0,1.0,0.25,1.0,1.0,1.0,1.0,1.0,0.0,0.0,1.0,1.0,1.0,0.0,0.0,0.5,0.0,1.0,0.0,0.0,0.0,0.0,0.0,0.5,0.5,1.0,1.0,1.0,1.0,1.0,1.0,1.0,0.0,1.0,1.0,1.0,1.0,1.0,0.5,0.0,1.0,0.5,1.0,0.0,0.0,0.5,0.0,1.0,0.0,0.5,1.0,0.0,1.0,0.0,1.0,0.5,1.0,1.0,1.0,1.0,1.0,1.0,1.0,1.0,0.5,1.0,1.0,1.0,0.0,1.0,0.0,0.0,1.0,0.5,0.0,0.0,0.0,0.0,0.0,1.0,0.0,0.5,1.0,1.0,0.8,0.8,1.0,0.8,0.8,0.8,0.8,0.8,0.8,0.8,0.8,0.8,0.6,0.8,0.8,0.8,0.8,0.8,0.8,0.8,0.8,0.8,0.8,0.8,0.8,0.8,0.8,0.8,0.8,0.8,0.8,0.8,0.8,0.8,0.8,0.8,0.8,0.8,0.8,0.8,0.8,0.8,0.8,0.8,0.8,0.8,0.8,0.8,0.8,0.6,1.0,0.8,1.0,0.8,0.8,0.6,0.8,0.6,0.6,0.6,0.8,0.6,0.6,0.6,0.6,0.6,0.8,0.6,0.8,0.6,0.8,0.6,0.6,0.8,0.6,0.8,0.6,0.8,1.0,1.0,1.0,1.0,1.0,1.0,0.8,0.6,0.6,1.0,0.8,0.6,0.6,0.8,0.6,0.6,0.8,0.6,0.8,0.6,0.8,0.6,0.2,0.6,0.6,70.0,33.0,671.0,27.0,25.0,30.0,24.0,22.0,25.0,28.0,28.0,33.0,21.0,20.0,33.0,1.0,2.0,,,,,,,,,,4.0,,3.0,,6.0,5.0,9.0,,11.0,10.0,,7.0,8.0,,,3.0,4.0,2.0,1.0,8.0,,7.0,10.0,6.0,5.0,9.0,,,,,4.0,3.0,2.0,1.0,5.0,,,6.0,8.0,7.0,9.0,,,,,4.0,3.0,2.0,1.0,7.0,8.0,,9.0,11.0,10.0,6.0,,,,5.0,4.0,3.0,1.0,2.0,,,,,,,,,5.0,,,4.0,1.0,2.0,3.0,3.0,1.0,9.0,7.0,4.0,6.0,2.0,,,,,,,5.0,8.0,4.0,1.0,5.0,7.0,3.0,,8.0,,,,,,,2.0,6.0,75.34,56.0,336.0,541.0,50.0,332.0,157.0,0.41,6.0,0.21,0.0,0.0,[1.0],['Tea 1 2 cups'],[1.0],[nan],"['Yes', 'Yes']","[nan, 'Understood the process and the relationships between the room and the pillars']",[-0.5],[0.0],"['Yes', 'Yes']","[nan, 'Understood the process and the relationships between the room and the pillars']",[0.25],"['The furniture/fixtures/objects in the room, The location of furniture/fixtures/objects, The items you picked up, Where you picked up and put down items, The order you completed items and tasks']","[1.0, 1.0, 1.0, 0.8, nan, nan, nan, 'Visualising the room layout, Associating items with personal experiences']",[nan],['Visualising the room layout'],['No'],"['No, I did not apply any mnemonic techniques']",[nan]
A100,4,1.0,1.0,1.0,1.0,1.0,1.0,0.0,1.0,0.0,0.0,1.0,1.0,1.0,0.0,1.0,1.0,1.0,1.0,1.0,1.0,1.0,0.0,1.0,0.0,1.0,1.0,0.5,0.5,1.0,1.0,1.0,0.5,0.5,0.5,0.0,0.0,0.0,0.0,0.0,0.0,0.5,0.5,0.0,1.0,0.0,0.5,1.0,0.0,1.0,1.0,1.0,0.0,1.0,1.0,1.0,1.0,1.0,0.0,1.0,1.0,1.0,0.5,0.5,0.0,0.0,0.0,0.0,0.0,0.5,1.0,1.0,1.0,0.0,1.0,0.0,0.0,0.0,1.0,0.0,0.0,1.0,1.0,1.0,1.0,1.0,1.0,0.0,1.0,1.0,0.0,1.0,0.25,1.0,0.5,0.5,0.0,0.0,0.0,0.0,0.0,1.0,0.0,0.0,1.0,0.0,0.8,0.8,0.6,0.6,0.8,0.8,0.6,0.6,0.6,0.4,0.8,0.6,0.6,0.6,0.6,0.6,0.8,0.6,0.6,0.8,0.6,0.6,0.8,0.6,0.8,0.6,0.8,0.6,0.6,0.4,0.4,0.6,0.8,0.6,0.6,0.6,0.4,0.6,0.6,0.6,0.6,0.8,0.4,0.4,0.4,0.4,0.4,0.4,0.4,0.6,0.8,0.8,0.8,0.8,0.8,0.6,0.8,0.6,0.8,0.6,0.6,0.6,0.8,0.6,0.6,0.6,0.6,0.6,0.8,0.6,0.6,0.6,0.6,0.6,0.6,0.6,0.4,0.8,0.6,0.6,0.8,0.6,0.8,0.6,0.8,0.8,0.8,0.6,0.6,0.4,0.8,0.6,0.4,0.6,0.6,0.6,0.6,0.6,0.6,0.6,0.6,0.6,0.6,0.6,0.4,70.0,33.0,671.0,27.0,25.0,30.0,24.0,22.0,25.0,28.0,28.0,33.0,21.0,20.0,33.0,1.0,2.0,,,,,,,,,,4.0,,3.0,,6.0,5.0,9.0,,11.0,10.0,,7.0,8.0,,,3.0,4.0,2.0,1.0,8.0,,7.0,10.0,6.0,5.0,9.0,,,,,4.0,3.0,2.0,1.0,5.0,,,6.0,8.0,7.0,9.0,,,,,4.0,3.0,2.0,1.0,7.0,8.0,,9.0,11.0,10.0,6.0,,,,5.0,4.0,3.0,1.0,2.0,,,,,,,,,5.0,,,4.0,1.0,2.0,3.0,3.0,1.0,9.0,7.0,4.0,6.0,2.0,,,,,,,5.0,8.0,4.0,1.0,5.0,7.0,3.0,,8.0,,,,,,,2.0,6.0,146.8,47.0,301.0,344.0,52.0,474.0,162.0,0.36,6.0,0.23,0.0,-0.5,[1.0],['1 cup of coffee'],[1.0],[nan],"['Yes', 'Yes']","[nan, 'Understand the process and focusing on the order and detail of items.']",[-0.5],[0.0],"['Yes', 'Yes']","[nan, 'Understand the process and focusing on the order and detail of items.']",[0.25],"['The furniture/fixtures/objects in the room, The location of furniture/fixtures/objects, The items you picked up, Where you picked up and put down items, The order you completed items and tasks']","[1.0, 1.0, 0.8, 0.8, nan, nan, nan, 'No specific strategy']",[nan],['Visualising the room layout'],['No'],"['Yes, visual imagery']",['It was an interesting process and experience. I would approach the task differently with the benefit of hindsight and a greater understanding of the process and how it works.']
A101,1,1.0,1.0,0.0,1.0,0.0,0.0,0.0,0.0,0.0,0.0,0.0,1.0,0.0,1.0,1.0,0.0,0.5,1.0,0.5,1.0,0.0,0.0,0.0,0.0,0.5,0.5,0.5,0.5,0.0,1.0,0.5,0.0,0.0,1.0,0.0,1.0,0.0,0.5,0.5,0.5,1.0,0.0,0.5,0.0,0.0,0.5,0.0,0.5,1.0,1.0,1.0,1.0,1.0,1.0,1.0,0.0,1.0,0.0,1.0,0.0,1.0,1.0,0.0,0.5,0.25,1.0,1.0,0.5,0.5,0.5,0.0,0.0,1.0,0.0,0.0,0.0,0.0,0.0,0.0,1.0,1.0,1.0,1.0,1.0,1.0,1.0,1.0,0.0,1.0,1.0,0.0,1.0,1.0,1.0,0.0,0.5,0.0,0.5,1.0,1.0,0.5,0.5,1.0,0.0,0.5,1.0,1.0,1.0,1.0,0.6,0.6,0.8,0.4,0.4,0.2,0.4,0.4,0.4,1.0,0.6,0.6,1.0,1.0,1.0,1.0,0.8,0.8,0.6,0.4,0.6,0.4,0.2,0.4,0.6,0.4,0.4,0.4,0.2,0.2,0.4,0.4,0.2,0.2,0.4,0.2,0.2,0.2,0.2,0.4,0.4,0.4,0.6,0.4,0.2,0.4,0.6,0.6,0.4,0.6,0.8,0.4,0.4,0.2,0.8,0.2,0.4,0.6,0.2,0.2,0.6,0.2,0.4,0.2,0.2,0.2,0.2,0.2,0.2,0.4,0.4,0.6,0.6,0.4,0.4,0.8,0.6,0.8,1.0,1.0,1.0,1.0,1.0,0.6,1.0,1.0,1.0,0.4,1.0,1.0,0.4,0.4,0.4,0.6,0.6,0.4,0.2,0.2,0.4,0.4,0.4,146.0,31.0,582.0,58.0,82.0,73.0,64.0,15.0,35.0,34.0,40.0,48.0,21.0,27.0,34.0,1.0,2.0,,3.0,,,,,,4.0,,,,,,4.0,5.0,,,,,,,2.0,6.0,,,,3.0,1.0,,,,7.0,6.0,3.0,,,5.0,,,4.0,1.0,,2.0,,6.0,,,4.0,3.0,,,,,,,1.0,5.0,2.0,4.0,5.0,1.0,3.0,,,2.0,,,,,,,,,,,,,,,,,,,,,,1.0,2.0,1.0,2.0,3.0,,4.0,6.0,5.0,,,,,,,,,,1.0,2.0,,5.0,4.0,,,,3.0,,,,,,1.0,135.67,860.0,728.0,235.0,583.0,228.0,0.3,7.0,0.21,0.5,-0.5,[1.0],[nan],[1.0],[nan],"['Yes', nan]","[nan, nan]",[-0.5],[nan],"['Yes', nan]","[nan, nan]",[nan],['The items you picked up'],"[1.0, 0.5, 1.0, 1.0, nan, 1.0, nan, 'No specific strategy']",[nan],['No specific strategy'],['No'],"['No, I did not apply any mnemonic techniques']",[nan]
A101,2,1.0,1.0,1.0,1.0,1.0,0.0,0.0,0.0,0.0,0.0,0.0,0.0,0.0,1.0,1.0,1.0,1.0,1.0,1.0,1.0,0.0,0.0,1.0,0.0,1.0,0.0,1.0,0.0,1.0,0.0,0.5,0.0,0.5,0.0,0.0,1.0,1.0,1.0,0.0,1.0,0.0,0.5,0.5,1.0,0.0,0.5,1.0,0.0,1.0,1.0,1.0,1.0,1.0,1.0,1.0,0.0,1.0,1.0,0.5,0.0,1.0,0.0,1.0,1.0,0.0,0.5,0.5,0.5,0.5,1.0,1.0,1.0,0.0,0.0,0.0,0.0,1.0,0.0,1.0,1.0,1.0,1.0,1.0,0.0,1.0,1.0,1.0,0.0,0.25,1.0,0.5,1.0,0.5,0.0,0.5,0.5,0.0,0.5,0.5,1.0,0.0,0.0,0.5,0.5,0.0,1.0,1.0,0.6,0.8,1.0,0.6,0.6,0.2,0.2,0.2,0.4,0.8,0.2,0.6,0.4,0.2,1.0,1.0,0.4,1.0,0.6,0.6,0.4,0.4,1.0,0.2,0.2,0.2,0.4,0.4,0.2,0.2,0.2,0.2,0.4,1.0,0.2,0.2,0.2,0.2,0.4,0.4,0.2,0.4,0.4,0.6,0.4,0.4,0.4,0.2,0.2,1.0,1.0,0.8,0.8,0.2,0.2,0.8,0.2,0.8,0.4,0.2,0.2,0.4,0.2,0.4,0.4,0.2,0.2,0.2,0.2,0.4,0.2,0.6,0.6,0.6,0.2,0.2,0.2,1.0,1.0,1.0,1.0,0.4,1.0,1.0,1.0,0.6,0.2,0.8,0.2,0.4,0.2,0.2,0.2,0.4,0.4,0.4,0.2,0.2,0.2,0.2,0.2,0.2,0.2,146.0,31.0,582.0,58.0,82.0,73.0,64.0,15.0,35.0,34.0,40.0,48.0,21.0,27.0,34.0,1.0,2.0,,3.0,,,,,,4.0,,,,,,4.0,5.0,,,,,,,2.0,6.0,,,,3.0,1.0,,,,7.0,6.0,3.0,,,5.0,,,4.0,1.0,,2.0,,6.0,,,4.0,3.0,,,,,,,1.0,5.0,2.0,4.0,5.0,1.0,3.0,,,2.0,,,,,,,,,,,,,,,,,,,,,,1.0,2.0,1.0,2.0,3.0,,4.0,6.0,5.0,,,,,,,,,,1.0,2.0,,5.0,4.0,,,,3.0,,,,,,29.12,125.0,409.0,589.0,102.0,316.0,143.0,0.49,8.0,0.23,0.5,0.5,[1.0],['Coffee x 2'],[0.0],[nan],"['No', 'Yes']","[nan, 'Used to the task']",[-0.5],[0.0],"['No', 'Yes']","[nan, 'Used to the task']",[0.0],['The items you picked up'],"[1.0, 1.0, 1.0, 1.0, nan, nan, nan, 'No specific strategy']",[nan],['No specific strategy'],['No'],"['No, I did not apply any mnemonic techniques']",[nan]
A101,3,1.0,1.0,1.0,0.0,0.0,1.0,0.0,0.0,1.0,1.0,0.0,0.0,0.0,1.0,1.0,0.0,0.25,0.5,1.0,0.5,0.0,0.5,1.0,1.0,0.5,0.5,0.0,0.5,0.5,0.0,0.0,0.5,0.5,0.25,1.0,1.0,0.25,0.5,0.0,0.0,0.0,0.5,1.0,0.0,0.0,1.0,0.0,0.0,1.0,1.0,1.0,1.0,1.0,1.0,1.0,0.5,0.25,0.0,0.0,1.0,0.5,0.5,0.0,0.0,0.0,0.0,0.0,0.0,0.0,0.0,1.0,0.5,0.0,1.0,0.0,0.0,0.0,0.0,0.0,1.0,1.0,1.0,1.0,1.0,1.0,1.0,1.0,0.0,0.5,0.5,0.0,1.0,0.0,0.25,1.0,0.0,0.25,0.0,0.25,0.0,0.0,0.0,0.5,0.5,0.0,0.4,0.4,0.4,0.2,0.2,0.2,0.2,0.2,0.2,0.2,0.2,0.2,0.2,0.6,0.4,0.4,0.4,0.4,0.4,0.2,0.2,0.2,0.4,0.2,0.2,0.4,0.4,0.4,0.2,0.2,0.2,0.2,0.2,0.2,0.2,0.2,0.2,0.2,0.2,0.2,0.2,0.2,0.2,0.2,0.2,0.2,0.2,0.2,0.2,0.2,0.2,0.6,0.8,0.6,0.6,0.2,0.2,0.4,0.4,0.4,0.6,0.2,0.2,0.2,0.2,0.2,0.4,0.2,0.2,0.2,0.2,0.2,0.2,0.4,0.4,0.2,0.4,0.4,0.4,0.4,0.4,0.4,0.6,0.4,0.6,0.6,0.8,0.2,0.4,0.2,0.2,0.4,0.2,0.2,0.2,0.2,0.2,0.4,0.2,0.2,0.2,0.2,0.2,0.2,0.2,146.0,31.0,582.0,58.0,82.0,73.0,64.0,15.0,35.0,34.0,40.0,48.0,21.0,27.0,34.0,1.0,2.0,,3.0,,,,,,4.0,,,,,,4.0,5.0,,,,,,,2.0,6.0,,,,3.0,1.0,,,,7.0,6.0,3.0,,,5.0,,,4.0,1.0,,2.0,,6.0,,,4.0,3.0,,,,,,,1.0,5.0,2.0,4.0,5.0,1.0,3.0,,,2.0,,,,,,,,,,,,,,,,,,,,,,1.0,2.0,1.0,2.0,3.0,,4.0,6.0,5.0,,,,,,,,,,1.0,2.0,,5.0,4.0,,,,3.0,,,,,,75.21,155.0,598.0,486.0,125.0,449.0,372.0,0.41,7.0,0.23,0.5,0.0,[1.0],['2 cupscoffee'],[1.0],[nan],"['Yes', 'Yes']","[nan, 'Format becomes more familiar .']",[0.0],[0.0],"['Yes', 'Yes']","[nan, 'Format becomes more familiar .']",[0.0],['The furniture/fixtures/objects in the room'],"[1.0, 0.25, 0.4, 0.4, nan, 1.0, nan, 'No specific strategy']",[nan],['No specific strategy'],['No'],"['No, I did not apply any mnemonic techniques']","['Novel items, whimsical items easier to recall .']"
A101,4,1.0,0.0,1.0,1.0,0.0,0.0,0.0,0.0,0.0,0.0,0.0,1.0,0.0,0.0,0.0,0.0,1.0,1.0,1.0,0.5,0.0,1.0,1.0,1.0,0.25,0.5,0.0,1.0,1.0,0.0,0.0,0.5,0.0,1.0,1.0,1.0,0.0,0.0,0.5,0.0,0.5,0.5,0.5,0.5,0.0,1.0,1.0,0.5,0.0,0.0,0.0,0.0,1.0,1.0,1.0,1.0,0.0,0.25,0.0,0.0,1.0,1.0,0.0,1.0,0.5,1.0,0.0,0.0,0.5,0.5,1.0,1.0,1.0,0.0,0.0,0.0,0.0,0.0,1.0,1.0,1.0,1.0,1.0,1.0,1.0,1.0,1.0,1.0,0.0,0.0,0.5,0.0,0.5,1.0,0.0,0.25,0.0,1.0,0.0,0.0,0.0,0.0,1.0,0.0,0.0,0.4,0.2,0.4,0.4,1.0,0.4,0.4,0.2,0.2,0.2,0.4,0.6,0.2,0.6,0.4,0.6,0.4,0.4,0.4,0.2,0.6,0.4,0.2,0.4,1.0,0.4,0.2,0.2,0.2,0.2,0.2,0.4,0.2,0.2,0.2,0.2,0.2,0.2,0.2,0.2,0.2,0.2,0.2,0.2,0.2,0.2,0.2,0.2,0.2,0.2,0.2,0.2,0.2,0.6,0.8,0.2,0.2,0.2,0.2,0.4,0.4,0.2,0.2,0.2,0.2,0.2,0.4,0.2,0.2,0.2,0.2,0.2,0.2,0.4,0.4,0.6,0.4,0.4,0.4,0.6,0.6,0.4,0.6,0.6,0.2,0.6,0.6,0.4,0.4,0.4,0.2,0.4,0.4,0.4,0.4,0.4,0.2,0.4,0.2,0.2,0.4,0.2,0.2,0.2,0.2,146.0,31.0,582.0,58.0,82.0,73.0,64.0,15.0,35.0,34.0,40.0,48.0,21.0,27.0,34.0,1.0,2.0,,3.0,,,,,,4.0,,,,,,4.0,5.0,,,,,,,2.0,6.0,,,,3.0,1.0,,,,7.0,6.0,3.0,,,5.0,,,4.0,1.0,,2.0,,6.0,,,4.0,3.0,,,,,,,1.0,5.0,2.0,4.0,5.0,1.0,3.0,,,2.0,,,,,,,,,,,,,,,,,,,,,,1.0,2.0,1.0,2.0,3.0,,4.0,6.0,5.0,,,,,,,,,,1.0,2.0,,5.0,4.0,,,,3.0,,,,,,150.22,127.0,307.0,321.0,103.0,467.0,169.0,0.51,8.0,0.25,0.5,0.5,[0.0],[nan],[0.0],[nan],"['No', 'Yes']","[nan, 'Familiar task now']",[-0.5],[-0.5],"['No', 'Yes']","[nan, 'Familiar task now']",[0.0],['The furniture/fixtures/objects in the room'],"[1.0, 1.0, 0.4, 0.4, nan, nan, nan, 'No specific strategy']",[nan],['No specific strategy'],['No'],"['No, I did not apply any mnemonic techniques']",[nan]
A102,1,1.0,1.0,1.0,1.0,1.0,1.0,1.0,0.0,1.0,1.0,1.0,0.0,0.0,1.0,1.0,1.0,1.0,1.0,1.0,1.0,1.0,0.0,1.0,1.0,1.0,0.5,1.0,0.5,1.0,0.0,0.5,0.25,0.5,1.0,0.5,1.0,0.0,0.5,0.0,1.0,0.5,0.0,1.0,1.0,0.5,0.0,0.0,0.0,1.0,1.0,0.0,1.0,1.0,1.0,1.0,0.0,0.0,1.0,1.0,0.25,1.0,0.5,0.0,1.0,0.5,0.0,0.0,0.0,0.0,0.5,1.0,1.0,1.0,0.5,0.0,1.0,1.0,0.0,1.0,1.0,1.0,1.0,1.0,1.0,1.0,1.0,1.0,1.0,1.0,1.0,1.0,0.0,1.0,0.5,0.0,1.0,0.0,1.0,0.0,0.0,0.0,1.0,0.5,1.0,0.5,1.0,1.0,0.6,1.0,1.0,1.0,1.0,1.0,1.0,1.0,1.0,0.6,0.2,1.0,0.8,0.8,1.0,1.0,1.0,1.0,0.8,1.0,1.0,1.0,1.0,0.6,0.6,1.0,1.0,0.6,0.2,1.0,0.6,0.2,0.2,0.4,0.2,0.6,0.2,0.6,0.4,0.2,0.2,0.8,0.4,0.8,0.6,0.6,1.0,1.0,1.0,1.0,1.0,1.0,1.0,0.8,1.0,0.6,1.0,0.8,0.6,0.8,0.4,1.0,0.4,0.2,0.4,0.4,0.6,0.2,0.2,0.6,0.2,0.6,0.8,0.8,1.0,1.0,1.0,1.0,1.0,1.0,1.0,1.0,1.0,1.0,1.0,0.8,1.0,0.6,1.0,0.4,0.8,0.8,0.2,1.0,0.2,0.6,0.6,0.2,0.2,0.6,0.2,0.6,0.6,70.0,46.0,682.0,42.0,41.0,41.0,29.0,31.0,35.0,31.0,32.0,22.0,20.0,31.0,47.0,8.0,,7.0,,,,5.0,6.0,,,,4.0,1.0,2.0,3.0,1.0,2.0,3.0,,4.0,8.0,10.0,11.0,,5.0,9.0,,,7.0,6.0,8.0,9.0,6.0,,7.0,,5.0,10.0,,,11.0,1.0,2.0,3.0,4.0,6.0,7.0,8.0,9.0,,13.0,11.0,12.0,,4.0,10.0,5.0,1.0,2.0,3.0,11.0,12.0,13.0,14.0,7.0,8.0,9.0,10.0,1.0,2.0,3.0,5.0,4.0,,6.0,5.0,6.0,,,,8.0,,,7.0,,,4.0,1.0,2.0,3.0,1.0,2.0,3.0,4.0,5.0,6.0,7.0,8.0,,,,9.0,,,,1.0,2.0,3.0,4.0,7.0,6.0,,,11.0,8.0,5.0,9.0,,,10.0,1.0,114.0,523.0,796.0,109.0,628.0,275.0,0.2,8.0,0.29,0.5,0.0,[1.0],['2 cups of coffee'],[0.0],[nan],"['No', nan]","[nan, nan]",[0.0],[nan],"['No', nan]","[nan, nan]",[nan],"['The furniture/fixtures/objects in the room, The location of furniture/fixtures/objects, The items you picked up, Where you picked up and put down items']","[1.0, 1.0, 1.0, 1.0, nan, nan, nan, 'Visualising the room layout']",[nan],['Visualising the room layout'],['No'],"['No, I did not apply any mnemonic techniques']",[nan]
A102,2,1.0,1.0,1.0,1.0,1.0,1.0,1.0,1.0,0.0,1.0,1.0,1.0,0.0,1.0,0.0,1.0,1.0,1.0,1.0,1.0,1.0,0.0,0.0,1.0,1.0,1.0,1.0,1.0,1.0,1.0,1.0,0.0,0.5,1.0,0.0,0.5,0.5,0.5,1.0,1.0,0.5,0.5,0.0,1.0,0.5,0.0,0.5,0.0,1.0,1.0,1.0,1.0,1.0,1.0,1.0,1.0,1.0,1.0,1.0,1.0,1.0,0.0,0.25,1.0,0.0,0.5,0.5,0.5,0.0,1.0,0.5,1.0,0.0,0.5,0.0,1.0,1.0,1.0,0.0,1.0,1.0,1.0,1.0,1.0,1.0,1.0,1.0,1.0,1.0,1.0,1.0,1.0,1.0,0.0,1.0,1.0,0.0,0.5,0.5,0.5,0.0,1.0,0.5,0.5,0.0,1.0,1.0,1.0,1.0,1.0,1.0,1.0,1.0,0.2,1.0,1.0,1.0,0.2,1.0,0.2,0.4,1.0,1.0,1.0,1.0,0.6,0.6,0.2,0.8,1.0,1.0,0.2,1.0,0.6,1.0,0.2,0.2,0.2,1.0,0.2,0.2,0.6,0.4,0.2,1.0,0.4,0.2,0.2,0.8,0.2,0.6,0.6,0.6,1.0,1.0,0.8,1.0,1.0,1.0,0.6,1.0,0.8,1.0,0.6,1.0,0.4,0.4,0.2,1.0,0.2,0.6,0.2,0.4,0.2,0.8,0.6,0.2,0.2,0.6,0.6,1.0,0.6,1.0,0.4,0.8,1.0,1.0,1.0,0.6,1.0,1.0,1.0,1.0,0.2,1.0,0.6,1.0,1.0,0.2,0.2,1.0,0.4,0.4,0.2,0.4,0.2,0.6,0.2,0.2,0.2,70.0,46.0,682.0,42.0,41.0,41.0,29.0,31.0,35.0,31.0,32.0,22.0,20.0,31.0,47.0,8.0,,7.0,,,,5.0,6.0,,,,4.0,1.0,2.0,3.0,1.0,2.0,3.0,,4.0,8.0,10.0,11.0,,5.0,9.0,,,7.0,6.0,8.0,9.0,6.0,,7.0,,5.0,10.0,,,11.0,1.0,2.0,3.0,4.0,6.0,7.0,8.0,9.0,,13.0,11.0,12.0,,4.0,10.0,5.0,1.0,2.0,3.0,11.0,12.0,13.0,14.0,7.0,8.0,9.0,10.0,1.0,2.0,3.0,5.0,4.0,,6.0,5.0,6.0,,,,8.0,,,7.0,,,4.0,1.0,2.0,3.0,1.0,2.0,3.0,4.0,5.0,6.0,7.0,8.0,,,,9.0,,,,1.0,2.0,3.0,4.0,7.0,6.0,,,11.0,8.0,5.0,9.0,,,10.0,29.13,90.0,483.0,1002.0,105.0,472.0,221.0,0.41,8.0,0.29,0.0,-0.5,[0.0],[nan],[0.0],[nan],"['No', 'No']","[nan, 'Testing about the lounge was no help in remembering the bathroom.']",[0.0],[-0.5],"['No', 'No']","[nan, 'Testing about the lounge was no help in remembering the bathroom.']",[0.75],"['The furniture/fixtures/objects in the room, The location of furniture/fixtures/objects, The items you picked up, Where you picked up and put down items']","[1.0, 1.0, 1.0, 1.0, nan, nan, nan, 'Visualising the room layout']",[nan],['Visualising the room layout'],['No'],"['Yes, visual imagery']",[nan]
A102,3,1.0,1.0,1.0,1.0,1.0,1.0,0.0,1.0,0.0,0.0,1.0,0.0,0.0,1.0,1.0,1.0,1.0,1.0,1.0,1.0,0.0,0.0,0.0,1.0,1.0,0.0,0.5,0.25,1.0,0.0,1.0,1.0,0.0,0.25,0.0,0.5,0.25,0.5,1.0,1.0,0.5,1.0,1.0,1.0,1.0,0.5,0.5,1.0,1.0,0.0,1.0,1.0,1.0,1.0,1.0,0.0,0.5,1.0,1.0,0.5,1.0,0.5,0.0,0.5,0.0,1.0,0.0,0.5,0.0,0.5,0.0,1.0,0.5,1.0,0.0,0.0,0.5,1.0,0.5,1.0,1.0,1.0,1.0,1.0,1.0,1.0,1.0,0.0,1.0,1.0,1.0,1.0,1.0,0.25,0.0,0.5,0.0,1.0,1.0,0.5,0.0,1.0,0.0,0.5,0.0,1.0,1.0,1.0,1.0,1.0,1.0,1.0,0.2,0.2,0.6,1.0,0.2,0.2,1.0,1.0,1.0,1.0,1.0,1.0,1.0,0.6,0.6,0.4,0.4,1.0,0.2,1.0,0.2,0.2,0.2,0.2,0.2,0.2,1.0,0.2,0.2,0.2,0.2,0.2,0.2,0.2,0.2,0.2,0.2,0.2,0.2,0.4,0.2,1.0,0.2,1.0,1.0,1.0,0.6,1.0,0.2,0.6,1.0,1.0,0.2,1.0,0.2,0.2,0.2,0.2,0.2,0.6,0.2,0.2,0.2,0.2,0.2,0.2,0.6,0.8,0.2,0.4,1.0,0.2,1.0,0.8,1.0,1.0,1.0,1.0,1.0,1.0,0.2,0.6,1.0,1.0,0.6,1.0,0.4,0.2,0.6,0.6,0.6,0.2,0.2,0.2,0.2,0.2,0.2,0.2,70.0,46.0,682.0,42.0,41.0,41.0,29.0,31.0,35.0,31.0,32.0,22.0,20.0,31.0,47.0,8.0,,7.0,,,,5.0,6.0,,,,4.0,1.0,2.0,3.0,1.0,2.0,3.0,,4.0,8.0,10.0,11.0,,5.0,9.0,,,7.0,6.0,8.0,9.0,6.0,,7.0,,5.0,10.0,,,11.0,1.0,2.0,3.0,4.0,6.0,7.0,8.0,9.0,,13.0,11.0,12.0,,4.0,10.0,5.0,1.0,2.0,3.0,11.0,12.0,13.0,14.0,7.0,8.0,9.0,10.0,1.0,2.0,3.0,5.0,4.0,,6.0,5.0,6.0,,,,8.0,,,7.0,,,4.0,1.0,2.0,3.0,1.0,2.0,3.0,4.0,5.0,6.0,7.0,8.0,,,,9.0,,,,1.0,2.0,3.0,4.0,7.0,6.0,,,11.0,8.0,5.0,9.0,,,10.0,75.27,60.0,583.0,672.0,111.0,454.0,305.67,0.42,8.0,0.21,0.5,0.0,[0.0],[nan],[0.0],[nan],"['No', 'Yes']","[nan, 'Was able to eliminate paintings']",[-0.5],[-0.5],"['No', 'Yes']","[nan, 'Was able to eliminate paintings']",[0.25],"['The furniture/fixtures/objects in the room, The location of furniture/fixtures/objects, The items you picked up']","[1.0, 1.0, 1.0, 1.0, nan, nan, nan, 'Visualising the room layout']",[nan],['Visualising the room layout'],['No'],"['No, I did not apply any mnemonic techniques']","['I felt it was harder to commit this room to memory, being the last one.']"
A102,4,1.0,1.0,1.0,1.0,0.0,1.0,0.0,0.0,1.0,0.0,1.0,1.0,1.0,1.0,0.0,0.0,1.0,1.0,1.0,1.0,0.0,0.5,1.0,0.0,0.5,1.0,1.0,0.25,0.5,1.0,1.0,0.25,0.0,0.25,0.5,0.0,0.5,0.0,0.0,0.0,0.5,0.0,0.0,0.0,0.0,1.0,0.0,0.0,1.0,1.0,1.0,1.0,1.0,1.0,1.0,0.5,1.0,0.0,0.25,1.0,1.0,1.0,0.0,0.0,0.5,0.0,0.0,1.0,0.0,0.5,0.5,1.0,1.0,0.0,0.5,0.0,0.0,1.0,0.0,1.0,0.5,1.0,1.0,0.0,0.0,1.0,1.0,0.5,1.0,0.0,1.0,1.0,1.0,1.0,0.0,0.0,0.5,0.0,0.0,1.0,0.0,0.5,0.5,0.5,1.0,1.0,1.0,1.0,1.0,0.2,1.0,1.0,0.2,1.0,0.2,1.0,1.0,1.0,1.0,0.4,0.6,1.0,1.0,1.0,1.0,0.2,1.0,0.6,0.6,0.2,0.6,0.8,1.0,1.0,0.2,0.2,0.6,0.4,0.2,0.2,0.2,0.2,0.2,0.2,0.2,0.2,0.2,0.2,0.6,0.2,0.2,0.2,0.2,1.0,1.0,1.0,0.6,1.0,1.0,1.0,0.6,1.0,0.2,0.6,0.6,1.0,1.0,0.2,0.2,0.6,0.4,0.2,0.2,0.2,0.2,0.2,0.2,0.2,0.4,0.8,0.6,0.4,1.0,0.4,0.6,0.2,0.8,1.0,1.0,1.0,1.0,1.0,0.6,1.0,0.6,0.2,0.8,1.0,1.0,0.2,0.4,0.4,0.4,0.2,0.2,0.2,0.2,0.2,0.2,0.2,70.0,46.0,682.0,42.0,41.0,41.0,29.0,31.0,35.0,31.0,32.0,22.0,20.0,31.0,47.0,8.0,,7.0,,,,5.0,6.0,,,,4.0,1.0,2.0,3.0,1.0,2.0,3.0,,4.0,8.0,10.0,11.0,,5.0,9.0,,,7.0,6.0,8.0,9.0,6.0,,7.0,,5.0,10.0,,,11.0,1.0,2.0,3.0,4.0,6.0,7.0,8.0,9.0,,13.0,11.0,12.0,,4.0,10.0,5.0,1.0,2.0,3.0,11.0,12.0,13.0,14.0,7.0,8.0,9.0,10.0,1.0,2.0,3.0,5.0,4.0,,6.0,5.0,6.0,,,,8.0,,,7.0,,,4.0,1.0,2.0,3.0,1.0,2.0,3.0,4.0,5.0,6.0,7.0,8.0,,,,9.0,,,,1.0,2.0,3.0,4.0,7.0,6.0,,,11.0,8.0,5.0,9.0,,,10.0,150.41,33.0,614.0,487.0,74.0,392.0,421.0,0.55,8.0,0.21,0.0,0.0,[0.0],[nan],[0.0],[nan],"['No', 'Yes']","[nan, 'Eliminating other paintings']",[0.0],[0.5],"['No', 'Yes']","[nan, 'Eliminating other paintings']",[0.5],"['The furniture/fixtures/objects in the room, The location of furniture/fixtures/objects, The items you picked up, Where you picked up and put down items']","[1.0, 1.0, 1.0, 1.0, nan, nan, nan, 'Creating a mental story or narrative']",[nan],['No specific strategy'],['No'],"['No, I did not apply any mnemonic techniques']",['I had quite a bit of trouble today with ‘error in submission’ messages when I felt sure I had completed every box.\nI eventually found that I could fix the stubborn ones by selecting a different answer eg ‘guess’ and then changing it back to the answer that I wanted.']
A103,1,1.0,1.0,1.0,1.0,1.0,1.0,1.0,1.0,1.0,1.0,1.0,1.0,0.0,1.0,1.0,0.0,1.0,1.0,1.0,1.0,0.0,1.0,1.0,1.0,1.0,1.0,1.0,1.0,1.0,1.0,0.5,0.5,0.5,1.0,1.0,0.25,0.25,0.0,0.5,1.0,1.0,0.5,0.5,1.0,0.0,0.5,1.0,1.0,1.0,1.0,1.0,1.0,1.0,1.0,1.0,1.0,0.5,1.0,1.0,1.0,1.0,1.0,0.5,1.0,1.0,0.25,1.0,0.5,1.0,1.0,0.5,0.5,0.0,0.5,0.0,1.0,0.5,1.0,1.0,1.0,1.0,1.0,1.0,1.0,1.0,1.0,1.0,1.0,0.5,1.0,1.0,1.0,1.0,1.0,1.0,1.0,1.0,0.25,1.0,0.5,1.0,1.0,0.5,0.5,0.5,0.6,0.6,0.6,0.6,0.6,0.4,0.4,1.0,0.2,1.0,0.8,0.8,0.2,0.8,0.2,0.2,0.6,0.6,0.6,0.6,0.4,0.4,0.4,0.4,0.6,0.4,0.2,0.4,0.2,0.2,0.2,0.2,0.2,0.4,0.4,0.2,0.2,0.4,0.2,0.4,0.2,0.2,0.2,0.2,0.2,0.2,0.2,0.2,0.2,0.2,0.2,0.2,0.2,0.2,0.2,0.2,0.2,0.2,0.2,0.2,0.2,0.2,0.2,0.2,0.2,0.2,0.2,0.2,0.2,0.2,0.2,0.2,0.2,0.2,0.2,0.6,0.2,0.4,0.2,0.4,0.4,0.6,0.6,0.6,0.8,0.6,0.6,0.2,0.2,0.2,0.2,0.6,0.8,0.2,0.2,0.2,0.2,0.6,0.4,0.2,0.2,0.2,0.2,0.2,0.2,62.0,38.0,420.0,73.0,72.0,70.0,58.0,19.0,38.0,34.0,,,22.0,46.0,27.0,1.0,3.0,2.0,4.0,,,,7.0,5.0,,8.0,,,,6.0,7.0,9.0,8.0,10.0,6.0,5.0,12.0,,13.0,4.0,14.0,11.0,1.0,2.0,3.0,3.0,5.0,4.0,6.0,14.0,13.0,9.0,15.0,7.0,12.0,8.0,11.0,10.0,1.0,2.0,,,,,,,,,,,,,,,,,,,,,,,,,,,,,,,,,,,,2.0,,,,,,3.0,,,1.0,,2.0,1.0,6.0,4.0,5.0,12.0,11.0,9.0,3.0,8.0,7.0,,,10.0,,1.0,2.0,3.0,4.0,5.0,8.0,9.0,,7.0,,6.0,,,10.0,1.0,82.0,599.0,522.0,150.0,437.0,193.0,0.19,8.0,0.23,-1.0,-0.5,[0.0],[nan],[0.0],[nan],"['No', nan]","[nan, nan]",[-0.5],[nan],"['No', nan]","[nan, nan]",[nan],['Where you picked up and put down items'],"[1.0, 1.0, 0.6, 0.6, nan, nan, nan, 'No specific strategy']",[nan],['Visualising the room layout'],['Yes'],"['No, I did not apply any mnemonic techniques']",[nan]
A103,2,1.0,1.0,1.0,1.0,1.0,0.0,1.0,0.0,1.0,0.0,1.0,1.0,1.0,0.0,1.0,0.0,0.5,1.0,0.5,0.5,0.0,0.5,1.0,0.0,0.5,0.5,1.0,0.5,0.25,0.0,1.0,0.5,0.0,1.0,1.0,0.5,0.0,1.0,0.0,1.0,0.5,0.5,1.0,0.0,0.0,0.5,0.0,1.0,1.0,1.0,1.0,1.0,1.0,1.0,1.0,0.0,1.0,1.0,0.25,0.0,1.0,0.0,0.0,0.5,1.0,0.5,0.0,0.0,0.0,0.0,0.5,0.5,1.0,0.0,0.0,0.0,0.0,0.0,0.0,0.0,1.0,0.0,1.0,1.0,1.0,1.0,1.0,0.0,1.0,1.0,0.5,0.0,1.0,0.0,0.0,1.0,0.5,0.5,0.0,0.5,0.0,1.0,0.5,0.5,1.0,0.2,0.2,0.2,0.2,0.2,0.2,0.2,0.2,0.2,0.2,0.2,0.2,0.2,0.2,0.2,0.2,0.2,0.2,0.2,0.2,0.2,0.2,0.2,0.2,0.2,0.2,0.2,0.2,0.2,0.2,0.2,0.2,0.2,0.2,0.2,0.2,0.2,0.2,0.2,0.2,0.2,0.2,0.2,0.6,0.6,0.2,0.2,0.4,0.8,0.2,0.4,0.2,0.2,0.2,0.2,0.2,0.4,0.2,0.2,0.2,0.2,0.2,0.4,0.2,0.2,0.2,0.2,0.2,0.2,0.2,0.2,0.2,0.2,0.2,0.2,0.2,0.2,0.2,0.2,0.6,0.6,0.2,0.8,0.6,0.6,0.8,0.6,0.2,0.6,0.2,0.2,0.2,0.2,0.2,0.6,0.2,0.2,0.2,0.2,0.2,0.2,0.2,0.2,0.2,0.2,62.0,38.0,420.0,73.0,72.0,70.0,58.0,19.0,38.0,34.0,,,22.0,46.0,27.0,1.0,3.0,2.0,4.0,,,,7.0,5.0,,8.0,,,,6.0,7.0,9.0,8.0,10.0,6.0,5.0,12.0,,13.0,4.0,14.0,11.0,1.0,2.0,3.0,3.0,5.0,4.0,6.0,14.0,13.0,9.0,15.0,7.0,12.0,8.0,11.0,10.0,1.0,2.0,,,,,,,,,,,,,,,,,,,,,,,,,,,,,,,,,,,,2.0,,,,,,3.0,,,1.0,,2.0,1.0,6.0,4.0,5.0,12.0,11.0,9.0,3.0,8.0,7.0,,,10.0,,1.0,2.0,3.0,4.0,5.0,8.0,9.0,,7.0,,6.0,,,10.0,27.26,63.0,430.33,680.0,112.0,322.0,359.0,0.26,10.0,0.29,0.0,-0.5,[1.0],['Cup coffee'],[0.0],[nan],"['No', 'No']","[nan, 'It didnt']",[-0.5],[0.0],"['No', 'No']","[nan, 'It didnt']",[0.5],"['The furniture/fixtures/objects in the room, The location of furniture/fixtures/objects, The items you picked up']","[1.0, 0.5, 0.2, 0.2, nan, 1.0, nan, 'Visualising the room layout']",[nan],['Visualising the room layout'],['Yes'],"['No, I did not apply any mnemonic techniques']",[nan]
A103,3,1.0,1.0,1.0,0.0,1.0,0.0,0.0,0.0,0.0,1.0,1.0,0.0,0.0,0.0,1.0,1.0,0.5,0.5,0.5,0.5,1.0,0.0,0.0,0.0,0.5,0.0,0.5,0.5,1.0,0.0,0.0,0.0,0.5,1.0,0.0,0.5,0.5,1.0,0.0,1.0,0.5,0.0,1.0,0.5,1.0,0.5,0.5,0.5,1.0,0.0,1.0,1.0,1.0,0.0,1.0,0.0,1.0,0.25,1.0,0.0,0.0,0.0,0.5,1.0,0.5,0.25,1.0,0.0,0.5,1.0,0.5,0.5,1.0,0.0,0.0,0.0,1.0,0.0,0.0,1.0,1.0,0.0,1.0,1.0,1.0,1.0,1.0,0.0,1.0,0.5,1.0,1.0,0.0,0.0,0.5,1.0,0.0,1.0,1.0,0.0,0.5,0.5,0.5,1.0,1.0,0.6,0.6,0.2,0.4,0.2,0.2,0.2,0.2,0.2,0.6,0.2,0.2,0.2,0.2,0.2,0.2,0.2,0.6,0.6,0.4,0.2,0.2,0.2,0.2,0.2,0.2,0.2,0.2,0.2,0.2,0.2,0.2,0.2,0.2,0.2,0.2,0.2,0.2,0.2,0.2,0.2,0.2,0.2,0.6,0.2,0.2,0.2,0.4,0.8,0.2,0.2,0.2,0.2,0.2,0.2,0.2,0.2,0.2,0.2,0.2,0.2,0.2,0.2,0.2,0.2,0.2,0.2,0.2,0.2,0.2,0.2,0.2,0.2,0.2,0.2,0.2,0.2,0.4,0.2,0.6,0.6,0.4,0.6,0.6,0.2,0.6,0.2,0.2,0.6,0.4,0.6,0.2,0.2,0.2,0.2,0.6,0.2,0.2,0.2,0.2,0.2,0.2,0.2,0.2,0.2,62.0,38.0,420.0,73.0,72.0,70.0,58.0,19.0,38.0,34.0,,,22.0,46.0,27.0,1.0,3.0,2.0,4.0,,,,7.0,5.0,,8.0,,,,6.0,7.0,9.0,8.0,10.0,6.0,5.0,12.0,,13.0,4.0,14.0,11.0,1.0,2.0,3.0,3.0,5.0,4.0,6.0,14.0,13.0,9.0,15.0,7.0,12.0,8.0,11.0,10.0,1.0,2.0,,,,,,,,,,,,,,,,,,,,,,,,,,,,,,,,,,,,2.0,,,,,,3.0,,,1.0,,2.0,1.0,6.0,4.0,5.0,12.0,11.0,9.0,3.0,8.0,7.0,,,10.0,,1.0,2.0,3.0,4.0,5.0,8.0,9.0,,7.0,,6.0,,,10.0,80.24,49.0,418.0,518.0,87.0,443.0,200.0,0.42,7.0,0.33,-0.5,-0.5,[1.0],['Cup coffee'],[0.0],[nan],"['No', 'No']","[nan, nan]",[-0.5],[-0.5],"['No', 'No']","[nan, nan]",[0.5],"['The furniture/fixtures/objects in the room, The items you picked up, Where you picked up and put down items, The order you completed items and tasks']","[1.0, 0.5, 0.6, 0.2, nan, 1.0, nan, 'Visualising the room layout']",[nan],['Visualising the room layout'],['Yes'],"['No, I did not apply any mnemonic techniques']",['I was really confused as was sure the bedroom was 3rd room I entered and remembered sleep mask from bedroom besides the drill. Felt very mixed up']
A103,4,1.0,1.0,1.0,1.0,0.0,1.0,0.0,1.0,0.0,0.0,1.0,0.0,1.0,0.0,1.0,0.0,0.5,0.5,0.5,0.5,0.0,1.0,1.0,0.0,0.5,1.0,0.0,0.0,1.0,0.5,0.5,1.0,0.5,0.5,1.0,1.0,0.0,0.5,0.0,0.5,1.0,1.0,0.5,0.0,0.5,0.0,0.0,0.0,1.0,1.0,0.0,0.0,1.0,1.0,1.0,1.0,0.25,0.25,1.0,0.0,0.5,1.0,0.0,0.5,1.0,0.0,0.0,0.5,0.0,0.5,1.0,0.5,0.5,1.0,0.0,0.0,0.0,1.0,1.0,1.0,0.5,1.0,1.0,1.0,1.0,1.0,1.0,1.0,0.0,0.0,1.0,0.0,0.5,1.0,0.5,0.0,1.0,0.0,0.0,0.5,0.5,0.5,1.0,0.0,0.0,0.2,0.2,0.2,0.2,0.2,0.2,0.2,0.2,0.2,0.2,0.4,0.2,0.2,0.2,0.2,0.2,0.2,0.2,0.2,0.2,0.2,0.2,0.2,0.2,0.2,0.2,0.2,0.2,0.4,0.2,0.2,0.2,0.2,0.2,0.4,0.2,0.2,0.2,0.2,0.2,0.4,0.2,0.2,0.4,0.4,0.4,0.4,0.6,0.6,0.2,0.2,0.2,0.4,0.2,0.4,0.2,0.2,0.2,0.4,0.2,0.4,0.2,0.2,0.2,0.4,0.2,0.2,0.2,0.2,0.2,0.4,0.2,0.2,0.2,0.2,0.2,0.2,0.6,0.2,0.2,0.2,0.2,0.2,0.2,0.6,0.2,0.4,0.2,0.2,0.2,0.2,0.2,0.4,0.2,0.2,0.2,0.2,0.2,0.2,0.2,0.2,0.2,0.2,0.2,0.2,62.0,38.0,420.0,73.0,72.0,70.0,58.0,19.0,38.0,34.0,,,22.0,46.0,27.0,1.0,3.0,2.0,4.0,,,,7.0,5.0,,8.0,,,,6.0,7.0,9.0,8.0,10.0,6.0,5.0,12.0,,13.0,4.0,14.0,11.0,1.0,2.0,3.0,3.0,5.0,4.0,6.0,14.0,13.0,9.0,15.0,7.0,12.0,8.0,11.0,10.0,1.0,2.0,,,,,,,,,,,,,,,,,,,,,,,,,,,,,,,,,,,,2.0,,,,,,3.0,,,1.0,,2.0,1.0,6.0,4.0,5.0,12.0,11.0,9.0,3.0,8.0,7.0,,,10.0,,1.0,2.0,3.0,4.0,5.0,8.0,9.0,,7.0,,6.0,,,10.0,149.72,39.0,274.0,385.0,102.0,388.0,168.0,0.38,8.0,0.27,0.5,-0.5,[1.0],['Cup coffee'],[0.0],[nan],"['No', 'No']","[nan, nan]",[-0.5],[-0.5],"['No', 'No']","[nan, nan]",[0.25],"['The furniture/fixtures/objects in the room, The location of furniture/fixtures/objects, The items you picked up, Where you picked up and put down items']","[1.0, 0.5, 0.2, 0.2, nan, 1.0, nan, 'No specific strategy']",[nan],['No specific strategy'],['Yes'],"['No, I did not apply any mnemonic techniques']","[""I was sure bedroom was 3rd room so somehow this really confused me as didn't expect to be doing as last room""]"
A104,1,1.0,1.0,1.0,1.0,1.0,1.0,1.0,1.0,1.0,1.0,0.0,1.0,1.0,1.0,1.0,0.0,1.0,1.0,1.0,1.0,1.0,1.0,1.0,1.0,1.0,1.0,1.0,1.0,0.0,1.0,1.0,1.0,1.0,0.0,0.0,0.0,0.0,1.0,0.0,1.0,0.0,0.0,0.0,0.5,0.5,0.0,0.5,0.0,1.0,1.0,1.0,1.0,1.0,1.0,1.0,1.0,1.0,1.0,1.0,1.0,1.0,1.0,1.0,1.0,1.0,0.0,0.0,1.0,0.0,0.0,0.0,0.0,0.5,1.0,0.0,1.0,1.0,1.0,1.0,1.0,1.0,1.0,1.0,0.0,1.0,1.0,1.0,1.0,1.0,0.5,1.0,1.0,1.0,1.0,1.0,0.5,1.0,0.0,0.0,1.0,0.0,0.0,0.0,0.0,1.0,1.0,1.0,1.0,1.0,1.0,1.0,1.0,1.0,1.0,1.0,0.2,1.0,1.0,1.0,0.8,0.8,1.0,1.0,1.0,1.0,1.0,0.8,1.0,1.0,1.0,1.0,1.0,1.0,0.6,0.6,0.2,0.6,0.8,0.4,1.0,0.6,0.2,0.4,0.4,0.4,1.0,0.6,0.2,0.8,0.8,0.8,0.8,0.8,1.0,1.0,1.0,1.0,1.0,1.0,1.0,1.0,1.0,0.6,1.0,1.0,1.0,1.0,0.8,0.6,1.0,1.0,1.0,0.8,0.6,0.6,0.4,0.6,0.2,1.0,1.0,1.0,0.8,1.0,1.0,1.0,1.0,1.0,1.0,1.0,1.0,1.0,1.0,1.0,1.0,1.0,1.0,1.0,1.0,1.0,1.0,0.6,0.8,0.8,0.6,1.0,0.4,0.4,0.4,0.4,0.4,56.0,44.0,223.0,53.0,65.0,44.0,69.0,15.0,18.0,25.0,24.0,26.0,16.0,23.0,64.0,1.0,2.0,,,3.0,,,,,,,4.0,,5.0,6.0,7.0,,1.0,2.0,3.0,6.0,,8.0,,4.0,,,,,5.0,1.0,2.0,6.0,3.0,5.0,,,9.0,,10.0,,7.0,11.0,4.0,8.0,1.0,2.0,5.0,3.0,8.0,9.0,10.0,11.0,,6.0,,,,4.0,7.0,1.0,2.0,4.0,,,8.0,9.0,,,6.0,,7.0,,3.0,5.0,2.0,,,,,,,,,,,,,,1.0,1.0,2.0,4.0,,3.0,9.0,8.0,10.0,,6.0,,7.0,,,5.0,,4.0,,,1.0,6.0,7.0,8.0,,2.0,,,,5.0,3.0,1.0,59.0,296.0,460.0,83.0,250.0,129.0,0.37,5.0,0.25,-0.5,0.0,[1.0],['1 cup of coffee'],[0.0],[nan],"['No', nan]","[nan, nan]",[0.0],[nan],"['No', nan]","[nan, nan]",[nan],"['The furniture/fixtures/objects in the room, The location of furniture/fixtures/objects, The items you picked up, Where you picked up and put down items, The order you completed items and tasks']","[1.0, 1.0, 1.0, 1.0, nan, nan, nan, 'Visualising the room layout, Associating items with personal experiences']",[nan],"['Visualising the room layout, Associating items with personal experiences']",['Yes'],"['No, I did not apply any mnemonic techniques']",[nan]
A104,2,1.0,1.0,1.0,1.0,1.0,0.0,0.0,0.0,1.0,1.0,0.0,1.0,0.0,1.0,0.0,1.0,1.0,1.0,1.0,1.0,0.0,0.0,1.0,0.0,1.0,1.0,0.25,1.0,0.5,0.5,0.5,1.0,0.0,1.0,0.5,0.5,0.0,1.0,0.0,0.0,1.0,0.0,0.0,0.5,1.0,0.0,1.0,0.0,1.0,1.0,1.0,1.0,1.0,1.0,1.0,1.0,1.0,1.0,1.0,1.0,1.0,0.0,0.0,1.0,0.25,0.5,0.0,0.5,0.0,1.0,0.0,0.0,1.0,0.0,0.0,0.0,1.0,0.0,0.0,1.0,1.0,1.0,1.0,1.0,1.0,1.0,1.0,1.0,1.0,1.0,1.0,1.0,1.0,0.0,0.0,1.0,0.25,1.0,0.0,1.0,0.0,0.5,1.0,1.0,0.5,1.0,1.0,0.6,1.0,1.0,0.6,0.6,0.4,1.0,1.0,1.0,0.6,1.0,1.0,0.6,0.6,1.0,1.0,1.0,1.0,1.0,0.6,0.2,0.6,1.0,1.0,0.8,0.4,0.4,1.0,0.4,0.4,0.8,0.4,0.4,0.2,0.4,0.4,0.4,0.4,0.2,0.2,0.4,0.4,0.4,0.6,0.6,0.4,1.0,1.0,1.0,1.0,1.0,1.0,1.0,1.0,1.0,1.0,1.0,1.0,1.0,0.2,0.2,1.0,1.0,0.2,1.0,0.2,0.2,0.2,0.2,0.2,0.2,1.0,0.4,1.0,0.2,1.0,0.2,1.0,1.0,1.0,1.0,1.0,1.0,1.0,1.0,1.0,1.0,1.0,1.0,1.0,1.0,0.4,0.8,1.0,0.8,0.2,1.0,0.4,0.2,0.2,0.2,0.2,0.2,56.0,44.0,223.0,53.0,65.0,44.0,69.0,15.0,18.0,25.0,24.0,26.0,16.0,23.0,64.0,1.0,2.0,,,3.0,,,,,,,4.0,,5.0,6.0,7.0,,1.0,2.0,3.0,6.0,,8.0,,4.0,,,,,5.0,1.0,2.0,6.0,3.0,5.0,,,9.0,,10.0,,7.0,11.0,4.0,8.0,1.0,2.0,5.0,3.0,8.0,9.0,10.0,11.0,,6.0,,,,4.0,7.0,1.0,2.0,4.0,,,8.0,9.0,,,6.0,,7.0,,3.0,5.0,2.0,,,,,,,,,,,,,,1.0,1.0,2.0,4.0,,3.0,9.0,8.0,10.0,,6.0,,7.0,,,5.0,,4.0,,,1.0,6.0,7.0,8.0,,2.0,,,,5.0,3.0,22.6,55.0,556.0,549.0,78.0,305.0,139.0,0.27,7.0,0.29,0.0,0.5,[1.0],['2 cups coffee'],[0.0],[nan],"['No', 'Yes']","[nan, 'More familiar with tasks']",[-0.5],[-0.5],"['No', 'Yes']","[nan, 'More familiar with tasks']",[0.25],"['The furniture/fixtures/objects in the room, The location of furniture/fixtures/objects, The items you picked up, Where you picked up and put down items, The order you completed items and tasks']","[1.0, 1.0, 1.0, 1.0, nan, nan, nan, 'Visualising the room layout']",[nan],['Visualising the room layout'],['Yes'],"['Yes, visual imagery']",[nan]
A104,3,1.0,1.0,1.0,1.0,1.0,1.0,1.0,0.0,0.0,1.0,1.0,1.0,0.0,1.0,0.0,1.0,1.0,1.0,1.0,1.0,0.0,1.0,1.0,1.0,1.0,0.0,0.5,1.0,0.25,0.0,0.5,0.25,0.0,1.0,0.0,1.0,0.0,0.0,0.0,1.0,0.0,0.5,0.5,0.0,1.0,0.5,0.0,0.0,1.0,1.0,1.0,1.0,1.0,1.0,1.0,0.0,0.5,1.0,0.5,0.0,0.25,0.0,1.0,1.0,0.0,1.0,0.5,0.0,0.0,1.0,1.0,0.5,0.5,0.0,1.0,1.0,1.0,1.0,1.0,1.0,1.0,1.0,1.0,1.0,1.0,1.0,1.0,1.0,1.0,1.0,0.5,0.0,1.0,1.0,1.0,1.0,0.0,1.0,1.0,0.0,0.0,1.0,0.0,0.0,0.5,1.0,1.0,1.0,1.0,1.0,1.0,1.0,0.2,0.2,1.0,1.0,1.0,0.2,1.0,0.4,0.4,1.0,1.0,1.0,1.0,1.0,1.0,0.4,0.4,1.0,0.2,0.2,1.0,0.2,1.0,0.2,0.2,0.2,1.0,0.2,1.0,0.2,0.2,0.2,0.2,0.2,1.0,0.2,0.2,0.2,0.2,0.2,0.2,0.2,0.2,0.2,1.0,1.0,1.0,1.0,0.2,0.2,1.0,1.0,0.2,0.2,0.2,0.2,1.0,1.0,1.0,0.2,0.4,0.2,0.2,0.2,0.2,0.2,1.0,0.8,1.0,0.2,0.6,0.6,1.0,1.0,1.0,1.0,1.0,1.0,1.0,1.0,1.0,0.2,1.0,1.0,1.0,0.2,0.4,0.2,0.2,1.0,0.2,0.2,0.2,0.2,0.2,0.2,0.2,0.2,56.0,44.0,223.0,53.0,65.0,44.0,69.0,15.0,18.0,25.0,24.0,26.0,16.0,23.0,64.0,1.0,2.0,,,3.0,,,,,,,4.0,,5.0,6.0,7.0,,1.0,2.0,3.0,6.0,,8.0,,4.0,,,,,5.0,1.0,2.0,6.0,3.0,5.0,,,9.0,,10.0,,7.0,11.0,4.0,8.0,1.0,2.0,5.0,3.0,8.0,9.0,10.0,11.0,,6.0,,,,4.0,7.0,1.0,2.0,4.0,,,8.0,9.0,,,6.0,,7.0,,3.0,5.0,2.0,,,,,,,,,,,,,,1.0,1.0,2.0,4.0,,3.0,9.0,8.0,10.0,,6.0,,7.0,,,5.0,,4.0,,,1.0,6.0,7.0,8.0,,2.0,,,,5.0,3.0,72.62,72.0,240.0,232.0,52.0,238.0,102.0,0.39,7.0,0.25,0.0,0.5,[1.0],['Two cups coffee'],[0.0],[nan],"['No', 'No']","[nan, nan]",[-0.5],[-0.5],"['No', 'No']","[nan, nan]",[0.0],['The furniture/fixtures/objects in the room'],"[1.0, 1.0, 1.0, 1.0, nan, nan, nan, 'Visualising the room layout']",[nan],['Visualising the room layout'],['Yes'],"['Yes, visual imagery']",[nan]
A104,4,1.0,1.0,1.0,1.0,0.0,0.0,0.0,0.0,0.0,0.0,0.0,0.0,0.0,1.0,0.0,1.0,1.0,1.0,1.0,1.0,0.0,1.0,0.0,0.0,0.25,0.0,0.5,0.5,0.0,0.0,0.5,0.0,0.5,0.0,0.5,0.0,0.5,1.0,0.5,1.0,0.5,0.5,0.5,0.5,0.0,0.5,0.5,0.0,1.0,1.0,1.0,1.0,0.0,1.0,1.0,1.0,1.0,0.5,0.5,0.0,0.25,0.25,0.5,0.25,0.25,0.5,0.0,0.0,0.0,1.0,0.0,0.0,0.5,0.0,0.0,0.0,0.0,0.0,0.0,0.0,0.0,1.0,1.0,1.0,0.0,1.0,1.0,0.25,0.0,0.5,0.0,0.0,1.0,0.0,0.0,0.0,1.0,0.5,0.0,0.0,0.0,1.0,0.0,0.0,0.0,1.0,1.0,1.0,1.0,0.4,0.4,0.2,0.2,0.2,0.2,0.2,0.2,0.2,0.4,0.4,0.4,1.0,1.0,1.0,1.0,1.0,0.4,0.2,0.2,1.0,0.2,0.2,0.2,0.2,0.2,0.2,0.2,0.2,0.2,0.2,0.2,0.2,0.2,0.2,0.2,0.2,0.2,0.2,0.2,0.4,0.2,0.2,0.2,1.0,0.2,0.2,0.2,0.2,0.2,0.2,0.2,0.2,0.2,0.2,0.2,0.2,0.2,0.2,0.2,0.2,0.2,0.2,0.2,0.2,0.2,0.2,0.2,0.2,0.2,0.2,1.0,0.2,1.0,0.2,0.2,0.2,1.0,1.0,1.0,1.0,1.0,1.0,0.2,1.0,0.2,0.2,0.2,0.2,0.2,0.2,0.2,0.2,0.2,0.2,0.2,0.2,0.2,0.2,0.2,0.2,56.0,44.0,223.0,53.0,65.0,44.0,69.0,15.0,18.0,25.0,24.0,26.0,16.0,23.0,64.0,1.0,2.0,,,3.0,,,,,,,4.0,,5.0,6.0,7.0,,1.0,2.0,3.0,6.0,,8.0,,4.0,,,,,5.0,1.0,2.0,6.0,3.0,5.0,,,9.0,,10.0,,7.0,11.0,4.0,8.0,1.0,2.0,5.0,3.0,8.0,9.0,10.0,11.0,,6.0,,,,4.0,7.0,1.0,2.0,4.0,,,8.0,9.0,,,6.0,,7.0,,3.0,5.0,2.0,,,,,,,,,,,,,,1.0,1.0,2.0,4.0,,3.0,9.0,8.0,10.0,,6.0,,7.0,,,5.0,,4.0,,,1.0,6.0,7.0,8.0,,2.0,,,,5.0,3.0,145.78,42.0,264.0,183.0,54.0,205.0,130.0,0.44,6.0,0.25,0.0,-0.5,[1.0],['2 cups of coffee'],[0.0],[nan],"['No', 'No']","[nan, nan]",[-1.0],[-0.5],"['No', 'No']","[nan, nan]",[0.0],['The furniture/fixtures/objects in the room'],"[1.0, 1.0, 1.0, 1.0, nan, nan, nan, 'Visualising the room layout']",[nan],['Visualising the room layout'],['Yes'],"['Yes, visual imagery']",[nan]
A105,1,1.0,1.0,1.0,1.0,1.0,1.0,0.0,1.0,0.0,1.0,1.0,0.0,1.0,0.0,0.0,1.0,1.0,1.0,1.0,1.0,0.0,0.5,1.0,0.0,1.0,1.0,0.5,1.0,0.0,0.5,0.0,1.0,0.0,1.0,1.0,0.0,0.0,1.0,1.0,1.0,1.0,0.0,0.0,1.0,0.5,1.0,0.5,1.0,1.0,1.0,1.0,1.0,1.0,1.0,1.0,1.0,0.5,1.0,0.0,1.0,1.0,0.5,1.0,1.0,1.0,0.0,1.0,0.5,0.0,1.0,0.5,1.0,0.0,1.0,0.5,1.0,0.0,1.0,1.0,0.0,1.0,1.0,1.0,0.0,1.0,1.0,1.0,1.0,0.0,1.0,0.0,1.0,1.0,1.0,0.0,0.0,1.0,1.0,1.0,0.5,0.0,1.0,1.0,1.0,0.0,1.0,1.0,1.0,0.8,1.0,1.0,1.0,1.0,1.0,1.0,1.0,1.0,1.0,1.0,0.8,0.8,1.0,1.0,1.0,1.0,1.0,0.8,1.0,1.0,1.0,1.0,1.0,1.0,1.0,1.0,1.0,0.6,0.6,1.0,1.0,1.0,1.0,0.6,0.4,1.0,0.8,1.0,0.6,1.0,0.6,1.0,0.6,0.6,1.0,1.0,1.0,1.0,1.0,1.0,1.0,1.0,1.0,1.0,1.0,1.0,1.0,0.8,1.0,1.0,1.0,0.6,1.0,0.6,0.4,1.0,0.6,0.6,0.6,0.4,1.0,0.8,0.6,1.0,1.0,1.0,1.0,1.0,1.0,1.0,1.0,1.0,1.0,1.0,0.6,1.0,0.6,1.0,1.0,0.8,0.6,0.6,1.0,1.0,1.0,0.6,0.6,1.0,0.6,0.6,0.8,76.0,40.0,493.0,23.0,36.0,62.0,42.0,27.0,72.0,38.0,51.0,54.0,26.0,80.0,69.0,4.0,,,5.0,,,9.0,6.0,,,,2.0,,1.0,3.0,6.0,11.0,,7.0,10.0,9.0,8.0,12.0,,5.0,1.0,2.0,,3.0,4.0,3.0,7.0,,4.0,5.0,,6.0,,,,,8.0,1.0,2.0,3.0,10.0,3.0,11.0,2.0,4.0,,7.0,9.0,,5.0,,6.0,8.0,,1.0,8.0,11.0,7.0,5.0,6.0,9.0,10.0,,,,,4.0,3.0,1.0,2.0,,,,,,4.0,,,,,1.0,,,2.0,3.0,4.0,9.0,3.0,1.0,10.0,7.0,11.0,8.0,,6.0,13.0,5.0,12.0,2.0,,3.0,,2.0,1.0,11.0,5.0,10.0,,,9.0,7.0,8.0,6.0,4.0,,1.0,77.0,693.0,533.0,88.0,516.0,267.0,0.39,5.0,0.23,-0.5,-0.5,[1.0],['2 cups of coffee'],[0.0],[nan],"['No', nan]","[nan, nan]",[0.0],[nan],"['No', nan]","[nan, nan]",[nan],"['The furniture/fixtures/objects in the room, The location of furniture/fixtures/objects']","[1.0, 1.0, 1.0, 1.0, nan, nan, nan, 'Visualising the room layout']",[nan],['Visualising the room layout'],['Yes'],"['Yes, visual imagery']",[nan]
A105,2,1.0,1.0,1.0,0.0,0.0,1.0,0.0,1.0,0.0,1.0,1.0,0.0,1.0,0.0,1.0,1.0,1.0,1.0,1.0,1.0,1.0,0.0,1.0,0.0,0.5,1.0,0.0,1.0,1.0,0.5,1.0,1.0,1.0,0.0,1.0,1.0,1.0,0.5,0.0,0.0,0.0,0.0,0.0,0.0,1.0,0.5,0.0,0.5,1.0,1.0,1.0,1.0,1.0,1.0,1.0,1.0,1.0,1.0,1.0,0.0,1.0,1.0,0.0,0.0,1.0,0.0,1.0,1.0,0.5,0.0,0.5,0.0,0.0,1.0,0.0,1.0,0.0,1.0,1.0,0.0,1.0,1.0,1.0,1.0,1.0,0.0,1.0,1.0,1.0,1.0,1.0,0.0,1.0,1.0,0.0,1.0,0.25,0.0,1.0,0.5,0.5,0.5,0.0,0.0,0.0,0.8,1.0,0.8,0.8,0.8,1.0,0.8,1.0,1.0,0.6,1.0,1.0,1.0,1.0,0.8,1.0,1.0,1.0,1.0,1.0,1.0,1.0,1.0,1.0,1.0,1.0,1.0,1.0,1.0,1.0,0.6,1.0,0.6,1.0,0.6,1.0,0.4,0.8,0.4,0.6,0.4,0.6,0.4,1.0,0.4,0.8,0.6,0.6,1.0,1.0,1.0,1.0,1.0,1.0,1.0,1.0,1.0,1.0,1.0,0.6,1.0,1.0,0.6,0.4,0.4,0.4,1.0,0.6,0.4,0.4,0.4,0.4,0.8,1.0,0.8,0.8,0.6,1.0,1.0,0.8,1.0,1.0,1.0,1.0,1.0,1.0,1.0,1.0,1.0,0.8,1.0,1.0,1.0,1.0,0.6,0.6,0.4,0.6,1.0,0.4,0.6,0.4,0.4,0.4,0.8,76.0,40.0,493.0,23.0,36.0,62.0,42.0,27.0,72.0,38.0,51.0,54.0,26.0,80.0,69.0,4.0,,,5.0,,,9.0,6.0,,,,2.0,,1.0,3.0,6.0,11.0,,7.0,10.0,9.0,8.0,12.0,,5.0,1.0,2.0,,3.0,4.0,3.0,7.0,,4.0,5.0,,6.0,,,,,8.0,1.0,2.0,3.0,10.0,3.0,11.0,2.0,4.0,,7.0,9.0,,5.0,,6.0,8.0,,1.0,8.0,11.0,7.0,5.0,6.0,9.0,10.0,,,,,4.0,3.0,1.0,2.0,,,,,,4.0,,,,,1.0,,,2.0,3.0,4.0,9.0,3.0,1.0,10.0,7.0,11.0,8.0,,6.0,13.0,5.0,12.0,2.0,,3.0,,2.0,1.0,11.0,5.0,10.0,,,9.0,7.0,8.0,6.0,4.0,,22.77,55.0,599.0,809.0,106.0,621.0,244.0,0.32,6.0,0.25,0.0,-0.5,[1.0],['3 cups of coffee'],[0.0],[nan],"['No', 'Unsure']","[nan, 'unsure']",[0.0],[0.5],"['No', 'Unsure']","[nan, 'unsure']",[0.25],"['The furniture/fixtures/objects in the room, The location of furniture/fixtures/objects']","[1.0, 1.0, 0.8, 1.0, nan, nan, nan, 'Visualising the room layout']",[nan],['No specific strategy'],['Yes'],"['No, I did not apply any mnemonic techniques']","[""Remembering details of any room and its contents would be influenced by subject's previous experience. For example, a real estate agent might take in more information than a gardener by virtue of their professional conditioning. It might be useful to include professional background in your demographic data to perhaps better interpret results.""]"
A105,3,1.0,1.0,1.0,1.0,1.0,1.0,0.0,0.0,1.0,1.0,1.0,0.0,1.0,1.0,1.0,0.0,1.0,1.0,0.5,1.0,0.0,0.0,1.0,0.0,1.0,0.0,1.0,0.0,1.0,0.0,0.5,0.0,1.0,1.0,0.0,0.5,0.0,0.0,0.0,0.5,0.5,0.0,0.5,0.5,0.0,1.0,0.0,0.5,1.0,1.0,1.0,1.0,1.0,1.0,1.0,0.5,1.0,0.0,1.0,0.25,0.5,0.0,1.0,1.0,1.0,0.0,0.0,0.0,0.0,0.5,0.5,0.0,1.0,0.0,1.0,0.0,0.0,1.0,1.0,1.0,1.0,1.0,1.0,1.0,1.0,1.0,0.0,0.5,1.0,0.0,1.0,0.25,0.5,0.0,1.0,1.0,1.0,0.0,0.0,0.0,0.5,0.0,0.5,0.0,1.0,1.0,1.0,1.0,1.0,0.6,0.6,0.8,0.2,1.0,1.0,1.0,0.4,0.6,1.0,1.0,1.0,1.0,1.0,1.0,1.0,0.8,0.8,0.6,0.4,1.0,0.4,0.6,1.0,1.0,0.2,0.2,1.0,0.4,0.8,0.2,0.4,0.2,0.4,0.2,0.2,0.2,0.2,0.2,1.0,1.0,0.8,0.6,0.6,1.0,1.0,1.0,1.0,1.0,1.0,1.0,0.4,1.0,0.4,1.0,0.6,0.8,0.2,0.8,1.0,0.8,0.4,0.6,0.2,0.2,0.4,0.4,0.2,0.2,0.6,1.0,0.6,0.6,1.0,1.0,1.0,1.0,1.0,1.0,1.0,0.8,1.0,0.6,0.4,1.0,0.4,1.0,0.6,1.0,0.2,0.6,1.0,0.6,0.4,0.8,0.2,0.2,0.4,0.2,0.2,0.4,76.0,40.0,493.0,23.0,36.0,62.0,42.0,27.0,72.0,38.0,51.0,54.0,26.0,80.0,69.0,4.0,,,5.0,,,9.0,6.0,,,,2.0,,1.0,3.0,6.0,11.0,,7.0,10.0,9.0,8.0,12.0,,5.0,1.0,2.0,,3.0,4.0,3.0,7.0,,4.0,5.0,,6.0,,,,,8.0,1.0,2.0,3.0,10.0,3.0,11.0,2.0,4.0,,7.0,9.0,,5.0,,6.0,8.0,,1.0,8.0,11.0,7.0,5.0,6.0,9.0,10.0,,,,,4.0,3.0,1.0,2.0,,,,,,4.0,,,,,1.0,,,2.0,3.0,4.0,9.0,3.0,1.0,10.0,7.0,11.0,8.0,,6.0,13.0,5.0,12.0,2.0,,3.0,,2.0,1.0,11.0,5.0,10.0,,,9.0,7.0,8.0,6.0,4.0,,69.46,67.0,708.0,704.0,114.0,386.0,223.0,0.22,5.0,0.29,0.0,-0.5,[1.0],['1 cup of coffee'],[0.0],[nan],"['No', 'Unsure']","[nan, 'eliminated a couple of items']",[0.0],[-0.5],"['No', 'Unsure']","[nan, 'eliminated a couple of items']",[0.25],"['The furniture/fixtures/objects in the room, The location of furniture/fixtures/objects']","[1.0, 1.0, 1.0, 1.0, nan, nan, nan, 'No specific strategy']",[nan],['No specific strategy'],['Unsure'],"['No, I did not apply any mnemonic techniques']",[nan]
A105,4,1.0,1.0,1.0,1.0,1.0,1.0,1.0,0.0,1.0,0.0,0.0,0.0,1.0,1.0,0.0,1.0,1.0,1.0,1.0,1.0,1.0,1.0,1.0,1.0,1.0,1.0,1.0,0.5,1.0,0.0,1.0,0.5,0.0,0.5,1.0,0.0,1.0,0.0,0.0,0.0,0.0,1.0,0.0,0.0,0.0,1.0,0.0,0.5,1.0,1.0,1.0,1.0,1.0,0.0,1.0,0.25,1.0,1.0,0.25,0.0,1.0,1.0,0.0,0.25,0.0,1.0,1.0,0.0,0.0,1.0,0.0,1.0,0.0,1.0,0.0,0.0,1.0,1.0,1.0,1.0,1.0,1.0,1.0,1.0,0.0,1.0,1.0,1.0,1.0,1.0,0.0,0.5,1.0,1.0,1.0,0.5,0.0,0.0,1.0,0.0,1.0,0.0,0.0,1.0,0.0,0.8,1.0,0.8,0.8,1.0,1.0,1.0,0.4,1.0,0.2,0.2,0.8,1.0,1.0,0.6,0.8,1.0,1.0,1.0,1.0,0.8,0.8,1.0,1.0,1.0,1.0,1.0,1.0,0.2,0.2,0.2,1.0,0.4,0.4,0.6,0.2,0.2,0.6,0.4,0.2,0.2,0.2,0.2,0.6,0.6,0.6,0.6,0.6,1.0,0.6,1.0,0.8,0.4,0.6,1.0,0.6,1.0,0.6,0.4,0.6,1.0,0.4,0.4,0.4,0.2,0.4,1.0,0.4,0.4,0.4,0.2,0.2,0.6,0.8,0.8,0.8,0.8,1.0,1.0,0.8,1.0,1.0,0.8,0.8,0.8,1.0,1.0,0.6,1.0,0.6,0.6,1.0,1.0,0.6,0.6,0.6,0.4,0.4,1.0,0.4,0.4,0.4,0.4,0.4,0.6,76.0,40.0,493.0,23.0,36.0,62.0,42.0,27.0,72.0,38.0,51.0,54.0,26.0,80.0,69.0,4.0,,,5.0,,,9.0,6.0,,,,2.0,,1.0,3.0,6.0,11.0,,7.0,10.0,9.0,8.0,12.0,,5.0,1.0,2.0,,3.0,4.0,3.0,7.0,,4.0,5.0,,6.0,,,,,8.0,1.0,2.0,3.0,10.0,3.0,11.0,2.0,4.0,,7.0,9.0,,5.0,,6.0,8.0,,1.0,8.0,11.0,7.0,5.0,6.0,9.0,10.0,,,,,4.0,3.0,1.0,2.0,,,,,,4.0,,,,,1.0,,,2.0,3.0,4.0,9.0,3.0,1.0,10.0,7.0,11.0,8.0,,6.0,13.0,5.0,12.0,2.0,,3.0,,2.0,1.0,11.0,5.0,10.0,,,9.0,7.0,8.0,6.0,4.0,,146.2,52.0,297.0,530.0,105.0,263.0,106.0,0.42,7.0,0.29,0.0,0.0,[0.0],[nan],[0.0],[nan],"['No', 'Unsure']","[nan, 'Slightly by reminding of objects not in the kitcchen']",[0.0],[0.0],"['No', 'Unsure']","[nan, 'Slightly by reminding of objects not in the kitcchen']",[0.25],"['The furniture/fixtures/objects in the room, The location of furniture/fixtures/objects']","[1.0, 1.0, 0.8, 1.0, nan, nan, nan, 'No specific strategy']",[nan],['No specific strategy'],['Yes'],"['No, I did not apply any mnemonic techniques']",[nan]
A106,1,1.0,1.0,1.0,1.0,1.0,1.0,1.0,1.0,1.0,1.0,1.0,1.0,1.0,1.0,1.0,1.0,1.0,1.0,1.0,1.0,1.0,0.0,1.0,1.0,1.0,1.0,0.5,1.0,1.0,1.0,0.5,0.25,1.0,1.0,0.0,0.0,0.25,0.5,0.5,1.0,0.0,0.5,1.0,1.0,0.0,0.0,0.5,0.0,1.0,1.0,1.0,1.0,1.0,1.0,1.0,1.0,1.0,1.0,0.25,1.0,0.5,0.5,1.0,1.0,0.0,0.0,1.0,0.5,0.0,1.0,0.0,0.5,1.0,0.5,0.0,1.0,0.5,1.0,1.0,1.0,1.0,1.0,1.0,1.0,1.0,1.0,1.0,1.0,0.5,1.0,1.0,1.0,0.5,0.25,1.0,1.0,0.0,0.0,1.0,1.0,0.0,1.0,0.0,0.0,1.0,1.0,1.0,1.0,1.0,1.0,1.0,1.0,1.0,1.0,1.0,1.0,1.0,1.0,1.0,0.6,0.6,1.0,1.0,1.0,1.0,0.6,0.6,0.8,0.6,1.0,1.0,0.4,1.0,0.4,1.0,0.6,0.6,0.8,1.0,0.6,0.2,0.8,0.4,0.6,1.0,0.6,0.2,0.6,0.6,0.6,0.6,0.6,0.6,1.0,1.0,1.0,1.0,1.0,1.0,1.0,1.0,0.4,1.0,0.4,1.0,0.4,0.2,1.0,1.0,1.0,0.2,1.0,0.4,0.2,1.0,0.4,0.2,0.4,0.4,0.2,1.0,0.2,1.0,0.4,1.0,1.0,1.0,1.0,1.0,1.0,1.0,1.0,1.0,0.4,1.0,0.2,1.0,0.4,0.2,1.0,1.0,0.6,0.4,1.0,0.4,0.2,1.0,0.6,0.4,0.4,73.0,47.0,323.0,70.0,70.0,50.0,68.0,56.0,57.0,59.0,70.0,64.0,59.0,118.0,109.0,1.0,2.0,3.0,,,,,,,4.0,,6.0,,5.0,,5.0,6.0,7.0,1.0,8.0,2.0,,,,,,,,3.0,4.0,6.0,7.0,8.0,5.0,,9.0,,10.0,2.0,,1.0,4.0,11.0,,3.0,7.0,8.0,9.0,10.0,14.0,15.0,1.0,11.0,2.0,5.0,12.0,6.0,3.0,13.0,4.0,6.0,7.0,8.0,9.0,5.0,10.0,13.0,12.0,,11.0,,4.0,3.0,2.0,1.0,5.0,6.0,,,,,7.0,,,,,1.0,2.0,3.0,4.0,1.0,9.0,2.0,10.0,6.0,7.0,,5.0,,3.0,11.0,8.0,13.0,4.0,12.0,1.0,2.0,3.0,4.0,5.0,6.0,,11.0,,7.0,13.0,8.0,12.0,10.0,9.0,1.0,50.0,626.0,976.0,219.0,369.0,230.0,0.39,8.0,0.23,0.0,0.5,[1.0],['1 small cup of coffee'],[1.0],[nan],"['Yes', nan]","[nan, nan]",[0.0],[nan],"['Yes', nan]","[nan, nan]",[nan],"['The furniture/fixtures/objects in the room, The location of furniture/fixtures/objects, The items you picked up, Where you picked up and put down items, The order you completed items and tasks']","[1.0, 1.0, 1.0, 1.0, nan, nan, nan, 'Visualising the room layout, Creating a mental story or narrative']",[nan],"['Visualising the room layout, Creating a mental story or narrative']",['No'],"['No, I did not apply any mnemonic techniques']",[nan]
A106,2,1.0,1.0,1.0,1.0,1.0,1.0,1.0,1.0,0.0,0.0,1.0,0.0,0.0,1.0,1.0,0.0,1.0,1.0,1.0,0.5,1.0,0.0,1.0,0.0,1.0,1.0,0.5,0.0,1.0,0.5,1.0,1.0,0.0,0.0,0.5,1.0,1.0,0.5,1.0,0.5,1.0,1.0,0.0,0.0,0.5,0.0,0.0,0.0,1.0,1.0,1.0,1.0,1.0,1.0,0.0,1.0,1.0,1.0,1.0,1.0,0.0,1.0,0.0,1.0,0.25,0.5,0.5,0.5,0.5,0.5,1.0,0.0,0.0,1.0,0.0,1.0,0.5,1.0,1.0,1.0,1.0,1.0,1.0,1.0,1.0,1.0,1.0,1.0,0.5,0.5,1.0,0.25,0.0,1.0,0.0,0.5,0.5,0.5,1.0,0.5,0.5,0.0,1.0,0.0,0.5,1.0,1.0,1.0,0.2,1.0,1.0,1.0,1.0,0.8,1.0,1.0,0.8,1.0,1.0,0.6,0.6,1.0,1.0,1.0,0.2,0.2,1.0,1.0,1.0,1.0,1.0,1.0,0.8,0.6,0.6,0.6,0.2,1.0,0.2,0.6,0.4,0.6,0.2,0.2,0.6,0.4,0.2,0.2,0.8,0.4,0.4,0.4,0.4,1.0,1.0,1.0,1.0,1.0,1.0,0.2,0.6,0.4,0.4,1.0,0.2,0.2,0.6,0.2,0.6,0.2,0.2,0.2,0.4,0.6,0.2,0.6,0.2,0.2,0.4,0.4,0.6,0.4,1.0,1.0,1.0,1.0,1.0,1.0,1.0,1.0,1.0,1.0,0.6,0.4,0.4,1.0,0.2,0.2,0.4,0.4,0.4,0.2,0.6,0.2,0.4,0.4,0.2,0.6,0.2,0.2,73.0,47.0,323.0,70.0,70.0,50.0,68.0,56.0,57.0,59.0,70.0,64.0,59.0,118.0,109.0,1.0,2.0,3.0,,,,,,,4.0,,6.0,,5.0,,5.0,6.0,7.0,1.0,8.0,2.0,,,,,,,,3.0,4.0,6.0,7.0,8.0,5.0,,9.0,,10.0,2.0,,1.0,4.0,11.0,,3.0,7.0,8.0,9.0,10.0,14.0,15.0,1.0,11.0,2.0,5.0,12.0,6.0,3.0,13.0,4.0,6.0,7.0,8.0,9.0,5.0,10.0,13.0,12.0,,11.0,,4.0,3.0,2.0,1.0,5.0,6.0,,,,,7.0,,,,,1.0,2.0,3.0,4.0,1.0,9.0,2.0,10.0,6.0,7.0,,5.0,,3.0,11.0,8.0,13.0,4.0,12.0,1.0,2.0,3.0,4.0,5.0,6.0,,11.0,,7.0,13.0,8.0,12.0,10.0,9.0,22.64,73.0,605.0,927.0,116.0,614.0,164.0,0.33,7.0,0.23,0.0,0.0,[1.0],['1 cup of coffee'],[0.0],[nan],"['No', 'Unsure']","[nan, nan]",[-0.5],[-0.5],"['No', 'Unsure']","[nan, nan]",[0.75],"['The furniture/fixtures/objects in the room, The location of furniture/fixtures/objects, The items you picked up, Where you picked up and put down items']","[1.0, 1.0, 1.0, 1.0, nan, nan, nan, 'Visualising the room layout, Creating a mental story or narrative']",[nan],['Visualising the room layout'],['No'],"['Yes, visual imagery']",['remembering objects but got them in the wrong room today']
A106,3,1.0,1.0,1.0,1.0,0.0,1.0,1.0,1.0,1.0,1.0,1.0,0.0,1.0,1.0,0.0,0.0,1.0,1.0,1.0,1.0,0.0,0.5,1.0,1.0,1.0,0.5,1.0,1.0,0.5,0.5,1.0,1.0,0.0,0.25,1.0,0.0,1.0,1.0,0.0,1.0,0.0,0.0,0.0,0.0,0.5,0.5,0.0,0.5,1.0,1.0,1.0,1.0,1.0,1.0,1.0,0.5,1.0,1.0,0.5,0.0,1.0,1.0,0.0,0.25,1.0,0.25,1.0,1.0,0.0,1.0,0.0,0.0,0.0,0.0,0.5,1.0,0.0,1.0,1.0,1.0,1.0,1.0,1.0,1.0,1.0,1.0,1.0,1.0,1.0,1.0,0.5,0.0,1.0,1.0,0.0,0.25,1.0,0.5,1.0,1.0,0.0,1.0,0.5,0.0,0.0,1.0,1.0,1.0,1.0,0.2,1.0,1.0,1.0,1.0,1.0,1.0,0.2,1.0,1.0,1.0,1.0,1.0,1.0,1.0,1.0,0.6,0.6,0.6,0.6,0.2,1.0,1.0,1.0,0.4,0.4,0.2,1.0,0.2,0.4,0.6,0.4,0.4,0.4,0.4,0.4,0.6,0.2,0.2,0.8,0.4,0.4,0.4,0.4,1.0,1.0,1.0,1.0,1.0,0.2,1.0,0.4,1.0,1.0,0.4,0.2,1.0,0.6,0.4,0.2,0.6,0.2,1.0,0.6,0.4,0.4,0.2,0.2,0.4,0.4,0.6,1.0,0.2,1.0,0.6,1.0,1.0,1.0,1.0,0.8,1.0,1.0,1.0,0.4,1.0,1.0,0.4,0.2,1.0,0.6,0.4,0.4,0.6,0.2,1.0,0.4,0.4,0.4,0.4,0.2,0.4,73.0,47.0,323.0,70.0,70.0,50.0,68.0,56.0,57.0,59.0,70.0,64.0,59.0,118.0,109.0,1.0,2.0,3.0,,,,,,,4.0,,6.0,,5.0,,5.0,6.0,7.0,1.0,8.0,2.0,,,,,,,,3.0,4.0,6.0,7.0,8.0,5.0,,9.0,,10.0,2.0,,1.0,4.0,11.0,,3.0,7.0,8.0,9.0,10.0,14.0,15.0,1.0,11.0,2.0,5.0,12.0,6.0,3.0,13.0,4.0,6.0,7.0,8.0,9.0,5.0,10.0,13.0,12.0,,11.0,,4.0,3.0,2.0,1.0,5.0,6.0,,,,,7.0,,,,,1.0,2.0,3.0,4.0,1.0,9.0,2.0,10.0,6.0,7.0,,5.0,,3.0,11.0,8.0,13.0,4.0,12.0,1.0,2.0,3.0,4.0,5.0,6.0,,11.0,,7.0,13.0,8.0,12.0,10.0,9.0,66.08,47.0,661.0,913.0,101.0,514.0,140.0,0.14,9.0,0.23,0.5,0.5,[1.0],['1 cup of coffee'],[1.0],[nan],"['Yes', 'Yes']","[nan, 'remembering objects in wrong rooms and locations helped exclude some objects']",[-0.5],[0.0],"['Yes', 'Yes']","[nan, 'remembering objects in wrong rooms and locations helped exclude some objects']",[0.75],"['The furniture/fixtures/objects in the room, The location of furniture/fixtures/objects, The items you picked up, Where you picked up and put down items']","[1.0, 1.0, 1.0, 1.0, nan, nan, nan, 'Visualising the room layout']",[nan],['No specific strategy'],['No'],"['No, I did not apply any mnemonic techniques']",[nan]
A106,4,1.0,1.0,1.0,1.0,1.0,1.0,1.0,1.0,1.0,1.0,1.0,1.0,1.0,1.0,0.0,0.0,1.0,1.0,1.0,1.0,0.0,1.0,1.0,0.0,1.0,1.0,1.0,0.5,1.0,0.25,0.25,1.0,1.0,1.0,1.0,0.0,0.0,0.0,0.5,0.0,0.0,0.5,0.0,0.5,1.0,0.5,0.5,0.5,1.0,1.0,1.0,1.0,1.0,1.0,1.0,1.0,1.0,0.5,1.0,1.0,1.0,1.0,0.5,1.0,1.0,0.0,0.0,0.0,0.0,0.0,0.0,0.5,0.0,0.0,1.0,1.0,0.0,1.0,0.0,0.0,1.0,1.0,1.0,1.0,1.0,1.0,1.0,0.5,1.0,1.0,1.0,1.0,1.0,1.0,1.0,1.0,1.0,0.0,0.0,0.0,1.0,0.0,0.0,0.0,0.0,0.8,0.8,0.8,1.0,0.6,1.0,1.0,1.0,1.0,1.0,1.0,0.6,1.0,1.0,0.6,0.6,1.0,1.0,1.0,1.0,0.2,1.0,0.4,0.4,0.6,1.0,1.0,0.4,0.4,0.2,0.4,1.0,0.2,1.0,0.2,0.4,0.2,0.4,0.2,0.2,0.2,0.2,0.2,0.4,0.4,0.4,0.4,0.4,1.0,1.0,1.0,1.0,1.0,1.0,1.0,0.2,1.0,0.4,1.0,0.2,0.4,1.0,0.2,0.6,1.0,0.2,0.4,0.2,0.2,0.4,0.2,0.2,0.2,0.4,1.0,0.8,0.4,1.0,0.2,0.6,1.0,1.0,1.0,1.0,0.6,0.8,1.0,0.4,1.0,0.4,1.0,0.4,0.2,1.0,0.2,0.4,1.0,0.2,0.4,0.2,0.2,0.2,0.4,0.2,0.2,73.0,47.0,323.0,70.0,70.0,50.0,68.0,56.0,57.0,59.0,70.0,64.0,59.0,118.0,109.0,1.0,2.0,3.0,,,,,,,4.0,,6.0,,5.0,,5.0,6.0,7.0,1.0,8.0,2.0,,,,,,,,3.0,4.0,6.0,7.0,8.0,5.0,,9.0,,10.0,2.0,,1.0,4.0,11.0,,3.0,7.0,8.0,9.0,10.0,14.0,15.0,1.0,11.0,2.0,5.0,12.0,6.0,3.0,13.0,4.0,6.0,7.0,8.0,9.0,5.0,10.0,13.0,12.0,,11.0,,4.0,3.0,2.0,1.0,5.0,6.0,,,,,7.0,,,,,1.0,2.0,3.0,4.0,1.0,9.0,2.0,10.0,6.0,7.0,,5.0,,3.0,11.0,8.0,13.0,4.0,12.0,1.0,2.0,3.0,4.0,5.0,6.0,,11.0,,7.0,13.0,8.0,12.0,10.0,9.0,147.13,38.0,467.0,892.0,73.0,499.0,214.0,0.52,7.0,0.23,0.0,-0.5,[1.0],['1 cup of coffee'],[0.0],[nan],"['No', 'Yes']","[nan, 'some objects I had thought were living room were in previous rooms so ruled out things in my memory']",[-0.5],[-0.5],"['No', 'Yes']","[nan, 'some objects I had thought were living room were in previous rooms so ruled out things in my memory']",[0.75],"['The location of furniture/fixtures/objects, The items you picked up, Where you picked up and put down items']","[1.0, 1.0, 0.8, 1.0, nan, nan, nan, 'Visualising the room layout']",[nan],['Visualising the room layout'],['No'],"['No, I did not apply any mnemonic techniques']",['I have noticed that my memory from the tasks was mostly visual and a number of objects I could remember their position visually but in the wrong rooms.\nAlso noting that memory over the last few days keep thinking about the rooms to try and maintain some memory for the recall tests']
A107,1,1.0,1.0,1.0,1.0,1.0,1.0,0.0,1.0,0.0,0.0,1.0,0.0,0.0,1.0,1.0,1.0,1.0,1.0,1.0,0.5,0.0,0.0,1.0,1.0,1.0,0.5,0.0,0.25,0.5,0.5,1.0,0.0,1.0,0.5,0.5,0.5,0.0,1.0,0.0,0.0,0.0,0.0,0.5,0.0,0.0,0.5,0.5,0.5,1.0,0.0,1.0,1.0,1.0,1.0,1.0,0.5,1.0,0.5,1.0,0.0,1.0,0.0,0.0,0.0,0.25,0.25,0.0,0.5,0.0,0.5,0.0,1.0,0.0,0.0,0.0,0.0,0.0,1.0,0.5,1.0,1.0,1.0,1.0,1.0,1.0,1.0,1.0,1.0,1.0,0.0,0.5,0.0,1.0,1.0,0.0,0.5,0.5,0.0,1.0,1.0,0.5,0.0,1.0,0.0,1.0,1.0,1.0,0.6,1.0,0.8,1.0,0.2,0.2,0.2,0.2,0.2,0.4,0.2,1.0,0.6,0.6,0.8,0.8,0.6,1.0,0.8,0.6,0.6,0.2,1.0,0.2,0.4,0.2,0.2,0.2,0.2,0.2,0.4,0.2,0.2,0.2,0.2,0.2,0.4,0.2,0.2,0.2,0.2,0.4,0.4,0.4,0.4,0.4,0.4,0.2,0.2,0.2,0.2,0.2,0.2,0.2,0.2,0.2,0.2,0.2,0.2,0.2,0.2,0.2,0.2,0.2,0.2,0.2,0.2,0.2,0.2,0.2,0.2,0.4,0.4,0.2,0.2,0.4,0.4,1.0,1.0,0.6,0.2,0.2,0.6,0.4,0.6,0.2,0.2,0.2,0.2,0.2,0.4,0.2,0.2,0.2,0.2,0.2,0.4,0.2,0.2,0.2,0.2,0.2,0.2,94.0,33.0,,34.0,43.0,33.0,41.0,33.0,18.0,15.0,31.0,21.0,17.0,29.0,41.0,6.0,,,,5.0,,,,,4.0,,3.0,,2.0,1.0,4.0,3.0,,,7.0,9.0,8.0,,,,,5.0,1.0,2.0,6.0,9.0,2.0,1.0,4.0,7.0,6.0,8.0,,,3.0,,,5.0,,,,7.0,1.0,2.0,10.0,9.0,3.0,8.0,,6.0,5.0,,,,4.0,6.0,,7.0,8.0,10.0,9.0,12.0,11.0,,2.0,1.0,5.0,,3.0,4.0,,1.0,,,,2.0,,,,,,4.0,,,3.0,1.0,2.0,,,3.0,4.0,7.0,,8.0,6.0,5.0,,,,,1.0,,,,3.0,2.0,4.0,5.0,7.0,,6.0,,,,8.0,1.0,38.0,531.0,566.0,73.0,274.0,140.0,0.22,8.0,0.4,0.0,0.0,[1.0],[nan],[1.0],[nan],"['Yes', nan]","[nan, nan]",[-1.0],[nan],"['Yes', nan]","[nan, nan]",[nan],"['The furniture/fixtures/objects in the room, The location of furniture/fixtures/objects, The items you picked up, Where you picked up and put down items, The order you completed items and tasks']","[1.0, 1.0, 1.0, 0.8, nan, nan, nan, 'Visualising the room layout']",[nan],['No specific strategy'],['No'],"['No, I did not apply any mnemonic techniques']",[nan]
A107,2,1.0,1.0,1.0,1.0,0.0,0.0,1.0,1.0,0.0,0.0,0.0,0.0,1.0,1.0,1.0,0.0,1.0,1.0,1.0,1.0,0.0,1.0,0.0,1.0,0.5,0.5,0.5,0.5,0.0,0.25,1.0,1.0,0.5,1.0,1.0,0.0,0.0,0.0,1.0,1.0,0.5,0.5,0.0,0.5,0.0,0.5,1.0,1.0,1.0,0.0,1.0,1.0,1.0,1.0,1.0,0.0,1.0,0.0,0.5,0.5,1.0,0.0,0.5,0.0,0.0,0.0,0.0,0.0,0.0,0.0,0.5,0.0,1.0,0.0,1.0,0.0,0.0,0.0,0.0,1.0,0.0,0.0,1.0,1.0,0.0,1.0,1.0,0.0,1.0,0.5,0.5,0.5,0.5,0.0,0.5,0.25,0.0,0.0,0.0,0.5,1.0,0.0,0.0,1.0,0.0,0.4,0.4,0.8,0.6,0.4,0.4,0.4,0.4,0.4,0.4,0.4,0.4,0.4,1.0,0.4,0.6,0.4,0.4,0.4,0.6,0.4,0.4,0.4,0.4,0.4,0.4,0.4,0.4,0.4,0.4,0.4,0.4,0.4,0.4,0.4,0.4,0.4,0.4,0.4,0.4,0.4,0.4,0.4,0.4,0.4,0.4,0.4,0.4,0.4,0.4,0.4,0.4,0.4,0.4,0.4,0.4,0.4,0.4,0.4,0.4,0.4,0.4,0.4,0.4,0.4,0.4,0.4,0.4,0.4,0.4,0.4,0.4,0.4,0.4,0.4,0.2,0.2,0.4,0.4,0.4,0.4,0.4,0.4,0.4,0.4,0.8,0.6,0.4,0.4,0.4,0.4,0.4,0.4,0.4,0.4,0.4,0.4,0.4,0.4,0.4,0.4,0.4,0.4,0.4,0.4,94.0,33.0,,34.0,43.0,33.0,41.0,33.0,18.0,15.0,31.0,21.0,17.0,29.0,41.0,6.0,,,,5.0,,,,,4.0,,3.0,,2.0,1.0,4.0,3.0,,,7.0,9.0,8.0,,,,,5.0,1.0,2.0,6.0,9.0,2.0,1.0,4.0,7.0,6.0,8.0,,,3.0,,,5.0,,,,7.0,1.0,2.0,10.0,9.0,3.0,8.0,,6.0,5.0,,,,4.0,6.0,,7.0,8.0,10.0,9.0,12.0,11.0,,2.0,1.0,5.0,,3.0,4.0,,1.0,,,,2.0,,,,,,4.0,,,3.0,1.0,2.0,,,3.0,4.0,7.0,,8.0,6.0,5.0,,,,,1.0,,,,3.0,2.0,4.0,5.0,7.0,,6.0,,,,8.0,26.22,59.0,353.0,507.0,90.0,319.0,123.0,0.34,5.0,0.38,-1.0,-0.5,[1.0],['Cup of tea'],[0.0],[nan],"['No', 'No']","[nan, ""They didn't""]",[-1.0],[-0.5],"['No', 'No']","[nan, ""They didn't""]",[1.0],"['The furniture/fixtures/objects in the room, The location of furniture/fixtures/objects, The items you picked up, Where you picked up and put down items, The order you completed items and tasks']","[1.0, 1.0, 0.4, 0.4, nan, nan, nan, 'Visualising the room layout']",[nan],['No specific strategy'],['No'],"['No, I did not apply any mnemonic techniques']",['Thinking about the experience caused me a sleepless night I was trying to remember things']
A107,3,1.0,0.0,1.0,0.0,0.0,0.0,0.0,0.0,1.0,1.0,1.0,0.0,0.0,1.0,1.0,1.0,1.0,0.5,1.0,0.5,0.0,0.5,1.0,0.0,0.5,0.0,1.0,0.0,0.5,0.0,0.0,0.0,0.0,0.0,0.5,0.5,0.5,1.0,0.5,0.5,0.5,0.5,1.0,0.5,0.0,0.0,1.0,0.0,1.0,1.0,1.0,1.0,1.0,1.0,0.0,1.0,1.0,1.0,1.0,0.0,0.0,1.0,0.0,0.25,0.5,0.5,0.5,0.5,0.0,0.0,0.5,0.0,0.0,0.0,0.0,0.0,0.0,1.0,1.0,1.0,1.0,1.0,1.0,0.0,1.0,1.0,1.0,0.5,1.0,0.0,0.25,0.0,1.0,0.25,0.0,0.0,0.5,0.5,0.0,1.0,0.5,1.0,1.0,0.0,0.0,0.2,0.2,0.2,0.2,0.2,0.2,0.2,0.2,0.2,0.2,0.4,0.2,0.2,0.6,0.4,0.4,0.2,0.2,0.2,0.2,0.4,0.4,0.2,0.2,0.2,0.4,0.2,0.2,0.2,0.2,0.2,0.4,0.2,0.2,0.2,0.2,0.2,0.4,0.2,0.2,0.2,0.2,0.2,0.4,0.4,0.2,0.2,0.4,1.0,0.4,0.4,0.4,0.6,0.4,0.4,0.4,0.4,0.4,0.6,0.4,0.4,0.4,0.4,0.4,0.6,0.4,0.4,0.4,0.4,0.4,0.4,0.4,0.2,0.4,0.4,0.4,0.4,0.4,0.4,0.6,0.4,0.4,0.4,0.4,0.8,0.8,1.0,0.4,0.4,0.6,0.6,0.4,1.0,0.2,0.4,0.6,0.6,0.4,0.6,0.4,0.4,0.4,0.4,0.4,0.4,94.0,33.0,,34.0,43.0,33.0,41.0,33.0,18.0,15.0,31.0,21.0,17.0,29.0,41.0,6.0,,,,5.0,,,,,4.0,,3.0,,2.0,1.0,4.0,3.0,,,7.0,9.0,8.0,,,,,5.0,1.0,2.0,6.0,9.0,2.0,1.0,4.0,7.0,6.0,8.0,,,3.0,,,5.0,,,,7.0,1.0,2.0,10.0,9.0,3.0,8.0,,6.0,5.0,,,,4.0,6.0,,7.0,8.0,10.0,9.0,12.0,11.0,,2.0,1.0,5.0,,3.0,4.0,,1.0,,,,2.0,,,,,,4.0,,,3.0,1.0,2.0,,,3.0,4.0,7.0,,8.0,6.0,5.0,,,,,1.0,,,,3.0,2.0,4.0,5.0,7.0,,6.0,,,,8.0,71.45,56.0,379.0,379.0,160.0,272.0,121.0,0.24,6.0,0.35,-0.5,-0.5,[1.0],['Cup of tea'],[1.0],[nan],"['Yes', 'No']","[nan, 'Previous tests did not help at all']",[-1.0],[-1.0],"['Yes', 'No']","[nan, 'Previous tests did not help at all']",[0.5],['The items you picked up'],"[1.0, 1.0, 0.2, 0.2, nan, nan, nan, 'No specific strategy']",[nan],['No specific strategy'],['No'],"['No, I did not apply any mnemonic techniques']","['Knowing you have to remember these things over a period of a week is stressful and a constant reminder of just how bad my memory is, getting old is bad enough without being reminded so often']"
A107,4,1.0,1.0,1.0,1.0,0.0,0.0,0.0,1.0,0.0,1.0,0.0,0.0,1.0,1.0,0.0,0.0,0.5,1.0,1.0,1.0,0.0,0.0,0.0,1.0,0.25,1.0,1.0,0.0,0.5,0.5,0.25,1.0,1.0,0.25,0.0,0.0,0.5,1.0,0.0,0.0,0.5,0.5,0.5,0.0,0.0,0.5,1.0,0.0,1.0,1.0,1.0,1.0,1.0,0.0,1.0,0.0,0.0,0.0,0.5,1.0,0.5,0.0,0.0,0.25,0.0,0.0,0.25,0.0,0.0,0.0,1.0,0.0,0.0,0.5,0.0,0.0,0.0,0.0,0.0,0.0,1.0,1.0,1.0,0.0,1.0,0.0,1.0,0.0,0.0,1.0,0.5,0.0,1.0,0.0,0.0,0.0,0.0,0.25,0.5,0.0,0.0,0.0,0.5,0.0,0.0,0.2,0.4,0.4,0.4,0.2,0.4,0.2,0.2,0.2,0.4,0.4,0.2,0.2,0.4,0.4,0.8,0.2,0.4,0.4,0.4,0.4,0.6,0.4,0.2,0.2,0.2,0.2,0.2,0.4,0.2,0.2,0.2,0.2,0.4,0.4,0.2,0.2,0.2,0.2,0.2,0.4,0.2,0.2,0.4,0.4,0.4,0.4,0.4,0.4,0.4,0.4,0.6,0.4,0.2,0.4,0.2,0.2,0.4,0.2,0.2,0.2,0.2,0.4,0.4,0.2,0.2,0.2,0.2,0.2,0.2,0.2,0.8,0.2,0.2,0.6,0.4,0.2,0.2,0.2,0.6,0.6,0.8,0.6,0.4,0.4,0.4,0.4,0.4,0.2,0.4,0.4,0.2,0.4,0.4,0.2,0.4,0.2,0.2,0.4,0.4,0.2,0.2,0.2,0.2,0.2,94.0,33.0,,34.0,43.0,33.0,41.0,33.0,18.0,15.0,31.0,21.0,17.0,29.0,41.0,6.0,,,,5.0,,,,,4.0,,3.0,,2.0,1.0,4.0,3.0,,,7.0,9.0,8.0,,,,,5.0,1.0,2.0,6.0,9.0,2.0,1.0,4.0,7.0,6.0,8.0,,,3.0,,,5.0,,,,7.0,1.0,2.0,10.0,9.0,3.0,8.0,,6.0,5.0,,,,4.0,6.0,,7.0,8.0,10.0,9.0,12.0,11.0,,2.0,1.0,5.0,,3.0,4.0,,1.0,,,,2.0,,,,,,4.0,,,3.0,1.0,2.0,,,3.0,4.0,7.0,,8.0,6.0,5.0,,,,,1.0,,,,3.0,2.0,4.0,5.0,7.0,,6.0,,,,8.0,145.95,49.0,317.0,343.0,97.0,255.0,101.0,0.33,7.0,0.38,0.5,-0.5,[1.0],['Cup of tea'],[0.0],[nan],"['No', 'No']","[nan, 'They didn’t help at all']",[-0.5],[-1.0],"['No', 'No']","[nan, 'They didn’t help at all']",[0.75],"['Where you picked up and put down items, The order you completed items and tasks']","[1.0, 0.5, 0.2, 0.2, nan, 1.0, nan, 'No specific strategy']",[nan],['No specific strategy'],['No'],"['Yes, visual imagery']",[nan]
A108,1,1.0,1.0,1.0,1.0,0.0,1.0,0.0,0.0,1.0,0.0,0.0,1.0,0.0,1.0,1.0,1.0,1.0,1.0,1.0,1.0,0.0,1.0,1.0,1.0,0.5,0.0,1.0,1.0,0.5,1.0,0.5,0.0,0.0,0.5,0.0,0.0,0.5,1.0,0.0,1.0,0.5,1.0,0.0,0.5,0.0,0.0,0.5,0.0,1.0,1.0,0.0,1.0,0.0,0.0,1.0,0.5,0.0,0.5,0.5,0.0,0.25,0.0,0.0,1.0,1.0,0.5,0.5,0.0,1.0,0.5,1.0,0.0,0.0,0.0,0.5,1.0,1.0,1.0,1.0,1.0,1.0,1.0,1.0,1.0,1.0,1.0,1.0,0.5,1.0,1.0,0.0,1.0,0.5,1.0,0.5,1.0,1.0,1.0,0.0,0.0,0.0,1.0,0.0,1.0,0.5,1.0,1.0,0.8,1.0,0.8,1.0,1.0,0.2,0.2,0.2,0.2,1.0,0.2,0.8,0.6,0.6,0.8,1.0,1.0,1.0,0.6,0.6,1.0,1.0,0.8,1.0,0.2,0.2,0.2,0.2,0.2,1.0,0.2,0.2,0.2,0.2,0.2,1.0,0.2,0.2,0.2,0.2,0.2,0.8,0.8,0.8,0.8,1.0,1.0,0.6,0.6,1.0,0.2,1.0,1.0,0.4,0.2,0.4,0.2,0.4,0.2,0.2,0.2,0.4,0.2,0.4,0.2,0.2,0.2,0.4,0.2,0.2,0.2,0.4,0.4,1.0,0.6,0.8,0.6,1.0,1.0,1.0,1.0,1.0,1.0,1.0,1.0,0.4,0.8,0.4,0.2,1.0,0.2,1.0,0.4,0.6,0.2,1.0,0.2,0.4,0.2,0.2,0.2,1.0,0.2,79.0,27.0,178.0,47.0,31.0,46.0,31.0,34.0,20.0,32.0,23.0,20.0,13.0,25.0,50.0,1.0,2.0,,,,3.0,4.0,,,,,,,,,,,5.0,,,,,7.0,,6.0,,4.0,3.0,1.0,2.0,,5.0,7.0,,,6.0,1.0,,,,,4.0,,3.0,2.0,1.0,2.0,,,,,,7.0,,6.0,,5.0,,4.0,3.0,11.0,,10.0,,9.0,8.0,,,6.0,7.0,5.0,3.0,4.0,1.0,2.0,,4.0,5.0,,,,,,,,,,3.0,1.0,2.0,,,,1.0,4.0,3.0,2.0,5.0,,6.0,,,,,,,,,1.0,3.0,2.0,,4.0,,5.0,6.0,,,,,1.0,78.0,549.0,427.0,82.67,335.0,130.0,0.33,7.0,0.27,0.0,0.0,[0.0],[nan],[0.0],[nan],"['No', nan]","[nan, nan]",[0.0],[nan],"['No', nan]","[nan, nan]",[nan],['The furniture/fixtures/objects in the room'],"[1.0, 1.0, 1.0, 0.8, nan, nan, nan, 'Visualising the room layout']",[nan],['No specific strategy'],['No'],"['No, I did not apply any mnemonic techniques']",[nan]
A108,2,1.0,0.0,1.0,1.0,0.0,0.0,0.0,0.0,0.0,0.0,0.0,0.0,0.0,0.0,1.0,1.0,1.0,0.25,1.0,1.0,0.0,0.5,0.0,0.0,0.5,0.5,1.0,0.0,0.5,0.0,0.25,0.5,1.0,0.0,1.0,0.5,0.0,1.0,0.0,0.5,0.5,1.0,0.5,0.5,0.0,0.0,0.0,0.0,1.0,1.0,1.0,1.0,1.0,1.0,1.0,1.0,1.0,1.0,0.0,0.0,1.0,0.5,0.0,0.0,1.0,0.5,0.0,0.5,0.5,0.5,0.5,0.0,1.0,0.0,0.0,1.0,0.0,0.0,0.0,1.0,1.0,1.0,1.0,1.0,0.0,1.0,1.0,1.0,1.0,0.0,0.0,0.0,1.0,0.5,0.0,0.0,1.0,0.5,0.0,0.0,0.0,0.5,0.0,0.0,0.0,0.2,0.2,0.2,0.2,0.2,0.2,0.2,0.2,0.2,0.2,0.4,0.2,0.2,0.8,0.8,0.6,0.2,0.4,0.2,0.2,0.4,0.4,0.2,0.2,0.2,0.2,0.2,0.2,0.2,0.2,0.2,0.2,0.2,0.2,0.2,0.2,0.2,0.2,0.2,0.2,0.2,0.2,0.2,0.8,0.8,0.8,1.0,1.0,1.0,0.2,0.2,1.0,1.0,0.6,1.0,0.2,0.2,0.2,0.2,0.2,1.0,0.2,0.2,0.2,0.2,0.2,0.6,0.2,0.2,0.2,0.2,0.2,0.4,0.2,0.2,0.2,0.2,0.4,0.2,0.8,0.4,1.0,1.0,0.4,0.6,0.6,0.8,1.0,1.0,0.2,0.2,0.2,0.6,0.4,0.2,0.2,0.2,0.2,0.2,0.4,0.4,0.2,0.2,0.2,0.2,79.0,27.0,178.0,47.0,31.0,46.0,31.0,34.0,20.0,32.0,23.0,20.0,13.0,25.0,50.0,1.0,2.0,,,,3.0,4.0,,,,,,,,,,,5.0,,,,,7.0,,6.0,,4.0,3.0,1.0,2.0,,5.0,7.0,,,6.0,1.0,,,,,4.0,,3.0,2.0,1.0,2.0,,,,,,7.0,,6.0,,5.0,,4.0,3.0,11.0,,10.0,,9.0,8.0,,,6.0,7.0,5.0,3.0,4.0,1.0,2.0,,4.0,5.0,,,,,,,,,,3.0,1.0,2.0,,,,1.0,4.0,3.0,2.0,5.0,,6.0,,,,,,,,,1.0,3.0,2.0,,4.0,,5.0,6.0,,,,,27.61,38.0,687.0,266.0,128.0,486.0,211.0,0.45,7.0,0.29,0.0,-0.5,[0.0],[nan],[0.0],[nan],"['No', 'No']","[nan, nan]",[0.0],[-0.5],"['No', 'No']","[nan, nan]",[0.25],['The furniture/fixtures/objects in the room'],"[1.0, 1.0, 0.2, 0.2, nan, nan, nan, 'No specific strategy']",[nan],['No specific strategy'],['No'],"['No, I did not apply any mnemonic techniques']",[nan]
A108,3,1.0,0.0,1.0,1.0,1.0,0.0,0.0,0.0,0.0,1.0,0.0,0.0,0.0,0.0,1.0,0.0,1.0,1.0,1.0,1.0,1.0,0.5,0.0,0.0,1.0,0.25,1.0,1.0,0.5,0.0,0.5,0.5,1.0,1.0,0.0,1.0,0.5,1.0,0.0,1.0,1.0,1.0,0.0,1.0,0.0,0.5,1.0,0.0,1.0,1.0,1.0,1.0,1.0,1.0,1.0,1.0,1.0,1.0,0.0,0.0,0.0,0.25,1.0,1.0,0.0,0.0,0.0,0.5,0.0,0.0,0.0,1.0,0.0,0.5,0.0,0.0,1.0,0.0,0.0,1.0,1.0,1.0,1.0,1.0,1.0,1.0,0.0,1.0,1.0,1.0,1.0,0.0,1.0,0.5,1.0,1.0,0.0,1.0,1.0,0.5,0.0,1.0,0.5,1.0,1.0,1.0,0.8,1.0,0.8,1.0,0.2,0.4,0.2,0.2,1.0,0.2,0.2,0.2,1.0,0.6,0.6,1.0,0.8,1.0,1.0,0.6,0.6,0.2,0.4,1.0,0.2,0.2,0.8,0.2,0.2,0.2,0.2,0.2,0.8,0.2,0.2,0.2,0.2,0.2,0.6,0.2,0.2,0.2,0.8,0.8,0.8,0.8,1.0,1.0,1.0,0.2,1.0,0.6,0.2,0.2,0.4,0.2,0.6,0.2,0.2,0.2,0.4,0.2,0.6,0.2,0.2,0.2,0.4,0.2,0.6,0.2,0.2,0.2,0.2,0.2,0.4,0.2,1.0,0.2,1.0,1.0,1.0,1.0,1.0,1.0,1.0,0.8,1.0,0.4,1.0,1.0,0.6,0.4,0.2,0.4,1.0,0.2,0.6,0.4,0.4,0.4,0.6,0.2,0.6,0.4,79.0,27.0,178.0,47.0,31.0,46.0,31.0,34.0,20.0,32.0,23.0,20.0,13.0,25.0,50.0,1.0,2.0,,,,3.0,4.0,,,,,,,,,,,5.0,,,,,7.0,,6.0,,4.0,3.0,1.0,2.0,,5.0,7.0,,,6.0,1.0,,,,,4.0,,3.0,2.0,1.0,2.0,,,,,,7.0,,6.0,,5.0,,4.0,3.0,11.0,,10.0,,9.0,8.0,,,6.0,7.0,5.0,3.0,4.0,1.0,2.0,,4.0,5.0,,,,,,,,,,3.0,1.0,2.0,,,,1.0,4.0,3.0,2.0,5.0,,6.0,,,,,,,,,1.0,3.0,2.0,,4.0,,5.0,6.0,,,,,68.96,33.0,335.0,396.0,64.0,309.0,158.0,0.18,7.0,0.29,0.5,-0.5,[0.0],[nan],[0.0],[nan],"['No', 'Yes']","[nan, 'I knew the type of questions']",[0.0],[0.0],"['No', 'Yes']","[nan, 'I knew the type of questions']",[0.25],['The furniture/fixtures/objects in the room'],"[1.0, 1.0, 1.0, 1.0, nan, nan, nan, 'No specific strategy']",[nan],['No specific strategy'],['No'],"['No, I did not apply any mnemonic techniques']",[nan]
A108,4,1.0,1.0,1.0,1.0,1.0,0.0,0.0,0.0,0.0,0.0,0.0,0.0,0.0,1.0,1.0,1.0,1.0,1.0,1.0,1.0,1.0,0.0,1.0,1.0,1.0,0.5,0.5,0.0,0.5,0.5,0.5,0.0,0.0,1.0,0.5,0.5,0.0,1.0,0.0,1.0,1.0,0.0,1.0,0.0,0.0,0.0,0.0,0.5,1.0,1.0,1.0,1.0,1.0,1.0,0.0,0.5,0.25,0.25,1.0,0.0,1.0,0.0,0.0,0.5,0.5,0.0,0.0,0.5,0.0,1.0,0.0,0.0,0.5,0.0,0.0,0.0,0.0,0.0,1.0,0.0,1.0,1.0,1.0,0.0,0.0,0.0,0.0,0.5,0.25,0.0,1.0,0.0,1.0,0.0,0.0,0.0,0.0,0.0,0.0,0.5,0.0,1.0,0.0,0.0,0.5,1.0,1.0,0.6,0.6,0.6,0.8,0.6,0.2,0.2,0.2,0.2,0.2,0.4,1.0,0.6,0.6,1.0,0.6,1.0,0.8,0.6,0.6,0.8,0.4,0.6,0.4,0.2,0.2,0.2,0.2,0.2,0.4,0.2,0.2,0.2,0.2,0.2,0.4,0.2,0.2,0.2,0.2,0.2,0.6,0.6,0.6,0.6,1.0,1.0,0.2,0.2,0.6,1.0,1.0,0.2,0.2,0.2,0.6,1.0,0.6,0.2,0.2,0.2,0.6,0.4,0.4,0.2,0.2,0.2,0.6,0.4,0.4,0.2,0.2,0.2,0.4,0.4,1.0,0.4,1.0,0.8,1.0,0.4,0.2,1.0,1.0,0.4,1.0,0.4,0.2,0.4,1.0,0.4,0.6,0.4,0.2,0.4,0.6,0.4,0.6,0.4,0.2,0.2,0.6,0.4,79.0,27.0,178.0,47.0,31.0,46.0,31.0,34.0,20.0,32.0,23.0,20.0,13.0,25.0,50.0,1.0,2.0,,,,3.0,4.0,,,,,,,,,,,5.0,,,,,7.0,,6.0,,4.0,3.0,1.0,2.0,,5.0,7.0,,,6.0,1.0,,,,,4.0,,3.0,2.0,1.0,2.0,,,,,,7.0,,6.0,,5.0,,4.0,3.0,11.0,,10.0,,9.0,8.0,,,6.0,7.0,5.0,3.0,4.0,1.0,2.0,,4.0,5.0,,,,,,,,,,3.0,1.0,2.0,,,,1.0,4.0,3.0,2.0,5.0,,6.0,,,,,,,,,1.0,3.0,2.0,,4.0,,5.0,6.0,,,,,152.12,38.0,338.0,219.0,56.0,275.0,140.0,0.6,8.0,0.33,0.0,-0.5,[0.0],[nan],[0.0],[nan],"['No', 'Yes']","[nan, 'Knew the type of questions']",[0.0],[0.0],"['No', 'Yes']","[nan, 'Knew the type of questions']",[0.25],['The furniture/fixtures/objects in the room'],"[1.0, 1.0, 1.0, 1.0, nan, nan, nan, 'No specific strategy']",[nan],['No specific strategy'],['No'],"['No, I did not apply any mnemonic techniques']",[nan]
A109,1,1.0,1.0,0.0,1.0,1.0,1.0,0.0,1.0,1.0,0.0,1.0,0.0,1.0,1.0,1.0,1.0,1.0,1.0,1.0,1.0,0.0,0.0,1.0,0.0,1.0,0.0,1.0,0.25,0.25,0.5,1.0,0.25,0.0,1.0,0.0,0.5,0.0,0.0,1.0,1.0,1.0,0.0,0.0,0.0,0.0,0.0,0.0,0.5,1.0,1.0,1.0,1.0,1.0,1.0,0.0,0.0,1.0,1.0,0.0,1.0,1.0,0.5,0.0,0.5,0.0,0.5,0.5,0.5,0.0,1.0,0.0,0.5,0.0,0.0,0.0,0.0,0.0,1.0,1.0,1.0,1.0,1.0,0.0,1.0,1.0,1.0,1.0,1.0,1.0,1.0,0.0,0.0,1.0,0.0,0.0,0.5,0.0,0.0,0.0,0.5,0.0,1.0,0.0,0.5,0.0,0.8,0.8,0.8,0.8,0.8,0.6,0.8,0.8,0.8,0.8,0.8,0.8,0.8,0.8,0.8,0.8,0.8,0.8,0.8,0.6,0.6,0.6,0.6,0.6,0.8,0.6,0.6,0.6,0.6,0.6,0.6,0.6,0.6,0.6,0.6,0.6,0.6,0.6,0.6,0.6,0.6,0.6,0.6,1.0,1.0,0.8,0.6,0.6,1.0,0.8,0.8,0.8,0.8,0.8,0.8,0.6,0.8,0.8,0.6,0.6,0.6,0.6,0.6,0.8,0.6,0.6,0.6,0.6,0.6,0.6,0.6,0.6,0.6,0.6,0.6,0.6,0.6,0.6,0.6,1.0,1.0,1.0,1.0,1.0,1.0,1.0,1.0,0.6,0.8,1.0,0.6,0.6,0.6,0.6,0.6,0.8,0.6,0.6,0.6,0.6,0.6,0.8,0.6,0.6,0.6,70.0,38.0,297.0,34.0,36.0,39.0,63.0,38.0,27.0,45.0,55.0,77.0,45.0,71.0,149.0,1.0,7.0,,3.0,2.0,6.0,,,5.0,4.0,,,,,8.0,,1.0,,,,4.0,9.0,6.0,7.0,2.0,3.0,5.0,,,8.0,,10.0,5.0,,,8.0,7.0,,6.0,9.0,,4.0,1.0,2.0,3.0,4.0,9.0,10.0,1.0,5.0,6.0,,3.0,8.0,,,,,2.0,7.0,1.0,2.0,3.0,10.0,13.0,9.0,,7.0,4.0,11.0,12.0,6.0,,8.0,5.0,,4.0,1.0,,,,,3.0,,,,,,,2.0,,8.0,4.0,,1.0,,,3.0,6.0,5.0,7.0,,,2.0,,,2.0,1.0,8.0,3.0,7.0,,5.0,,,,6.0,,4.0,,1.0,56.0,934.0,645.0,99.0,357.0,227.0,0.21,7.0,0.27,0.0,0.0,[1.0],[nan],[1.0],[nan],"['Yes', nan]","[nan, nan]",[0.0],[nan],"['Yes', nan]","[nan, nan]",[nan],['The furniture/fixtures/objects in the room'],"[1.0, 1.0, 0.8, 0.8, nan, nan, nan, 'Visualising the room layout']",[nan],['Visualising the room layout'],['Yes'],"['No, I did not apply any mnemonic techniques']",[nan]
A109,2,1.0,1.0,0.0,1.0,0.0,1.0,1.0,0.0,1.0,1.0,0.0,0.0,0.0,0.0,1.0,1.0,1.0,1.0,1.0,1.0,0.0,0.5,1.0,0.0,0.5,0.5,0.0,0.5,1.0,0.0,0.0,0.5,0.5,0.0,0.5,0.5,0.5,1.0,0.0,0.0,0.5,1.0,0.0,0.0,0.5,1.0,0.0,1.0,1.0,1.0,1.0,1.0,0.0,0.0,0.0,0.25,0.0,1.0,0.0,1.0,0.0,1.0,0.5,0.0,0.5,0.0,0.25,1.0,0.0,0.5,0.5,0.5,1.0,0.0,0.0,1.0,1.0,1.0,1.0,0.0,0.5,1.0,1.0,1.0,0.0,1.0,1.0,0.25,0.0,1.0,0.0,0.0,1.0,1.0,1.0,0.0,0.5,0.5,0.0,0.0,0.0,1.0,0.0,0.0,1.0,0.8,0.8,0.6,0.8,1.0,0.6,0.6,0.6,0.6,1.0,0.6,1.0,0.6,0.8,0.6,0.6,0.8,0.8,0.8,0.6,0.6,0.6,0.6,0.6,1.0,0.6,0.6,0.6,0.6,0.4,0.4,0.6,0.6,0.6,0.6,0.4,0.4,0.6,0.6,0.6,0.6,0.4,0.4,0.8,0.6,0.6,0.6,0.8,0.8,0.8,0.8,0.8,0.8,0.8,0.8,0.6,0.6,0.6,0.4,0.4,0.4,0.4,0.4,0.6,0.4,0.4,0.4,0.4,0.4,0.4,0.4,0.4,0.4,0.6,0.6,0.6,0.6,0.8,0.8,0.4,0.4,0.8,0.8,0.8,0.8,0.8,0.8,0.4,0.4,0.6,0.4,0.6,0.6,0.4,0.4,0.6,0.4,0.4,0.4,0.4,0.4,0.6,0.4,0.6,0.4,70.0,38.0,297.0,34.0,36.0,39.0,63.0,38.0,27.0,45.0,55.0,77.0,45.0,71.0,149.0,1.0,7.0,,3.0,2.0,6.0,,,5.0,4.0,,,,,8.0,,1.0,,,,4.0,9.0,6.0,7.0,2.0,3.0,5.0,,,8.0,,10.0,5.0,,,8.0,7.0,,6.0,9.0,,4.0,1.0,2.0,3.0,4.0,9.0,10.0,1.0,5.0,6.0,,3.0,8.0,,,,,2.0,7.0,1.0,2.0,3.0,10.0,13.0,9.0,,7.0,4.0,11.0,12.0,6.0,,8.0,5.0,,4.0,1.0,,,,,3.0,,,,,,,2.0,,8.0,4.0,,1.0,,,3.0,6.0,5.0,7.0,,,2.0,,,2.0,1.0,8.0,3.0,7.0,,5.0,,,,6.0,,4.0,,24.65,53.0,880.67,644.0,208.0,345.0,218.0,0.32,7.0,0.19,0.0,0.0,[1.0],[nan],[1.0],[nan],"['Yes', 'Unsure']","[nan, 'Know what sort of questions will be asked']",[-0.5],[-0.5],"['Yes', 'Unsure']","[nan, 'Know what sort of questions will be asked']",[0.0],"['The furniture/fixtures/objects in the room, The location of furniture/fixtures/objects, The items you picked up']","[1.0, 1.0, 0.8, 0.8, nan, nan, nan, 'No specific strategy']",[nan],"['Visualising the room layout, Associating items with personal experiences']",['Yes'],"['No, I did not apply any mnemonic techniques']",[nan]
A109,3,1.0,1.0,1.0,1.0,0.0,0.0,1.0,1.0,0.0,1.0,1.0,0.0,0.0,0.0,1.0,0.0,1.0,1.0,1.0,1.0,0.0,0.0,0.0,1.0,1.0,1.0,0.0,1.0,0.5,1.0,1.0,1.0,0.0,0.0,0.0,0.0,0.5,0.0,1.0,1.0,1.0,1.0,0.0,1.0,0.0,0.0,0.5,0.0,1.0,1.0,1.0,1.0,1.0,1.0,1.0,1.0,0.0,1.0,1.0,1.0,0.0,0.5,0.0,0.0,0.0,0.0,0.0,0.5,0.0,1.0,0.5,1.0,0.0,0.5,0.0,1.0,1.0,1.0,0.0,0.0,1.0,1.0,1.0,0.0,1.0,1.0,1.0,1.0,0.0,1.0,0.5,1.0,0.5,0.5,0.0,0.0,0.0,0.0,0.5,0.5,0.0,0.5,0.0,0.5,0.0,0.8,0.8,0.8,0.8,0.6,0.6,0.6,0.8,0.8,0.8,0.8,0.6,0.6,0.8,0.6,0.6,0.8,0.8,0.8,0.8,0.6,0.6,0.6,0.6,0.6,0.8,0.6,0.8,0.6,0.6,0.6,0.6,0.6,0.6,0.6,0.6,0.6,0.6,0.6,0.6,0.6,0.6,0.6,0.8,0.6,0.6,0.6,0.8,0.8,0.8,0.8,1.0,1.0,0.8,1.0,0.8,0.6,1.0,0.6,0.6,0.6,0.6,0.6,0.6,0.6,0.6,0.6,0.6,0.6,1.0,0.6,0.6,0.6,0.2,0.8,0.8,0.8,0.8,0.6,0.8,0.8,1.0,1.0,0.8,0.8,0.8,0.8,1.0,0.8,0.8,0.6,0.6,0.6,0.6,0.6,0.6,0.6,0.6,0.6,0.6,0.6,0.6,0.6,0.6,0.6,70.0,38.0,297.0,34.0,36.0,39.0,63.0,38.0,27.0,45.0,55.0,77.0,45.0,71.0,149.0,1.0,7.0,,3.0,2.0,6.0,,,5.0,4.0,,,,,8.0,,1.0,,,,4.0,9.0,6.0,7.0,2.0,3.0,5.0,,,8.0,,10.0,5.0,,,8.0,7.0,,6.0,9.0,,4.0,1.0,2.0,3.0,4.0,9.0,10.0,1.0,5.0,6.0,,3.0,8.0,,,,,2.0,7.0,1.0,2.0,3.0,10.0,13.0,9.0,,7.0,4.0,11.0,12.0,6.0,,8.0,5.0,,4.0,1.0,,,,,3.0,,,,,,,2.0,,8.0,4.0,,1.0,,,3.0,6.0,5.0,7.0,,,2.0,,,2.0,1.0,8.0,3.0,7.0,,5.0,,,,6.0,,4.0,,71.17,48.0,905.0,646.0,73.0,501.0,209.0,0.11,7.0,0.33,0.0,0.0,[1.0],[nan],[1.0],[nan],"['Yes', 'Unsure']","[nan, ""know what type of questions will be asked (but doesn't help with the answers!!)""]",[-0.5],[-0.5],"['Yes', 'Unsure']","[nan, ""know what type of questions will be asked (but doesn't help with the answers!!)""]",[0.25],['The location of furniture/fixtures/objects'],"[1.0, 1.0, 0.8, 0.8, nan, nan, nan, 'No specific strategy']",[nan],['Associating items with personal experiences'],['Yes'],['Unsure'],[nan]
A109,4,1.0,1.0,1.0,1.0,1.0,0.0,0.0,0.0,0.0,0.0,1.0,0.0,0.0,1.0,0.0,1.0,1.0,1.0,1.0,1.0,1.0,0.0,0.0,0.0,1.0,0.0,0.25,0.5,1.0,1.0,0.0,0.25,1.0,0.25,0.0,0.0,1.0,0.5,0.5,0.5,0.0,1.0,0.0,0.5,0.0,0.0,0.0,0.0,1.0,1.0,0.0,1.0,1.0,0.0,1.0,0.0,0.25,0.0,1.0,0.5,0.5,0.0,0.5,0.0,0.0,0.0,0.0,0.0,0.0,0.5,0.0,0.0,0.0,0.0,0.5,1.0,0.0,0.0,0.0,1.0,1.0,1.0,1.0,1.0,1.0,1.0,1.0,0.0,0.5,0.0,1.0,0.25,0.0,0.0,0.5,0.0,0.0,0.0,1.0,0.0,0.0,1.0,0.0,0.0,0.0,0.8,0.8,0.8,0.8,0.8,0.6,0.6,0.6,0.8,0.8,0.8,0.8,0.6,0.6,0.6,0.6,0.8,0.8,0.8,0.8,0.6,0.6,0.6,0.6,0.8,0.8,0.8,0.8,0.6,0.6,0.6,0.6,0.6,0.6,0.6,0.6,0.6,0.6,0.6,0.6,0.6,0.6,0.6,0.6,0.6,0.6,0.6,0.6,0.6,0.6,0.8,0.6,0.6,0.8,0.8,0.6,0.8,0.6,0.6,0.8,0.6,0.6,0.6,0.6,0.6,0.6,0.6,0.6,0.6,0.6,0.6,0.6,0.6,0.6,0.6,0.6,0.6,0.6,0.6,0.8,0.8,0.6,0.8,0.8,0.6,0.8,0.8,0.8,0.6,0.6,0.8,0.6,0.6,0.6,0.6,0.6,0.6,0.6,0.4,0.6,0.6,0.6,0.6,0.6,0.6,70.0,38.0,297.0,34.0,36.0,39.0,63.0,38.0,27.0,45.0,55.0,77.0,45.0,71.0,149.0,1.0,7.0,,3.0,2.0,6.0,,,5.0,4.0,,,,,8.0,,1.0,,,,4.0,9.0,6.0,7.0,2.0,3.0,5.0,,,8.0,,10.0,5.0,,,8.0,7.0,,6.0,9.0,,4.0,1.0,2.0,3.0,4.0,9.0,10.0,1.0,5.0,6.0,,3.0,8.0,,,,,2.0,7.0,1.0,2.0,3.0,10.0,13.0,9.0,,7.0,4.0,11.0,12.0,6.0,,8.0,5.0,,4.0,1.0,,,,,3.0,,,,,,,2.0,,8.0,4.0,,1.0,,,3.0,6.0,5.0,7.0,,,2.0,,,2.0,1.0,8.0,3.0,7.0,,5.0,,,,6.0,,4.0,,149.87,52.0,803.0,604.0,107.0,401.0,252.0,0.39,6.0,0.33,0.0,0.0,[1.0],[nan],[1.0],[nan],"['Yes', 'Unsure']","[nan, '?? know which items were seen in rooms (then not identify them in rooms later questioned about). Not that such a strategy always worked!!!!']",[-0.5],[0.0],"['Yes', 'Unsure']","[nan, '?? know which items were seen in rooms (then not identify them in rooms later questioned about). Not that such a strategy always worked!!!!']",[0.25],['The furniture/fixtures/objects in the room'],"[1.0, 1.0, 0.8, 0.8, nan, nan, nan, 'No specific strategy, Visualising the room layout, Associating items with personal experiences']",[nan],"['No specific strategy, Visualising the room layout, Associating items with personal experiences']",['Yes'],"['No, I did not apply any mnemonic techniques']",[nan]
