domain,iteration,r_squared,adj_r_squared
What,0,0.15875590439247578,0.13246702640474062
What,1,0.4065713320148734,0.3880266861403382
What,2,0.2223746460206033,0.1980738537087472
What,3,0.1676125002557982,0.14160039088879195
What,4,0.22338077354360786,0.19911142271684557
What,5,0.13825932405141084,0.11132992792801744
What,6,0.3363535287994458,0.3156145765744285
What,7,0.14404849912060935,0.11730001471812834
What,8,0.17464895613980358,0.1488567360191725
What,9,0.25147047400248124,0.22807892631505877
What,10,0.2841034125166315,0.2617316441577763
What,11,0.3534721866063282,0.33326819243777595
What,12,0.2894676873455564,0.26726355257510503
What,13,0.20147587744307904,0.1765219986131753
What,14,0.32080627674673523,0.29958147289507076
What,15,0.34453330766792967,0.3240499735325525
What,16,0.25475467261792417,0.2314657561372343
What,17,0.16545862175094772,0.1393792036806648
What,18,0.25807881056677073,0.23489377339698236
What,19,0.31103283436794105,0.28950261044193926
What,20,0.21761876350665876,0.1931693498662419
What,21,0.18583862526996597,0.1603960823096524
What,22,0.36070398273492643,0.34072598219539285
What,23,0.29088804057114714,0.2687282918389955
What,24,0.1764724335754616,0.1507371971246948
What,25,0.2926248595733961,0.2705193864350648
What,26,0.20031079827400078,0.17532051072006327
What,27,0.25107294841108574,0.22766897804893216
What,28,0.21897389381614385,0.19456682799789837
What,29,0.20616442065742513,0.1813570588029697
What,30,0.2893476144425571,0.267139727393887
What,31,0.34147974435725936,0.3209009863684237
What,32,0.3493350682951888,0.3290017891794135
What,33,0.3053592158328423,0.2836516913276186
What,34,0.3077616566449457,0.28612920841510026
What,35,0.22350952240990019,0.1992441949852095
What,36,0.3506070513754602,0.3303135217309433
What,37,0.3341303068809802,0.3133218789710108
What,38,0.2638552828066951,0.24085076039440434
What,39,0.19658978768977375,0.1714832185550792
What,40,0.22397862483807363,0.19972795686426348
What,41,0.2491729434328689,0.225709597915146
What,42,0.1869160786627334,0.16150720612094382
What,43,0.18074637391341608,0.1551446980982103
What,44,0.2953602454443016,0.273340253114436
What,45,0.27259729887426154,0.24986596446408216
What,46,0.2550738247623805,0.2317948817862049
What,47,0.21790548816911492,0.1934650346743998
What,48,0.21456605730965705,0.19002124660058384
What,49,0.13921631490269892,0.11231682474340832
What,50,0.20934806286238605,0.1846401898268356
What,51,0.2135342863685381,0.18895723281755494
What,52,0.3885797032375141,0.36947281896368644
What,53,0.1648227373018819,0.13872344784256574
What,54,0.3793396679828883,0.3599440326073535
What,55,0.26077189208813867,0.23767101371589305
What,56,0.33064680496030563,0.3097295176153152
What,57,0.2910164573437415,0.2688607216357334
What,58,0.3225408042602357,0.30137020439336804
What,59,0.19142561819733483,0.16615766876600158
What,60,0.22939298852029333,0.20531151941155246
What,61,0.3317832428606723,0.31090146920006834
What,62,0.15355632021531462,0.12710495522204324
What,63,0.1414597329961741,0.11463034965230456
What,64,0.27724102330597766,0.2546548052842894
What,65,0.22544007074601402,0.20123507295682697
What,66,0.11877804100454448,0.09123985478593655
What,67,0.5710512869699768,0.5576466396877886
What,68,0.27148225734463205,0.24871607788665184
What,69,0.19305199387729943,0.1678348686859651
What,70,0.10153555320832108,0.07345853924608114
What,71,0.3349304273603684,0.3141470032153799
What,72,0.3570976582111922,0.33700696003029196
What,73,0.42318362448806857,0.4051581127533207
What,74,0.3458934495862357,0.32545261988580554
What,75,0.19137041941571942,0.16610074502246064
What,76,0.3161389317239953,0.29476827334037015
What,77,0.25518571543240587,0.2319102690396686
What,78,0.2810268691766008,0.25855895883836955
What,79,0.18285235039007008,0.1573164863397598
What,80,0.3569930696998155,0.3368991031279347
What,81,0.24782849619652914,0.22432313670267068
What,82,0.3091559675682142,0.2875670915547208
What,83,0.16225297694609764,0.13607338247566314
What,84,0.21289837871087025,0.188301453045585
What,85,0.22570385611281651,0.201507101616342
What,86,0.3661422510844089,0.34633419643079666
What,87,0.19314830974293495,0.16793419442240165
What,88,0.13375012437420541,0.10667981576089935
What,89,0.225873013757803,0.2016815454377343
What,90,0.25544191061558275,0.23217447032231975
What,91,0.10893559507925132,0.08108983242547796
What,92,0.2688280717952136,0.245978949038814
What,93,0.2918733424558696,0.2697443844076155
What,94,0.34974774557518507,0.32942736262440964
What,95,0.07981194916803935,0.05105607257954059
What,96,0.16169238831745925,0.13549527545237983
What,97,0.2481393026283477,0.22464365583548362
What,98,0.29255688557145776,0.2704492882455658
What,99,0.3487987544047334,0.3284487154798813
What,100,0.1447456714491494,0.11801897368193537
What,101,0.4298837564491158,0.41206762383815065
What,102,0.2579685777759274,0.23478009583142512
What,103,0.2782689236716276,0.255714827536366
What,104,0.27062907125442126,0.24783622973112196
What,105,0.37862609869093844,0.3592081642750302
What,106,0.312281182212398,0.29078996915653543
What,107,0.2596429420006574,0.23650678393817792
What,108,0.19256063817923863,0.1673281581223398
What,109,0.22331252136257473,0.19904103765515524
What,110,0.2573200484551158,0.23411129996933822
What,111,0.21340938524648767,0.18882842853544046
What,112,0.2634734858872223,0.24045703232119797
What,113,0.43583609691108416,0.4182059749395556
What,114,0.29809710312716575,0.2761626375998897
What,115,0.3523620257754675,0.3321233390809508
What,116,0.41360134210811617,0.3952763840489948
What,117,0.2443103412214167,0.220695039384586
What,118,0.36368508734155647,0.34380024632098016
What,119,0.29537409522404723,0.27335453569979873
What,120,0.34902273147466756,0.32867969183325096
What,121,0.3007107671902215,0.2788579786649159
What,122,0.19827925561440796,0.17322548235235824
What,123,0.295013213175245,0.2729823760869714
What,124,0.34778784118462946,0.32740621122164915
What,125,0.27388316292064085,0.25119201176191086
What,126,0.36504118895449733,0.34519872610932534
What,127,0.3025705325590593,0.2807758617015299
What,128,0.2838225334953637,0.2614419876670938
What,129,0.22925845172168924,0.20517277833799208
What,130,0.31646535310299784,0.29510489538746654
What,131,0.24367532659007474,0.2200401805460146
What,132,0.16242851331266595,0.13625440435368674
What,133,0.3116065486791356,0.29009425332535865
What,134,0.14033552716948838,0.11347101239353485
What,135,0.22249446367716252,0.19819741566707383
What,136,0.308887535179313,0.2872902706536665
What,137,0.2911248947065058,0.26897254766608414
What,138,0.11632204779096278,0.08870711178443036
What,139,0.19192707128088082,0.1666747922584083
What,140,0.23767017982709993,0.21384737294669676
What,141,0.17916426984805345,0.15351315328080517
What,142,0.2706080897749905,0.24781459258045901
What,143,0.39270366524058375,0.37372565477935205
What,144,0.3674363315356315,0.34766871689612
What,145,0.20575143320429135,0.18093116549192545
What,146,0.2831851383145825,0.2607846738869132
What,147,0.1476097134704375,0.12097251701638867
What,148,0.2926992816710099,0.2705961342232289
What,149,0.31239875323262534,0.29091121427114486
What,150,0.2968491623996167,0.2748756987246047
What,151,0.2131911680737656,0.1886033920760708
What,152,0.39302282351529405,0.37405478675014703
What,153,0.21655726045597623,0.19207467484522545
What,154,0.2210708737254028,0.19672933852932162
What,155,0.16191285325873062,0.13572262992306594
What,156,0.19362129560604335,0.1684219610937322
What,157,0.2520247272394164,0.22865049996564812
What,158,0.32883877553976837,0.30786498727538614
What,159,0.4088935401405577,0.3904214632699501
What,160,0.23945933829726262,0.21569244261905207
What,161,0.3683187576102397,0.3485787187855597
What,162,0.195724678672473,0.1705910748809878
What,163,0.3179439604317853,0.29662970919527853
What,164,0.2721344597185643,0.24938866158476947
What,165,0.2652365589257014,0.24227520139212955
What,166,0.18858763126871114,0.16323099474585834
What,167,0.34880127883010703,0.32845131879354783
What,168,0.29713854348765556,0.2751741229716448
What,169,0.1739389787707305,0.14812457185731587
What,170,0.4685687112451483,0.4519614834715592
What,171,0.11429753518452668,0.08661933315904313
What,172,0.40931245818243756,0.39085347250063873
What,173,0.4121203267385811,0.3937490869491618
What,174,0.14543404609536614,0.11872886003584637
What,175,0.26255761832385327,0.2395125438964737
What,176,0.24488935440034587,0.2212921467253567
What,177,0.2409250583984328,0.2172039664733838
What,178,0.2552983256053202,0.23202639828048643
What,179,0.3619362266739674,0.3419967337575289
What,180,0.19899985810982157,0.1739686036757535
What,181,0.3119651077916502,0.2904640174101393
What,182,0.28314581441552167,0.26074412111600676
What,183,0.34738793079168107,0.32699380362892105
What,184,0.27120604302479634,0.24843123186932126
What,185,0.20924362184454415,0.1845324850271861
What,186,0.2116615861968616,0.1870260107655135
What,187,0.26099249166876615,0.23789850703341509
What,188,0.25422287805679267,0.23091734299606748
What,189,0.20395717291457194,0.17908083456815227
What,190,0.16267084315517832,0.1365043070037777
What,191,0.3353915423446405,0.3146225280429106
What,192,0.25176607305474463,0.22838376283770545
What,193,0.21516562615140455,0.1906395519686359
What,194,0.2652567080257118,0.2422959801515152
What,195,0.2945489876323074,0.272503643495817
What,196,0.37553374572246656,0.3560191752762937
What,197,0.15351650227305536,0.12706389296908838
What,198,0.1099234963117911,0.08210860557153454
What,199,0.2821650133712722,0.2597326700391245
What,200,0.17117014710828637,0.14526921420542027
What,201,0.2409337200665449,0.21721289881862438
What,202,0.18238672594888627,0.15683631113478902
What,203,0.35001081892057295,0.32969865701184087
What,204,0.24936248630829616,0.22590506400543042
What,205,0.23631819194633952,0.2124531354446626
What,206,0.41495687139364335,0.39667427362469465
What,207,0.36785691918002117,0.3481024479043968
What,208,0.40945030889434897,0.3909956310472974
What,209,0.18023496464316513,0.15461730728826406
What,210,0.4318244648888877,0.41406897941666543
What,211,0.2667598871509801,0.24384613362444818
What,212,0.3183156918997767,0.29701305727164473
What,213,0.31789118326188925,0.2965752827388233
What,214,0.2216559629153888,0.1973327117564947
What,215,0.14353458738624225,0.1167700432420623
What,216,0.36983744021233644,0.35014486021897195
What,217,0.25451067208180334,0.2312141305843597
What,218,0.25335692229654283,0.2300243261183098
What,219,0.322903300297932,0.30174402843224235
What,220,0.328798314693584,0.30782326202775856
What,221,0.3021871963765266,0.280380546263293
What,222,0.2283224233048169,0.20420749903309243
What,223,0.25650541026638707,0.2332712043372117
What,224,0.27451541167049887,0.251844018285202
What,225,0.35103358672234264,0.3307533863074158
What,226,0.3081146413921986,0.28649322393570475
What,227,0.24398879410266394,0.22036344391837215
What,228,0.3177387786986464,0.29641811553297914
What,229,0.3267206122538494,0.30568063138678225
What,230,0.33506659865189303,0.31428742985976466
What,231,0.262349490162327,0.23929791172989967
What,232,0.2306442683823604,0.20660190176930915
What,233,0.19349327186396237,0.16828993660971114
What,234,0.3302375448302557,0.30930746810620113
What,235,0.2805849040510686,0.2581031823026645
What,236,0.1764006165518116,0.15066313581905577
What,237,0.27434657053512734,0.25166990086435004
What,238,0.2738826706888917,0.2511915041479196
What,239,0.25067143074313003,0.2272549129538528
What,240,0.3097920064285553,0.28822300662944766
What,241,0.3436870817072478,0.3231773030105993
What,242,0.26580051360380197,0.24285677965392083
What,243,0.33040018056258125,0.3094751862051619
What,244,0.2729741288687042,0.2502545703958512
What,245,0.2863399463240589,0.26403806964668575
What,246,0.3737329229044771,0.354162076745242
What,247,0.24716058891204196,0.22363435731554326
What,248,0.19729955376695396,0.17221516482217125
What,249,0.3753292362825994,0.35580827491643063
What,250,0.21734108199437363,0.1928829908066978
What,251,0.2426477018145453,0.21898044249624982
What,252,0.2864950517531317,0.2641980221204171
What,253,0.2267796536533666,0.20261651783003432
What,254,0.37295652068576357,0.3533614119571937
What,255,0.27323850020523344,0.250527203336647
What,256,0.11362035880707344,0.08592099501979444
What,257,0.33730897145575545,0.3165998768137478
What,258,0.3266112605814784,0.3055678624746496
What,259,0.12728301454355095,0.10001060874803691
What,260,0.19955689730775283,0.17454305034862005
What,261,0.3392276058471039,0.31857846852982585
What,262,0.17415831331260323,0.14835076060362207
What,263,0.1279968792066306,0.10074678168183782
What,264,0.3672062532361404,0.3474314486497698
What,265,0.20830699684963028,0.18356659050118118
What,266,0.19304044009488885,0.16782295384785417
What,267,0.1799236041416412,0.15429621677106753
What,268,0.2933040791444397,0.27121983161770347
What,269,0.20599578587176526,0.18118315418025788
What,270,0.3229153977450464,0.3017565039245791
What,271,0.17827458263548934,0.15259566334284835
What,272,0.26409657484384264,0.24109959280771276
What,273,0.2912274253055944,0.2690782823463942
What,274,0.1909510230567939,0.1656682425273187
What,275,0.28829133945192054,0.26605044380979304
What,276,0.17515477928491385,0.1493783661375674
What,277,0.2637005124046775,0.24069115341732372
What,278,0.322144580146421,0.30096159827599667
What,279,0.2752354835750872,0.2525865924368087
What,280,0.1543795864420371,0.12795394851835074
What,281,0.1735321448398095,0.1477050243660536
What,282,0.28338839498779134,0.26099428233115984
What,283,0.2513365110120409,0.22794077698116721
What,284,0.24685021126497253,0.22331428036700296
What,285,0.36835650335937353,0.3486176440893539
What,286,0.2541860845316777,0.23087939967329263
What,287,0.3961562889693797,0.3772861729996728
What,288,0.138595370183496,0.11167647550173021
What,289,0.3238093041075979,0.30267834486096035
What,290,0.15877730675054402,0.13248909758649852
What,291,0.228176655945443,0.2040571764437381
What,292,0.23158847303454377,0.2075756128168733
What,293,0.3048025113507633,0.2830775898304747
What,294,0.2905629107536072,0.2683930017146574
What,295,0.1811362861559016,0.15554679509827352
What,296,0.2986058324704163,0.27668726473511673
What,297,0.19320977318347377,0.16799757859545728
What,298,0.23536535881780996,0.2114705262808665
What,299,0.2607007709614002,0.23759767005394394
What,300,0.2802126559948396,0.25771930149467837
What,301,0.17480285398978646,0.14901544317696724
What,302,0.16252153039842976,0.13635032822338067
What,303,0.2371035289337653,0.21326301421294547
What,304,0.31944708774007735,0.29817980923195475
What,305,0.28414954478687826,0.2617792180614682
What,306,0.39290210323573727,0.37393029396185407
What,307,0.3035804213266442,0.2818173094931018
What,308,0.16833730510694522,0.14234784589153726
What,309,0.2007026325634632,0.17572458983107142
What,310,0.27519888480347976,0.2525488499535885
What,311,0.15162103652630632,0.12510919391775344
What,312,0.28761196141674095,0.2653498352110141
What,313,0.22909590462260265,0.205005151642059
What,314,0.4119002302284849,0.39352211242312507
What,315,0.4010301125538571,0.3823123035711652
What,316,0.2551906996727551,0.23191540903752872
What,317,0.18106934104163352,0.15547775794918461
What,318,0.20075217445289284,0.1757756799045458
What,319,0.22609077479656203,0.20190611150895454
What,320,0.3744767970545835,0.3549291969625392
What,321,0.34969844274030715,0.3293765190759418
What,322,0.3243092372378762,0.30319390090155984
What,323,0.31353727110892593,0.2920853108310799
What,324,0.2143299882861298,0.18977780042007142
What,325,0.24926179279405214,0.22580122381886625
What,326,0.23469613188841232,0.2107803860099252
What,327,0.33196371905047695,0.3110875852708044
What,328,0.2885396874987336,0.266306552733069
What,329,0.25460591843879266,0.2313123533900049
What,330,0.13350700919115133,0.10642910322837484
What,331,0.2453556154074148,0.22177297838889654
What,332,0.2471753400519816,0.22364956942860603
What,333,0.11810574622360381,0.09054655079309148
What,334,0.41136724649986467,0.39297247295298543
What,335,0.26431753830859483,0.24132746138073846
What,336,0.3147845101855893,0.29337152612888895
What,337,0.23646572812967592,0.2126052821337283
What,338,0.4277010689870666,0.4098167273929124
What,339,0.2931962508835859,0.271108633723698
What,340,0.34603247103066015,0.3255959857503683
What,341,0.3120030696523488,0.2905031655789847
What,342,0.3404382792784997,0.31982697550595285
What,343,0.30729935457046875,0.28565245940079587
What,344,0.2377884674489944,0.21396935705677544
What,345,0.283992756583344,0.2616175302265735
What,346,0.3508659663973185,0.3305805278472347
What,347,0.33192421108122405,0.31104684267751226
What,348,0.2926375747247366,0.2705324989348846
What,349,0.3445607167820146,0.3240782391814525
What,350,0.28816443660135316,0.2659195752451454
What,351,0.2630786479443823,0.24004985569264425
What,352,0.22121809819528382,0.19688116376388642
What,353,0.07440254718340533,0.04547762678288669
What,354,0.32424844472729986,0.30313120862502796
What,355,0.2888566400920798,0.2666334100949572
What,356,0.16131914638582479,0.13511036971038182
What,357,0.26719900563619503,0.24429897456232608
What,358,0.14466563542688982,0.11793643653398012
What,359,0.27564300175174095,0.2530068455564829
What,360,0.3699013622382197,0.35021077980816406
What,361,0.16576458204816036,0.13969472523716542
What,362,0.32717212812279073,0.3061462571266279
What,363,0.20057770411825493,0.17559575737195043
What,364,0.21346728076487786,0.1888881332887803
What,365,0.2779285782534572,0.25536384632387776
What,366,0.15945449291685332,0.133187445820505
What,367,0.35723730747911464,0.33715097333783695
What,368,0.3317213436732348,0.31083763566302336
What,369,0.19851598813232652,0.17346961276146167
What,370,0.30281984126299943,0.28103296130246813
What,371,0.2979643727198519,0.2760257593673473
What,372,0.20784988225321877,0.1830951910736318
What,373,0.2913151643900975,0.2691687632772881
What,374,0.21035828721163852,0.18568198368700217
What,375,0.19123783871316424,0.16596402117295062
What,376,0.20322910719375153,0.1783300167935563
What,377,0.25241473709058115,0.22905269762466185
What,378,0.1785319085681223,0.1528610307108761
What,379,0.32528332024045503,0.30419842399796926
What,380,0.36429605308678836,0.34443030474575054
What,381,0.30424137374619753,0.2824989166757662
What,382,0.40395875535204284,0.3853324664567942
What,383,0.3787219673261173,0.3593070288050585
What,384,0.2840956745268838,0.26172366435584893
What,385,0.3264071905306649,0.30535741523474824
What,386,0.2586600785953751,0.2354932060514806
What,387,0.33496536037211777,0.3141830278837464
What,388,0.30732813350795274,0.2856821376800762
What,389,0.22652012365716356,0.20234887752144992
What,390,0.31737730066564507,0.29604534131144644
What,391,0.268973061501957,0.24612846967389312
What,392,0.27296988636277875,0.25025019531161563
What,393,0.32382833059304716,0.30269796592407994
What,394,0.2212689663197801,0.19693362151727323
What,395,0.32221223966898105,0.30103137215863673
What,396,0.21392337696112407,0.18935848249115916
What,397,0.29784109165921835,0.27589862577356894
What,398,0.2669225646786827,0.24401389482489155
What,399,0.2980739684905461,0.27613878000587566
What,400,0.24631859702047731,0.2227660531773672
What,401,0.3812685843823965,0.36193322764434643
What,402,0.2723356940718228,0.2495961845115673
What,403,0.41729869750951354,0.3990892818066858
What,404,0.2782716211179129,0.2557176092778477
What,405,0.31267280670775066,0.2911938319173679
What,406,0.35622547499274293,0.3361075210862662
What,407,0.21852113186735034,0.19409991723820508
What,408,0.28770712993101166,0.26544797774135576
What,409,0.2238037179179685,0.19954758410290496
What,410,0.23910796826764602,0.21533009227600997
What,411,0.24640794602902183,0.22285819434242882
What,412,0.23937731249276473,0.21560785350816358
What,413,0.2739320212728622,0.25124239693763917
What,414,0.2647313573147555,0.2417542122308416
What,415,0.2376834246943198,0.21386103171601734
What,416,0.2088556661864689,0.18413240575479606
What,417,0.38680687973034145,0.3676445947219146
What,418,0.2747527109404242,0.2520887331573125
What,419,0.2880730570017752,0.26582534003308067
What,420,0.3526591834002293,0.3324297828814864
What,421,0.20140968242423707,0.1764537349999945
What,422,0.34492894579509026,0.3244579753511868
What,423,0.3252765265845765,0.30419141804034455
What,424,0.34969673102761456,0.3293747538722275
What,425,0.3871637651797156,0.3680126328415817
What,426,0.06936077993654688,0.04027830430956392
What,427,0.3562064550830881,0.3360879068044347
What,428,0.36673010837026276,0.34694042425683347
What,429,0.2431504727525694,0.21949892502608714
What,430,0.3282289787092161,0.3072361342938791
What,431,0.2311786978180923,0.20715303212490765
What,432,0.437931234777745,0.42036658586454956
What,433,0.25211324947823344,0.22874178852442828
What,434,0.15465098358372642,0.12823382682071782
What,435,0.35035525590668204,0.3300538576537658
What,436,0.3318933868454462,0.31101505518436645
What,437,0.2293086139256948,0.20522450811087278
What,438,0.34018488969860283,0.31956566750168414
What,439,0.30595361997484327,0.28426467059905713
What,440,0.4193239185152483,0.40117779096884987
What,441,0.13804246806481824,0.11110629519184378
What,442,0.2499535584255157,0.2265146071263131
What,443,0.39494282336917985,0.37603478659946676
What,444,0.3299580193329261,0.3090192074370801
What,445,0.35318631209676155,0.3329733843497853
What,446,0.2481386876253363,0.22464302161362804
What,447,0.3382077993724306,0.31752679310281906
What,448,0.39055848155731776,0.3715134341059839
What,449,0.3011177838624316,0.27927771460813255
What,450,0.12458494547694954,0.09722822502310424
What,451,0.40946880228168736,0.3910147023529901
What,452,0.26681413051314284,0.24390207209167858
What,453,0.35967492205979035,0.33966476337415874
What,454,0.19652704415003552,0.1714185142797241
What,455,0.3261255364098814,0.30506695942269024
What,456,0.44706799353191784,0.42978886832979024
What,457,0.2998934723280571,0.2780151433383089
What,458,0.2248442391862313,0.20062062166080108
What,459,0.2830853001726005,0.26068171580299426
What,460,0.1665137443353948,0.14046729884587583
What,461,0.2424193173618563,0.21874492102941434
What,462,0.2747469014575328,0.2520827421280807
What,463,0.2200312960767189,0.19565727407911637
What,464,0.25291699387007716,0.22957064992851706
What,465,0.23820323277950572,0.21439708380386524
What,466,0.22716026356394903,0.20300902180032243
What,467,0.2120890984010536,0.18746688272608658
What,468,0.2670535375946961,0.2441489606445303
What,469,0.16818579485152407,0.1421916009406342
What,470,0.13361249334079706,0.10653788375769702
What,471,0.28157636597532754,0.25912562741205647
What,472,0.2136664462917094,0.18909352273832536
What,473,0.2789887637468852,0.25645716261397533
What,474,0.47033044957905235,0.4537782761283977
What,475,0.2503787725861545,0.22695310922947176
What,476,0.3539542516034544,0.33376532196606234
What,477,0.30093728393191266,0.2790915740547849
What,478,0.18070554506339442,0.15510259334662546
What,479,0.3085954257886271,0.2869890328445217
What,480,0.30990377401444935,0.28833826695240095
What,481,0.2948212140547195,0.27278437699392954
What,482,0.3715924113362151,0.3519546741904719
What,483,0.2548502797312734,0.23156435097287564
What,484,0.1594148907173054,0.13314660605222117
What,485,0.5001590592398473,0.48453902984109254
What,486,0.20375254355769734,0.1788698105438754
What,487,0.18789645961625512,0.16251822397926308
What,488,0.31793719024127176,0.29662272743631146
What,489,0.17336705612025172,0.1475347766240096
What,490,0.26165499580881457,0.23858171442784004
What,491,0.1632343471614226,0.1370854205102171
What,492,0.16229557986930454,0.13611731674022032
What,493,0.16472234417193432,0.13861991742730728
What,494,0.4228189694494139,0.40478206224470803
What,495,0.2297627044245385,0.2056927889378053
What,496,0.21038644007776608,0.18571101633019627
What,497,0.199279919968259,0.17425741746726708
What,498,0.19169398775898128,0.16643442487644944
What,499,0.19692504683580192,0.1718289545494207
What,500,0.3112936687823139,0.28977159593176116
What,501,0.2752238583743801,0.25257460394857956
What,502,0.25362385359797446,0.2302995990229112
What,503,0.28766490714591275,0.26540443549422255
What,504,0.4184862282574725,0.4003139228905185
What,505,0.28387703823465704,0.26149819567949006
What,506,0.19792457878329706,0.1728597218702751
What,507,0.3051581420233571,0.2834443339615871
What,508,0.3036907174002078,0.2819310523189643
What,509,0.4288058812258184,0.4109560650141253
What,510,0.2856076541516849,0.2632828933439251
What,511,0.0873436938615334,0.05882318429470634
What,512,0.16585386110637323,0.13978679426594742
What,513,0.3773623218031843,0.35790489435953377
What,514,0.29890538937043676,0.2769961827882629
What,515,0.16233352780113142,0.13615645054491676
What,516,0.23811353686896108,0.21430458489611615
What,517,0.20012089791370724,0.17512467597351056
What,518,0.07334771402352114,0.04438983008675612
What,519,0.21402217852380556,0.18946037160267448
What,520,0.3983128750924807,0.3795101524391207
What,521,0.1618697990591309,0.1356782302797287
What,522,0.30670275377788836,0.28503721483344735
What,523,0.23916301053039069,0.21538685460946538
What,524,0.22799023485891434,0.20386492969825543
What,525,0.24957188533150565,0.2261210067481152
What,526,0.43644923043566675,0.41883826888678133
What,527,0.27035789507907315,0.24755657930029418
What,528,0.2374440903727989,0.2136142181969488
What,529,0.3450613491297604,0.3245945162900654
What,530,0.28300292750308953,0.2605967689875611
What,531,0.17193090870500272,0.1460537496020341
What,532,0.27775492745001484,0.2551847689328278
What,533,0.2591760836784708,0.23602533629342304
What,534,0.4049220232843487,0.3863258365119846
What,535,0.410636393768973,0.39221878107425334
What,536,0.29149072166703394,0.2693498067191288
What,537,0.1538890671102826,0.1274481004574789
What,538,0.21773654318333602,0.19329081015781524
What,539,0.23833881547633917,0.21453690345997478
What,540,0.42818115110398614,0.41031181207598566
What,541,0.2156577695763613,0.19114707487562255
What,542,0.38549578632326764,0.3662925296458698
What,543,0.30703422476664044,0.2853790442905979
What,544,0.27461439763090023,0.2519460975568658
What,545,0.27036058195432644,0.2475593501403991
What,546,0.3953680345509888,0.37647328563070714
What,547,0.25440794642738396,0.23110819475323974
What,548,0.2467169228672409,0.22317682670684214
What,549,0.22140174315497474,0.19707054762856768
What,550,0.34450448329784666,0.3240202484009044
What,551,0.23414064798612466,0.21020754323569102
What,552,0.1898121441055889,0.1644937736088885
What,553,0.21176153944616483,0.1871290875538575
What,554,0.2018747032851953,0.17693328776285766
What,555,0.28426129414413903,0.2618944595861433
What,556,0.12713780336380787,0.09986085971892689
What,557,0.2319612368630639,0.20796002551503467
What,558,0.08247542808016473,0.0538027852076699
What,559,0.35820740223135694,0.33815138355108687
What,560,0.176468717297373,0.15073336471291587
What,561,0.2664186543596073,0.24349423730834507
What,562,0.26804802223680047,0.2451745229317005
What,563,0.18076922595554423,0.15516826426665498
What,564,0.20188149781920772,0.17694029462605798
What,565,0.13775694632868152,0.11081185090145285
What,566,0.21454906784872552,0.1900037262189982
What,567,0.2132125493004957,0.18862544146613625
What,568,0.3559463351592408,0.3358196581329671
What,569,0.2365026515036327,0.21264335936312118
What,570,0.32335024800187906,0.3022049432519378
What,571,0.28627036470440814,0.26396631360142087
What,572,0.22554935813571242,0.20134777557745343
What,573,0.22034121623673597,0.19597687924413398
What,574,0.35653377408664255,0.33642545452685013
What,575,0.38584668931196975,0.36665439835296876
What,576,0.25494575297735433,0.2316628077578966
What,577,0.44622587421086846,0.42892043277995806
What,578,0.2303439463803315,0.20629219470471682
What,579,0.25619622975063194,0.2329523619303392
What,580,0.34357869271451613,0.32306552686184475
What,581,0.294761617280508,0.2727229178205238
What,582,0.3290468040505342,0.3080795166771134
What,583,0.29178516217333794,0.2696534484912547
What,584,0.2596943908378714,0.23655984055155488
What,585,0.12756626260503445,0.10030270831144183
What,586,0.2809483755319354,0.2584780122673084
What,587,0.24948257390010253,0.22602890433448075
What,588,0.40957241436038727,0.39112155230914936
What,589,0.3130723566519239,0.29160586779729647
What,590,0.2259119814681677,0.201721730889048
What,591,0.2732491117111254,0.25053814645209804
What,592,0.19005708664337218,0.16474637060097752
What,593,0.4363402037088002,0.4187258350747002
What,594,0.328413552193503,0.30742647569954995
What,595,0.17675371869675116,0.15102727240602465
What,596,0.354914852419539,0.33475594155764965
What,597,0.27813061656246774,0.25557219833004485
What,598,0.20019294707572743,0.17519897667184392
What,599,0.2753762199566916,0.2527317268303382
What,600,0.18264988756852707,0.15710769655504353
What,601,0.23343741919096994,0.20948233854068776
What,602,0.13906566756836192,0.11216146967987317
What,603,0.26094818693957733,0.23785281778143907
What,604,0.1764299431360976,0.1506933788591006
What,605,0.29660290435811665,0.2746217451193078
What,606,0.1578472948674342,0.13153002283204152
What,607,0.2892074862773967,0.26699522022356537
What,608,0.1645584900058279,0.13845094281851
What,609,0.2306280644242742,0.20658519143753273
What,610,0.3662308458717167,0.34642555980520784
What,611,0.2683218936861951,0.2454569528638887
What,612,0.2105406063788029,0.1858700003281405
What,613,0.2761674282125751,0.25354766034421805
What,614,0.16700048856541616,0.14096925383308545
What,615,0.32511511307295693,0.30402496035648685
What,616,0.20612063264231995,0.18131190241239248
What,617,0.17725320374974485,0.15154236636692442
What,618,0.24740610989879208,0.22388755083312928
What,619,0.1720745978653746,0.14620192904866758
What,620,0.3014525497800472,0.2796229419606737
What,621,0.2741412883554082,0.2514582036165147
What,622,0.26646239638268154,0.24353934626964036
What,623,0.1825680950201265,0.15702334798950546
What,624,0.26528927491709164,0.24232956475825074
What,625,0.2601076321841479,0.23698599568990253
What,626,0.20043187700839782,0.17544537316491027
What,627,0.2932797610179989,0.2711947535498114
What,628,0.307128471229865,0.2854762359557983
What,629,0.28115657859624166,0.2586927216773742
What,630,0.32977962361688706,0.30883523685491476
What,631,0.3144410019899577,0.29301728330214394
What,632,0.3781916238236852,0.3587601120681754
What,633,0.29893594116370403,0.2770276893250698
What,634,0.26802687246321855,0.24515271222769408
What,635,0.40239465421451415,0.38371948715871773
What,636,0.24425628437681401,0.22063929326358944
What,637,0.30009040931537756,0.2782182346064831
What,638,0.17852394334189958,0.15285281657133398
What,639,0.23296311648275203,0.20899321387283798
What,640,0.3184136488969995,0.29711407542503077
What,641,0.27600322819049183,0.25337832907144475
What,642,0.2609996269949659,0.23790586533855862
What,643,0.23175600160355347,0.20774837665366452
What,644,0.25321794620636673,0.22988100702531566
What,645,0.21059105718420412,0.18592202772121047
What,646,0.3105003504409869,0.2889534863922677
What,647,0.2367292377206608,0.2128770263994314
What,648,0.3562911313706143,0.336175229225946
What,649,0.16193978708840984,0.13575040543492267
What,650,0.3077050003466697,0.2860707816075031
What,651,0.32087828428302556,0.2996557306668701
What,652,0.36329917123517774,0.343402270336277
What,653,0.3042070270073355,0.28246349660131476
What,654,0.2172470707254438,0.19278604168561397
What,655,0.5230909439224658,0.5081875359200428
What,656,0.25029805357359125,0.22686986774776596
What,657,0.18267319861983244,0.15713173607670217
What,658,0.27066799794186713,0.2478763728775505
What,659,0.33729757892348955,0.3165881282648486
What,660,0.28530845938495963,0.26297434874073966
What,661,0.37165939175950957,0.3520237477519943
What,662,0.12292551848150024,0.09551694093404717
What,663,0.36675092642216234,0.34696189287285495
What,664,0.1730106069053683,0.14716718837116105
What,665,0.41026360903051484,0.39183434681271845
What,666,0.16446419148702296,0.13835369747099246
What,667,0.32916536668963137,0.3082017843986824
What,668,0.31852996771537057,0.2972340292064759
What,669,0.318013065614728,0.29670097391518824
What,670,0.2674554260489441,0.2445634081129736
What,671,0.2684899912833173,0.24563030351092097
What,672,0.18770348316171648,0.1623192170105201
What,673,0.24182106992346164,0.21812797835856979
What,674,0.2761343056659761,0.25351350271803785
What,675,0.3174986295511524,0.2961704617246259
What,676,0.29720337508623973,0.27524098055768476
What,677,0.41926030514010415,0.40111218967573237
What,678,0.33692028845293776,0.31619904746709204
What,679,0.12245904020680054,0.095035885213263
What,680,0.3019808038945295,0.2801677040162336
What,681,0.25901588371671946,0.235860130082867
What,682,0.22017742329329182,0.19580796777120724
What,683,0.18183045490155614,0.15626265661722982
What,684,0.38088213586817543,0.36153470261405596
What,685,0.2846760507968712,0.26232217738427344
What,686,0.15673196043944115,0.13037983420317367
What,687,0.2168961268089028,0.19242413077168097
What,688,0.33304101738941005,0.3121985491828291
What,689,0.2607146664579273,0.23761199978473757
What,690,0.23933323682909402,0.2155624004800032
What,691,0.3216864296219146,0.3004891305475994
What,692,0.27074119829021026,0.24795186073677933
What,693,0.26028587477700027,0.23716980836378154
What,694,0.3514500329295077,0.3311828464585548
What,695,0.20653750301292417,0.18174179998207807
What,696,0.36476447574511395,0.3449133656121488
What,697,0.2296592514019864,0.2055861030082985
What,698,0.2706638845483642,0.24787213094050053
What,699,0.3455528317942851,0.32510135778785654
What,700,0.32527637882666305,0.3041912656649963
What,701,0.3452210542462718,0.32475921219146775
What,702,0.32138902228044597,0.3001824292267099
What,703,0.3081595040781505,0.28653948858059275
What,704,0.17125795969485513,0.14535977093531938
What,705,0.2277534561130764,0.20362075161661009
What,706,0.356765971793482,0.33666490841202834
What,707,0.36133972303227224,0.3413815893770308
What,708,0.2903950634262068,0.26821990915827576
What,709,0.23145587840490967,0.20743887460506305
What,710,0.3780728971376003,0.35863767517315026
What,711,0.24954869378553135,0.2260970904663292
What,712,0.3911015174484559,0.3720734398687201
What,713,0.2887774238938492,0.26655171839053193
What,714,0.20149821225260545,0.17654503138549937
What,715,0.3410469532697663,0.32045467055944654
What,716,0.19807554492236823,0.17301540570119223
What,717,0.19491241565223805,0.16975342864137044
What,718,0.26993369988080707,0.24711912800208224
What,719,0.3922989298692279,0.3733082714276412
What,720,0.2846542636898529,0.2622997094301608
What,721,0.455798855316051,0.4387925695446776
What,722,0.27863296071351296,0.2560902407358102
What,723,0.33184085184968426,0.3109608784699869
What,724,0.3610154557715526,0.34104718876441364
What,725,0.30024304693686377,0.27837564215364075
What,726,0.23457722744171638,0.21065776579926998
What,727,0.1990153741107722,0.1739846045517338
What,728,0.13738731055134779,0.11043066400607737
What,729,0.2854548475987214,0.26312531158618147
What,730,0.3420334719149164,0.32147201791225755
What,731,0.15427357821314025,0.12784462753230086
What,732,0.2944714751741586,0.2724237087733511
What,733,0.27763518480184124,0.2550612843268988
What,734,0.2790632016954191,0.2565339267484009
What,735,0.214502440255963,0.18995564151396183
What,736,0.1980253542469893,0.17296364656720775
What,737,0.23765019608502402,0.21382676471268103
What,738,0.39488696194395323,0.3759771795047018
What,739,0.3673572630988986,0.3475871775707392
What,740,0.31338563614301496,0.29192893727248415
What,741,0.2334686080067746,0.2095145020069863
What,742,0.295781049692989,0.2737742074958949
What,743,0.10535661742536273,0.07739901171990526
What,744,0.2966297840813591,0.2746494648339015
What,745,0.25132591441392926,0.22792984923936455
What,746,0.3534174144940839,0.3332117086970241
What,747,0.26783680381166475,0.24495670393077928
What,748,0.18262267974419988,0.1570796384862061
What,749,0.41386451060277896,0.39554777655911577
What,750,0.279461080158918,0.2569442389138842
What,751,0.37095046878426385,0.35129267093377214
What,752,0.39767581977238287,0.3788531891402698
What,753,0.36778218822940767,0.3480253816115767
What,754,0.2807419623837678,0.25826514870826056
What,755,0.2614754839095975,0.2383965927817724
What,756,0.3348659556298267,0.31408051674325876
What,757,0.3751258313018725,0.355598513530056
What,758,0.13287113880636625,0.10577336189406517
What,759,0.24215589164988038,0.21847326326393912
What,760,0.15650260051353126,0.13014330677957908
What,761,0.22462944290380193,0.20039911299454571
What,762,0.4638075962403878,0.4470515836228999
What,763,0.24087485679515708,0.2171521960700057
What,764,0.20739378628202376,0.18262484210333696
What,765,0.33925110856957796,0.31860270571237725
What,766,0.20038977985739748,0.1754019604779411
What,767,0.26003672311008197,0.23691287070727207
What,768,0.32261164198722814,0.30144325579932907
What,769,0.26832898914005154,0.24546427005067817
What,770,0.24644455980058266,0.22289595229435089
What,771,0.2829829156323632,0.2605761317458746
What,772,0.41358791536956796,0.39526253772486697
What,773,0.2632936999604252,0.24027162808418845
What,774,0.33658261294077285,0.315850819595172
What,775,0.1897133760041365,0.16439191900426575
What,776,0.3318998450888,0.31102171524782496
What,777,0.3319484014168994,0.3110717889611775
What,778,0.26408861488242197,0.24109138409749764
What,779,0.4250734956771498,0.40710704241706075
What,780,0.17919575640661622,0.15354562379432302
What,781,0.4107674397359381,0.39235392222768617
What,782,0.3397500545774441,0.3191172437829892
What,783,0.17589745015600766,0.1501442454733829
What,784,0.3085640609845567,0.28695668789032414
What,785,0.26192485533541765,0.2388600070646495
What,786,0.24120381647511657,0.217491435739964
What,787,0.23846035963756573,0.2146622458762396
What,788,0.3472961890923426,0.32689919500147835
What,789,0.29223770220412926,0.2701201303980083
What,790,0.32430944826925767,0.303194118527672
What,791,0.22110904110394092,0.19676869863843904
What,792,0.1844559551710695,0.15897020377016546
What,793,0.22422950353965454,0.19998667552526872
What,794,0.32317453001685537,0.30202373407988214
What,795,0.3419001862827713,0.3213345671041079
What,796,0.2696276162455685,0.24680347925324253
What,797,0.3144449245221266,0.2930213284134431
What,798,0.25671162532694614,0.23348386361841322
What,799,0.30235675490604186,0.2805554034968557
What,800,0.3203049186450758,0.2990644473527344
What,801,0.22236541927330988,0.1980643386256008
What,802,0.20178062138798714,0.1768362658063617
What,803,0.3525254314289181,0.33229185116107185
What,804,0.3009972339916476,0.2791533975538866
What,805,0.23076345672181264,0.20672481474436932
What,806,0.20524031177225488,0.18040407151513782
What,807,0.34158404213489113,0.32100854345160645
What,808,0.1809055848350305,0.15530888436112522
What,809,0.2120688876072021,0.18744604034492718
What,810,0.24250514334536455,0.21883342907490722
What,811,0.192277748181922,0.16703642781260708
What,812,0.28485662489782704,0.26250839442588414
What,813,0.1639197552866224,0.1377922476393293
What,814,0.3438353764109262,0.32333023192376764
What,815,0.2616373572686814,0.23856352468332775
What,816,0.15353796531670705,0.12708602673285418
What,817,0.31558320670933426,0.29419518191900096
What,818,0.18976121291488712,0.16444125081847738
What,819,0.3058916448596317,0.2842007587614952
What,820,0.12839486961217839,0.101157209287559
What,821,0.22604349173383864,0.20185735085052114
What,822,0.2800067137626565,0.2575069235677395
What,823,0.21543580484177627,0.19091817374308173
What,824,0.3460508450213363,0.325614933928253
What,825,0.5111462750927853,0.4958695961894348
What,826,0.3434843346930181,0.32296822015217486
What,827,0.3932190108173058,0.3742571049053466
What,828,0.23827698251876417,0.2144731382224756
What,829,0.123802307105089,0.09642112920212298
What,830,0.20381927268334543,0.17893862495470003
What,831,0.2024896854850916,0.1775674881565007
What,832,0.3006746327043004,0.2788207149763098
What,833,0.26789695150765225,0.24501873124226636
What,834,0.27499060542088527,0.25233406184028795
What,835,0.18136906918735218,0.1557868525994569
What,836,0.12436167815955557,0.09699798060204168
What,837,0.10991041362594545,0.08209511405175629
What,838,0.2171874983993045,0.1927246077242828
What,839,0.1907255918633448,0.16543576660907433
What,840,0.24425120386440646,0.22063405398516922
What,841,0.20446077028603538,0.17960016935747403
What,842,0.3256690882706693,0.3045962472791277
What,843,0.21284242090770056,0.18824374656106624
What,844,0.3181659580868582,0.29685864427707254
What,845,0.2631636776712972,0.24013754259852527
What,846,0.251184158720563,0.22778366368058056
What,847,0.2979895965632412,0.2760517714558425
What,848,0.2309936588799545,0.20696221071995302
What,849,0.27339976140834765,0.25069350395235857
What,850,0.3805464901504657,0.36118856796766774
What,851,0.2631701341582705,0.24014420085071642
What,852,0.2863612012359785,0.2640599887746029
What,853,0.38090479467089966,0.3615580695043653
What,854,0.4329673766105012,0.4152476071295794
What,855,0.440915124525886,0.42344372216731996
What,856,0.12059183339678914,0.09311032819043885
What,857,0.2307874635880317,0.20674957182515774
What,858,0.32355301931421243,0.30241405116778153
What,859,0.2891466737462628,0.2669325073008335
What,860,0.3317417467577024,0.31085867634388065
What,861,0.3188673677839031,0.29758197302715006
What,862,0.2970100794692908,0.2750416444527062
What,863,0.3089622681721983,0.2873673390525795
What,864,0.2690326200757195,0.24618988945308573
What,865,0.40109695542995005,0.38238123528713597
What,866,0.28772896657304736,0.26547049677845513
What,867,0.31357153042278096,0.29212064074849287
What,868,0.22421490929516819,0.19997162521064216
What,869,0.29096167441320875,0.2688042267386215
What,870,0.4694025423015068,0.45282137174842885
What,871,0.3382951372668912,0.3176168603064815
What,872,0.15721327925508544,0.13087619423180685
What,873,0.3009597107934827,0.279114701755779
What,874,0.322842694214611,0.30168152840881757
What,875,0.2888746787445914,0.26665201245535985
What,876,0.31720879323182716,0.2958715680203218
What,877,0.29391300946243604,0.27184779100813716
What,878,0.12458176398280518,0.0972249441072679
What,879,0.22704820147448757,0.20289345777056533
What,880,0.38900790996272694,0.3699144071490622
What,881,0.19154369149709294,0.16627943185637706
What,882,0.2858389279891278,0.2635213944887881
What,883,0.3667671036644957,0.34697857565401125
What,884,0.2350927484909645,0.2111893968813071
What,885,0.23464822917202943,0.2107309863336554
What,886,0.26425577243957143,0.24126376532830807
What,887,0.3452777853320248,0.3248177161236506
What,888,0.05271770975366641,0.023115138183468442
What,889,0.14032375984774847,0.11345887734299065
What,890,0.19914535812724998,0.17411865056872655
What,891,0.27274487169512784,0.2500181489356006
What,892,0.2871718812067434,0.2648960024944541
What,893,0.15499652179562506,0.12859016310173832
What,894,0.20565363230091704,0.18083030831032065
What,895,0.24495079093363725,0.22135550315031338
What,896,0.313680509543405,0.29223302546663643
What,897,0.21060547789006256,0.18593689907412703
What,898,0.27204867940611366,0.24930020063755476
What,899,0.2070538005220527,0.18227423178836688
What,900,0.2307459304936239,0.2067067408215496
What,901,0.21762904491858015,0.19317995257228582
What,902,0.3154842678181825,0.2940931511875007
What,903,0.4100531651521051,0.39161732656310844
What,904,0.2163115973977715,0.19182133481645192
What,905,0.3094222988294444,0.2878417456678646
What,906,0.29288950000783465,0.2707922968830795
What,907,0.2237324907085303,0.1994741310431719
What,908,0.18744550113606473,0.16205317304656675
What,909,0.41893906691565785,0.4007809127567722
What,910,0.2804852114639679,0.2580003743222169
What,911,0.22650829574200915,0.2023366799839469
What,912,0.1558068878824661,0.12942585312879318
What,913,0.21436550000760923,0.18981442188284703
What,914,0.3464632402162514,0.3260402164730093
What,915,0.3165000191877543,0.29514064478737156
What,916,0.2571228324652832,0.23390792097982338
What,917,0.20323497117219802,0.17833606402132918
What,918,0.23648683654579916,0.21262705018785544
What,919,0.21868961426023037,0.1942736647058626
What,920,0.12795644499556058,0.10070508390167188
What,921,0.37426665174689844,0.35471248461398897
What,922,0.36212951270050064,0.34219605997239133
What,923,0.352868462007244,0.33264560144497035
What,924,0.28627567777258356,0.26397179270297677
What,925,0.25975815236966804,0.23662559463122013
What,926,0.1646144775973406,0.13850868002225747
What,927,0.21504065083030866,0.19051067116875575
What,928,0.28926559142199715,0.2670551411539346
What,929,0.4088441472389458,0.3903705268401628
What,930,0.26889804588331545,0.24605110981716904
What,931,0.243888163985165,0.2202596691097014
What,932,0.20284687745175767,0.17793584237212512
What,933,0.23818357295924342,0.2143768096142198
What,934,0.33325485137160327,0.31241906547696585
What,935,0.4232854194458786,0.4052630888035623
What,936,0.3353474635132231,0.3145770717480113
What,937,0.2383828175765309,0.21458228062579754
What,938,0.3382193956394033,0.3175387517531346
What,939,0.20191497512807655,0.17697481810082893
What,940,0.20020952387818036,0.17521607149937346
What,941,0.2726259488075484,0.2498955097077843
What,942,0.3274052344796752,0.306386648057165
What,943,0.27918697336953446,0.2566615662873324
What,944,0.25810704174499044,0.23492288679952145
What,945,0.18800817290305238,0.1626334283062728
What,946,0.36168742427821976,0.3417401562869141
What,947,0.3462214426912805,0.32579086277538305
What,948,0.3620490141892817,0.34211304588269675
What,949,0.18965788782566873,0.16433469682022084
What,950,0.30168167415343694,0.2798592264707318
What,951,0.18494144637912258,0.1594708665784702
What,952,0.3523124831533251,0.33207224825186654
What,953,0.3809279822008167,0.3615819816445922
What,954,0.3156751545564541,0.29429000313634335
What,955,0.29125759098148996,0.26910939069966155
What,956,0.31913024048375616,0.2978530604988735
What,957,0.37744648445733764,0.35799168709662943
What,958,0.270416949521739,0.24761747919429333
What,959,0.2945366066106493,0.27249087556723206
What,960,0.4388146815839169,0.4212776403834143
What,961,0.19231185219620128,0.1670715975773326
What,962,0.27826055348099643,0.2557061957772776
What,963,0.24415762825659315,0.22053755413961174
What,964,0.12090936079950976,0.0934377783244944
What,965,0.4316109000692947,0.41384874069646016
What,966,0.15943681454572745,0.13316921500028145
What,967,0.21822999044806934,0.1937996776495715
What,968,0.3109441751524389,0.2894111806259526
What,969,0.36774648953614775,0.3479885673341524
What,970,0.34597838233686573,0.3255402067848928
What,971,0.2635804641128714,0.24056735361639858
What,972,0.35256656076187043,0.33233426578567893
What,973,0.28631717371241494,0.2640145853909279
What,974,0.3240468141718432,0.30292327711471334
What,975,0.24309499960724035,0.21944171834496662
What,976,0.28329290394018947,0.2608958071883204
What,977,0.2106050964070867,0.18593650566980813
What,978,0.29115073238159817,0.26899919276852313
What,979,0.2730096898762704,0.2502912426849039
What,980,0.2373352813202918,0.2135020088615509
What,981,0.21975337315582544,0.19537066606694498
What,982,0.22661548666196607,0.20244722062015252
What,983,0.14430510786832662,0.11756464248921183
What,984,0.2860865331479727,0.2637767373088469
What,985,0.1304388562209441,0.10326507047784861
What,986,0.30539536514568044,0.283688970306483
What,987,0.33391743943981056,0.3131023594223047
What,988,0.29000096325943436,0.2678134933612917
What,989,0.22847683970263832,0.20436674094334573
What,990,0.3994329353778825,0.38066521460844127
What,991,0.32835932365062914,0.30737055251471135
What,992,0.14203242889260648,0.1152209422955004
What,993,0.18063514829263572,0.15502999667678063
What,994,0.347747395296119,0.32736450139912265
What,995,0.154180920488866,0.12774907425414306
What,996,0.19911483527637797,0.17408717387876482
What,997,0.25161153124496616,0.2282243915963713
What,998,0.31802910076870805,0.2967175101677302
What,999,0.1303807415014412,0.1032051396733612
Where,0,0.16939362548509163,0.14343717628150077
Where,1,0.37767817512783375,0.35823061810057855
Where,2,0.2760120938197601,0.25338747175162757
Where,3,0.3138226939412032,0.29237965312686587
Where,4,0.34368948592818305,0.3231797823634388
Where,5,0.307563374253095,0.28592472969850424
Where,6,0.2742169172253852,0.2515361958886785
Where,7,0.2875298228278568,0.2652651297912273
Where,8,0.2730500045053508,0.25033281714614297
Where,9,0.35994122102395154,0.33993938418095004
Where,10,0.22516493057160647,0.20095133465196913
Where,11,0.2358021118440159,0.2119209278391414
Where,12,0.2991183822218819,0.2772158316663157
Where,13,0.22834566406678536,0.20423146606887244
Where,14,0.3230157310835259,0.30185997267988607
Where,15,0.3582647396575268,0.33821051277182457
Where,16,0.1881805489266919,0.162811191080651
Where,17,0.34500714296431145,0.32453861618194624
Where,18,0.2831899308997816,0.26078961624039976
Where,19,0.20365986823593196,0.1787742391183048
Where,20,0.25398488138912234,0.23067190893253242
Where,21,0.18450839695670107,0.159024284361598
Where,22,0.2730833308807943,0.2503671849708191
Where,23,0.20078295336364005,0.17580742065625377
Where,24,0.2358176149407557,0.21193691540765436
Where,25,0.3520288533679069,0.33177975503565404
Where,26,0.2987525834110619,0.2768386016426576
Where,27,0.33164465131103993,0.31075854666450997
Where,28,0.24522918537885785,0.22164259742194714
Where,29,0.25811636474358535,0.2349325011418224
Where,30,0.2616125989636974,0.23853799268131293
Where,31,0.18857014035740538,0.16321295724357432
Where,32,0.33997614613961347,0.31935040070647636
Where,33,0.1719260096795887,0.14604869748207583
Where,34,0.19984329840861637,0.17483840148388563
Where,35,0.22418466847949337,0.19994043936947758
Where,36,0.28159150439091074,0.2591412389031267
Where,37,0.18266760217458256,0.15712596474253826
Where,38,0.32958977894206354,0.30863945953400307
Where,39,0.2066435739419149,0.18185118562759972
Where,40,0.20630079891602504,0.18149769888215084
Where,41,0.20537664241964737,0.18054466249526135
Where,42,0.33033502542875115,0.30940799497339966
Where,43,0.13793074762607715,0.11099108348939202
Where,44,0.3205035059630994,0.29926924052444626
Where,45,0.29529558596807937,0.2732735730295819
Where,46,0.33998558456799954,0.3193601340857495
Where,47,0.24398595902270215,0.22036052024216157
Where,48,0.3684467071524027,0.3487106667509152
Where,49,0.3799628108852665,0.3605866487254311
Where,50,0.30066855158005534,0.2788144438169321
Where,51,0.22279116337356997,0.19850338722899408
Where,52,0.31909166544193246,0.2978132799869928
Where,53,0.19338323354186282,0.168176459590046
Where,54,0.35358780250292554,0.33338742133114196
Where,55,0.3990340278330632,0.38025384120284644
Where,56,0.23616363508006344,0.21229374867631545
Where,57,0.26169224043494754,0.23862012294853963
Where,58,0.3163548646640215,0.29499095418477217
Where,59,0.3608975681051121,0.34092561710839686
Where,60,0.21662125532139742,0.19214066955019105
Where,61,0.1536533620055106,0.1272050295681828
Where,62,0.21262431626806133,0.18801882615143828
Where,63,0.3294817873885738,0.30852809324446673
Where,64,0.27311778697283196,0.250402717815733
Where,65,0.28028789331188786,0.2577968899778843
Where,66,0.21595859936815054,0.19145730559840524
Where,67,0.28176220648802486,0.25931727544077565
Where,68,0.2559901530376989,0.23273984532012704
Where,69,0.2932730307070005,0.2711878129165942
Where,70,0.20108502046513743,0.17611892735467294
Where,71,0.24497116975870703,0.2213765188136666
Where,72,0.28818459356399373,0.26594036211286853
Where,73,0.3899729208191438,0.37090957459474205
Where,74,0.1944715844874011,0.16929882150263242
Where,75,0.24967702726073215,0.22622943436263
Where,76,0.200716755566699,0.17573915417815833
Where,77,0.19027423569961488,0.16497030556522785
Where,78,0.4055092879315132,0.38693145317937294
Where,79,0.23300866632512285,0.20904018714778294
Where,80,0.3542194431393374,0.33403880073744174
Where,81,0.20910851256324525,0.18439315358084662
Where,82,0.29007052547733947,0.26788522939850634
Where,83,0.4095350312358744,0.39108300096199555
Where,84,0.3186588502121097,0.29736693928123814
Where,85,0.1657488314706077,0.13967848245406422
Where,86,0.3491535998301565,0.32881464982484887
Where,87,0.3064182380199052,0.28474380795802723
Where,88,0.20325225698590377,0.1783538900167133
Where,89,0.21686487700069024,0.19239190440696186
Where,90,0.23473534027280563,0.21082081965633082
Where,91,0.45945970708393147,0.4425678229303043
Where,92,0.3858525457151821,0.36666043776878154
Where,93,0.2233353766066265,0.1990646071255836
Where,94,0.3000830493809262,0.2782106446740802
Where,95,0.36167749660064374,0.3417299183694139
Where,96,0.17001620929440597,0.14407921583485617
Where,97,0.3554899226260213,0.33534898270808444
Where,98,0.19152866289554116,0.16626393361102687
Where,99,0.22724615440773188,0.20309759673297345
Where,100,0.298472989572405,0.2765502704965427
Where,101,0.3690302178410433,0.3493124121485759
Where,102,0.3589371774741562,0.3389039642702236
Where,103,0.26006063016250414,0.23693752485508235
Where,104,0.2786557667523535,0.25611375946336457
Where,105,0.30793257499877225,0.2863054679674839
Where,106,0.23398096210790242,0.2100428671737744
Where,107,0.17002603460354737,0.14408934818490826
Where,108,0.21645601957015226,0.19197027018171953
Where,109,0.3054761985464317,0.28377232975100775
Where,110,0.36676302182817244,0.34697436626030287
Where,111,0.16944392718008316,0.14348904990446076
Where,112,0.3735310194818289,0.353953863840636
Where,113,0.3267578084160193,0.3057189899290199
Where,114,0.275476767839273,0.25283541683425026
Where,115,0.22076336005790198,0.1964122150597114
Where,116,0.28574782413212574,0.2634274436362547
Where,117,0.14726849822483878,0.12062063879436502
Where,118,0.2529354083163762,0.2295896398262629
Where,119,0.2300166545536606,0.20595467500846254
Where,120,0.3258259036571396,0.3047579631464252
Where,121,0.17840106624930252,0.15272609956959327
Where,122,0.29337737623244486,0.2712954192397088
Where,123,0.34443695592640744,0.3239506107991077
Where,124,0.4505983151854779,0.43342951253502404
Where,125,0.2895719887483732,0.2673711133967599
Where,126,0.23655355392623068,0.21269585248642542
Where,127,0.32176717881277805,0.30057240315067735
Where,128,0.32042729381370383,0.2991906467453821
Where,129,0.1891524685167103,0.1638134831578575
Where,130,0.2503784781024563,0.226952805543158
Where,131,0.4135679984934064,0.39524199844632535
Where,132,0.3220963746597273,0.3009118863678437
Where,133,0.24584279441800982,0.22227538174357264
Where,134,0.1915783348481903,0.1663151578121963
Where,135,0.26985761826689014,0.24704066883773046
Where,136,0.2616633310722243,0.2385903101682313
Where,137,0.30685828349698174,0.28519760485626244
Where,138,0.23895162756447574,0.2151688659258656
Where,139,0.31849649154633475,0.2971995069071577
Where,140,0.3190898471368122,0.2978114048598376
Where,141,0.1449872841943961,0.11826813682547099
Where,142,0.1860583724949152,0.1606226966353813
Where,143,0.2982589439757394,0.2763295359749812
Where,144,0.2639258229098038,0.24092350487573522
Where,145,0.34009311124575925,0.31947102097218927
Where,146,0.23255049795740979,0.2085677010185788
Where,147,0.1831494086446217,0.1576228276647661
Where,148,0.13363167063277326,0.10655766034004743
Where,149,0.2828091345761439,0.2603969200316484
Where,150,0.12289093308863586,0.09548127474765578
Where,151,0.3263360290594254,0.30528402996753246
Where,152,0.3342407245242497,0.3134357471656325
Where,153,0.22784665271076177,0.20371686060797312
Where,154,0.27715690585227615,0.2545680591601598
Where,155,0.2272861764477273,0.20313886946171877
Where,156,0.24945746974349114,0.2260030156729752
Where,157,0.273148551040413,0.25043444326042597
Where,158,0.19919628066260475,0.17417116443331115
Where,159,0.18677356423634994,0.1613602381187359
Where,160,0.32907339112197753,0.3081069345945393
Where,161,0.3586852201952273,0.33864413332632815
Where,162,0.28857533207357233,0.2663433112008715
Where,163,0.3010033928454632,0.2791597488718839
Where,164,0.2531992184071232,0.2298616939823458
Where,165,0.2532906893248247,0.22995602336622545
Where,166,0.3460146007974906,0.3255775570724122
Where,167,0.24913971788097755,0.22567533406475815
Where,168,0.2842952434240804,0.2619294697810829
Where,169,0.3234204649036334,0.302277354431872
Where,170,0.27416079145198613,0.2514783161848607
Where,171,0.3308871922126231,0.3099774169692675
Where,172,0.19355192757667294,0.16835042531344402
Where,173,0.2503155399289081,0.2268879005516865
Where,174,0.22366578218292898,0.19940533787614556
Where,175,0.2676761312273779,0.24479101032823347
Where,176,0.2894809327632347,0.26727721191208575
Where,177,0.3255385436888799,0.30446162317915737
Where,178,0.19167811896724207,0.1664180601849684
Where,179,0.27491430426671193,0.2522553762750467
Where,180,0.19492889129830315,0.16977041915137514
Where,181,0.2158221769417975,0.19131661997122873
Where,182,0.26215407497901344,0.23909638982210757
Where,183,0.28888157769674616,0.26665912699976946
Where,184,0.2544754598641008,0.23117781798485393
Where,185,0.23169561271509476,0.20768610061244142
Where,186,0.2655933789558671,0.24264317204823793
Where,187,0.27486506949783174,0.252204602919639
Where,188,0.22262994265832425,0.19833712836639683
Where,189,0.2498703447990176,0.2264287930739869
Where,190,0.3695758087287322,0.3498750527515051
Where,191,0.3164842745961487,0.29512440817727836
Where,192,0.2302900419345124,0.20623660574496594
Where,193,0.23520672049899993,0.2113069305145937
Where,194,0.3297194086336147,0.30877314015341517
Where,195,0.24433772316054614,0.22072327700931316
Where,196,0.20443636049604008,0.17957499676154132
Where,197,0.28515184574110153,0.26281284092051094
Where,198,0.2190463579866846,0.19464155667376848
Where,199,0.37166489575954176,0.3520294237520274
Where,200,0.21264512649503098,0.18804028669800066
Where,201,0.2736600630511449,0.2509619400214932
Where,202,0.1927965842395729,0.16757147749705958
Where,203,0.44960637786411106,0.4324065771723645
Where,204,0.24380171279140794,0.2201705163161395
Where,205,0.2488192482620818,0.2253448497702718
Where,206,0.281869859882386,0.2594282930037105
Where,207,0.2482929942568387,0.22480215032736495
Where,208,0.2588973092465805,0.23573785016053617
Where,209,0.2539303013745383,0.23061562329249263
Where,210,0.17318709505871455,0.1473491917792994
Where,211,0.3107297639593627,0.28919006908309275
Where,212,0.1488109657093193,0.12221130838773553
Where,213,0.2743550805107414,0.2516786767767021
Where,214,0.28084536459973597,0.2583717822434777
Where,215,0.3139147425926888,0.2924745782987104
Where,216,0.1912766718820027,0.16600406787831523
Where,217,0.3890743088620321,0.3699828810139706
Where,218,0.21892613544265516,0.1945175771752381
Where,219,0.29194084193732583,0.26981399324786726
Where,220,0.3462612772106264,0.32583194212345845
Where,221,0.363544203363536,0.34365495971864646
Where,222,0.09986336652262462,0.07173409672645659
Where,223,0.2254281407412364,0.20122277013940004
Where,224,0.259291155374876,0.23614400398034086
Where,225,0.23437812614143028,0.21045244258334994
Where,226,0.2008567824404086,0.17588355689167134
Where,227,0.41502399886379393,0.3967434988282875
Where,228,0.33831714400319246,0.3176395547532922
Where,229,0.21704371970960312,0.19257633595052825
Where,230,0.2535456989700673,0.23021900206288193
Where,231,0.23222659763773934,0.20823367881391874
Where,232,0.2836437236992787,0.26125759006488114
Where,233,0.18351374011531563,0.15799854449391926
Where,234,0.28493967819471366,0.2625940431382985
Where,235,0.2756480191187145,0.2530120197161744
Where,236,0.2744233399392899,0.2517490693123927
Where,237,0.14425074955176354,0.11750858547525611
Where,238,0.14409947709330173,0.11735258575246743
Where,239,0.1260611417562748,0.09875055243615838
Where,240,0.24808137946373332,0.22458392257197501
Where,241,0.4418151794100875,0.4243719037666528
Where,242,0.16813620047471745,0.14214045673955233
Where,243,0.29063056556831546,0.2684627707423253
Where,244,0.276964482870107,0.2543696229597978
Where,245,0.22854058247337006,0.20443247567566292
Where,246,0.14346807329787525,0.11670145058843384
Where,247,0.18728618112759665,0.16188887428783405
Where,248,0.24589908158263896,0.22233342788209642
Where,249,0.24041549173688825,0.21667847585366606
Where,250,0.17138867174662853,0.14549456773871072
Where,251,0.23815769620454563,0.2143501242109377
Where,252,0.1365895037338124,0.10960792572549405
Where,253,0.29916923693818764,0.277268275592506
Where,254,0.3589539482673719,0.33892125915072735
Where,255,0.31795200487851216,0.2966380050309657
Where,256,0.25572131499794193,0.2324626060916276
Where,257,0.1757614925556099,0.15000403919797267
Where,258,0.40002508455839847,0.3812758684508484
Where,259,0.2106104674271786,0.18594204453427787
Where,260,0.4520414725971966,0.43491776861585907
Where,261,0.32323078662340543,0.30208174870538684
Where,262,0.3781149528684705,0.3586810451456103
Where,263,0.22557440352488545,0.2013736036350381
Where,264,0.10838946884574407,0.08052663974717356
Where,265,0.23057466733469023,0.20653012568889928
Where,266,0.16889170255338815,0.14291956825818153
Where,267,0.19478935531370722,0.16962652266726053
Where,268,0.21038263278568248,0.185707090060235
Where,269,0.18037621477024746,0.15476297148181772
Where,270,0.19289597251557156,0.16767397165668319
Where,271,0.22520044941650297,0.20098796346076864
Where,272,0.2600372387209936,0.23691340243102466
Where,273,0.25556485697095155,0.23230125875129382
Where,274,0.15179650222985597,0.125290142924539
Where,275,0.3004222458350815,0.27856044101742783
Where,276,0.2347183354563216,0.21080328343933163
Where,277,0.3305160228520745,0.3095946485662018
Where,278,0.327568386374274,0.30655489844847006
Where,279,0.1384019191935335,0.11147697916833144
Where,280,0.3168369735033959,0.295488128925377
Where,281,0.17328305222141815,0.14744814760333746
Where,282,0.15810414160788822,0.13179489603313477
Where,283,0.18432365172253573,0.158833765838865
Where,284,0.25274086261130535,0.2293890145679086
Where,285,0.26421064879054745,0.2412172315652521
Where,286,0.271160594634701,0.2483843632170354
Where,287,0.2737015839467173,0.2510047584450522
Where,288,0.25163889408912854,0.22825260952941384
Where,289,0.1949180681459024,0.16975925777546186
Where,290,0.2544596353044588,0.2311614989077232
Where,291,0.35809211295450705,0.33803249148433534
Where,292,0.16742927482200887,0.14141143966019665
Where,293,0.3947532715097498,0.3758393112444295
Where,294,0.22616785984034238,0.20198560546035305
Where,295,0.35405183607064084,0.3338659559478484
Where,296,0.20626658503202655,0.18146241581427736
Where,297,0.3187299334808744,0.29744024390215174
Where,298,0.28027656391343936,0.25778520653573433
Where,299,0.4074743511841511,0.38895792465865586
Where,300,0.24840210634095983,0.22491467216411487
Where,301,0.2544160007647821,0.2311165007886815
Where,302,0.360633288558615,0.34065307882607165
Where,303,0.18974771924935252,0.16442733547589483
Where,304,0.2549486673182443,0.23166581317193946
Where,305,0.2628854538147286,0.23985062424643888
Where,306,0.26117671936458053,0.2380884918447237
Where,307,0.1512653549513533,0.12474239729358305
Where,308,0.22651960349854383,0.20234834110787336
Where,309,0.22901648901316407,0.2049232542948255
Where,310,0.3008805967085547,0.2790331153556971
Where,311,0.18789481282699894,0.1625165257278427
Where,312,0.41516294742207516,0.396886789529015
Where,313,0.3251299189688155,0.304040228936591
Where,314,0.22275117182705195,0.19846214594664735
Where,315,0.29205596070911266,0.26993270948127246
Where,316,0.3440134241749534,0.3235138436804207
Where,317,0.1602179149269034,0.13397472476836914
Where,318,0.3890830715144329,0.36999191749925897
Where,319,0.23740533776327088,0.2135742545683731
Where,320,0.21853829701919392,0.19411761880104372
Where,321,0.27614672734666146,0.2535263125762446
Where,322,0.3382960494712397,0.31761780101721593
Where,323,0.32992258191664325,0.3089826626015384
Where,324,0.1509936893786158,0.12446224217169755
Where,325,0.21674626029289723,0.19226958092705027
Where,326,0.2580241287945735,0.23483738281940392
Where,327,0.2861866755234126,0.2638800091335193
Where,328,0.32543234068340343,0.30435210132975976
Where,329,0.34028985627180075,0.31967391428029457
Where,330,0.23737085867227847,0.21353869800578718
Where,331,0.39433303314069645,0.37540594042634323
Where,332,0.25943237977950184,0.23628964164761124
Where,333,0.3969680120405358,0.3781232624168025
Where,334,0.26113740783727435,0.2380479518321892
Where,335,0.3407040356410158,0.3201010367547975
Where,336,0.18539998294353577,0.1599437324105213
Where,337,0.30086368181999423,0.27901567187686904
Where,338,0.200964173823875,0.17599430425587104
Where,339,0.24292625961438918,0.21926770522733885
Where,340,0.24101566999229518,0.21729740967955435
Where,341,0.2062931804047976,0.18148984229244758
Where,342,0.1870047136266586,0.16159861092749173
Where,343,0.30717186125539075,0.2855209819196217
Where,344,0.30200007899971026,0.28018758146845124
Where,345,0.19637729357083666,0.17126408399492532
Where,346,0.2882972086008062,0.2660564963695814
Where,347,0.30818138721959,0.2865620555702022
Where,348,0.22210630460995262,0.1977971266290136
Where,349,0.40584429193324567,0.3872769260561596
Where,350,0.21615529805402456,0.19166015111821277
Where,351,0.20909933538330505,0.18438368961403329
Where,352,0.20954057629827538,0.18483871930759643
Where,353,0.3755173688155141,0.356002286590999
Where,354,0.369990460997605,0.3503026629037802
Where,355,0.23841351619706808,0.21461393857822642
Where,356,0.1886553903700242,0.16330087131908744
Where,357,0.2335390704815643,0.20958716643411324
Where,358,0.2741451348624301,0.251462170326881
Where,359,0.17035755978440992,0.14443123352767273
Where,360,0.2980498811335778,0.2761139399190021
Where,361,0.07249904153046338,0.043514636578290355
Where,362,0.21433267136372702,0.18978056734384352
Where,363,0.29047079984723345,0.26829801234245954
Where,364,0.24383937627672125,0.2202093567853688
Where,365,0.13275598838795288,0.1056546130250764
Where,366,0.2157293677482418,0.19122091049037437
Where,367,0.3847757861826424,0.36555002950085
Where,368,0.20927747859268708,0.1845673997987085
Where,369,0.1835128668449182,0.15799764393382187
Where,370,0.1792011433034716,0.15355117903170512
Where,371,0.2846588074888433,0.26230439522286964
Where,372,0.19228177466172813,0.1670405801199072
Where,373,0.2909051169555371,0.2687459018603976
Where,374,0.3432694558372934,0.32274662633220885
Where,375,0.25429495778899014,0.23099167521989605
Where,376,0.25038347163859054,0.22695795512729644
Where,377,0.32253784544491093,0.30136715311506435
Where,378,0.17415657695721387,0.14834896998712677
Where,379,0.47372902367069736,0.4572830556604066
Where,380,0.16370956741364906,0.13757549139532554
Where,381,0.14745723305109626,0.120815271583943
Where,382,0.33294067073984535,0.3120950667004655
Where,383,0.1528833879747744,0.12641099384898613
Where,384,0.30063902185171065,0.27878399128457665
Where,385,0.3896431973427792,0.370569547259741
Where,386,0.3098148670052543,0.2882465815991685
Where,387,0.22436291114573836,0.20012425211904272
Where,388,0.26755591279722113,0.24466703507213428
Where,389,0.16149953709275322,0.1352963976269017
Where,390,0.299026556096774,0.27712113597479815
Where,391,0.12817003638331603,0.10092535002029468
Where,392,0.4443010102415732,0.4269354168116224
Where,393,0.31289523788010554,0.29142321406385885
Where,394,0.2124250190131799,0.18781330085734171
Where,395,0.30580600550088266,0.2841124431727853
Where,396,0.36724356281137804,0.3474699241492336
Where,397,0.25495777695020794,0.2316752074799019
Where,398,0.24632940722386643,0.2227772011996123
Where,399,0.28721240754900934,0.2649377952849159
Where,400,0.2680884407239509,0.24521620449657433
Where,401,0.3217868457016596,0.30059268462983646
Where,402,0.2980277605976758,0.27609112811635317
Where,403,0.3290985698777721,0.30813290018645245
Where,404,0.16452442771288855,0.1384158160789163
Where,405,0.2178721950791661,0.19343070117539007
Where,406,0.16353762926918214,0.1373981801838441
Where,407,0.29031287595258193,0.26813515332610016
Where,408,0.17699950708192447,0.15128074167823458
Where,409,0.19260898001174087,0.16737801063710778
Where,410,0.24739085432374075,0.22387181852135762
Where,411,0.18244467821858312,0.15689607441291387
Where,412,0.4173450408231931,0.3991370733489179
Where,413,0.19543365206753194,0.1702909536946423
Where,414,0.3548204256474077,0.33465856394888915
Where,415,0.2199040794041347,0.1955260818855139
Where,416,0.4517727269206464,0.43464062463691655
Where,417,0.17089557759274265,0.14498606439251582
Where,418,0.293150487714002,0.27106144045506453
Where,419,0.38381324807639194,0.36455741207877923
Where,420,0.1295624385987686,0.10236126480498009
Where,421,0.2452497699899452,0.22166382530213102
Where,422,0.2492990834961909,0.22583967985544684
Where,423,0.14194048718359953,0.11512612740808703
Where,424,0.2854787687642304,0.26314998028811254
Where,425,0.1369643867758482,0.10999452386259345
Where,426,0.12308662027977035,0.09568307716351321
Where,427,0.27534675915619355,0.2527013453798246
Where,428,0.23015777832256445,0.20610020889514458
Where,429,0.17626619897744367,0.1505245176954888
Where,430,0.32413204438790155,0.3030111707750235
Where,431,0.27745925121075543,0.2548798528110915
Where,432,0.1544999424909369,0.12807806569377866
Where,433,0.2588291995028553,0.23566761198731956
Where,434,0.3633249602029326,0.3434288652092742
Where,435,0.1673263424265522,0.14130529062738195
Where,436,0.2285692420570713,0.20446203087135473
Where,437,0.34524650841594895,0.3247854618039474
Where,438,0.18020630362672174,0.1545877506150568
Where,439,0.23794155568712638,0.21412722930234906
Where,440,0.29748921647586113,0.27553575449073175
Where,441,0.20148300722443258,0.17652935120019608
Where,442,0.20502309114745665,0.18018006274581466
Where,443,0.24721184316985811,0.22368721326891616
Where,444,0.2128592202989691,0.1882610709333119
Where,445,0.22767253594008885,0.20353730268821657
Where,446,0.2857792289897164,0.2634598298956451
Where,447,0.22712601047407388,0.20297369830138867
Where,448,0.2781167474494648,0.2555578958072606
Where,449,0.31815663621146073,0.2968490310930689
Where,450,0.3640718076520547,0.3441990516411815
Where,451,0.3082582098987161,0.286641278958051
Where,452,0.1965232531910187,0.171414604853238
Where,453,0.2374895970027222,0.21366114690905724
Where,454,0.3488947375154797,0.32854769806283846
Where,455,0.24617104807352042,0.22261389332581794
Where,456,0.16950471369949993,0.1435517360026093
Where,457,0.2379615811338237,0.2141478805442557
Where,458,0.3357107948002763,0.314951757137785
Where,459,0.1931883581919407,0.1679754943854388
Where,460,0.4309362321220195,0.41315298937583256
Where,461,0.31010221388572057,0.28854290806964933
Where,462,0.22397141597608683,0.19972052272533958
Where,463,0.306725159981987,0.2850603212314241
Where,464,0.07732489266787312,0.04849129556374421
Where,465,0.15678601763091538,0.13043558068188144
Where,466,0.11636674519284185,0.08875320598011815
Where,467,0.30779940455009647,0.28616813594228696
Where,468,0.16912439382218947,0.14315953112913293
Where,469,0.2641310669941701,0.24113516283773795
Where,470,0.11461071854199723,0.08694230349643461
Where,471,0.3126753459699675,0.291196450531529
Where,472,0.2752051615059714,0.25255532280303306
Where,473,0.2316351108304725,0.20762370804392472
Where,474,0.27544648935319904,0.25280419214548655
Where,475,0.17519907344772723,0.14942404449296876
Where,476,0.2312407275819338,0.20721700031886925
Where,477,0.2773094285457558,0.2547253481878107
Where,478,0.17730414243574666,0.15159489688686378
Where,479,0.20107850860306875,0.17611221199691462
Where,480,0.1639671817313929,0.13784115616049897
Where,481,0.3289213920943047,0.30795018559725174
Where,482,0.12143178537762778,0.09397652867067863
Where,483,0.2983711828199904,0.27644528228311516
Where,484,0.29836606126014353,0.276440000674523
Where,485,0.3316244624131406,0.3107377268635513
Where,486,0.34016749472094,0.3195477289309694
Where,487,0.19630621791672587,0.1711907872266235
Where,488,0.273243292387498,0.2505321452746073
Where,489,0.44164870884449703,0.42420023099588755
Where,490,0.2848479265273899,0.26249942423137085
Where,491,0.1744087798774121,0.14860905424858117
Where,492,0.20001805776809567,0.17501862207334862
Where,493,0.3206040604284395,0.29937293731682824
Where,494,0.1674584708949871,0.1414415481104555
Where,495,0.23380886752866326,0.20986539463893394
Where,496,0.21942485014031676,0.19503187670720168
Where,497,0.17366522368535686,0.1478422619255243
Where,498,0.4031066379367101,0.38445372037223224
Where,499,0.3379138334936973,0.31722364079037535
Where,500,0.35291436041064617,0.3326929341734789
Where,501,0.3189362330004839,0.2976529902817491
Where,502,0.25812206733344123,0.2349383819376113
Where,503,0.27059474002663475,0.24780082565246708
Where,504,0.18602787447789648,0.16059124555533077
Where,505,0.2339508878506521,0.21001185309598502
Where,506,0.2998972423400027,0.27801903116312776
Where,507,0.3512192189489928,0.33094481954114885
Where,508,0.1844106158407368,0.15892344758575982
Where,509,0.3039278354252323,0.28217558028227074
Where,510,0.25806199971280497,0.2348764372038301
Where,511,0.2841675317180219,0.2617977670842101
Where,512,0.33396526404889804,0.31315167855042614
Where,513,0.31405858990147717,0.29262292083589836
Where,514,0.1911210186433352,0.16584355047593946
Where,515,0.1678955107338056,0.14189224544423706
Where,516,0.23665006766478247,0.21279538227930694
Where,517,0.35989247719586226,0.339889117108233
Where,518,0.2384614543913548,0.21466337484108466
Where,519,0.2564759779416018,0.23324085225227686
Where,520,0.27308467587670593,0.250368571997853
Where,521,0.24929104560047943,0.2258313907754944
Where,522,0.2480530342070194,0.22455469152598873
Where,523,0.2468387815755817,0.22330249349981868
Where,524,0.27510291271758014,0.25244987874000446
Where,525,0.1946597510029835,0.16949286822182674
Where,526,0.2825305344818072,0.2601096136843637
Where,527,0.273354934526409,0.2506472762303593
Where,528,0.43769803120223194,0.42012609467730166
Where,529,0.27587637065445203,0.25324750723740364
Where,530,0.2589979750654161,0.23584166178621035
Where,531,0.3073001859558788,0.285653316767
Where,532,0.2360040257747147,0.21212915158017454
Where,533,0.3198486462838418,0.29859391648021183
Where,534,0.16250123627832147,0.13632939991201898
Where,535,0.2127448050143661,0.18814308017106507
Where,536,0.30094882773264553,0.27910347859929074
Where,537,0.3066724513555267,0.2850059654603869
Where,538,0.12155483982553295,0.0941034285700808
Where,539,0.27923007082034634,0.2567060105334822
Where,540,0.24657499921523207,0.22303046794070802
Where,541,0.23421498833631205,0.2102842067218218
Where,542,0.26918939612071624,0.2463515647494886
Where,543,0.20462742871762485,0.17977203586505064
Where,544,0.35417556455947974,0.3339935509519635
Where,545,0.28938476856533246,0.26717804258299915
Where,546,0.166917478782167,0.14088364999410974
Where,547,0.228904857599456,0.204808134399439
Where,548,0.35222193043532546,0.33197886576142943
Where,549,0.2501670575570859,0.22673477810574483
Where,550,0.2118431521592199,0.18721325066419547
Where,551,0.24683859413077036,0.22330230019735697
Where,552,0.3209475200736539,0.29972713007595564
Where,553,0.2451170876041573,0.2215269965917872
Where,554,0.378693046879893,0.35927720459488965
Where,555,0.286798107195233,0.264510548045084
Where,556,0.2337836429779312,0.2098393818209916
Where,557,0.2135390007406388,0.18896209451378376
Where,558,0.3371632004769589,0.31644955049186385
Where,559,0.2522883911400079,0.2289224033631332
Where,560,0.2556839982792628,0.23242412322548978
Where,561,0.17830894720789248,0.1526311018081391
Where,562,0.15525067312356355,0.12885225665867495
Where,563,0.25269112257265347,0.22933772015304887
Where,564,0.24538594422717042,0.22180425498426948
Where,565,0.2714935449632315,0.2487277182433325
Where,566,0.2277194555997144,0.2035856885872055
Where,567,0.18199113932593802,0.15642836242987357
Where,568,0.3030443376276988,0.2812644731785644
Where,569,0.17064031348311337,0.14472282327946062
Where,570,0.23622133416281088,0.2123532508553987
Where,571,0.3365330034805879,0.3157996598393563
Where,572,0.2540075914966746,0.23069532873094567
Where,573,0.23504838810299056,0.21114365023120896
Where,574,0.2628758666143596,0.23984073744605827
Where,575,0.2209829893013815,0.19663870771704972
Where,576,0.32386176816912304,0.30273244842440816
Where,577,0.21850852620414696,0.19408691764802655
Where,578,0.23519274026006642,0.21129251339319355
Where,579,0.20225968251624038,0.17733029759487284
Where,580,0.2626464128043843,0.23960411320452124
Where,581,0.39404392613037253,0.37510779882194667
Where,582,0.4085614281298876,0.39007897275894654
Where,583,0.19143512670191354,0.16616747441134838
Where,584,0.3593960825103545,0.33937721008880306
Where,585,0.1668968444706691,0.14086237086037756
Where,586,0.29501161027268297,0.27298072309370436
Where,587,0.17359354459931653,0.1477683428680452
Where,588,0.1076592743104533,0.07977362663265497
Where,589,0.18837878543438846,0.16301562247921308
Where,590,0.37912940530979133,0.35972719922572227
Where,591,0.42876649818105894,0.410915451249217
Where,592,0.2642562688248319,0.24126427722560784
Where,593,0.21073964990473204,0.1860752639642549
Where,594,0.12883033331778648,0.10160628123396731
Where,595,0.27239606450677323,0.24965844152260985
Where,596,0.4736323814090183,0.45718339332805014
Where,597,0.1607921111026016,0.1345668645745579
Where,598,0.26188656083360917,0.23882051585965947
Where,599,0.26306570454030864,0.24003650780719332
Where,600,0.40635847837019745,0.38780718081926613
Where,601,0.357366469920976,0.3372841721060065
Where,602,0.2466175109655041,0.22307430818317608
Where,603,0.26596633025164196,0.24302777807200582
Where,604,0.29799386566023434,0.2760561739621167
Where,605,0.15793587672869436,0.13162137287646603
Where,606,0.29516959058681913,0.27314364029265725
Where,607,0.37645199939379403,0.3569661243748501
Where,608,0.3570549451602696,0.33696291219652796
Where,609,0.3619779750225035,0.3420397867419568
Where,610,0.35740538495910457,0.3373243032390766
Where,611,0.20429291461407129,0.17942706819576104
Where,612,0.29715139721795625,0.27518737838101737
Where,613,0.28439782391465407,0.26203525591198695
Where,614,0.26958178541443933,0.24675621620864052
Where,615,0.29096968458633055,0.26881248722965334
Where,616,0.18956927822100111,0.16424331816540738
Where,617,0.32764324406487577,0.3066320954419032
Where,618,0.30403050925273056,0.28228146266687837
Where,619,0.26537564419191706,0.24241863307291445
Where,620,0.24594256045819363,0.22237826547251216
Where,621,0.29104383032244197,0.2688889500200182
Where,622,0.1681767800784314,0.14218230445588242
Where,623,0.19751851138194232,0.17244096486262805
Where,624,0.21036999291392733,0.1856940551924876
Where,625,0.3004404052746479,0.2785791679394807
Where,626,0.28601827404916913,0.2637063451132057
Where,627,0.32481269337112073,0.3037130900389683
Where,628,0.29779662948676144,0.27585277415822274
Where,629,0.23836067620666135,0.2145594473381195
Where,630,0.31992934882004054,0.2986771409706668
Where,631,0.2802492541920637,0.2577570433855657
Where,632,0.10518944433157518,0.0772266144669369
Where,633,0.31706959471903706,0.29572801955400696
Where,634,0.3156283814261772,0.2942417683457452
Where,635,0.17059026349489415,0.1446712092291096
Where,636,0.2371667916974486,0.21332825393799382
Where,637,0.22035796140561614,0.1959941476995416
Where,638,0.3214351227304443,0.3002299703157707
Where,639,0.18552069759068035,0.16006821939038907
Where,640,0.14383454771873194,0.11707937733494234
Where,641,0.14952231413496397,0.12294488645168156
Where,642,0.286474432139581,0.2641767581439429
Where,643,0.28208545141489483,0.25965062177161025
Where,644,0.35263042421146507,0.33240012496807336
Where,645,0.2651311917686242,0.24216654151139372
Where,646,0.14536551957191624,0.11865819205853867
Where,647,0.2958361174960934,0.27383099616784634
Where,648,0.40734996757887343,0.38882965406571324
Where,649,0.24584798231897076,0.2222807317664386
Where,650,0.3589173512375644,0.3388835184637383
Where,651,0.15444026503926833,0.1280165233217455
Where,652,0.2703061905147255,0.2475032589683106
Where,653,0.351952814445774,0.3317013398972044
Where,654,0.16771212714455752,0.14170313111782495
Where,655,0.18288034797418518,0.1573453588483784
Where,656,0.29321171106926747,0.2711245770401821
Where,657,0.28707911752357107,0.2648003399461827
Where,658,0.3340361615631787,0.3132247916120281
Where,659,0.29262639107272803,0.27052096579375073
Where,660,0.2962658025183561,0.2742741088470547
Where,661,0.15955272294967393,0.13328874554185122
Where,662,0.2412291464603742,0.21751755728726085
Where,663,0.14305021425560416,0.11627053345109184
Where,664,0.24206733441717543,0.21838193861771216
Where,665,0.3964250278104182,0.37756330992949383
Where,666,0.25891157091961026,0.23575255751084812
Where,667,0.20725367347001622,0.18248035076595426
Where,668,0.3067015039901011,0.28503592598979177
Where,669,0.24250311553753257,0.2188313378980804
Where,670,0.28643920079102947,0.26414042581574915
Where,671,0.22332942376012876,0.19905846825263274
Where,672,0.23398862157801426,0.2100507660023272
Where,673,0.25135734125148756,0.22796225816559657
Where,674,0.19616911639354906,0.17104940128084745
Where,675,0.36857835509736225,0.34884642869415483
Where,676,0.30469289846753567,0.28296455154464617
Where,677,0.18805438684432685,0.1626810864332121
Where,678,0.27137114842335985,0.24860149681158983
Where,679,0.40835292220132224,0.3898639510201136
Where,680,0.25335826296205677,0.23002570867962102
Where,681,0.28406229806129946,0.2616892448757151
Where,682,0.42099516171006335,0.40290126051350283
Where,683,0.21060844605450535,0.1859399599937086
Where,684,0.31258580631695854,0.29110411276436354
Where,685,0.3171469199576833,0.2958077612063609
Where,686,0.24810758211433914,0.22461094405541226
Where,687,0.13509506487719936,0.10806678565461181
Where,688,0.2782282907028828,0.25567292478734793
Where,689,0.1391893003711112,0.11228896600770844
Where,690,0.31399156406067064,0.2925538004375666
Where,691,0.31140926822371795,0.2898908078557091
Where,692,0.34876948529450935,0.3284185317099628
Where,693,0.33209677954380135,0.3112248039045451
Where,694,0.3150515457437211,0.29364690654821235
Where,695,0.1187639863816462,0.0912253609560727
Where,696,0.12044029429589098,0.09295405349263752
Where,697,0.3429735865093728,0.32244151108779073
Where,698,0.3603165522956825,0.34032644455492256
Where,699,0.1861166769932978,0.16068282314933835
Where,700,0.25886740203430825,0.2357070083478804
Where,701,0.13216967037638683,0.10504997257564896
Where,702,0.1876334615566172,0.16224700723026153
Where,703,0.14701845998102714,0.12036278685543422
Where,704,0.15918398558877367,0.1329084851384228
Where,705,0.19079095890356523,0.16550317636930167
Where,706,0.34414933320324437,0.32365399986584575
Where,707,0.2638854199669203,0.24088183934088658
Where,708,0.33250469779178937,0.31164546959778283
Where,709,0.1611209678693647,0.13490599811528237
Where,710,0.31814690630454134,0.29683899712655826
Where,711,0.26241699262045803,0.23936752363984737
Where,712,0.14329334069747512,0.11652125759427123
Where,713,0.31645067751028744,0.29508976118248387
Where,714,0.40517427893306157,0.3865859751497197
Where,715,0.2248395858420651,0.20061582289962965
Where,716,0.22776117719491906,0.20362871398226023
Where,717,0.24087664726188363,0.21715404248881753
Where,718,0.3544476317079215,0.334274120198794
Where,719,0.32838061229340876,0.30739250642757776
Where,720,0.3945244259402252,0.37560331425085725
Where,721,0.22032404406276473,0.1959591704397261
Where,722,0.38954845887251555,0.37047184821228163
Where,723,0.2559651417437684,0.23271405242326115
Where,724,0.2484017134721982,0.22491426701820438
Where,725,0.3142374156371084,0.29280733487576804
Where,726,0.2124600966797875,0.18784947470103086
Where,727,0.23107891449586848,0.20705013057386434
Where,728,0.2874835895630379,0.2652174517368828
Where,729,0.2209549963584867,0.1966098399946894
Where,730,0.11557445919446341,0.08793616104429036
Where,731,0.20224761969942218,0.17731785781502907
Where,732,0.26374773088592607,0.2407398474761112
Where,733,0.28937953936328187,0.2671726499683844
Where,734,0.25162738952033714,0.22824074544284767
Where,735,0.2484495144699418,0.2249635617971275
Where,736,0.14456405856281718,0.11783168539290523
Where,737,0.3906460319812698,0.37160372048068446
Where,738,0.21801670194352818,0.19357972387926348
Where,739,0.3143436019591911,0.2929168395204158
Where,740,0.229706239441403,0.20563455942394682
Where,741,0.2589434609925114,0.23578544414852742
Where,742,0.28798298650341525,0.265732454831647
Where,743,0.22648021114823047,0.20230771774661271
Where,744,0.3586106792927706,0.33856726302066964
Where,745,0.1993168010878691,0.17429545112186495
Where,746,0.25216472544444446,0.22879487311458335
Where,747,0.2516154469184638,0.22822842963466583
Where,748,0.26936683195913513,0.24653454545785813
Where,749,0.23093354021425028,0.20690021334594555
Where,750,0.21597785024553928,0.19147715806571242
Where,751,0.14242949448687658,0.11563041618959147
Where,752,0.3029363005166229,0.2811530599077674
Where,753,0.22088749557798049,0.19654022981479236
Where,754,0.2970987777219064,0.275133114525716
Where,755,0.4144975098437924,0.3962005570264109
Where,756,0.22407075506451013,0.19982296616027606
Where,757,0.3325144713875019,0.3116555486183613
Where,758,0.29639729102083734,0.27440970636523854
Where,759,0.23275871344546284,0.20878242324063356
Where,760,0.20973649986911402,0.1850407654900238
Where,761,0.30459980424866695,0.2828685481314378
Where,762,0.1874774620876578,0.16208613277789707
Where,763,0.3141474551792567,0.29271456315360844
Where,764,0.3078469967394083,0.28621721538751477
Where,765,0.3199647123364203,0.2987136095969335
Where,766,0.24327383355626142,0.21962614085489462
Where,767,0.15355225430068575,0.12710076224758216
Where,768,0.21947103439080184,0.19507950421551445
Where,769,0.20897576154738262,0.18425625409573831
Where,770,0.29902638249020375,0.27712095694302263
Where,771,0.33539018084536176,0.31462112399677933
Where,772,0.2456012374650436,0.22202627613582615
Where,773,0.2313575663007671,0.207337490247666
Where,774,0.3274336331497746,0.306415934185705
Where,775,0.22784473248769255,0.20371488037793295
Where,776,0.43699017038344135,0.4193961132079239
Where,777,0.30650842388194166,0.2848368121282523
Where,778,0.25735409580809776,0.2341464113021008
Where,779,0.26704882121722295,0.24414409688026117
Where,780,0.1823793399404363,0.15682869431357493
Where,781,0.3102228323196031,0.2886672958295907
Where,782,0.2203406418801741,0.19597628693892954
Where,783,0.23751050222561942,0.21368270542016998
Where,784,0.10599926257160852,0.07806173952697126
Where,785,0.3133494685579631,0.2918916394503994
Where,786,0.39435287719268564,0.375426404604957
Where,787,0.31544667374835644,0.29405438230299263
Where,788,0.2711289656369016,0.24835174581305475
Where,789,0.2084154496486983,0.18367843245022009
Where,790,0.23082790534265274,0.20679127738461067
Where,791,0.25474851178659663,0.23145940277992783
Where,792,0.2193728717447836,0.19497827398680811
Where,793,0.24699119034578298,0.22345966504408865
Where,794,0.1460818246609944,0.11939688168165052
Where,795,0.22354027595609804,0.19927590957972607
Where,796,0.27838137800073215,0.255830796063255
Where,797,0.25478521369862417,0.2314972516267062
Where,798,0.43191892753516903,0.41416639402064304
Where,799,0.13045067654610143,0.10327726018816707
Where,800,0.3630610585260563,0.3431567166049956
Where,801,0.23398523083440237,0.21004726929797746
Where,802,0.1711707786298532,0.14526986546203613
Where,803,0.23258280891900895,0.20860102169772798
Where,804,0.303192520211792,0.28141728646841047
Where,805,0.2228392790479763,0.1985530065182255
Where,806,0.3360688299136325,0.3153209808484335
Where,807,0.31960450650534844,0.2983421473336406
Where,808,0.288085501753526,0.26583817368332363
Where,809,0.34162697136773246,0.32105281422297405
Where,810,0.26078994105332975,0.23768962671124627
Where,811,0.1908677385757821,0.1655823554062753
Where,812,0.18154462404908533,0.15596789355061924
Where,813,0.22433162553641595,0.2000919888344289
Where,814,0.2250266708762294,0.20080875434111156
Where,815,0.20102396325178473,0.17605596210340302
Where,816,0.24399285946889482,0.22036763632729783
Where,817,0.2624379690960542,0.23938915563030594
Where,818,0.22461904640203922,0.20038839160210298
Where,819,0.1553788615903433,0.12898445101504152
Where,820,0.13823002336552948,0.11129971159570229
Where,821,0.2725540019613949,0.24982131452268852
Where,822,0.08153380757545436,0.0528317390621873
Where,823,0.2327414370186499,0.2087646069254827
Where,824,0.22670308363818714,0.20253755500188053
Where,825,0.45244933331924475,0.4353383749854711
Where,826,0.3415586187848373,0.32098232562186346
Where,827,0.1863815383180697,0.16095596139050938
Where,828,0.25812115598256036,0.2349374421070154
Where,829,0.3261177639130247,0.30505894403530676
Where,830,0.2726815394900475,0.24995283759911147
Where,831,0.24474877557014152,0.22114717480670842
Where,832,0.2897262392790766,0.26753018425654773
Where,833,0.23330594721776354,0.2093467580683187
Where,834,0.32723066088773933,0.3062066190404812
Where,835,0.23004497187529815,0.20598387724640121
Where,836,0.28554479090533835,0.26321806562113015
Where,837,0.2995895014297204,0.2777016733493992
Where,838,0.25683321645471124,0.233609254468921
Where,839,0.21032832859837813,0.18565108886707749
Where,840,0.41387951851545046,0.3955632534690583
Where,841,0.29474923347384563,0.27271014701990326
Where,842,0.36017230926048716,0.3401776939248774
Where,843,0.26909609859206607,0.2462553516730681
Where,844,0.26191073469357284,0.23884544515274697
Where,845,0.29905828391163003,0.2771538552838685
Where,846,0.3086116760414337,0.2870057909177285
Where,847,0.30296094496547854,0.2811784744956497
Where,848,0.22876762727384303,0.20466661562615063
Where,849,0.26423467422330993,0.24124200779278837
Where,850,0.32767269547575406,0.3066624672093714
Where,851,0.2049851626139374,0.18014094894562294
Where,852,0.40688381829517684,0.38834893761690115
Where,853,0.2248643023016199,0.2006413117485455
Where,854,0.20233301946870774,0.17740592632710483
Where,855,0.18521402140750365,0.15975195957648813
Where,856,0.16940980428720864,0.14345386067118393
Where,857,0.2236787757152705,0.19941873745637273
Where,858,0.2704534320526477,0.24765510180429295
Where,859,0.18001228450124496,0.15438766839190887
Where,860,0.2929254922213085,0.27082941385322434
Where,861,0.3380533447809059,0.3173675118053092
Where,862,0.24471450653836901,0.22111183486769304
Where,863,0.3842698547904533,0.36502828775265495
Where,864,0.17736083958625481,0.15165336582332523
Where,865,0.15847671975487343,0.1321791172472132
Where,866,0.40535894972335407,0.3867764169022089
Where,867,0.29532867806895224,0.273307699258607
Where,868,0.18787935290035662,0.16250058267849277
Where,869,0.19381072316070835,0.16861730825948051
Where,870,0.22431855423141778,0.20007850905114954
Where,871,0.2855811990217516,0.2632556114911814
Where,872,0.33926690720502317,0.3186189980551801
Where,873,0.16636027184909474,0.14030903034437892
Where,874,0.1497237714386812,0.12315263929613995
Where,875,0.23933010786127218,0.2155591737319369
Where,876,0.25173293477076764,0.22834958898235413
Where,877,0.21259654585363086,0.18799018791155686
Where,878,0.1907351836572928,0.16544565814658319
Where,879,0.14021137805552097,0.11334298361975603
Where,880,0.15535097312795065,0.12895569103819915
Where,881,0.33535261441740327,0.3145823836179471
Where,882,0.32479931713011223,0.3036992957904282
Where,883,0.3050729420677878,0.28335647150740617
Where,884,0.20755125376918904,0.1827872304494762
Where,885,0.16524769542079432,0.13916168590269418
Where,886,0.1562154914241909,0.12984722553119687
Where,887,0.3491990575500812,0.3288615280985212
Where,888,0.28116370356467024,0.25870006930106615
Where,889,0.1975152875598436,0.17243764029608877
Where,890,0.15881794386768544,0.1325310046135506
Where,891,0.10177265764261767,0.07370305319394943
Where,892,0.16616408202347066,0.14010670958670413
Where,893,0.22996625660769054,0.20590270212668083
Where,894,0.41470029259229246,0.39640967673580163
Where,895,0.10859309819131857,0.08073663250979723
Where,896,0.2092137870922114,0.18450171793884296
Where,897,0.2131405168435273,0.18855115799488753
Where,898,0.3338212376385964,0.3130031513148025
Where,899,0.37087625014560277,0.35121613296265286
Where,900,0.16062313421591434,0.13439260716016166
Where,901,0.17941719248484378,0.15377397974999518
Where,902,0.3347936482411711,0.31400594974870766
Where,903,0.2996247545181112,0.27773802809680215
Where,904,0.2595577699382806,0.23641895024885184
Where,905,0.2803918332207993,0.2579040780089493
Where,906,0.25390641760283894,0.23059099315292764
Where,907,0.17329762308594365,0.1474631738073794
Where,908,0.29412711845075,0.2720685909023359
Where,909,0.14729894420612566,0.12065203621256704
Where,910,0.3400766830759129,0.3194540794220352
Where,911,0.3258433070792788,0.3047759104255062
Where,912,0.23790549087655877,0.21409003746645128
Where,913,0.3117066427816795,0.29019747536860696
Where,914,0.3943125650367829,0.37538483269418244
Where,915,0.16981841262906783,0.14387523802372615
Where,916,0.23607997738927677,0.2122074766826917
Where,917,0.18167535096119025,0.15610270567872742
Where,918,0.3258047214816545,0.30473611902795616
Where,919,0.3318458637638019,0.3109660470064207
Where,920,0.4086276320078439,0.390147245508089
Where,921,0.23662867514887653,0.21277332124727888
Where,922,0.3506214595670357,0.33032838017850563
Where,923,0.34124201795771225,0.3206558310188907
Where,924,0.3724403568110195,0.35282911796136385
Where,925,0.4543682891254175,0.43731729816058684
Where,926,0.3603288672918412,0.34033914439471125
Where,927,0.22079947723906113,0.19644946090278181
Where,928,0.3598510540013494,0.3398463994388916
Where,929,0.3181515294981244,0.2968437647949408
Where,930,0.18357425597493038,0.158060951474147
Where,931,0.2544107907646277,0.2311111279760223
Where,932,0.21772908497636934,0.19328311888188088
Where,933,0.23221849404550177,0.20822532198442367
Where,934,0.35187275050359557,0.3316187739568329
Where,935,0.2801777311058494,0.2576832852029072
Where,936,0.23869405223610785,0.21490324136848626
Where,937,0.2633724442454989,0.24035283312817068
Where,938,0.2249959137971661,0.20077703610332753
Where,939,0.22071885355633047,0.19636631772996582
Where,940,0.2115266274813027,0.18688683459009336
Where,941,0.31729081228306844,0.29595615016691434
Where,942,0.2372325706800833,0.21339608851383596
Where,943,0.3349021013986567,0.3141177920673648
Where,944,0.26310317805258676,0.24007515236673005
Where,945,0.1733554207643364,0.14752277766322197
Where,946,0.26804102728734813,0.2451673093900778
Where,947,0.14696714862163107,0.12030987201605703
Where,948,0.2911320686279729,0.2689799457725971
Where,949,0.15962096236596313,0.13335911743989948
Where,950,0.32190790845014494,0.300717530589212
Where,951,0.3112998070429255,0.2897779260130169
Where,952,0.3579484431174609,0.33788433196488155
Where,953,0.1363349002342854,0.10934536586660681
Where,954,0.3043280647622554,0.2825883167860759
Where,955,0.23937839654394066,0.21560897143593882
Where,956,0.2286552468027987,0.20455072326538615
Where,957,0.22733933180340615,0.2031936859222626
Where,958,0.3512165913842755,0.33094210986503414
Where,959,0.2659776905503517,0.24303949338005015
Where,960,0.3170151358136071,0.29567185880778224
Where,961,0.22072752165809162,0.19637525670990696
Where,962,0.2625477104180608,0.23950232636862523
Where,963,0.14898872111160155,0.12239461864633905
Where,964,0.20569719199534087,0.18087522924519528
Where,965,0.24054063949797022,0.21680753448228174
Where,966,0.2092045372928294,0.18449217908323035
Where,967,0.19260124656357158,0.16737003551868324
Where,968,0.18053358641521566,0.15492526099069115
Where,969,0.26092500646814487,0.23782891292027442
Where,970,0.3727472045666178,0.3531455547093246
Where,971,0.21311011007233505,0.18851980101209553
Where,972,0.29760690473495366,0.275657120507921
Where,973,0.2620710595187091,0.23901078012866883
Where,974,0.2619480663246647,0.23888394339731045
Where,975,0.24649463402981941,0.22294759134325126
Where,976,0.12172397628530784,0.09427785054422366
Where,977,0.20433470509533536,0.17947016462956455
Where,978,0.27281306237396397,0.2500884705731503
Where,979,0.3146884427817952,0.29327245661872625
Where,980,0.27084620267098414,0.2480601465044524
Where,981,0.26843124907848437,0.24556972561218704
Where,982,0.2495164562101333,0.2260638454667
Where,983,0.27708859079436277,0.25449760925668663
Where,984,0.29292817037891283,0.2708321757032539
Where,985,0.3368916975481734,0.31616956309655375
Where,986,0.23187926182609686,0.20787548875816242
Where,987,0.2649134315062064,0.2419419762407753
Where,988,0.3248313451804923,0.30373232471738265
Where,989,0.18069488714321225,0.1550916023664376
Where,990,0.24752329377078996,0.22400839670112715
Where,991,0.1651663131930764,0.13907776048036002
Where,992,0.23744520240278888,0.21361536497787603
Where,993,0.25023835763902424,0.22680830631524374
Where,994,0.3150799443919321,0.29367619265418
Where,995,0.08912618779650905,0.060661381165149963
Where,996,0.24673612672824874,0.22319663068850648
Where,997,0.1593487746382436,0.1330784238456887
Where,998,0.3187788631421946,0.29749070261538824
Where,999,0.2636426474722926,0.24063148020580172
When,0,0.10981258943880412,0.08199423285876672
When,1,0.0366129169838918,0.0065070706396384015
When,2,0.15631026438220874,0.1299449601441528
When,3,0.14590749618082854,0.11921710543647945
When,4,0.054848602731276785,0.025312621566629168
When,5,0.15772771943118458,0.13140671066340914
When,6,0.014769140758868593,-0.016019323592416868
When,7,0.053078071441814756,0.02348676117437143
When,8,0.09024370657882741,0.0618138224094158
When,9,0.10553173313436837,0.07757959979481743
When,10,0.1646477694760251,0.13854301227215093
When,11,0.04834462299655484,0.018605392465197212
When,12,0.08197021453286202,0.05328178373701398
When,13,0.036351498342112376,0.00623748266530344
When,14,0.03045436002164348,0.00015605877231983367
When,15,0.2242749312920267,0.2000335228949025
When,16,0.17089462713343306,0.1449850842313528
When,17,0.13155462678441265,0.1044157088714256
When,18,0.09035653600577032,0.061930177755950666
When,19,0.047346571751884836,0.017576152119131216
When,20,0.109478014749539,0.08164920271046205
When,21,0.06555327375072506,0.036351813555435264
When,22,0.19587501226675708,0.17074610640009324
When,23,0.10230213600192384,0.07424907775198397
When,24,0.14492130799499559,0.11820009886983918
When,25,0.1504512910753132,0.12390289392141673
When,26,0.07123198875144687,0.042207988399929564
When,27,0.11262153065465574,0.08489095348761377
When,28,0.14112713767960505,0.11428736073209267
When,29,0.09303257659969655,0.06468984461843708
When,30,0.11785926009433356,0.09029236197228152
When,31,0.08513957343647927,0.05655018510636922
When,32,0.19583727272215834,0.1707071874947258
When,33,0.13287076296617906,0.10577297430887211
When,34,0.20460385177856233,0.17974772214664236
When,35,0.09737307976180354,0.06916598850435984
When,36,0.07879746531352394,0.05000988610457158
When,37,0.06761164175410839,0.03847450555892429
When,38,0.13646956400962207,0.10948423788492279
When,39,0.11192518384082184,0.0841728458358475
When,40,0.19124315155643334,0.16596950004257194
When,41,0.10853013555768831,0.08067170229386611
When,42,0.11038935328268473,0.08258902057276862
When,43,0.19905087311190905,0.17402121289665617
When,44,0.11823175590575075,0.09067649827780544
When,45,0.15449126259132406,0.12806911454730296
When,46,0.036285482135103075,0.00616940345182504
When,47,0.11638563149702097,0.08877268248130288
When,48,0.14786854150059459,0.12123943342248822
When,49,0.15417539309693784,0.12774337413121717
When,50,0.14545055305377141,0.11874588283670173
When,51,0.054505818831629194,0.0249591256701176
When,52,0.06969485225639227,0.04062281638940457
When,53,0.06499703865209505,0.035778196109973015
When,54,0.0660077290796599,0.036820470613399325
When,55,0.06762219432649663,0.03848538789919964
When,56,0.06857999923289193,0.039473124208919796
When,57,0.16599297388933087,0.13993025432337247
When,58,0.07866707321167432,0.0498754192495392
When,59,0.07424585364278968,0.04531603656912686
When,60,0.18222913494401982,0.15667379541102044
When,61,0.14626219069921997,0.11958288415857055
When,62,0.0970839258327636,0.06886779851503744
When,63,0.130071579496165,0.10288631635542012
When,64,0.07157991265153607,0.04256678492189658
When,65,0.11148215692136332,0.08371597432515587
When,66,0.16392227939884174,0.1377948506300556
When,67,0.0798303228971996,0.051075020487737044
When,68,0.12330120055750471,0.09590436307492678
When,69,0.11823167593619688,0.09067641580920305
When,70,0.18221276726539337,0.15665691624243694
When,71,0.11315808502664793,0.08544427518373066
When,72,0.07542032639051766,0.04652721159022133
When,73,0.0379886856818179,0.007925832109374698
When,74,0.12983573667646475,0.1026431034476043
When,75,0.08558475927406539,0.05700928300137997
When,76,0.09853950867213912,0.07036886831814348
When,77,0.08290605197189549,0.054246866096017254
When,78,0.06332927486458739,0.0340583147041057
When,79,0.031144976163813842,0.0008682566689329763
When,80,0.08709114207873092,0.05856274026869124
When,81,0.035826307924655354,0.005695880047300816
When,82,0.10369117795955196,0.07568152727078792
When,83,0.10593531763633335,0.07799579631246878
When,84,0.07250601280434621,0.04352182570448204
When,85,0.1177630837663648,0.09019318013406374
When,86,0.03771813350192266,0.00764682517385773
When,87,0.20642985114922707,0.18163078399764043
When,88,0.14453828991494455,0.11780511147478656
When,89,0.06350960404843042,0.03424427917494388
When,90,0.028498813620714047,-0.0018605984536386178
When,91,0.022567168365304924,-0.00797760762327937
When,92,0.09375928897352559,0.06543926675394829
When,93,0.29185734151278886,0.2697278834350635
When,94,0.13965492065882512,0.11276913692941337
When,95,0.025211766929054358,-0.0052503653544127005
When,96,0.046707693676112605,0.016917309103491096
When,97,0.11357881133660208,0.08587814919087089
When,98,0.17688554374075594,0.15116321698265456
When,99,0.0732888416166807,0.044329117917201954
When,100,0.11061636581633016,0.08282312724809049
When,101,0.08044659684078315,0.05171055299205762
When,102,0.10532389639979178,0.07736526816228528
When,103,0.039724367650495696,0.009715754139573707
When,104,0.07612722818750572,0.04725620406836528
When,105,0.11094191283910837,0.08315884761533054
When,106,0.18602515625148563,0.16058844238434455
When,107,0.13095254820678548,0.10379481533824753
When,108,0.10654641775446472,0.07862599330929176
When,109,0.1564455900619378,0.1300845147513734
When,110,0.20619229796561744,0.181385807277043
When,111,0.14200084701593974,0.11518837348518784
When,112,0.11929454787351046,0.0917725024945577
When,113,0.021367627825158553,-0.009214633805305184
When,114,0.05138670048333227,0.02174253487343636
When,115,0.1734951788979766,0.14766690323853837
When,116,0.1802490270741529,0.15463180917022024
When,117,0.12232467811289705,0.09489732430392506
When,118,0.20610863620206177,0.18129953108337615
When,119,0.05739275594376292,0.027936279567005506
When,120,0.022877541234795795,-0.0076575356016168605
When,121,0.10191377671499369,0.07384858223733726
When,122,0.17477592086081828,0.14898766838771882
When,123,0.0319324202146003,0.0016803083463066137
When,124,0.10714777245666007,0.0792461403459307
When,125,0.10847892586471031,0.08061889229798247
When,126,0.09035451227831015,0.06192809078700734
When,127,0.10205672354130868,0.07399599615197461
When,128,0.1294528888877291,0.10224829166547067
When,129,0.04809923752969669,0.01835233870249975
When,130,0.0321803069152673,0.001935941506369443
When,131,0.08391165451363636,0.05528389371718745
When,132,0.12839187154718745,0.10115411753303705
When,133,0.20996329119849755,0.18527464404845062
When,134,0.1829739490435891,0.15744188495120126
When,135,0.19345915716500728,0.1682547558264138
When,136,0.024482868618765252,-0.006002041736898445
When,137,0.13467068250470893,0.10762914133298107
When,138,0.24284779203244544,0.21918678553345938
When,139,0.07129432890623444,0.042272276684554244
When,140,0.21835249769021525,0.1939260132430345
When,141,0.0678063171398462,0.03867526455046644
When,142,0.023276595592581883,-0.007246010795149971
When,143,0.3013895639596349,0.2795579878333735
When,144,0.10778424630127692,0.07990250399819188
When,145,0.12423727358262548,0.09686968838208254
When,146,0.028403345622401988,-0.001959049826897985
When,147,0.09190582968057448,0.06352788685809241
When,148,0.1514197746749778,0.12490164263357084
When,149,0.1534051337403135,0.12694904416969832
When,150,0.1359340826533516,0.1089320227362689
When,151,0.12271299697938276,0.09529777813498852
When,152,0.10015604784551058,0.07203592434068273
When,153,0.16016306894422527,0.1339181648487323
When,154,0.15578959675664783,0.12940802165529308
When,155,0.08676197734394397,0.05822328913594221
When,156,0.1455402069563585,0.1188383384237447
When,157,0.05264651593132019,0.023041719554174
When,158,0.09217538855956253,0.06380586945204891
When,159,0.10258274833941972,0.07453845922502655
When,160,0.07860170439758218,0.04980800766000659
When,161,0.07790546705851098,0.04909001290408943
When,162,0.30235678500870866,0.2805554345402308
When,163,0.17896713338707881,0.15330985630542504
When,164,0.036786030776890355,0.006685594238668213
When,165,0.05034687054037745,0.02067021024476423
When,166,0.17729898112213271,0.15158957428219932
When,167,0.07525764465226148,0.04635944604764464
When,168,0.1031153516820067,0.07508770642206941
When,169,0.07525957959493157,0.04636144145727317
When,170,0.09808212589051746,0.06989719232459612
When,171,0.12789649426468674,0.10064325971045818
When,172,0.28578685501144385,0.2634676942305515
When,173,0.07574906650296698,0.046866224831184744
When,174,0.12887367729340893,0.10165097970882797
When,175,0.11370287482604369,0.08600608966435752
When,176,0.16594919260679786,0.13988510487576034
When,177,0.13764579315344228,0.11069722418948735
When,178,0.1988364863385481,0.1738001265366278
When,179,0.09748552282279455,0.06928194541100685
When,180,0.12381991035828466,0.09643928255698109
When,181,0.032687548357408724,0.00245903424357774
When,182,0.08274266004895658,0.0540783681754865
When,183,0.12367915847725963,0.09629413217967397
When,184,0.03586793811388311,0.005738811179941905
When,185,0.10268958963485209,0.07464863931094123
When,186,0.09128781041150635,0.06289055448686598
When,187,0.10872790384460751,0.08087565083975146
When,188,0.12312714050306162,0.0957248636437823
When,189,0.06459474812010912,0.03536333399886249
When,190,0.08827476115241484,0.059783347438427836
When,191,0.11039936408454254,0.08259934421218451
When,192,0.07539010573034377,0.04649604653441697
When,193,0.010796678789994907,-0.02011592499781778
When,194,0.15881684722310951,0.13252987369883173
When,195,0.019490503607421217,-0.011150418154846964
When,196,0.16650660522206207,0.14045993663525147
When,197,0.15214644799350263,0.12565102449329957
When,198,0.12405722923701601,0.0966840176506728
When,199,0.18496049162067596,0.15949050698382206
When,200,0.13244993903455582,0.10533899962938564
When,201,0.1277447320155175,0.10048675489100245
When,202,0.10833886124394487,0.08047445065781811
When,203,0.18717116507941212,0.16177026398814376
When,204,0.08369427966117571,0.0550597259005875
When,205,0.0779587945274155,0.04914500685639722
When,206,0.09390430564497321,0.0655888151963786
When,207,0.0691183745772822,0.040028323782822284
When,208,0.11880103016832355,0.09126356236108368
When,209,0.08413099681168867,0.05551009046205391
When,210,0.13524112467352134,0.10821740981956884
When,211,0.061610154822312024,0.032285472160509254
When,212,0.12693094938000327,0.09964754154812838
When,213,0.12060881902027065,0.09312784461465407
When,214,0.03662750841114282,0.006522118048991055
When,215,0.10047503173576633,0.072364876477509
When,216,0.09637631742461206,0.06813807734413113
When,217,0.035707762104963625,0.005573629670743707
When,218,0.0963057719632483,0.0680653273370998
When,219,0.19014513669140143,0.16483717221300775
When,220,0.1152553141802114,0.08760704274834297
When,221,0.08118315439848667,0.05247012797343942
When,222,0.1354098783981703,0.10839143709811316
When,223,0.06207763238157127,0.03276755839349532
When,224,0.15279981002433274,0.12632480408759317
When,225,0.04614882650255814,0.016340977330763118
When,226,0.22150946044031716,0.19718163107907705
When,227,0.1320971594291117,0.10497519566127145
When,228,0.10194299939867812,0.07387871812988678
When,229,0.09695058260851308,0.06873028831502914
When,230,0.17915676958452142,0.15350541863403777
When,231,0.08316625335248529,0.05451519876975042
When,232,0.083120789576838,0.0544683142511142
When,233,0.059364346115590716,0.0299694819317029
When,234,0.28666161167622284,0.2643697870411048
When,235,0.09644342108510828,0.06820727799401793
When,236,0.07541144499926444,0.04651805265549147
When,237,0.10206933023107378,0.07400899680079487
When,238,0.2005960437248807,0.1756146700912833
When,239,0.016004704520477975,-0.01474514846325703
When,240,0.11978409119378075,0.09227734404358645
When,241,0.031627168891582014,0.0013655179194439482
When,242,0.1318816182298086,0.10475291879949011
When,243,0.14076243215590611,0.11391125816077818
When,244,0.08178974460204536,0.05309567412085925
When,245,0.1385189590450776,0.11159767651523633
When,246,0.07766816092539719,0.04884529095431589
When,247,0.10554966045235104,0.07759808734148699
When,248,0.12004640604033778,0.09254785622909834
When,249,0.061147968622686566,0.03180884264214556
When,250,0.14410313245520034,0.11735635534442534
When,251,0.04631382352885938,0.01651113051413622
When,252,0.1927035613865461,0.1674755476798757
When,253,0.07300526516425776,0.044036679700640846
When,254,0.06657621458732177,0.03740672129317557
When,255,0.020152686872530468,-0.010467541662702917
When,256,0.11299964165782528,0.08528088045963234
When,257,0.15396075810636667,0.12752203179719057
When,258,0.1741887102192422,0.14838210741359348
When,259,0.06467602017124097,0.03544714580159225
When,260,0.10450531530766238,0.07652110641102683
When,261,0.24327473309234382,0.21962706850147962
When,262,0.22596932164852235,0.20178086295003872
When,263,0.0875576290455764,0.05904380495325068
When,264,0.20081326855426918,0.17583868319659013
When,265,0.1570172080556982,0.13067399580743877
When,266,0.054465041132464975,0.02491707366785456
When,267,0.08680472824211038,0.05826737599967635
When,268,0.2413145159825999,0.2176055946070562
When,269,0.10328415557440285,0.07526178543610296
When,270,0.033243671967569055,0.0030325367165555672
When,271,0.12851605882966644,0.10128218566809355
When,272,0.14022054925999372,0.11335244142436851
When,273,0.06325489127717865,0.03398160662959049
When,274,0.08068744470300959,0.051958927349978645
When,275,0.08414570300123214,0.05552525622002069
When,276,0.04514988702438594,0.015310820993898022
When,277,0.05877108953145249,0.02935768607931033
When,278,0.1955695251202335,0.17043107278024083
When,279,0.16736144770432504,0.14134149294508525
When,280,0.04916986825248537,0.0194564266353755
When,281,0.10631475753442088,0.07838709370737151
When,282,0.06173232644497528,0.03241146164638076
When,283,0.09523640039895098,0.06696253791141815
When,284,0.09092777199297586,0.06251926486775639
When,285,0.19385362628954417,0.16866155211109246
When,286,0.05449594655002965,0.024948944879718105
When,287,0.04991340570777347,0.020223199636141387
When,288,0.06485683926768937,0.035633615494804705
When,289,0.09496280076657693,0.06668038829053247
When,290,0.06745384087392581,0.03831177340123604
When,291,0.07412119247866356,0.045187479743621806
When,292,0.05338662142735706,0.023804953346961977
When,293,0.20060346732531698,0.17562232567923308
When,294,0.09894862279574446,0.07079076725811151
When,295,0.12768611806098884,0.10042630925039475
When,296,0.08209769450501969,0.05341324745830156
When,297,0.011370313542955146,-0.019524364158827412
When,298,0.10287710869383082,0.07484201834051307
When,299,0.09421451101737421,0.06590871448666713
When,300,0.0360468089966971,0.005923271777843908
When,301,0.2199008932693195,0.19552279618398571
When,302,0.09495999394581667,0.06667749375662346
When,303,0.13468818914726322,0.10764719505811515
When,304,0.23771580924727786,0.21389442828625527
When,305,0.11063138963331098,0.08283862055935198
When,306,0.14530573912618594,0.11859654347387927
When,307,0.13176800586740733,0.1046357560507638
When,308,0.15944549641110017,0.133178168173947
When,309,0.08789454745238878,0.059391252060275956
When,310,0.17282812362277933,0.14697900248599116
When,311,0.10233533917649884,0.07428331852576442
When,312,0.14555832535002955,0.11885702301721801
When,313,0.1790107934314923,0.15335488072622638
When,314,0.06776264262615761,0.03863022520822501
When,315,0.012414482662942983,-0.018447564753840018
When,316,0.1437908741532502,0.11703433897053928
When,317,0.12794114964343306,0.10068931056979036
When,318,0.13328876430884573,0.10620403819349711
When,319,0.08018648128617989,0.05144230882637302
When,320,0.13217042197410156,0.10505074766079225
When,321,0.10315881770350055,0.07513253075673498
When,322,0.24560851361364733,0.22203377966407378
When,323,0.04750511791844203,0.017739652853393295
When,324,0.08478224781493038,0.056181693059147
When,325,0.18765584908374244,0.16227009436760942
When,326,0.1495795406354411,0.12300390128029859
When,327,0.06540883846653378,0.036202864668613
When,328,0.11921816381300043,0.09169373143215664
When,329,0.1135990900807009,0.08589906164572281
When,330,0.10571701757506091,0.07777067437428153
When,331,0.21055113866908515,0.18588086175249408
When,332,0.14533098879913797,0.11862258219911104
When,333,0.1467301236148122,0.12006543997777508
When,334,0.15309771781495551,0.12663202149667285
When,335,0.1040655460777985,0.0760675943927297
When,336,0.2194085546640443,0.19501507199729573
When,337,0.16058955473189873,0.1343579783172706
When,338,0.06229533591959391,0.0329920651670812
When,339,0.11346076726851795,0.0857564162456591
When,340,0.06745787050904894,0.038315928962456725
When,341,0.12140066885102985,0.09394443975262456
When,342,0.09818686968455448,0.07000520936219679
When,343,0.09728101823755597,0.0690710500574796
When,344,0.1702377051840035,0.14430763347100362
When,345,0.027417524325457743,-0.0029756780393717097
When,346,0.15388818448690822,0.12744719025212414
When,347,0.055783176398301215,0.0262764006607481
When,348,0.1173124503903934,0.0897284644650932
When,349,0.07970181850145253,0.050942500329622886
When,350,0.08196447478552882,0.05327586462257661
When,351,0.17597032529624368,0.15021939796175132
When,352,0.04188967153893275,0.011948723774524384
When,353,0.06252960515714268,0.03323365531830336
When,354,0.09042982894015716,0.06200576109453704
When,355,0.1232019519252332,0.0958020129228967
When,356,0.037138399076796724,0.007048974047946577
When,357,0.05592126950115883,0.026418809173070046
When,358,0.17203128851985705,0.1461572662861026
When,359,0.14811145742957987,0.12148994047425421
When,360,0.14970854814823886,0.12313694027787137
When,361,0.10289642526216569,0.07486193855160839
When,362,0.13343553452879564,0.10635539498282054
When,363,0.04073397624595465,0.010756913003640678
When,364,0.0878766525277318,0.05937279791922345
When,365,0.14855379064546947,0.12194609660314037
When,366,0.05978886580226739,0.03040726785858827
When,367,0.03266595019398222,0.0024367611375442078
When,368,0.11308505308460415,0.085368960993498
When,369,0.16572543013164653,0.13965434982326053
When,370,0.07910843430767311,0.05033057287978793
When,371,0.06492070793223803,0.03569948005512047
When,372,0.036477652612391,0.0063675792565282
When,373,0.12519553339954992,0.0978578938182858
When,374,0.11049961823118404,0.08270273130090855
When,375,0.07346104581055779,0.0445067034921377
When,376,0.03155526769697037,0.0012913698125006645
When,377,0.1560897922819785,0.12971759829079033
When,378,0.16632122083127765,0.1402687589822551
When,379,0.05641999095237937,0.026933115669641183
When,380,0.08067671149273148,0.05194785872687935
When,381,0.08122142483078432,0.05250959435674629
When,382,0.09631758673538904,0.06807751132086992
When,383,0.12246401054555034,0.09504101087509875
When,384,0.11025904521591268,0.08245464037890993
When,385,0.08646567488127055,0.05791772722131028
When,386,0.082592715806734,0.0539237381756944
When,387,0.11349791971275647,0.0857947297037801
When,388,0.1152520440569137,0.08760367043369222
When,389,0.09844986155008395,0.07027641972352405
When,390,0.10190050447041932,0.07383489523511988
When,391,0.08109974285470889,0.0523841098189185
When,392,0.05653334929581466,0.02705001646130889
When,393,0.1044071709417792,0.07641989503370983
When,394,0.09950210940365023,0.07136155032251434
When,395,0.09005343177640945,0.061617601519422305
When,396,0.14592356751476998,0.11923367899960657
When,397,0.07916270182082197,0.0503865362527226
When,398,0.0667248780940668,0.037560030534506406
When,399,0.11019957224739119,0.0823933088801222
When,400,0.10615216659537419,0.07821942180147967
When,401,0.025791097848975486,-0.004652930343244099
When,402,0.15182509674763855,0.1253196310210023
When,403,0.09461158223803212,0.06631819418297058
When,404,0.15864736306108873,0.13235509315674776
When,405,0.09875196273440512,0.07058796156985525
When,406,0.12116997056954193,0.09370653214984015
When,407,0.09683964295215985,0.0686158817944148
When,408,0.1121144929428155,0.08436807084727849
When,409,0.08592956624638715,0.05736486519158679
When,410,0.11552120438038882,0.08788124201727598
When,411,0.1663225646147921,0.14027014475900434
When,412,0.1889105441935761,0.16356399869962535
When,413,0.06568686386606559,0.03648957836188016
When,414,0.128069348282295,0.10082151541611672
When,415,0.1461387072558935,0.11945554185764018
When,416,0.12241533888176914,0.09499081822182442
When,417,0.17806856004366078,0.15238320254502513
When,418,0.09763526865343397,0.06943637079885379
When,419,0.1660925231139314,0.14003291446124178
When,420,0.1183831821589284,0.09083265660139495
When,421,0.06426980971542162,0.03502824126902859
When,422,0.09770876725390809,0.06951216623059275
When,423,0.04304756789480502,0.013142804391517715
When,424,0.07175151969987659,0.04274375469049774
When,425,0.06435352547278561,0.03511457314381017
When,426,0.20620680987471318,0.18140077268329802
When,427,0.1285665392098032,0.10133424356010956
When,428,0.11410322183527322,0.08641894751762547
When,429,0.138968775919596,0.11206155016708341
When,430,0.16663381296676705,0.14059111962197857
When,431,0.075084312614627,0.046180697383834124
When,432,0.07330044786405343,0.04434108685980509
When,433,0.15144059395953036,0.12492311252076571
When,434,0.11839844901843899,0.09084840055026522
When,435,0.11775195343070821,0.09018170197541786
When,436,0.1167233180554772,0.08912092174471087
When,437,0.05712450296533789,0.027659643683004664
When,438,0.04936453423163467,0.019657175926373283
When,439,0.054871753478185736,0.02533649577437902
When,440,0.1288570365077787,0.10163381889864676
When,441,0.11811355892162823,0.09055460763792911
When,442,0.0631610376555114,0.033884820082246137
When,443,0.09526575917020119,0.06699281414426994
When,444,0.07378898255299182,0.044844888257772775
When,445,0.14956702884458495,0.12299099849597828
When,446,0.20044636634405533,0.1754603152923071
When,447,0.09197007782358113,0.06359414275556807
When,448,0.11286441447853113,0.08514142743098518
When,449,0.07992915240630882,0.051176938419005946
When,450,0.12572229593757023,0.09840111768561932
When,451,0.024256415651494945,-0.006235571359395786
When,452,0.16094978161145335,0.13472946228681126
When,453,0.04775914048578045,0.018001613625961088
When,454,0.17191348382039262,0.14603578018977992
When,455,0.0806343693389443,0.051904193380786334
When,456,0.12430254833577636,0.09693700297126939
When,457,0.11964750773727229,0.09213649235406207
When,458,0.10419352083906397,0.07619956836528474
When,459,0.06782813792122278,0.03869776723126095
When,460,0.1149792825949647,0.0873223851760574
When,461,0.17945545306946475,0.15381343597788555
When,462,0.07740320082932584,0.0485720508552423
When,463,0.1549672317722134,0.1285599577650951
When,464,0.03756858607245672,0.007492604387220991
When,465,0.09014490538868414,0.0617119336820805
When,466,0.0591840805326852,0.029783583049331597
When,467,0.04740780437643666,0.01763929826320032
When,468,0.08150739151584085,0.05280449750071092
When,469,0.16687056058846372,0.14083526560685322
When,470,0.13972874897202192,0.11284527237739761
When,471,0.0483919720041065,0.01865422112923487
When,472,0.15674643293996715,0.13039475896934116
When,473,0.06704405249973222,0.03788917914034884
When,474,0.07546245492187709,0.046570656638185715
When,475,0.13619853436538898,0.10920473856430735
When,476,0.05357898728853183,0.024003330641298448
When,477,0.16491933686176752,0.13882306613869777
When,478,0.12431791962010297,0.09695285460823122
When,479,0.23723124531951245,0.21339472173574725
When,480,0.07006104867036644,0.04100045644131545
When,481,0.1196275669983281,0.09211592846702588
When,482,0.08514335712631227,0.05655408703650955
When,483,0.18817280312512996,0.1628032032227903
When,484,0.06089403123922488,0.03154696971545068
When,485,0.05372089821636805,0.024149676285629584
When,486,0.039602099538797564,0.009589665149384974
When,487,0.11501829625958138,0.0873626180176933
When,488,0.11411560783973806,0.08643172058472992
When,489,0.09496841166595049,0.0666861745305114
When,490,0.10310209331973064,0.07507403373597221
When,491,0.13063967128765896,0.10347216101539836
When,492,0.08816651212065119,0.05967171562442153
When,493,0.16646430325892303,0.14041631273576438
When,494,0.10829796833399785,0.08043227984443524
When,495,0.03307900654774487,0.0028627255023618847
When,496,0.09919997639701594,0.07104997565942273
When,497,0.09928196590664429,0.07113452734122694
When,498,0.12445633014422386,0.09709559046123084
When,499,0.174055870736751,0.14824511669727447
When,500,0.08024479575220944,0.05150244561946593
When,501,0.07546158594483643,0.04656976050561257
When,502,0.13354999393726374,0.10647343124780329
When,503,0.040388064659171996,0.010400191679771131
When,504,0.12525684888233057,0.09792112540990339
When,505,0.1581763565455656,0.1318693676876146
When,506,0.15569884685293545,0.12931443581708968
When,507,0.1108546308050411,0.0830688380176986
When,508,0.06848742354810855,0.03937765553398698
When,509,0.07753841188574284,0.04871148725717234
When,510,0.0880390610569568,0.05954028171498671
When,511,0.05497793227264125,0.02544599265616132
When,512,0.08525214200683728,0.05666627144455094
When,513,0.18583226830367183,0.16038952668816153
When,514,0.04327156722287717,0.01337380369859209
When,515,0.15249004596673676,0.12600535990319728
When,516,0.12018044156835439,0.09268608036736548
When,517,0.14935570313008906,0.12277306885290429
When,518,0.05198421221978056,0.02235871885164875
When,519,0.05137960301129729,0.02173521560540037
When,520,0.031020117511501577,0.0007394961837360325
When,521,0.10262665121744097,0.07458373406798602
When,522,0.16692291758118294,0.14088925875559488
When,523,0.15996274633593865,0.13371158215893675
When,524,0.035745129171319,0.005612164457922675
When,525,0.13048659874065305,0.10331430495129845
When,526,0.09136670962058535,0.0629719192962287
When,527,0.22222045568873783,0.1979148449290109
When,528,0.1650946147063872,0.1390038214159618
When,529,0.08856036046514759,0.060077871729683485
When,530,0.1887301267099103,0.16337794316959497
When,531,0.1120766651528794,0.08432906093890691
When,532,0.13084554988189412,0.1036844733157033
When,533,0.0741998556820902,0.045268601172155476
When,534,0.1048832720403996,0.0769108742916621
When,535,0.11004795466508366,0.08223695324836755
When,536,0.25324024444364035,0.22990400208250406
When,537,0.09984730006473785,0.07171752819176092
When,538,0.07323284786799,0.044271374363864746
When,539,0.12449261613621365,0.09713301039047029
When,540,0.1938623676545873,0.1686705666437932
When,541,0.04041685962149122,0.01042988648466281
When,542,0.26207104934129377,0.23901076963320922
When,543,0.11553719744027169,0.08789773486028019
When,544,0.15970682816017534,0.1334476665401808
When,545,0.08204724170315547,0.05336121800637905
When,546,0.15546272043682163,0.12907093045047235
When,547,0.06996602919172634,0.04090246760396776
When,548,0.2386922870039616,0.21490142097283538
When,549,0.03455401236719291,0.00438382525366765
When,550,0.13323330629838792,0.1061468471202125
When,551,0.16057118461861952,0.13433903413795134
When,552,0.1508419824802174,0.12430579443272416
When,553,0.18505022158369355,0.159583041008184
When,554,0.038274387031390855,0.008220461626121778
When,555,0.05165088875889401,0.022014979032609405
When,556,0.12714524357891976,0.099868532440761
When,557,0.15526549776439103,0.1288675445695282
When,558,0.26676639646939204,0.24385284635906057
When,559,0.06432506806538241,0.03508522644242562
When,560,0.2017341371916419,0.17678832897888075
When,561,0.09239575578824133,0.0640331231566239
When,562,0.11679806463820963,0.08919800415815371
When,563,0.15515425132480176,0.12875282167870183
When,564,0.08331532986183587,0.05466893392001826
When,565,0.13221833664849336,0.10510015966875874
When,566,0.06807609392242708,0.038953471857502975
When,567,0.04808867307911069,0.018341444112832894
When,568,0.05833962630064182,0.02891273962253693
When,569,0.10682285579148187,0.07891107003496567
When,570,0.09882034269087991,0.07065847839996986
When,571,0.1823863568259375,0.15683593047674804
When,572,0.04969573367889757,0.019998725356363156
When,573,0.09414415795266073,0.06583616288868144
When,574,0.17556474150663282,0.1498011396787151
When,575,0.198591837747776,0.17354783267739404
When,576,0.07636585858191958,0.04750229166260456
When,577,0.08714144315435657,0.05861461325293016
When,578,0.05085541510358871,0.021194646825575814
When,579,0.09308326647869991,0.0647421185561593
When,580,0.190439641873002,0.16514088068153332
When,581,0.11800241636437425,0.0904399918757609
When,582,0.07474725248369152,0.04583310412380692
When,583,0.1577990849745987,0.13148030638005492
When,584,0.04814292792564123,0.01839739442331756
When,585,0.2522787964565659,0.22891250884583358
When,586,0.12240679277292787,0.09498200504708187
When,587,0.09809380372967424,0.0699092350962266
When,588,0.08869024742880927,0.06021181766095951
When,589,0.23403250336515113,0.21009601909531206
When,590,0.1375241388832884,0.11057176822339121
When,591,0.07717165660745384,0.048333270876436796
When,592,0.12159390875638376,0.09414371840502078
When,593,0.12083883075549451,0.09336504421660374
When,594,0.046486176175450034,0.01668886918093282
When,595,0.1334690442055495,0.10638995183697297
When,596,0.17602790212312602,0.15027877406447376
When,597,0.11827281944619139,0.09071884505388483
When,598,0.0539062761506921,0.0243408472804012
When,599,0.08709039504207006,0.05856196988713469
When,600,0.05775119714403909,0.028305922054790322
When,601,0.06911602151798346,0.04002589719042049
When,602,0.1994129081883692,0.1743945615692557
When,603,0.110891066316542,0.08310641213893388
When,604,0.12607394842874964,0.09876375931714809
When,605,0.14631543390842272,0.11963779121806095
When,606,0.06855819467567803,0.03945063825929296
When,607,0.09500971540711067,0.06672876901358293
When,608,0.12566485727082544,0.09834188406053879
When,609,0.03175697360119867,0.0014993790262360918
When,610,0.06250022761633667,0.03320335972934718
When,611,0.024710753043951983,-0.005767035923424535
When,612,0.04507963174967067,0.015238370241847932
When,613,0.11846402201817341,0.09091602270624133
When,614,0.07211215320485187,0.0431156579925035
When,615,0.07791149902151151,0.04909623336593372
When,616,0.12048344993086824,0.09299855774120791
When,617,0.11569135677872977,0.08805671167806506
When,618,0.0515736557686336,0.02193533251140345
When,619,0.10893208898901552,0.08108621676992223
When,620,0.0893829828457069,0.0609262010596352
When,621,0.07754269166663019,0.04871590078121235
When,622,0.16572995952800118,0.1396590207632512
When,623,0.12464185487326573,0.09728691283805524
When,624,0.14118727492840544,0.11434937726991812
When,625,0.07340290266788663,0.04444674337625809
When,626,0.06467009278290203,0.03544103318236769
When,627,0.12065018204440847,0.0931705002332962
When,628,0.09020812421126745,0.061777128092869504
When,629,0.12092651517263386,0.09345546877177868
When,630,0.10504144219954248,0.07707398726827819
When,631,0.0814965969988648,0.052793365655079305
When,632,0.14972070965110984,0.12314948182770702
When,633,0.10023466863613073,0.07211700203100979
When,634,0.19191814822120723,0.16666559035312
When,635,0.07201884625602717,0.04301943520152807
When,636,0.039628503122301595,0.00961689384487352
When,637,0.09984282499070418,0.07171291327166374
When,638,0.24751883612898418,0.22400379975801488
When,639,0.17483824421381644,0.1490519393454982
When,640,0.04088630339827526,0.010914000379471323
When,641,0.031849386066691965,0.0015946793812761095
When,642,0.182006393273077,0.15644409306286067
When,643,0.06587028550983787,0.036678731932020314
When,644,0.0989969951453551,0.07084065124364747
When,645,0.07714121047418299,0.04830187330150115
When,646,0.12943374212940384,0.10222854657094771
When,647,0.02759033403222111,-0.0027974680292719434
When,648,0.10620273797287838,0.07827157353453085
When,649,0.2731856075785052,0.25047265781533345
When,650,0.1736470045718378,0.1478234734647077
When,651,0.11740984943406274,0.08982890722887715
When,652,0.1557081479865523,0.12932402761113204
When,653,0.05289298277090737,0.023295888482498195
When,654,0.12857220683492232,0.1013400882985136
When,655,0.07572249553349508,0.04683882351891677
When,656,0.0763334244380024,0.04746884395168993
When,657,0.07298515080930024,0.044015936772090924
When,658,0.07821220382194827,0.049406335191384154
When,659,0.09442751953489148,0.06612837952035688
When,660,0.15629937923134007,0.1299337348323194
When,661,0.12567160905708308,0.09834884684011691
When,662,0.05299449794852018,0.023400576009411478
When,663,0.12369679612359064,0.0963123210024528
When,664,0.06906013823646862,0.039968267556358295
When,665,0.13000937997532092,0.10282217309954966
When,666,0.15606263381566687,0.1296895911224064
When,667,0.11946745116840407,0.0919508090174167
When,668,0.06827995906416395,0.039163707784919066
When,669,0.05281323541582561,0.02321364902257017
When,670,0.09887999164025996,0.07071999137901808
When,671,0.1464349823697847,0.11976107556884041
When,672,0.1150483383123383,0.08739359888459886
When,673,0.18759297106424877,0.16220525141000652
When,674,0.128770944390039,0.10154503640222767
When,675,0.07333345255130352,0.04437512294353174
When,676,0.0728671377057738,0.04389423575907925
When,677,0.10819315686395492,0.0803241930159535
When,678,0.2458369764034265,0.22226938191603363
When,679,0.10397306735572409,0.07597222571059048
When,680,0.050673345225819455,0.02100688726412636
When,681,0.014947760839082447,-0.015835121634696137
When,682,0.10612951584622798,0.07819606321642258
When,683,0.16834830340236984,0.14235918788369384
When,684,0.03912236833179805,0.00909494234216679
When,685,0.07609148570696933,0.04721934463531208
When,686,0.06436540869873031,0.035126827720565634
When,687,0.238949356940388,0.21516652434477512
When,688,0.12437325262457966,0.09700991676909776
When,689,0.11590578735623314,0.08827784321111543
When,690,0.10875336910966515,0.08090191189434215
When,691,0.2322410439855972,0.20824857661014706
When,692,0.018677264488478285,-0.011989070996256679
When,693,0.07798373621855115,0.04917072797538091
When,694,0.13898413793768294,0.11207739224823554
When,695,0.07124164485029871,0.042217946251870586
When,696,0.24482624265017094,0.22122706273298876
When,697,0.09888158839645966,0.07072163803384901
When,698,0.20350995191225907,0.17861963790951718
When,699,0.11168537586678184,0.08392554386261875
When,700,0.06732131932958041,0.038175110558629766
When,701,0.05816211137785887,0.028729677358416916
When,702,0.12261106708752167,0.09519266293400674
When,703,0.0670263013838035,0.037870873302047414
When,704,0.17973973380670594,0.1541066004881655
When,705,0.049642193798538736,0.01994351235474312
When,706,0.09834202355400323,0.07016521179006585
When,707,0.06427120462752534,0.03502967977213545
When,708,0.20640681975830233,0.1816070328757493
When,709,0.02290604619812353,-0.007628139858185001
When,710,0.09317836683474823,0.06484019079833414
When,711,0.11989085419278356,0.092387443386308
When,712,0.16470205234781587,0.13859899148368515
When,713,0.03786517447371618,0.007798461176019789
When,714,0.15214739288311074,0.125651998910708
When,715,0.05356677687373845,0.02399073865104273
When,716,0.08963694555802793,0.06118810010671627
When,717,0.10073710500849209,0.07263513954000744
When,718,0.11590437256254071,0.08827638420512007
When,719,0.06811414605792221,0.03899271312223229
When,720,0.14920085121409987,0.12261337781454051
When,721,0.12451845129684258,0.09715965289986894
When,722,0.06739994860021348,0.03825619699397009
When,723,0.03082182741687267,0.0005350095236499319
When,724,0.11177671495112496,0.08401973729334766
When,725,0.09242330805096044,0.06406153642755297
When,726,0.2505469563931014,0.22712654878038585
When,727,0.02764731222499428,-0.002738709267974704
When,728,0.07201192494333619,0.04301229759781544
When,729,0.11256300903979433,0.08483060307228785
When,730,0.08904543305320867,0.06057810283612142
When,731,0.03791229938215701,0.00784705873784941
When,732,0.21380494807131634,0.189236352698545
When,733,0.06931918736245168,0.040235411967528334
When,734,0.0787202348667092,0.04993024220629383
When,735,0.15039884809446535,0.12384881209741738
When,736,0.09016038406692772,0.061727896069019184
When,737,0.1628867699308144,0.13672698149115237
When,738,0.1040913304727461,0.07609418455001937
When,739,0.10167932643186317,0.07360680538285891
When,740,0.15814214760919043,0.13183408972197763
When,741,0.07927367195197677,0.050500974200476056
When,742,0.12011475779424252,0.09261834397531254
When,743,0.0996034860207149,0.07146609495886225
When,744,0.19281327702051765,0.16758869192740877
When,745,0.06838438371221289,0.03927139570321958
When,746,0.15285833463636167,0.12638515759374802
When,747,0.1476418560990692,0.12100566410216518
When,748,0.035518386167406546,0.005378335735138018
When,749,0.2042641191154364,0.17939737283779378
When,750,0.14474715186015563,0.11802050035578548
When,751,0.0952609223843125,0.06698782620882227
When,752,0.12132599007208955,0.09386742726184238
When,753,0.07761521372846258,0.048790689157477085
When,754,0.08715836082621187,0.058632059602030995
When,755,0.05550582138427096,0.025990378302529482
When,756,0.151809943070623,0.12530400379158002
When,757,0.15456945705679792,0.12814975258982286
When,758,0.132843091281596,0.10574443788414589
When,759,0.059239569807282844,0.029840806363760408
When,760,0.2063520316736448,0.18155053266344623
When,761,0.16648018325310687,0.14043268897976646
When,762,0.1516151368085904,0.12510310983385886
When,763,0.17606141897649996,0.15031333831951554
When,764,0.049707475406786994,0.0200108340132491
When,765,0.10704474151020293,0.07913988968239682
When,766,0.09446145539399509,0.06616337587505738
When,767,0.16437060772730971,0.13825718921878816
When,768,0.057526958041926535,0.02807467548073672
When,769,0.15812192276521042,0.13181323285162327
When,770,0.1043225032340157,0.07633258146007871
When,771,0.11373468845045065,0.0860388974645272
When,772,0.06443469700621995,0.035198281287664335
When,773,0.11030573935115306,0.08250279370587665
When,774,0.12524438488145362,0.09790827190899909
When,775,0.11191578253559142,0.08416315073982861
When,776,0.09972137195222774,0.07158766482573486
When,777,0.10675823242430671,0.07884442718756635
When,778,0.16203247761633033,0.1358459925418406
When,779,0.14095389290791727,0.11410870206128965
When,780,0.1088326641959998,0.08098368495212482
When,781,0.1482758167635878,0.12165943603744989
When,782,0.07764748174001357,0.04882396554438895
When,783,0.10207153102372235,0.07401126636821365
When,784,0.13217836593775711,0.10505893987331205
When,785,0.056824369105267114,0.027350130639806736
When,786,0.12434909321706089,0.096985002380094
When,787,0.20967404510045307,0.18497635900984222
When,788,0.15308710427901717,0.12662107628773644
When,789,0.06517074746785045,0.03595733332622075
When,790,0.1725424774589812,0.14668442987957442
When,791,0.12311435413429916,0.09571167770099598
When,792,0.14116700595555776,0.11432847489166897
When,793,0.06719022634109229,0.03803992091425146
When,794,0.06212712738503268,0.032818600115814944
When,795,0.03263585645975897,0.002405726974126443
When,796,0.0818720773749474,0.05318057979291446
When,797,0.0361036479006589,0.0059818868975545225
When,798,0.18517237312962442,0.1597090097899252
When,799,0.06280521161592711,0.03351787447892485
When,800,0.1015364627927895,0.07345947725506419
When,801,0.09118763178874911,0.06278724528214752
When,802,0.24815295843769103,0.22465773838886882
When,803,0.16422013345624797,0.1381020126267557
When,804,0.08232947847687333,0.05365227467927558
When,805,0.06278827245621321,0.03350040597046988
When,806,0.12445745092517346,0.09709674626658515
When,807,0.08948012666369143,0.061026380621931775
When,808,0.07263533470700778,0.043655188916601806
When,809,0.07170534248560567,0.0426961344382808
When,810,0.09270501052132218,0.06435204210011347
When,811,0.15723221596093184,0.13089572270971095
When,812,0.1590935348090189,0.13281520777180078
When,813,0.07459139169975049,0.045672372690367724
When,814,0.10414001219929248,0.07614438758052033
When,815,0.06223091290485738,0.03292562893313422
When,816,0.1514428715975522,0.12492546133497573
When,817,0.08769273022859891,0.05918312804824266
When,818,0.07935329345834863,0.050583083878922075
When,819,0.11726392950136055,0.08967842729827802
When,820,0.09949751755204361,0.07135681497554502
When,821,0.09808765138469977,0.0699028904904716
When,822,0.1936507946615661,0.16845238199474
When,823,0.05492079921035675,0.025387074185680425
When,824,0.025822475662389488,-0.004620571973160903
When,825,0.0848147113117732,0.056215171040266076
When,826,0.03539361404404262,0.00524966448291897
When,827,0.15773414342720327,0.13141333540930333
When,828,0.12838055615152133,0.10114244853125642
When,829,0.08178314508037965,0.053088868364141506
When,830,0.08791972216660981,0.05941721348431639
When,831,0.10016980547872556,0.07205011189993571
When,832,0.11628442430952035,0.08866831256919283
When,833,0.19912875119546103,0.17410152467031914
When,834,0.06564867931400575,0.03645020054256842
When,835,0.04642161514099796,0.0166222906141541
When,836,0.03997795889220279,0.00997727010758409
When,837,0.09536587554006892,0.06709605915069605
When,838,0.047525301486015525,0.017760467157453497
When,839,0.1292742304276333,0.10206405012849684
When,840,0.10939934240218963,0.081568071852258
When,841,0.15686612422418889,0.13051819060619474
When,842,0.07146823866054453,0.0424516211186865
When,843,0.072669644525714,0.04369057091714257
When,844,0.14224043634456796,0.11543544998033572
When,845,0.09133251058194491,0.06293665153763073
When,846,0.08247885638843933,0.05380632065057811
When,847,0.06382381227801548,0.0345683064117035
When,848,0.07349804466676257,0.04454485856259893
When,849,0.0894264971851263,0.0609710752221615
When,850,0.13415178863442534,0.10709403202925116
When,851,0.02190261836649121,-0.008662924809555994
When,852,0.04865690366995157,0.018927431909637527
When,853,0.15385467902503214,0.12741263774456435
When,854,0.08360523478246462,0.05496789836941662
When,855,0.13314961033777062,0.10606053566082596
When,856,0.2507439728575993,0.22732972200939927
When,857,0.06391400542790981,0.034661318097532035
When,858,0.10765359228519589,0.07976776704410826
When,859,0.06802866499622084,0.038904560777352715
When,860,0.07429076203815466,0.04536234835184694
When,861,0.17993321944811658,0.15430613255587022
When,862,0.1888168683312712,0.16346739546662348
When,863,0.18167843583638077,0.1561058869562677
When,864,0.04757173490798916,0.01780835162386385
When,865,0.028519906454653854,-0.0018388464686383
When,866,0.17603297740250878,0.15028400794633723
When,867,0.03510061242086571,0.004947506559017767
When,868,0.05158055615745616,0.021942448537376702
When,869,0.19062168996754802,0.16532861777903385
When,870,0.1485763661125703,0.12196937755358817
When,871,0.1275054638455564,0.10024000959072998
When,872,0.10123209016960888,0.07314559298740919
When,873,0.08947564191752833,0.061021755727451055
When,874,0.09757850467692153,0.06937783294807531
When,875,0.037992853373847835,0.007930130041780559
When,876,0.13048634708504492,0.10331404543145262
When,877,0.14852529306664186,0.12191670847497438
When,878,0.060300166357618146,0.030934546556293685
When,879,0.07231656969401845,0.043326462496956486
When,880,0.047376557778316064,0.01760707520888849
When,881,0.03935578331813361,0.009335651546825252
When,882,0.10799359390407859,0.0801183937135811
When,883,0.043691587698317935,0.013806949813890412
When,884,0.10072413582498041,0.07262176506951101
When,885,0.09551435692377397,0.06724918057764195
When,886,0.0916603525193147,0.06327473853554333
When,887,0.20519457878238978,0.18035690936933946
When,888,0.16704351884996216,0.14101362881402346
When,889,0.09182722761975903,0.06344682848287653
When,890,0.08716633766346005,0.05864028571544322
When,891,0.10186596492919675,0.07379927633323413
When,892,0.08265381941403405,0.05398675127072261
When,893,0.030656079755637777,0.0003640822480014405
When,894,0.046442586363056426,0.016643917186901946
When,895,0.1391695438781554,0.1122685921243477
When,896,0.1292213075406261,0.10200947340127064
When,897,0.11232953490266362,0.08458983286837185
When,898,0.056028332386372726,0.026529217773446856
When,899,0.1266157473494669,0.0993224894541378
When,900,0.09745584019972142,0.06925133520596272
When,901,0.07934421124265945,0.05057371784399256
When,902,0.07323749864909612,0.04427617048188037
When,903,0.09172866951018888,0.06334519043238229
When,904,0.13248308899895977,0.10537318553017727
When,905,0.036248752204747436,0.0061315257111458354
When,906,0.19948537846872316,0.17446929654587073
When,907,0.13119369893726707,0.10404350202905666
When,908,0.023285706967241415,-0.007236614690032228
When,909,0.10724868031867973,0.07935020157863848
When,910,0.10599666654892304,0.07805906237857685
When,911,0.12653540316717216,0.09923963451614626
When,912,0.06653785188873051,0.0373671597602534
When,913,0.16275268715609603,0.13658870862972405
When,914,0.0828760917568806,0.0542159696242831
When,915,0.11055300722525552,0.08275778870104478
When,916,0.02435785720787853,-0.006130959754375276
When,917,0.13232359815782602,0.10520871060025805
When,918,0.05337204776439297,0.023789924257030304
When,919,0.09073300291393849,0.062318409254999096
When,920,0.14390483622449035,0.11715186235650565
When,921,0.10108093290104614,0.07298971205420379
When,922,0.07784507318226686,0.04902773171921271
When,923,0.0995353260386137,0.07139580497732034
When,924,0.09158087395400016,0.0631927762650627
When,925,0.10637030451218699,0.0784443765281928
When,926,0.0747298298149387,0.045815136996655514
When,927,0.16639656956660664,0.14034646236556314
When,928,0.04541919814593276,0.015588548087993148
When,929,0.09341940409776839,0.06508876047582368
When,930,0.068669730045409,0.03956565910932808
When,931,0.10661715583469622,0.07869894195453053
When,932,0.12725407574933312,0.09998076561649982
When,933,0.1950329885500074,0.16987776944219513
When,934,0.032770437126529384,0.002544513286733441
When,935,0.10486969746222452,0.07689687550791902
When,936,0.029284306703328933,-0.0010505587121920623
When,937,0.11149988475959538,0.08373425615833274
When,938,0.14072588031099886,0.11387356407071758
When,939,0.1347721967560338,0.1077338279046599
When,940,0.2095209010218212,0.18481842917875313
When,941,0.1371432937839121,0.11017902171465932
When,942,0.09360649248493569,0.06528169537508988
When,943,0.12121759019409606,0.09375563988766156
When,944,0.13921560728995785,0.11231609501776907
When,945,0.08663390934840154,0.05809121901553904
When,946,0.05914429071981153,0.029742549804805618
When,947,0.21213085881166704,0.1875099481495316
When,948,0.08651302006294859,0.057966551939915734
When,949,0.0609920413274363,0.03164804261891874
When,950,0.14672473865570723,0.12005988673869805
When,951,0.03494148416291942,0.00478340554301071
When,952,0.15241858703051625,0.12593166787521992
When,953,0.053928835419021603,0.02436411152586604
When,954,0.09213360821443228,0.06376278347113329
When,955,0.054397704872796826,0.02484763315007177
When,956,0.1552606334835901,0.12886252827995226
When,957,0.06059570151982141,0.031239317192315874
When,958,0.06430832485265658,0.03506796000430212
When,959,0.10435456818368516,0.07636564843942528
When,960,0.07800519764576486,0.04919286007219503
When,961,0.11843082053093079,0.09088178367252242
When,962,0.0723925178420417,0.04340478402460546
When,963,0.0856236095661086,0.05704934736504952
When,964,0.10619555777161482,0.07826416895197774
When,965,0.0901350808621777,0.0617018021391208
When,966,0.15043249890427757,0.1238835144950362
When,967,0.08691585014895309,0.058381970466107824
When,968,0.10274294581408128,0.07470366287077135
When,969,0.043724223936392304,0.013840605934404615
When,970,0.15052765686630132,0.12398164614337326
When,971,0.1470289395460468,0.12037359390686075
When,972,0.1287796116785429,0.10155397454349735
When,973,0.23883436357104793,0.21504793743264317
When,974,0.0938195682531755,0.0655014297610872
When,975,0.11983877107279695,0.09233373266882183
When,976,0.05725360042376182,0.027792775437004424
When,977,0.1292327274157975,0.10202125014754115
When,978,0.06674584130334993,0.03758164884407966
When,979,0.18851324730354757,0.1631542862817834
When,980,0.14703433190297321,0.1203791547749411
When,981,0.06130688108158089,0.0319727211153803
When,982,0.17184862378201815,0.14596889327520624
When,983,0.18098477097754473,0.15539054507059302
When,984,0.0873830472633712,0.058863767490351604
When,985,0.06437291159117053,0.03513456507839463
When,986,0.05062208321373829,0.020954023314167625
When,987,0.11382181046791884,0.08612874204504128
When,988,0.037113248982026836,0.007023038012715199
When,989,0.13779152005137363,0.11084750505297902
When,990,0.1475009820387403,0.12086038772745089
When,991,0.0951107736500092,0.066832985326572
When,992,0.12103838304912018,0.09357083251940523
When,993,0.20979300553759062,0.18509903696064034
When,994,0.22674635622481254,0.2025821798568379
When,995,0.07270180744442356,0.04372373892706183
When,996,0.23072328297310585,0.2066833855660154
When,997,0.08917413218288983,0.06071082381360515
When,998,0.1615549172671671,0.13535350843176608
When,999,0.12029158912368354,0.09280070128379869
